{"type":"FeatureCollection","features":[{"type":"Feature","geometry":{"type":"LineString","coordinates":[[-38.49844053647363,-12.999332946969437],[-38.498407899718231,-12.999379352860073],[-38.498387317178263,-12.999405440233769],[-38.498342404386207,-12.999468728085484],[-38.498296747961284,-12.999539090172723],[-38.498255981041474,-12.999519727597134]]},"properties":{"NOME_LOGRADOURO":"Avenida Helenita Miranda","CODLOG":10192,"HIERARQUIA":"VL","GMLID":null}},{"type":"Feature","geometry":{"type":"LineString","coordinates":[[-38.520525435625153,-12.999163990649205],[-38.5204793902614,-12.999385400895994],[-38.520366303972978,-12.999911447082233]]},"properties":{"NOME_LOGRADOURO":"Alameda Rio de São Pedro","CODLOG":5058,"HIERARQUIA":"VL","GMLID":null}},{"type":"Feature","geometry":{"type":"LineString","coordinates":[[-38.497255366124385,-12.985780218258293],[-38.497358282960697,-12.985758358278732],[-38.497549688670574,-12.985704664564684],[-38.497767901125414,-12.985629686917324],[-38.497921707889823,-12.985519688240418],[-38.49824054294735,-12.985277472436861],[-38.49861079375718,-12.985101532273557]]},"properties":{"NOME_LOGRADOURO":"Caminho \"11\"- Yolanda Pires","CODLOG":20371,"HIERARQUIA":"VL","GMLID":null}},{"type":"Feature","geometry":{"type":"LineString","coordinates":[[-38.497268292235368,-12.985855641593455],[-38.49727316291635,-12.985929332198024]]},"properties":{"NOME_LOGRADOURO":"Caminho \"03\"- Yolanda Pires","CODLOG":20373,"HIERARQUIA":"VL","GMLID":null}},{"type":"Feature","geometry":{"type":"LineString","coordinates":[[-38.497956645619048,-12.985917633612669],[-38.49775138580825,-12.985713733173469]]},"properties":{"NOME_LOGRADOURO":"Caminho \"08\"- Yolanda Pires","CODLOG":20359,"HIERARQUIA":"VL","GMLID":null}},{"type":"Feature","geometry":{"type":"LineString","coordinates":[[-38.498025056612121,-12.985850774085243],[-38.497842702972186,-12.985674853569277]]},"properties":{"NOME_LOGRADOURO":"Caminho \"09\"- Yolanda Pires","CODLOG":20360,"HIERARQUIA":"VL","GMLID":null}},{"type":"Feature","geometry":{"type":"LineString","coordinates":[[-38.49839191189465,-12.985511011745732],[-38.498345337521322,-12.985380285240309],[-38.498689380149692,-12.985231144946201]]},"properties":{"NOME_LOGRADOURO":"Caminho \"13\"- Yolanda Pires","CODLOG":20349,"HIERARQUIA":"VL","GMLID":null}},{"type":"Feature","geometry":{"type":"LineString","coordinates":[[-38.509364898110981,-12.974563192888574],[-38.509411664830012,-12.974596912591631],[-38.509524065512842,-12.974658420435532],[-38.509717520399192,-12.974753803824543],[-38.509830156053511,-12.974811696817719],[-38.509893878953861,-12.974844544135163],[-38.510195657153929,-12.974987686259061],[-38.510227863483891,-12.975002935460985],[-38.510261815159794,-12.975019633829426],[-38.510427624213293,-12.975101403730742],[-38.510655475742361,-12.975219723999643],[-38.510656842623519,-12.975220449965139],[-38.51079910667373,-12.97529051242209],[-38.510969176650931,-12.975370481512515],[-38.511169558845019,-12.975462170379176],[-38.51139363004107,-12.975570448527554],[-38.511530033593772,-12.975643573115216],[-38.511530109024044,-12.975643663681183],[-38.511573075621889,-12.975677375875335],[-38.511654035522831,-12.975721104246823],[-38.511703692078619,-12.975755009825312],[-38.511842394005065,-12.975818917995509],[-38.511954913120348,-12.975859541536995],[-38.51195916715637,-12.975861086730776]]},"properties":{"NOME_LOGRADOURO":"Rua de São Francisco","CODLOG":665,"HIERARQUIA":"VC-II","GMLID":null}},{"type":"Feature","geometry":{"type":"LineString","coordinates":[[-38.501478960694769,-12.992496769975645],[-38.501667488644237,-12.992666283452889],[-38.502109018527207,-12.99304512160823],[-38.502280402751992,-12.993195164244154],[-38.502347802606224,-12.993254058161192],[-38.502431979058748,-12.993326453763583],[-38.502496654615754,-12.993379104970984],[-38.502622666022248,-12.993481595990753],[-38.502789322794321,-12.993600348838289],[-38.502814757954276,-12.993618478714772],[-38.502931369844397,-12.99374500080914],[-38.503164339096898,-12.993972729222202],[-38.503196287793109,-12.99400398120804],[-38.503310059073769,-12.994105905962796],[-38.503328669920606,-12.994114711773454],[-38.503415418151697,-12.994155831566758],[-38.503750557529663,-12.994278614048042],[-38.503822935678613,-12.994319797592707],[-38.50395875340763,-12.994385782598728],[-38.504187596692176,-12.994470932321928],[-38.504393591980929,-12.99453759445659],[-38.504693579446709,-12.994634994460473],[-38.5047393225029,-12.9946498180772],[-38.505018153474076,-12.994718337509003],[-38.505031148862173,-12.994721526205987],[-38.505014775581756,-12.994811539384804],[-38.505145022559184,-12.994849578442221],[-38.505279974573824,-12.994891605056873],[-38.505387960337202,-12.99495934482537]]},"properties":{"NOME_LOGRADOURO":"Rua Onze de Agosto","CODLOG":615,"HIERARQUIA":"VL","GMLID":null}},{"type":"Feature","geometry":{"type":"LineString","coordinates":[[-38.502789322794321,-12.993600348838289],[-38.502673872784285,-12.993883912281762],[-38.502630076720166,-12.993999186132429],[-38.50253461419986,-12.994287217628685]]},"properties":{"NOME_LOGRADOURO":"Avenida dos Anjos","CODLOG":11246,"HIERARQUIA":"VL","GMLID":null}},{"type":"Feature","geometry":{"type":"LineString","coordinates":[[-38.503802136752228,-12.993114732284276],[-38.503872908529921,-12.992930529644848],[-38.503826788990175,-12.992914167956798],[-38.503879477474875,-12.992755937672918]]},"properties":{"NOME_LOGRADOURO":"Avenida Oliveira","CODLOG":14804,"HIERARQUIA":"VL","GMLID":null}},{"type":"Feature","geometry":{"type":"LineString","coordinates":[[-38.50467995890159,-12.992720796751009],[-38.504607061157905,-12.992749768045243],[-38.504534461800944,-12.992782175101073],[-38.504423864845258,-12.992843259132657],[-38.504379451825173,-12.992848417224335],[-38.504300455829259,-12.992808758428682],[-38.504239798455608,-12.99276172162331],[-38.504136777322465,-12.99269366083424]]},"properties":{"NOME_LOGRADOURO":"Vila Ferreira Santos","CODLOG":14805,"HIERARQUIA":"VL","GMLID":null}},{"type":"Feature","geometry":{"type":"LineString","coordinates":[[-38.505913980426385,-12.994718694292814],[-38.506046476542771,-12.994695622198686],[-38.506141009828227,-12.994684049464386],[-38.506415634011788,-12.994688461338551],[-38.506543370218964,-12.994688704861584],[-38.506654769704362,-12.994683221485234],[-38.506784926494639,-12.99468997912162],[-38.506885188587091,-12.99470327911645],[-38.507008552216561,-12.994723132541894],[-38.507072480503943,-12.994730848554465]]},"properties":{"NOME_LOGRADOURO":"Travessa Ferreira Santos","CODLOG":8033,"HIERARQUIA":"VL","GMLID":null}},{"type":"Feature","geometry":{"type":"LineString","coordinates":[[-38.503585111942655,-12.986421901247402],[-38.503441660124615,-12.986527221053976],[-38.503225943337135,-12.986689086007516],[-38.503128720623643,-12.986754896306145],[-38.502904382296407,-12.986892967460758],[-38.502718664799126,-12.986994498635468],[-38.502501245391983,-12.987094070099616],[-38.502112479084836,-12.987255963660219],[-38.501972022766338,-12.987307676765358],[-38.5019870927458,-12.987375963219673],[-38.501954343491029,-12.987401303341541],[-38.50187213146274,-12.98745192622882],[-38.50178034551589,-12.987480768357912],[-38.501580307398804,-12.987537820530772],[-38.501438360769704,-12.987591829966176]]},"properties":{"NOME_LOGRADOURO":"Rua Antônio Mariani Gravatá","CODLOG":123,"HIERARQUIA":"VL","GMLID":null}},{"type":"Feature","geometry":{"type":"LineString","coordinates":[[-38.501518540852686,-12.987819044205644],[-38.501444661116416,-12.987807874399023],[-38.501358222266042,-12.987803368252221],[-38.501269850013117,-12.987815403274814],[-38.501159172406417,-12.987841407592539],[-38.501032392009257,-12.987897214594643],[-38.500863237843014,-12.988004019871882],[-38.500799755610323,-12.988078211249022],[-38.50072520331139,-12.988136922436144],[-38.500458422604837,-12.988281962035741],[-38.50039438653571,-12.988328668728901],[-38.500357187955913,-12.988376150383269]]},"properties":{"NOME_LOGRADOURO":"1ª Travessa 25 de Dezembro","CODLOG":17251,"HIERARQUIA":"VL","GMLID":null}},{"type":"Feature","geometry":{"type":"LineString","coordinates":[[-38.500890065055955,-12.987704646283676],[-38.5008017029973,-12.987579976131848],[-38.5007707477425,-12.987571720643439],[-38.500729803946157,-12.987507884850707],[-38.500675033411461,-12.987495846382537],[-38.500520376678537,-12.987564164933376]]},"properties":{"NOME_LOGRADOURO":"Beco 25 de Dezembro","CODLOG":17257,"HIERARQUIA":"VL","GMLID":null}},{"type":"Feature","geometry":{"type":"LineString","coordinates":[[-38.512775233389604,-12.998397504341645],[-38.512831437059106,-12.998371779170226],[-38.513008062273443,-12.998335691096189],[-38.513170397457699,-12.998302377462119],[-38.513178333493002,-12.998334889897729],[-38.513195321869041,-12.99841336294258],[-38.513205518898694,-12.9984582053407],[-38.513215134220211,-12.998508650237552],[-38.513217938532343,-12.998535549465867],[-38.513218928112522,-12.998576168978076],[-38.513219794144867,-12.998600218923645],[-38.513220087167866,-12.998606005718925],[-38.513220159963879,-12.998607451738694],[-38.513220410836539,-12.998610735512429],[-38.513221124979637,-12.99864411514481],[-38.513213634077076,-12.998718187482631],[-38.513205719549525,-12.99875222912619],[-38.513203128801855,-12.998763370865095],[-38.513191004781419,-12.998820122801014]]},"properties":{"NOME_LOGRADOURO":"Vila Ramos","CODLOG":10305,"HIERARQUIA":"VL","GMLID":null}},{"type":"Feature","geometry":{"type":"LineString","coordinates":[[-38.513762896819713,-12.998897961410588],[-38.513700090774208,-12.99887487246494],[-38.513655619976291,-12.998824922051808],[-38.513604045092784,-12.998778322110487],[-38.513550119425361,-12.998742773023224],[-38.513532783066154,-12.998716491307651],[-38.513506818318568,-12.998657115344514],[-38.513465286002315,-12.998565709086815],[-38.513455089091877,-12.998520306067562],[-38.51337276522537,-12.998514419866899],[-38.513367098876252,-12.998519580613321],[-38.513346722882652,-12.998621272408437],[-38.513308970307115,-12.998618418419696],[-38.513258727798934,-12.99861498310459],[-38.513220410836539,-12.998610735512429]]},"properties":{"NOME_LOGRADOURO":"Vila Descanso","CODLOG":10304,"HIERARQUIA":"VL","GMLID":null}},{"type":"Feature","geometry":{"type":"LineString","coordinates":[[-38.499401146739572,-12.970079243442356],[-38.499370899464957,-12.970301765464724],[-38.499328350502957,-12.970516489138351],[-38.499294609292264,-12.97069904504102],[-38.499231951983234,-12.970970415153328],[-38.499176669714281,-12.971203557211838],[-38.499152892594516,-12.971307749809283],[-38.499150438066842,-12.971318865458924],[-38.499132171837111,-12.97140462572999],[-38.499122479761418,-12.971498990993927],[-38.499125827011078,-12.971649976072692],[-38.49915193411308,-12.971863295493934],[-38.499212285763072,-12.972213193370274],[-38.499273396937305,-12.972525484347793],[-38.499319287183638,-12.972693637831199],[-38.499482560372776,-12.973168494658136],[-38.499491484292463,-12.973192197544822],[-38.49954721957679,-12.97334129493237],[-38.499552890479343,-12.97335721688575],[-38.499631972615006,-12.973579587407986],[-38.499704889627814,-12.973805472599421],[-38.499880947453292,-12.974313441800049],[-38.500000227416187,-12.974623312519396],[-38.500200664103438,-12.974992736049609],[-38.50020627028772,-12.97500278209885],[-38.500210814778477,-12.975011198472592],[-38.500436155587757,-12.975435908019852],[-38.500625695924057,-12.975815528260462],[-38.500730860395564,-12.975997266666468],[-38.50083963464364,-12.976122689419592]]},"properties":{"NOME_LOGRADOURO":"Rua Djalma Dutra","CODLOG":518,"HIERARQUIA":"VA-II","GMLID":null}},{"type":"Feature","geometry":{"type":"LineString","coordinates":[[-38.506196714528215,-13.002101916151304],[-38.506211019084844,-13.002059271306305],[-38.506221115824644,-13.002029276027411],[-38.506484250074564,-13.001738757029047],[-38.506525849417663,-13.001658916525868],[-38.50656324383457,-13.001590730928744],[-38.506607075652298,-13.001497332841442],[-38.506640132169466,-13.00135500477046],[-38.506653481086431,-13.001257842277743],[-38.506655889046456,-13.001156409970584],[-38.506651674014513,-13.001059304535662],[-38.506643072065657,-13.000988047546235],[-38.506630216877227,-13.000839032193761],[-38.506617392343053,-13.000750589309526],[-38.506617540643575,-13.000676455368417],[-38.506617542608602,-13.000675460706724],[-38.506617643398066,-13.00062537587668],[-38.506622013249874,-13.000569421587603],[-38.5066135750737,-13.000454950309853],[-38.506585643734923,-13.000237017590161],[-38.506517768197014,-12.999724375498268],[-38.506504081129187,-12.999609081326788],[-38.506488426281244,-12.999450840088452],[-38.50646885991231,-12.999271074992306],[-38.506447236359556,-12.999132351309424],[-38.506401765119115,-12.99894078365355],[-38.506280259855878,-12.998672045488355]]},"properties":{"NOME_LOGRADOURO":"Rua Professor Edgard Mata","CODLOG":4129,"HIERARQUIA":"VL","GMLID":null}},{"type":"Feature","geometry":{"type":"LineString","coordinates":[[-38.508511976127615,-12.968375695665962],[-38.508586013062562,-12.968468953555012],[-38.508720044696858,-12.968702546639157],[-38.508822256061698,-12.96887975608443],[-38.508998047325647,-12.969180419629422],[-38.509024251030503,-12.969232091426605],[-38.509057875868137,-12.969298423254015],[-38.509072165446916,-12.969339223459503],[-38.509120584155681,-12.969421947279008],[-38.509303883248869,-12.969654367947857],[-38.509366193647821,-12.96970909087595],[-38.509422522709507,-12.969790292338356],[-38.509477840879065,-12.96988252094563],[-38.509593687664228,-12.970124396572583],[-38.509678951169107,-12.970299042792639],[-38.509710590347595,-12.970370524085743],[-38.50974031032964,-12.97045167445591],[-38.509835162650653,-12.970660421444737],[-38.509918282377612,-12.970843290363632]]},"properties":{"NOME_LOGRADOURO":"Rua do Julião","CODLOG":350,"HIERARQUIA":"VC-II","GMLID":null}},{"type":"Feature","geometry":{"type":"LineString","coordinates":[[-38.500863861547145,-12.97617381564058],[-38.500797154130787,-12.976303601048119],[-38.500709576582743,-12.97652935792096],[-38.500708583110402,-12.976531886988415],[-38.500615876688897,-12.976812781900891],[-38.500509477959511,-12.977059386030616],[-38.500397180272401,-12.977213854587038],[-38.500388112094541,-12.977223962876108],[-38.500308407007317,-12.977313130834927],[-38.500298424939764,-12.977324232031533],[-38.49995674827808,-12.977703101293423],[-38.499916869484579,-12.977760975702415],[-38.499811809197531,-12.977944479534726],[-38.499795617785388,-12.97798061084943],[-38.499765918226984,-12.978042662508493],[-38.499738671128007,-12.978132925804585],[-38.499722178390932,-12.978206304070268],[-38.499705813355689,-12.978291435917111],[-38.499693538996524,-12.978384620670282],[-38.499672483720722,-12.978571992461506],[-38.49966587702253,-12.978644034275042],[-38.499662236336732,-12.978715719191751],[-38.49966392777656,-12.978744562337901],[-38.499664346942595,-12.978763186911326],[-38.499664101823029,-12.978771413233119]]},"properties":{"NOME_LOGRADOURO":"Ladeira dos Galés","CODLOG":368,"HIERARQUIA":"VC-I","GMLID":null}},{"type":"Feature","geometry":{"type":"LineString","coordinates":[[-38.511656590048659,-12.99354156885072],[-38.511695299586918,-12.993498337425166],[-38.511711986900799,-12.99347992585402],[-38.511732802401617,-12.993450221720968],[-38.511765038321343,-12.99341240176599],[-38.511788786903786,-12.993360101599015],[-38.511799181194043,-12.99333254715822],[-38.511794844623637,-12.993294748910857],[-38.511774746641727,-12.993190834492164],[-38.511753745023455,-12.993082668434306],[-38.511733375283498,-12.992962118152791],[-38.511683266110289,-12.99276882536147],[-38.511675782314022,-12.992746661879446],[-38.511675782490713,-12.992746571455545],[-38.511658850470496,-12.992695821582128],[-38.511619994687784,-12.992580389829799],[-38.511583180786396,-12.992470928101287],[-38.511578040454495,-12.992455640359479],[-38.511504395747806,-12.992244944556459],[-38.511487053985356,-12.992209020766008],[-38.511450856519588,-12.992134276759815],[-38.511434347224508,-12.992100342960207],[-38.511378623831106,-12.992018330104637],[-38.511307299966489,-12.991943157432935],[-38.511199371030607,-12.991845676958103],[-38.511188297040484,-12.991832275149557],[-38.511180104148728,-12.99182240620952],[-38.511156599984339,-12.99174976489291],[-38.511117327173466,-12.991653498608917],[-38.511068897477635,-12.991535336041794],[-38.511036327670496,-12.991510593468362],[-38.511003862880493,-12.991471296401773],[-38.510974379609692,-12.991423325118006],[-38.51095219279717,-12.991376814348996],[-38.510918804661515,-12.99130424483741],[-38.51090797792574,-12.991280899528499],[-38.510891710704605,-12.991240186142072],[-38.510877062275732,-12.99118790330599],[-38.510865218480468,-12.991140056535624],[-38.510856467332651,-12.991104961787205],[-38.510819015858722,-12.990932848316191],[-38.510817672452454,-12.990842349199273],[-38.510822654652792,-12.99074381513341],[-38.510829909522229,-12.990688771270348],[-38.51084789857115,-12.99062660590149],[-38.510884088865787,-12.990510683204544],[-38.510884165753019,-12.990510502500729]]},"properties":{"NOME_LOGRADOURO":"Rua Dom Manoel I","CODLOG":992,"HIERARQUIA":"VL","GMLID":null}},{"type":"Feature","geometry":{"type":"LineString","coordinates":[[-38.519704371358905,-12.981923943246425],[-38.519844810279949,-12.982042706483464],[-38.519906423865514,-12.982199048308559],[-38.519976460485779,-12.982316519550094],[-38.520054204329767,-12.982405352212114],[-38.520669299021648,-12.983097580623692]]},"properties":{"NOME_LOGRADOURO":"Acesso ao Solar do Unhão","CODLOG":13276,"HIERARQUIA":"VL","GMLID":null}},{"type":"Feature","geometry":{"type":"LineString","coordinates":[[-38.507879202720368,-12.990168493724157],[-38.508175735062707,-12.989944447562786]]},"properties":{"NOME_LOGRADOURO":"Travessa Quintino Bocayuva","CODLOG":10905,"HIERARQUIA":"VL","GMLID":null}},{"type":"Feature","geometry":{"type":"LineString","coordinates":[[-38.515643798003445,-12.978411318463968],[-38.515794542503961,-12.978303745398064],[-38.515845634739868,-12.978264333169674],[-38.515914235165134,-12.978213291476953],[-38.516027557358314,-12.97811423713606]]},"properties":{"NOME_LOGRADOURO":"Avenida Sodré","CODLOG":10888,"HIERARQUIA":"VL","GMLID":null}},{"type":"Feature","geometry":{"type":"LineString","coordinates":[[-38.501565993700893,-12.969823035680909],[-38.501321754295411,-12.969768683148196],[-38.501136019423164,-12.969731983021692]]},"properties":{"NOME_LOGRADOURO":"2ª Travessa Prado Valadares","CODLOG":10793,"HIERARQUIA":"VL","GMLID":null}},{"type":"Feature","geometry":{"type":"LineString","coordinates":[[-38.501570202963585,-12.969579759925544],[-38.501523180987213,-12.969560413127633],[-38.50130475148643,-12.969564061123389],[-38.501294382180966,-12.969540625890287],[-38.501160160906537,-12.969558720311396]]},"properties":{"NOME_LOGRADOURO":"1ª Travessa Prado Valadares","CODLOG":10792,"HIERARQUIA":"VL","GMLID":null}},{"type":"Feature","geometry":{"type":"LineString","coordinates":[[-38.497534170686194,-12.965847434769193],[-38.497486458615882,-12.96594507141727],[-38.497405201189643,-12.966089203655693],[-38.497371941249419,-12.966145101212499],[-38.497257269544534,-12.966460036361292],[-38.496782601942115,-12.96772544211286]]},"properties":{"NOME_LOGRADOURO":"Rua Jaime Guimarães","CODLOG":7298,"HIERARQUIA":"VL","GMLID":null}},{"type":"Feature","geometry":{"type":"LineString","coordinates":[[-38.503680017582887,-12.993081228413212],[-38.503704516090139,-12.992996655381633],[-38.503727805184596,-12.992946705251692],[-38.503777026346867,-12.992817880632821],[-38.503807829872265,-12.992736212295762]]},"properties":{"NOME_LOGRADOURO":"Avenida José Manoel Alves","CODLOG":5952,"HIERARQUIA":"VL","GMLID":null}},{"type":"Feature","geometry":{"type":"LineString","coordinates":[[-38.503548921080423,-12.993050872180419],[-38.503560089196085,-12.993017171639666],[-38.503722783690669,-12.992565362557837],[-38.503801223028638,-12.992348899476482]]},"properties":{"NOME_LOGRADOURO":"Travessa da Bola","CODLOG":14803,"HIERARQUIA":"VL","GMLID":null}},{"type":"Feature","geometry":{"type":"LineString","coordinates":[[-38.499682737042235,-12.990902069884561],[-38.499670243551201,-12.990952311693365],[-38.499651333408991,-12.991016735020876],[-38.499580468614468,-12.991245236849128],[-38.499537058957728,-12.991356352307879],[-38.499489598836341,-12.991515646962236],[-38.499448393747741,-12.991665009712635],[-38.499686756777585,-12.991705699284008],[-38.499755322339574,-12.991714238904452],[-38.499819482627878,-12.991720690274141],[-38.499893067143837,-12.991729239517946]]},"properties":{"NOME_LOGRADOURO":"Rua Roberto Rebouças","CODLOG":1460,"HIERARQUIA":"VL","GMLID":null}},{"type":"Feature","geometry":{"type":"LineString","coordinates":[[-38.495661283368648,-12.995426455488857],[-38.495756360046393,-12.995297178131466],[-38.495857902770361,-12.99524222736899],[-38.495887872389886,-12.995198709271884],[-38.495948532320952,-12.995169445475987],[-38.496095202020776,-12.995133204988321],[-38.496377205323853,-12.995479102863246]]},"properties":{"NOME_LOGRADOURO":"Travessa Caetano","CODLOG":11923,"HIERARQUIA":"VL","GMLID":null}},{"type":"Feature","geometry":{"type":"LineString","coordinates":[[-38.495519169806037,-12.995314618041851],[-38.495423477083307,-12.995410082759198],[-38.495168165530792,-12.995627827000417]]},"properties":{"NOME_LOGRADOURO":"2ª Travessa Caetano","CODLOG":17077,"HIERARQUIA":"VL","GMLID":null}},{"type":"Feature","geometry":{"type":"LineString","coordinates":[[-38.495379879029265,-12.995198628306108],[-38.495328383257082,-12.995245991859626],[-38.495200560554323,-12.995362457455347],[-38.495121108655141,-12.995435171277141],[-38.495078903958316,-12.995475229389625],[-38.49503203639425,-12.995527482962395]]},"properties":{"NOME_LOGRADOURO":"1ª Travessa Caetano","CODLOG":11926,"HIERARQUIA":"VL","GMLID":null}},{"type":"Feature","geometry":{"type":"LineString","coordinates":[[-38.511774746641727,-12.993190834492164],[-38.512003400616692,-12.993131156274575],[-38.511982555754926,-12.993076769443375],[-38.512134650765638,-12.993014949846273],[-38.512205460685955,-12.993119863683171],[-38.512297631495173,-12.993227440800117]]},"properties":{"NOME_LOGRADOURO":"Avenida Zezé","CODLOG":2114,"HIERARQUIA":"VL","GMLID":null}},{"type":"Feature","geometry":{"type":"LineString","coordinates":[[-38.512567460801201,-12.992453980538428],[-38.512358066725128,-12.992522069612264],[-38.512245423415742,-12.992579519052143],[-38.512174070013693,-12.99260523379643],[-38.512234666503502,-12.992803768192376],[-38.51226412702092,-12.992863130042146],[-38.512477453577752,-12.993108714802151]]},"properties":{"NOME_LOGRADOURO":"Avenida Língua de Vaca","CODLOG":9932,"HIERARQUIA":"VL","GMLID":null}},{"type":"Feature","geometry":{"type":"LineString","coordinates":[[-38.511675782314022,-12.992746661879446],[-38.511676086782686,-12.992746572027341],[-38.511997727892428,-12.992618801822999]]},"properties":{"NOME_LOGRADOURO":"Avenida Guimarães","CODLOG":6388,"HIERARQUIA":"VL","GMLID":null}},{"type":"Feature","geometry":{"type":"LineString","coordinates":[[-38.511619994687784,-12.992580389829799],[-38.511978470309074,-12.992434878900758]]},"properties":{"NOME_LOGRADOURO":"1ª Travessa Dom Manoel I","CODLOG":10080,"HIERARQUIA":"VL","GMLID":null}},{"type":"Feature","geometry":{"type":"LineString","coordinates":[[-38.511583180786396,-12.992470928101287],[-38.511729257284244,-12.992423107751373],[-38.511719132285698,-12.992390723176053],[-38.511843909484284,-12.992347925592835]]},"properties":{"NOME_LOGRADOURO":"Avenida Brasil","CODLOG":6390,"HIERARQUIA":"VL","GMLID":null}},{"type":"Feature","geometry":{"type":"LineString","coordinates":[[-38.512305860112953,-12.991971169458012],[-38.511965377938679,-12.992052616526182],[-38.511803811281574,-12.992090101364356],[-38.511685275907872,-12.992129113747387],[-38.511487053985356,-12.992209020766008]]},"properties":{"NOME_LOGRADOURO":"Avenida Dom Manoel I","CODLOG":10078,"HIERARQUIA":"VL","GMLID":null}},{"type":"Feature","geometry":{"type":"LineString","coordinates":[[-38.512103684955775,-12.991544521887116],[-38.511875770002348,-12.991645347387379],[-38.511924317824224,-12.99175044735043],[-38.511883721995581,-12.991772905736203],[-38.511843818511856,-12.991787411698317],[-38.51175051731957,-12.991803805770758],[-38.511730921186562,-12.991801780525467],[-38.511693141573197,-12.991766582433611],[-38.511551665524159,-12.991879651617825],[-38.511410885975721,-12.99198211707327],[-38.511378623831106,-12.992018330104637]]},"properties":{"NOME_LOGRADOURO":"2ª Travessa Dom Manoel I","CODLOG":6099,"HIERARQUIA":"VL","GMLID":null}},{"type":"Feature","geometry":{"type":"LineString","coordinates":[[-38.518206349473139,-12.988243194635517],[-38.518436961561576,-12.988792391095533]]},"properties":{"NOME_LOGRADOURO":"1ª Avenida Alberto Pinto","CODLOG":10578,"HIERARQUIA":"VL","GMLID":null}},{"type":"Feature","geometry":{"type":"LineString","coordinates":[[-38.508262344025205,-12.993216185679028],[-38.508490313205193,-12.992779323699226]]},"properties":{"NOME_LOGRADOURO":"1ª Avenida Padre Domingos de Brito","CODLOG":10091,"HIERARQUIA":"VL","GMLID":null}},{"type":"Feature","geometry":{"type":"LineString","coordinates":[[-38.510487581173287,-12.992335869818154],[-38.510099521206442,-12.99267940259614]]},"properties":{"NOME_LOGRADOURO":"Avenida Gnose","CODLOG":6106,"HIERARQUIA":"VL","GMLID":null}},{"type":"Feature","geometry":{"type":"LineString","coordinates":[[-38.494801085617645,-12.993095471328058],[-38.494805579755145,-12.993016193557922],[-38.494814177096075,-12.992900491015305],[-38.494817525108424,-12.992823923736561],[-38.494819657566076,-12.992784871931775],[-38.494825602815133,-12.992702071346676],[-38.494828797171188,-12.992664107598351],[-38.494830578954357,-12.992610137857476],[-38.494832215167499,-12.992552914376439],[-38.494832704499878,-12.992536641713272],[-38.494836002606668,-12.992484755576514],[-38.494837337998703,-12.992425813453307],[-38.494840714683008,-12.992335052365053]]},"properties":{"NOME_LOGRADOURO":"3ª Travessa da China","CODLOG":6391,"HIERARQUIA":"VL","GMLID":null}},{"type":"Feature","geometry":{"type":"LineString","coordinates":[[-38.489726518191539,-12.979302426613568],[-38.489867849888199,-12.979209636660567],[-38.489894909174971,-12.979235433458442],[-38.489913805547232,-12.979254462281345],[-38.489959819731169,-12.979270590122372],[-38.489986486296445,-12.979277816654177],[-38.490026930476311,-12.979281693760385],[-38.490079001936621,-12.979281374466821],[-38.490154390369469,-12.97927144357527],[-38.490217962538814,-12.979266595751835],[-38.490265385270291,-12.979259371570409],[-38.490308864187277,-12.979252704803034],[-38.490339857157117,-12.979248544534411],[-38.4903785944962,-12.979245244899868],[-38.490398400177781,-12.979240219049483],[-38.490411725759863,-12.979247841681827],[-38.490415566537571,-12.979263464539596],[-38.490461695255625,-12.979426639243981]]},"properties":{"NOME_LOGRADOURO":"Travessa Murici","CODLOG":12029,"HIERARQUIA":"VL","GMLID":null}},{"type":"Feature","geometry":{"type":"LineString","coordinates":[[-38.490696992994209,-12.980145286944426],[-38.490689345928331,-12.980054955502615],[-38.490682765300214,-12.97996345153963],[-38.490655190477874,-12.979839361033298],[-38.490631949616443,-12.979752254319264],[-38.490582558184634,-12.979588793842909],[-38.490559324551462,-12.979498612718025],[-38.490549605127377,-12.979454747048083],[-38.490531488885864,-12.979427951465061]]},"properties":{"NOME_LOGRADOURO":"Avenida Murici","CODLOG":7465,"HIERARQUIA":"VL","GMLID":null}},{"type":"Feature","geometry":{"type":"LineString","coordinates":[[-38.494616234016853,-12.979960088591035],[-38.49443000787597,-12.97989779882638]]},"properties":{"NOME_LOGRADOURO":"Avenida Escada","CODLOG":10037,"HIERARQUIA":"VL","GMLID":null}},{"type":"Feature","geometry":{"type":"LineString","coordinates":[[-38.49454347331357,-12.980223300228307],[-38.494371273042219,-12.980142866041637],[-38.494140082668089,-12.980020097100995]]},"properties":{"NOME_LOGRADOURO":"Vila Cosme de Farias","CODLOG":14527,"HIERARQUIA":"VL","GMLID":null}},{"type":"Feature","geometry":{"type":"LineString","coordinates":[[-38.494600753554529,-12.960191184535404],[-38.494448696518717,-12.960232205203598],[-38.494115999927651,-12.960332572199519],[-38.494030273076319,-12.960350099002392],[-38.493953567386662,-12.960366905441205],[-38.493890916501989,-12.960375411997399],[-38.493820459785212,-12.960396872919208],[-38.493758039365872,-12.96041223314457],[-38.493679065079419,-12.960435671327389],[-38.493573774194154,-12.960463480970231],[-38.49339703831302,-12.960508107976089],[-38.493301527413813,-12.9605315129742],[-38.493320191826008,-12.960594950238166],[-38.493271299836444,-12.960611073617413],[-38.493224668958455,-12.960624252652119],[-38.49309607947896,-12.960649805892629],[-38.49300690031577,-12.96067474675027]]},"properties":{"NOME_LOGRADOURO":"2ª Travessa Santa Margarida","CODLOG":9933,"HIERARQUIA":"VL","GMLID":null}},{"type":"Feature","geometry":{"type":"LineString","coordinates":[[-38.493029509434066,-12.960735182391851],[-38.493029585958112,-12.960735182540805],[-38.493366571412288,-12.96063901285857]]},"properties":{"NOME_LOGRADOURO":"3ª Avenida Freitas Henrique","CODLOG":16186,"HIERARQUIA":"VL","GMLID":null}},{"type":"Feature","geometry":{"type":"LineString","coordinates":[[-38.502102047072754,-12.989753448079599],[-38.502123419898169,-12.989793387771153],[-38.502158161292833,-12.989806875067201],[-38.502211683634002,-12.989862110083731],[-38.502240048502209,-12.989920199528752],[-38.502253370112093,-12.989917323328811],[-38.502264428727898,-12.989935842574106],[-38.502276254701833,-12.989941306041066],[-38.502304732980747,-12.989942449279358],[-38.502329476467928,-12.989961358230454]]},"properties":{"NOME_LOGRADOURO":"Vila Manoel Faustino","CODLOG":11969,"HIERARQUIA":"VL","GMLID":null}},{"type":"Feature","geometry":{"type":"LineString","coordinates":[[-38.514810323780168,-13.000391804151436],[-38.51484566317113,-13.000325963559384],[-38.514855017049499,-13.000314670768512],[-38.514913693736645,-13.00027062078459],[-38.514990373964771,-13.000181022453404],[-38.515041775034348,-13.000143132114701],[-38.51512573810993,-13.000043575352812]]},"properties":{"NOME_LOGRADOURO":"Travessa Mineirão","CODLOG":25024,"HIERARQUIA":"VL","GMLID":null}},{"type":"Feature","geometry":{"type":"LineString","coordinates":[[-38.514479000862927,-12.999817930652851],[-38.51452141678498,-12.999753919048635],[-38.514515956866916,-12.999728305221899],[-38.514534460078501,-12.999698507947098]]},"properties":{"NOME_LOGRADOURO":"Travessa Dom Cabral","CODLOG":25037,"HIERARQUIA":"VL","GMLID":null}},{"type":"Feature","geometry":{"type":"LineString","coordinates":[[-38.514064118864027,-13.000018718533001],[-38.514009416241308,-13.00005198362752],[-38.513964092894035,-13.000077971739328],[-38.51388688714475,-13.000118084117624],[-38.513880592591107,-13.000120035446592],[-38.513803139771191,-13.000141156441595],[-38.513744778917939,-13.000167836268016],[-38.513670386501978,-13.00018475370454],[-38.513611718599904,-13.000206202788434],[-38.513664137056381,-13.000319809563006]]},"properties":{"NOME_LOGRADOURO":"Travessa Dom Joaquim","CODLOG":25038,"HIERARQUIA":"VL","GMLID":null}},{"type":"Feature","geometry":{"type":"LineString","coordinates":[[-38.515540503310234,-12.992689377656397],[-38.515593527907285,-12.992752580903472],[-38.515651846319024,-12.992830529550071],[-38.515699992974561,-12.992899961152798],[-38.515770455146239,-12.992989053689692],[-38.515804711730034,-12.993085400405484],[-38.515817188743881,-12.993120591469786],[-38.515892205055543,-12.993371157697405],[-38.515900893586519,-12.993399471262126],[-38.515967003510895,-12.993616208520152],[-38.515970856601612,-12.993628782865525],[-38.516032812225731,-12.993831408891879],[-38.5161030678128,-12.994066415926978],[-38.516111457570311,-12.994092377896813],[-38.516173357181309,-12.994284517280832],[-38.516180931601085,-12.994338684683436]]},"properties":{"NOME_LOGRADOURO":"Rua Conde Pereira Marinho","CODLOG":1218,"HIERARQUIA":"VL","GMLID":null}},{"type":"Feature","geometry":{"type":"LineString","coordinates":[[-38.508752655601633,-12.971806895652211],[-38.508372658571624,-12.972124315395503],[-38.508335269988542,-12.972154621015758],[-38.508334051889761,-12.972155613382357]]},"properties":{"NOME_LOGRADOURO":"Rua Leovigildo de Carvalho","CODLOG":928,"HIERARQUIA":"VL","GMLID":null}},{"type":"Feature","geometry":{"type":"LineString","coordinates":[[-38.509292251780849,-12.972410386690585],[-38.508829859677505,-12.972795817195225]]},"properties":{"NOME_LOGRADOURO":"Rua do Açouguinho","CODLOG":811,"HIERARQUIA":"VL","GMLID":null}},{"type":"Feature","geometry":{"type":"LineString","coordinates":[[-38.51274363306932,-12.974957775196254],[-38.512503215988616,-12.975279260077157],[-38.512482237528467,-12.975315383288146],[-38.512467743999146,-12.975340489587055],[-38.512433575387895,-12.975395753524849],[-38.51220935886402,-12.975635270730139],[-38.512172096942152,-12.975678595525666],[-38.512135645037439,-12.975696607531807],[-38.512050957865263,-12.975770310062041],[-38.511954913120348,-12.975859541536995],[-38.511929168366002,-12.97588345027604],[-38.511837756839718,-12.976091755772172],[-38.511798408840946,-12.976113017570897],[-38.511787905885434,-12.976118693693499],[-38.511524477819634,-12.976659822164166],[-38.511494619445216,-12.976726847410227]]},"properties":{"NOME_LOGRADOURO":"Rua do Tira Chapéu","CODLOG":891,"HIERARQUIA":"VL","GMLID":null}},{"type":"Feature","geometry":{"type":"LineString","coordinates":[[-38.514342112569089,-12.978801335161643],[-38.513748023940749,-12.978800582503787],[-38.513752874846368,-12.978729893279088],[-38.513762729837296,-12.978587973472353],[-38.514007485355528,-12.978578669539717],[-38.514026037383417,-12.978577980803779],[-38.514342307008519,-12.978661748320274]]},"properties":{"NOME_LOGRADOURO":"Largo de São Bento","CODLOG":844,"HIERARQUIA":"VL","GMLID":null}},{"type":"Feature","geometry":{"type":"LineString","coordinates":[[-38.512596871207165,-12.977706488915258],[-38.512526588807958,-12.978152512824572],[-38.512524037124876,-12.978174476640648],[-38.512519938040811,-12.978210269770884],[-38.512410273252222,-12.979163218302597]]},"properties":{"NOME_LOGRADOURO":"Largo da Barroquinha","CODLOG":1345,"HIERARQUIA":"VL","GMLID":null}},{"type":"Feature","geometry":{"type":"LineString","coordinates":[[-38.514256951438412,-12.994039450275205],[-38.514185692766837,-12.994477787039756],[-38.51415293241449,-12.994707177356004],[-38.514014749320104,-12.994683321823311],[-38.513896706712529,-12.99466384335828],[-38.514090731307931,-12.994397237675459],[-38.514233686993066,-12.99418255563536]]},"properties":{"NOME_LOGRADOURO":"Praça Alexandre Fernandes","CODLOG":42,"HIERARQUIA":"VL","GMLID":null}},{"type":"Feature","geometry":{"type":"LineString","coordinates":[[-38.515287285775962,-12.992979118617846],[-38.515640635932996,-12.993345011124037]]},"properties":{"NOME_LOGRADOURO":"Avenida Hilda","CODLOG":2079,"HIERARQUIA":"VL","GMLID":null}},{"type":"Feature","geometry":{"type":"LineString","coordinates":[[-38.496591176574547,-12.969460873562266],[-38.496740214487623,-12.969297978579343],[-38.496879928623443,-12.969120961110859],[-38.496876347078825,-12.969087233185927],[-38.496869507362362,-12.969047892661436],[-38.496859613422892,-12.969015236721962],[-38.496841614592228,-12.968967648735763],[-38.496745795590662,-12.968714415831901],[-38.496690429539797,-12.968609980029632],[-38.496610877066502,-12.968472228565798],[-38.496562671202959,-12.968398634915756],[-38.496478220165997,-12.968315478418736],[-38.496275504416005,-12.96813960808975],[-38.496147522177061,-12.968039823239584],[-38.496005274950576,-12.967918867721039],[-38.495872253599053,-12.967837684099502],[-38.495734545837905,-12.967773410611102],[-38.495526768935008,-12.967694716064655],[-38.495234456715536,-12.967575537307454],[-38.495111304101478,-12.967531813494652]]},"properties":{"NOME_LOGRADOURO":"Rua Fortunato Benjamin Saback","CODLOG":644,"HIERARQUIA":"VL","GMLID":null}},{"type":"Feature","geometry":{"type":"LineString","coordinates":[[-38.498892980261274,-12.985238769540617],[-38.498792002427841,-12.985014277829688]]},"properties":{"NOME_LOGRADOURO":"3ª Avenida Ogunjá","CODLOG":23376,"HIERARQUIA":"VL","GMLID":null}},{"type":"Feature","geometry":{"type":"LineString","coordinates":[[-38.494417516306079,-12.985857260815099],[-38.494304775756824,-12.985661041036762],[-38.494243672734157,-12.985534805913023],[-38.494225508215997,-12.98549363576055],[-38.494186097231115,-12.985506306175644],[-38.494100667474179,-12.985528561520264],[-38.494071387278595,-12.985532572726198],[-38.494028646201656,-12.985537733247023],[-38.493969725300701,-12.985535719673507],[-38.493933932328567,-12.985526609409948],[-38.493871171459212,-12.985505694229492],[-38.493828617296671,-12.985493678123957],[-38.493784495593474,-12.985467554612459],[-38.493712075917273,-12.985410277345125],[-38.493656295985787,-12.985358908220066],[-38.493583961874023,-12.985297201209956],[-38.493548611465833,-12.985257173053444],[-38.493533449237667,-12.985235174990976],[-38.493509630940459,-12.98520755467775],[-38.493477987216586,-12.985177115971705],[-38.493422732456366,-12.985129183936966],[-38.493398022583044,-12.985091074493074],[-38.493360960630888,-12.985032961780155],[-38.493305111468224,-12.984978066814248],[-38.493238784259887,-12.98491664269109],[-38.4931346288311,-12.984799453532442],[-38.493109011508558,-12.984759173020391],[-38.493074964249686,-12.984714084499798],[-38.493035084986474,-12.984657593884068],[-38.493009804516589,-12.984639011275474],[-38.492981079900773,-12.984630999756519],[-38.492923655516641,-12.984640922136137],[-38.492899620667387,-12.984645125194843],[-38.492869993669004,-12.98463240985228],[-38.492827805531675,-12.984552770662873],[-38.492744621327802,-12.984404974830232],[-38.492720577696126,-12.984413517307098],[-38.492658714694535,-12.984437443988213],[-38.492502110978648,-12.984501418141615],[-38.492446261232438,-12.984521921296624]]},"properties":{"NOME_LOGRADOURO":"Travessa Santa Terezinha","CODLOG":2150,"HIERARQUIA":"VL","GMLID":null}},{"type":"Feature","geometry":{"type":"LineString","coordinates":[[-38.494225508215997,-12.98549363576055],[-38.494271065429558,-12.985486581778854],[-38.494343505886263,-12.985458426263287],[-38.49437534090324,-12.985431727166732],[-38.494395753319026,-12.985414137782151],[-38.494407572811319,-12.985397074231171],[-38.49442145104792,-12.985377392384361],[-38.494449672756375,-12.985295358467353],[-38.494464202361385,-12.985216190591407],[-38.494462826814321,-12.985144496084953],[-38.494460144823265,-12.985079579035983],[-38.494407895285242,-12.984898755863526],[-38.49436812167405,-12.984715063370894],[-38.494309483963782,-12.984572649855455],[-38.494294070627426,-12.984524343362827],[-38.494270747749582,-12.984439587812288]]},"properties":{"NOME_LOGRADOURO":"Rua Paraitinga","CODLOG":6414,"HIERARQUIA":"VL","GMLID":null}},{"type":"Feature","geometry":{"type":"LineString","coordinates":[[-38.494395753319026,-12.985414137782151],[-38.494344449302218,-12.985330232067671],[-38.494251483714038,-12.985168675915116],[-38.494226116780666,-12.985117094791814],[-38.494138310940052,-12.984960702810895],[-38.494070655888159,-12.984840873203005],[-38.494033552225062,-12.984765945237076],[-38.493938102426256,-12.984591908335153]]},"properties":{"NOME_LOGRADOURO":"Rua Ubiratã","CODLOG":6415,"HIERARQUIA":"VL","GMLID":null}},{"type":"Feature","geometry":{"type":"LineString","coordinates":[[-38.493548611465833,-12.985257173053444],[-38.49358560357107,-12.98523735542571],[-38.49364802985027,-12.98519805934197],[-38.493746890482697,-12.985076022910588],[-38.493884451553413,-12.984916904707216]]},"properties":{"NOME_LOGRADOURO":"1ª Travessa Santa Terezinha","CODLOG":16716,"HIERARQUIA":"VL","GMLID":null}},{"type":"Feature","geometry":{"type":"LineString","coordinates":[[-38.49404158399679,-12.986095835022564],[-38.493991511963294,-12.986041493981967],[-38.493914786902756,-12.98597055706454],[-38.493935636376953,-12.985924761684664],[-38.49389323662075,-12.985873780346312],[-38.493848759283097,-12.98583518124647],[-38.493847197588686,-12.98581818119318],[-38.493876491878872,-12.985769871287481],[-38.493992242324865,-12.985680593931322],[-38.493809842594665,-12.985641455095106],[-38.493778245651789,-12.98562521128563]]},"properties":{"NOME_LOGRADOURO":"Travessa Dom João VI","CODLOG":16722,"HIERARQUIA":"VL","GMLID":null}},{"type":"Feature","geometry":{"type":"LineString","coordinates":[[-38.492753060863301,-12.98519279108085],[-38.492753137578234,-12.985192700806424],[-38.492969094331528,-12.98506781867952],[-38.493033797266222,-12.985030787785895]]},"properties":{"NOME_LOGRADOURO":"Travessa Guary","CODLOG":16717,"HIERARQUIA":"VL","GMLID":null}},{"type":"Feature","geometry":{"type":"LineString","coordinates":[[-38.504035953901742,-12.984975089209902],[-38.503821813033966,-12.984994658981929],[-38.503660080249226,-12.984964333986738],[-38.503474136004854,-12.984912535740538],[-38.503404805328053,-12.984869459980684],[-38.503359808075743,-12.984786471323893]]},"properties":{"NOME_LOGRADOURO":"Vila Platino","CODLOG":1859,"HIERARQUIA":"VL","GMLID":null}},{"type":"Feature","geometry":{"type":"LineString","coordinates":[[-38.503151837666351,-12.986102207173158],[-38.503308059663233,-12.985882909616677],[-38.503615585169101,-12.985432824536765],[-38.503671782502018,-12.985387868919215],[-38.50372410493614,-12.985300338700407],[-38.503250662061433,-12.985052738416982]]},"properties":{"NOME_LOGRADOURO":"Ladeira Barão de Loreto","CODLOG":3566,"HIERARQUIA":"VL","GMLID":null}},{"type":"Feature","geometry":{"type":"LineString","coordinates":[[-38.502460271277307,-12.985637094521055],[-38.502499849055781,-12.985577954169404],[-38.502555254888073,-12.985511973664336],[-38.502682189254884,-12.985377512480403]]},"properties":{"NOME_LOGRADOURO":"Avenida Santo Eufrásio","CODLOG":17410,"HIERARQUIA":"VL","GMLID":null}},{"type":"Feature","geometry":{"type":"LineString","coordinates":[[-38.512473763245438,-12.998222755450325],[-38.512477387221942,-12.998523692239361],[-38.512477106310058,-12.998667619032586],[-38.51246973310414,-12.998783324679263],[-38.512430114425619,-12.998902677193303],[-38.512383431951065,-12.999018399470172],[-38.512307883722627,-12.999197170980455],[-38.512217932504399,-12.999432238845742],[-38.512066809742684,-12.999842579452613],[-38.51196966204455,-13.000102042793966],[-38.511857187077958,-13.000423495620007],[-38.511685587886383,-13.000915530065123],[-38.511640425801062,-13.001029086653007],[-38.511576660421007,-13.001168193769374],[-38.511494455482122,-13.001326431588828],[-38.511375191037466,-13.001538301671822]]},"properties":{"NOME_LOGRADOURO":"Rua Professor Severo Pessoa","CODLOG":1437,"HIERARQUIA":"VL","GMLID":null}},{"type":"Feature","geometry":{"type":"LineString","coordinates":[[-38.516059181487911,-12.996313294435998],[-38.515669146741139,-12.99618481982481],[-38.515586609385359,-12.996166222106776],[-38.515238890397008,-12.996095506493953],[-38.514887274318369,-12.996034997470026],[-38.514823969383855,-12.996018876878054],[-38.514707010204646,-12.995989095130158],[-38.514593618521438,-12.9959632064304],[-38.514286491991648,-12.995858572205556],[-38.514189764819825,-12.995825572778383],[-38.513774142658896,-12.995679418417202],[-38.513567861410131,-12.995601913972918],[-38.513503972382964,-12.995573316138062],[-38.513317673147384,-12.995401763388939]]},"properties":{"NOME_LOGRADOURO":"Rua dos Reis Católicos","CODLOG":13436,"HIERARQUIA":"VL","GMLID":null}},{"type":"Feature","geometry":{"type":"LineString","coordinates":[[-38.503629331566522,-12.993067299420032],[-38.503567806058783,-12.993304587769142],[-38.503557461543402,-12.993383221639071],[-38.503516582579209,-12.99356115340815],[-38.503505606648616,-12.993613205891117],[-38.50348994854253,-12.993687399724152],[-38.503473601379049,-12.993764032786377],[-38.5034480227974,-12.99385655923771],[-38.503419326752791,-12.993948990207722],[-38.503395953596211,-12.994002646625574],[-38.503328669920606,-12.994114711773454]]},"properties":{"NOME_LOGRADOURO":"Rua Santa Suzana","CODLOG":1120,"HIERARQUIA":"VL","GMLID":null}},{"type":"Feature","geometry":{"type":"LineString","coordinates":[[-38.511190045889414,-12.977235802993029],[-38.511305237961032,-12.977270103955309],[-38.511291862824855,-12.977305970062771],[-38.511281813774502,-12.977351606438676],[-38.511304999053493,-12.977392423235292],[-38.511327759358409,-12.977417147314743],[-38.511210437384165,-12.977616904874234],[-38.511027511328521,-12.977500749234103],[-38.510988624022509,-12.977480515128786],[-38.510964535017102,-12.977513377074466],[-38.510810264134548,-12.977401614615149],[-38.510890642988969,-12.977314976460679],[-38.511077038584681,-12.977445242197545],[-38.511133509320324,-12.977376730709585],[-38.511169507770575,-12.97731866725317],[-38.511190045889414,-12.977235802993029]]},"properties":{"NOME_LOGRADOURO":"Largo da Palma","CODLOG":98,"HIERARQUIA":"VL","GMLID":null}},{"type":"Feature","geometry":{"type":"LineString","coordinates":[[-38.498736280955036,-12.999997188724301],[-38.498606474969471,-12.999888903157144],[-38.49845750433763,-12.999782116827141],[-38.498298625637915,-12.999686793321294],[-38.498315181630289,-12.999659161874776],[-38.498174264198319,-12.999571636795018]]},"properties":{"NOME_LOGRADOURO":"Avenida Bernardina","CODLOG":5993,"HIERARQUIA":"VL","GMLID":null}},{"type":"Feature","geometry":{"type":"LineString","coordinates":[[-38.498378987079896,-13.000222514705769],[-38.498314325934508,-13.00016136625546],[-38.498218401501795,-13.000068333560566],[-38.498168692331866,-13.000021135645003],[-38.498141294744663,-12.999995136437704]]},"properties":{"NOME_LOGRADOURO":"Avenida Eustáquio Nascimento","CODLOG":10087,"HIERARQUIA":"VL","GMLID":null}},{"type":"Feature","geometry":{"type":"LineString","coordinates":[[-38.504450805031027,-12.993291454431906],[-38.504359877348868,-12.993402660063671],[-38.504325181062981,-12.993492096612734],[-38.504285891493609,-12.993635586279897],[-38.504251426979557,-12.993761546475563],[-38.504240475045307,-12.993801575340514],[-38.504209839721412,-12.993913258530648],[-38.504190309930422,-12.993984641874921],[-38.50456049522856,-12.994110563704009],[-38.504634809229593,-12.994133940776246],[-38.504705840419881,-12.994164362845568],[-38.504790319815591,-12.994199330829407],[-38.50486976309255,-12.994243872341894],[-38.504895195787306,-12.994263358378817],[-38.504910594482006,-12.994281740205377],[-38.50491382464017,-12.994301274360076],[-38.504913497954767,-12.994312574948255],[-38.504910669960758,-12.99432043465276],[-38.504905769610694,-12.994337331015362],[-38.504895090320758,-12.994355211032238],[-38.504765623765245,-12.994499070566679],[-38.504693579446709,-12.994634994460473]]},"properties":{"NOME_LOGRADOURO":"Travessa Silvano","CODLOG":1443,"HIERARQUIA":"VL","GMLID":null}},{"type":"Feature","geometry":{"type":"LineString","coordinates":[[-38.504240475045307,-12.993801575340514],[-38.50436646918314,-12.993836081017683],[-38.504519816359384,-12.993880492312949],[-38.504661717493256,-12.993907705632683],[-38.504793294328074,-12.993926309810069]]},"properties":{"NOME_LOGRADOURO":"2ª Travessa Silvano","CODLOG":11674,"HIERARQUIA":"VL","GMLID":null}},{"type":"Feature","geometry":{"type":"LineString","coordinates":[[-38.496563577017469,-12.959958569486496],[-38.49635018203977,-12.960106514277493]]},"properties":{"NOME_LOGRADOURO":"Avenida Oliveira da Caixa D'Água","CODLOG":9937,"HIERARQUIA":"VL","GMLID":null}},{"type":"Feature","geometry":{"type":"LineString","coordinates":[[-38.494663009345224,-12.960346080910307],[-38.494724173640812,-12.960326309846135],[-38.495064997535827,-12.960211159888518],[-38.495254417787407,-12.960152672569803],[-38.495384345684357,-12.960114229955046],[-38.495512073653167,-12.960073523310697],[-38.495643450382005,-12.960032551490034],[-38.495965798089209,-12.959918268789979],[-38.496107690001104,-12.95986574548081],[-38.496150455186822,-12.959846390601374],[-38.496186903639796,-12.959829917074213],[-38.496225484028308,-12.959812362573572],[-38.496351983809689,-12.959739467511183]]},"properties":{"NOME_LOGRADOURO":"Avenida Santo Antônio da Caixa D'Água","CODLOG":3128,"HIERARQUIA":"VL","GMLID":null}},{"type":"Feature","geometry":{"type":"LineString","coordinates":[[-38.494600753554529,-12.960191184535404],[-38.494646628611683,-12.960175091216747],[-38.494823734821331,-12.960115313478831],[-38.494955115143547,-12.96007307698174],[-38.495153444906769,-12.960007465298981],[-38.495489842914488,-12.959899990437311],[-38.495548651012129,-12.959879491215],[-38.495678204331554,-12.959838335896924],[-38.495709165796072,-12.959904482421399],[-38.495879723320343,-12.959849935878513],[-38.496107438528398,-12.959763856723225],[-38.496129954381949,-12.959795362502401],[-38.496186903639796,-12.959829917074213]]},"properties":{"NOME_LOGRADOURO":"Travessa Amando José  Damásio","CODLOG":12378,"HIERARQUIA":"VL","GMLID":null}},{"type":"Feature","geometry":{"type":"LineString","coordinates":[[-38.489883310016715,-12.960237415929221],[-38.489943397744632,-12.960597621747025],[-38.48994789250284,-12.960630628146873],[-38.489949615720754,-12.960642836979456],[-38.489953161526664,-12.960672336679032],[-38.48995523476686,-12.960683802005819],[-38.489968834070794,-12.960725415628033],[-38.489980939177066,-12.960754640017278],[-38.489980938992993,-12.960754730441119],[-38.489984419300811,-12.960762964049341],[-38.489998339059923,-12.960796622776744],[-38.490028011832571,-12.960860146002579],[-38.49007562313237,-12.960962850788601],[-38.490114684520407,-12.961045376945924],[-38.490136211167716,-12.961076970801296],[-38.490164065862466,-12.961099717279152],[-38.490180540174045,-12.961111322015043],[-38.490201255068214,-12.961130890570955],[-38.490213615910058,-12.961146373685459],[-38.490231789550116,-12.961181938731103]]},"properties":{"NOME_LOGRADOURO":"Rua Aurélio Rodrigues da Silva","CODLOG":191,"HIERARQUIA":"VL","GMLID":null}},{"type":"Feature","geometry":{"type":"LineString","coordinates":[[-38.490804185430996,-12.960432324078198],[-38.490691927214954,-12.960454525282758],[-38.490585596917867,-12.960477823122256],[-38.490467634964915,-12.960501098163965],[-38.490369591527205,-12.960524321700229],[-38.490339395586936,-12.960531224377037],[-38.490268427195083,-12.960549347575434],[-38.49022232427096,-12.960564897118996],[-38.490170818759871,-12.960583059285517],[-38.490099079041201,-12.960606424626318],[-38.490049326918182,-12.960621966994626],[-38.490012061250589,-12.960628855791324],[-38.489949615720754,-12.960642836979456]]},"properties":{"NOME_LOGRADOURO":"Rua Bento Sabino dos Reis","CODLOG":252,"HIERARQUIA":"VL","GMLID":null}},{"type":"Feature","geometry":{"type":"LineString","coordinates":[[-38.48989838550969,-12.961758802679539],[-38.489986089349308,-12.961511893953753],[-38.489998907752778,-12.961451617873351],[-38.490013213621268,-12.961333213703378],[-38.490053512649133,-12.96118095768081],[-38.490083733331254,-12.961161940959517],[-38.49011117249929,-12.961164616075065],[-38.490191895168621,-12.961172548762857],[-38.490231789550116,-12.961181938731103],[-38.490240119510389,-12.961197866980372],[-38.490243571506177,-12.961220475264563],[-38.49027118968349,-12.961397092507246],[-38.490299527474782,-12.961406731121437],[-38.4903624606562,-12.96141462894496],[-38.49043072505976,-12.961417384813052],[-38.490559212700539,-12.96141501386213],[-38.490666119926402,-12.961407447371414],[-38.490741479797848,-12.961398011574873]]},"properties":{"NOME_LOGRADOURO":"Rua Antonio Machado Peçanha","CODLOG":122,"HIERARQUIA":"VL","GMLID":null}},{"type":"Feature","geometry":{"type":"LineString","coordinates":[[-38.505703629251954,-12.972140392894879],[-38.505716938465881,-12.972138157564707],[-38.505897107763836,-12.972106678465096],[-38.50598449438386,-12.972399129210849],[-38.50570510984506,-12.972429966914662],[-38.505692465100935,-12.972288547302613],[-38.505679520179449,-12.972144595237957],[-38.505703629251954,-12.972140392894879]]},"properties":{"NOME_LOGRADOURO":"Largo da Glória","CODLOG":2748,"HIERARQUIA":"VL","GMLID":null}},{"type":"Feature","geometry":{"type":"LineString","coordinates":[[-38.497881944666993,-12.9612400013069],[-38.497828151925596,-12.961185563448611],[-38.497762887446733,-12.961127216118992],[-38.497711069829592,-12.961073143743542],[-38.497665097731776,-12.961023602942637],[-38.497625044394148,-12.960979768472082],[-38.497542590301414,-12.960905019329084],[-38.497390058214101,-12.960626274284312],[-38.497355852763647,-12.960564227851709],[-38.497326390116591,-12.960470871210344],[-38.497211549181799,-12.960104741332646],[-38.497153237634514,-12.959953198824351],[-38.497139984521155,-12.959927316412879],[-38.497123155328232,-12.959903597279979],[-38.497102898508651,-12.959882493833078],[-38.49707982332211,-12.95986454888917],[-38.497055147105911,-12.95984868061077],[-38.497030013065654,-12.95983353393618],[-38.497004115677477,-12.959819742149612],[-38.496970766568232,-12.959807021061852],[-38.496898054624708,-12.959785092902045],[-38.496869790533196,-12.959776811508881],[-38.496841065878208,-12.959770155956063],[-38.496812034626963,-12.959765127445094],[-38.496782695856922,-12.959761725974053],[-38.496754037743102,-12.959760042971975],[-38.496724621011772,-12.959757816859589],[-38.496696049395347,-12.959750710369443],[-38.496619740772154,-12.959665037815871],[-38.496362254867073,-12.959319188054939],[-38.496254586175183,-12.959176319276946],[-38.496179006874421,-12.959068318638812],[-38.496070892031497,-12.958920927712327],[-38.495999695377499,-12.958826044312271],[-38.495953290200745,-12.958765291585996],[-38.495935166776874,-12.958742474119521],[-38.495917118217697,-12.95871956637243],[-38.495898842493546,-12.958696839033175],[-38.495880413361967,-12.958674292244389],[-38.495861908632222,-12.95865174530809],[-38.495843328304318,-12.958629198224239],[-38.49582489918263,-12.958606651431788],[-38.495806318679406,-12.958584194769415],[-38.495787738179494,-12.958561738105784],[-38.495769690750492,-12.958538739926986],[-38.495752099323106,-12.958515471356836],[-38.495735269432735,-12.958491752138228],[-38.495719201441389,-12.958467402327711],[-38.49570457889498,-12.958442240591562],[-38.495693532991865,-12.958415549469922],[-38.495684922348509,-12.958387777970769],[-38.49567714829584,-12.958359827242345],[-38.495667793589632,-12.958323827500719],[-38.495660397571427,-12.958296781746483],[-38.495651329833429,-12.958269371058487],[-38.495640132182338,-12.958242498792313],[-38.49562672828948,-12.958216526497134],[-38.495611192484517,-12.95819208638224],[-38.495592002427998,-12.958169718949696],[-38.495569765916272,-12.958150690411381],[-38.495544253195568,-12.958135091650101],[-38.495516445518334,-12.958126449303744],[-38.495487022806735,-12.958127296568209],[-38.495457664594376,-12.958133658027123],[-38.495429820149916,-12.958143277688773],[-38.495403033282543,-12.958156063341512],[-38.495378522454523,-12.958171746977182],[-38.495356132606098,-12.9581908699375],[-38.495335563869496,-12.95821171358071],[-38.49531689294831,-12.958234188535792],[-38.495300119467018,-12.958258023529615],[-38.495284788338139,-12.958283036832247],[-38.495273711758628,-12.958309594685355],[-38.495270535768853,-12.958338790149186],[-38.495278082595441,-12.958366469175123],[-38.49529323707133,-12.958391631060007],[-38.495311512899846,-12.958414268015533],[-38.495330931767228,-12.958436093365664],[-38.495349969136676,-12.958458279672525],[-38.495368169009502,-12.958481097325732],[-38.495386444669116,-12.958503824700264],[-38.495404493345674,-12.958526642058217],[-38.495422616522852,-12.95854954998355],[-38.495440740807382,-12.958572367485587],[-38.49545886491309,-12.958595275410357],[-38.495476912680722,-12.958618092761824],[-38.495495035871024,-12.958641000682469],[-38.495513008043723,-12.958663817885181],[-38.495531132162533,-12.95868672580526],[-38.495549179761184,-12.95870963357596],[-38.49556730406858,-12.958732451069759],[-38.495585427457264,-12.958755268560585],[-38.495830962054555,-12.959107966353242],[-38.4958655306718,-12.959156943750013],[-38.495895704626108,-12.959198859544024],[-38.495919661678698,-12.959232085286153],[-38.495972404311381,-12.959316808195096],[-38.495988384229307,-12.959347396192015],[-38.495998133415753,-12.959376163647162],[-38.496003861950221,-12.959400765614356],[-38.496022978521076,-12.959421686088312],[-38.496045767701034,-12.959430500429258],[-38.496081175396654,-12.959440512886287],[-38.496118111242609,-12.959446641858888],[-38.496157549232599,-12.959456030035987],[-38.496190125621666,-12.959512777314567],[-38.496285493601007,-12.959648210254562],[-38.49632901573262,-12.959705882925801],[-38.496351983809689,-12.959739467511183],[-38.496382695704895,-12.959778492523698],[-38.496427077003993,-12.9598247760935],[-38.496496349160147,-12.959893889265006],[-38.496563577017469,-12.959958569486496],[-38.496619041695638,-12.960013462944827],[-38.496636192352319,-12.960028594231241],[-38.496690429158882,-12.960088909855299],[-38.496782815768682,-12.9601945917944],[-38.496858145961504,-12.960313531317986],[-38.496951874360811,-12.960472860905053],[-38.497035083306919,-12.960667902208842],[-38.497076761040212,-12.960704836912292],[-38.497133674243493,-12.960778654346555],[-38.497155728150403,-12.960885163383665],[-38.497182926003262,-12.96095758063796],[-38.497182093172391,-12.960994012783651],[-38.497175552283075,-12.961033236158372],[-38.497158888806723,-12.961078045391812],[-38.497102262903603,-12.961185339316252]]},"properties":{"NOME_LOGRADOURO":"Rua José Mariz Pinto","CODLOG":880,"HIERARQUIA":"VL","GMLID":null}},{"type":"Feature","geometry":{"type":"LineString","coordinates":[[-38.496782815768682,-12.9601945917944],[-38.496744063632264,-12.960222362180414],[-38.496646005040098,-12.960291062447485],[-38.496575201452224,-12.960341191568151]]},"properties":{"NOME_LOGRADOURO":"Avenida José Mariz Pinto","CODLOG":9938,"HIERARQUIA":"VL","GMLID":null}},{"type":"Feature","geometry":{"type":"LineString","coordinates":[[-38.496619041695638,-12.960013462944827],[-38.496592236879948,-12.960035108450008],[-38.49646126290245,-12.960140450963438]]},"properties":{"NOME_LOGRADOURO":"Avenida Cabral","CODLOG":7552,"HIERARQUIA":"VL","GMLID":null}},{"type":"Feature","geometry":{"type":"LineString","coordinates":[[-38.500785813450236,-12.99171233487179],[-38.500753362338692,-12.991704858661571],[-38.500729330543294,-12.991707705162902],[-38.500686702081062,-12.991694785753941],[-38.500672256938515,-12.991694125031879],[-38.500642122075639,-12.99170744628414],[-38.500594268533021,-12.991722000326748],[-38.50055487564839,-12.99172572153439],[-38.500519607087163,-12.991720318731106],[-38.500493712258887,-12.991704448359096],[-38.500474670376974,-12.991683075285454],[-38.500459068989727,-12.991652397852377],[-38.500444127041575,-12.991634107077152],[-38.500090965984022,-12.991434805104795],[-38.500116729530333,-12.991364609591701],[-38.500016972812986,-12.991326356382443],[-38.500032973346059,-12.991271781850031],[-38.499928710976754,-12.991242923144181]]},"properties":{"NOME_LOGRADOURO":"Avenida Colombina","CODLOG":22312,"HIERARQUIA":"VL","GMLID":null}},{"type":"Feature","geometry":{"type":"LineString","coordinates":[[-38.497156922048248,-12.997120037134426],[-38.497111421269764,-12.997135589705131],[-38.497065843952484,-12.997151141215218],[-38.497022015326642,-12.997166968279128],[-38.496979100484218,-12.997181892864429],[-38.496920598646007,-12.997197057626373],[-38.49687875373516,-12.997209091601796],[-38.496865134996959,-12.997213223827659],[-38.496793613151404,-12.997236952722695],[-38.496757927570251,-12.997249178552599],[-38.496686169929397,-12.997276884713592],[-38.496669278279974,-12.997282547796383],[-38.496636636917451,-12.99729369532316],[-38.496577433689922,-12.997316905481334],[-38.496516106398765,-12.9973375796362],[-38.49648331287441,-12.997348726848278],[-38.496474486862766,-12.997351692830058],[-38.496462693334529,-12.997355647723921],[-38.496410342181903,-12.997374350827068],[-38.496377544082222,-12.99738730559282],[-38.496337970022516,-12.997442919218793],[-38.496317989105727,-12.997472443709764],[-38.496292909139683,-12.997504127584435],[-38.496274086913232,-12.997524704148368],[-38.496251251736915,-12.997611991390016],[-38.496243868975817,-12.997653292713617],[-38.496240911992288,-12.997687008809939],[-38.496234310705759,-12.997755523853279]]},"properties":{"NOME_LOGRADOURO":"Travessa Sérgio de Carvalho","CODLOG":10088,"HIERARQUIA":"VL","GMLID":null}},{"type":"Feature","geometry":{"type":"LineString","coordinates":[[-38.499930372024885,-12.998056117395393],[-38.499886836718794,-12.998571619836618]]},"properties":{"NOME_LOGRADOURO":"Rua Engenheiro Lídio Campos","CODLOG":6044,"HIERARQUIA":"VL","GMLID":null}},{"type":"Feature","geometry":{"type":"LineString","coordinates":[[-38.498879408852474,-12.994558629649916],[-38.498808491082869,-12.994471069967028],[-38.498740954834574,-12.994365526919402],[-38.498693540426302,-12.994349794794974],[-38.498661458234189,-12.994347201927161],[-38.498634159842418,-12.994348324768717],[-38.498576755323924,-12.994346857637998],[-38.498502477191394,-12.994342646110626],[-38.498358414231113,-12.994331067728949],[-38.49833424107451,-12.994327946641171],[-38.498242639243344,-12.994317373716465],[-38.498166671370761,-12.994321656884681],[-38.498081018018638,-12.994340476884043]]},"properties":{"NOME_LOGRADOURO":"Rua das Esmeraldas","CODLOG":6392,"HIERARQUIA":"VL","GMLID":null}},{"type":"Feature","geometry":{"type":"LineString","coordinates":[[-38.502788406124395,-12.985146727934453],[-38.502801372246005,-12.985164834854155],[-38.502905137235118,-12.985287896220514],[-38.502933796665381,-12.98532845291048]]},"properties":{"NOME_LOGRADOURO":"Avenida Rodrigues Castro Alves","CODLOG":17412,"HIERARQUIA":"VL","GMLID":null}},{"type":"Feature","geometry":{"type":"LineString","coordinates":[[-38.501690336949615,-12.988409549430814],[-38.501638817018119,-12.988165985438853],[-38.501590451941077,-12.988017535611089],[-38.501518540852686,-12.987819044205644],[-38.501438360769704,-12.987591829966176],[-38.501399914762217,-12.987581599790346],[-38.501344460951159,-12.987459978733908],[-38.501290871159682,-12.987377425381846],[-38.501275697427324,-12.987322880453679],[-38.501261736084629,-12.987232357174461],[-38.501255011717838,-12.987210918270245],[-38.501233783992198,-12.987180229181361],[-38.501178188221019,-12.987111817914121],[-38.50115021101896,-12.987045023970515],[-38.501135566873508,-12.986969550475425],[-38.501110619035707,-12.986867941806327],[-38.501076138918144,-12.986776894468127],[-38.501017691362037,-12.986727391717141],[-38.500985398950988,-12.986642104968437],[-38.500958857018958,-12.98656909529098],[-38.500916864179132,-12.986468217969877],[-38.500885766340069,-12.986391035507111],[-38.500856717509564,-12.986317478462178],[-38.500813156535187,-12.986200319053486],[-38.500701762575993,-12.986242775406723],[-38.500683214365893,-12.986165080806906],[-38.500616354236122,-12.986184720921655],[-38.500614240052265,-12.986132486059883],[-38.500543453870868,-12.986017731139306],[-38.500488722006985,-12.98601327297327],[-38.500403490151832,-12.986015551565055],[-38.500313011985703,-12.986015377689561]]},"properties":{"NOME_LOGRADOURO":"Rua 25 de Dezembro","CODLOG":3767,"HIERARQUIA":"VL","GMLID":null}},{"type":"Feature","geometry":{"type":"LineString","coordinates":[[-38.500916864179132,-12.986468217969877],[-38.500771770485976,-12.986520171104734],[-38.500680610949566,-12.986250238181695],[-38.500701762575993,-12.986242775406723]]},"properties":{"NOME_LOGRADOURO":"Avenida 25 de Dezembro","CODLOG":17258,"HIERARQUIA":"VL","GMLID":null}},{"type":"Feature","geometry":{"type":"LineString","coordinates":[[-38.500959353947977,-12.976135124539361],[-38.500958584795953,-12.97613937209861],[-38.500957665871148,-12.976142896880965],[-38.500956518283644,-12.976146420320504],[-38.500955218740799,-12.976149853044328],[-38.500953539680488,-12.97615310419175],[-38.500951632875875,-12.97615635580655],[-38.500951480201024,-12.976156625882142],[-38.500949725331317,-12.976159516091446],[-38.500947591326955,-12.976162495093494],[-38.500945228096711,-12.976165292807385],[-38.500942638224494,-12.976168000566519],[-38.500939895657034,-12.976170526280036],[-38.50093707876362,-12.976172871906762],[-38.500934032646107,-12.976175035341038],[-38.500930912202627,-12.976177018688499],[-38.50092763906391,-12.976178819990313],[-38.500924214148377,-12.976180441056743],[-38.500920790695872,-12.976181790853241],[-38.500917214548139,-12.976182958604095],[-38.500913564074494,-12.976183946268105],[-38.500909913219836,-12.976184662658643],[-38.500906186197035,-12.976185198054571],[-38.500902460637292,-12.976185462180554],[-38.500898811045076,-12.976185545603752],[-38.500895009858283,-12.97618535746342],[-38.500891285741403,-12.97618489819819],[-38.500887561063237,-12.976184258083384],[-38.500883914196692,-12.976183437269313],[-38.500880342556037,-12.976182345326849],[-38.500876847804975,-12.976181072683371],[-38.500873430122112,-12.976179529819257],[-38.500870087306225,-12.976177895770265],[-38.500866898089185,-12.976175990743217],[-38.500863861547145,-12.97617381564058],[-38.50086090079413,-12.976171549354826],[-38.500858092535772,-12.976169103417401],[-38.500855513304515,-12.976166476166613],[-38.500853010039044,-12.976163669117348],[-38.500850734696456,-12.976160772081089],[-38.50084868838097,-12.976157693731508],[-38.500846869986546,-12.976154526299188],[-38.500845127379343,-12.976151268588035],[-38.500843613618841,-12.976147919987422],[-38.500842404488601,-12.976144392027043],[-38.500841346571988,-12.976140864356781],[-38.500840593848714,-12.976137337272013],[-38.500839992701586,-12.976133628725366],[-38.500839620036778,-12.976130011945546],[-38.500839622922797,-12.976128565163428],[-38.500839550901567,-12.976126305323804],[-38.50083963464364,-12.976122689419592],[-38.500840021915295,-12.976118983673478],[-38.500840637672809,-12.976115367885729],[-38.500841404642067,-12.976111753292296],[-38.500842476624221,-12.976108229708261],[-38.500843699639525,-12.976104796838214],[-38.500845226747451,-12.976101454071538],[-38.500846982517963,-12.976098112647801],[-38.500848813534475,-12.976094952216854],[-38.500850871932585,-12.976091973070567],[-38.500853158996868,-12.97608899345871],[-38.500855673260574,-12.976086286459655],[-38.500858262950629,-12.976083670029473],[-38.500861081126487,-12.976081143557602],[-38.50086405089499,-12.97607888955344],[-38.500867095911275,-12.976076815637812],[-38.500870292700597,-12.976074923766006],[-38.50087364126653,-12.976073212129538],[-38.500877065820148,-12.976071771911483],[-38.500880565798354,-12.976070423166558],[-38.500884140663651,-12.976069435357903],[-38.500887791877375,-12.976068538119902],[-38.500891519078841,-12.976067912300287],[-38.50089524481718,-12.976067557750518],[-38.500899046723617,-12.976067384195266],[-38.5009026959534,-12.97606748161976],[-38.500907408669242,-12.976067852356916],[-38.500910144544441,-12.976068219301949],[-38.500913792331453,-12.976069040117352],[-38.500917439938149,-12.976069951356576],[-38.500921011397061,-12.976071133722394],[-38.500924429257331,-12.976072587066204],[-38.500927847861142,-12.976074129931375],[-38.500931112864535,-12.97607594467881],[-38.500934226295534,-12.976077939079683],[-38.500937262654936,-12.976080205509618],[-38.500940071091691,-12.976082561926573],[-38.500942803562801,-12.976085098141988],[-38.500945382615697,-12.976087814911553],[-38.500947733744077,-12.976090622572396],[-38.500949856771278,-12.976093609739912],[-38.500951751693627,-12.976096778222582],[-38.500953645695816,-12.976099945799232],[-38.500955311594957,-12.976103293786821],[-38.500956597435803,-12.976106731469633],[-38.500957730958909,-12.976110260188763],[-38.500958635819416,-12.976113787565041],[-38.500959312757182,-12.976117404928386],[-38.500959761952551,-12.976121021854917],[-38.500960058830167,-12.976124729817748],[-38.500960051438341,-12.976128436292713],[-38.500959739955562,-12.976132051760201],[-38.500959353947977,-12.976135124539361]]},"properties":{"NOME_LOGRADOURO":"Largo da Fonte Nova","CODLOG":651,"HIERARQUIA":"VA-II","GMLID":null}},{"type":"Feature","geometry":{"type":"LineString","coordinates":[[-38.496059415170649,-12.977410084688744],[-38.496049102423413,-12.977434203441133],[-38.496024372509183,-12.977444189903936],[-38.495998922336575,-12.977434106231266],[-38.495988631224243,-12.977409947564905],[-38.495999019583223,-12.977385828961499],[-38.496023597358082,-12.97737584130194],[-38.496049199660391,-12.977385926170996],[-38.496059415170649,-12.977410084688744]]},"properties":{"NOME_LOGRADOURO":"Largo dos Paranhos","CODLOG":993,"HIERARQUIA":"VC-II","GMLID":null}},{"type":"Feature","geometry":{"type":"LineString","coordinates":[[-38.496994174295359,-13.000007655649558],[-38.497034707420205,-12.999929261469784],[-38.497132464940066,-12.999753249608188],[-38.497192470213882,-12.999633758306464],[-38.497202289823761,-12.999590743619502],[-38.497231058399237,-12.999539357985507],[-38.497243954739268,-12.99951669103964],[-38.497261641841071,-12.999493400397522],[-38.497276955259267,-12.999478423265694],[-38.497314810526738,-12.999446221483616],[-38.49735879230866,-12.999392514250538],[-38.497386658312408,-12.999336425705003],[-38.497431026565977,-12.999241404468501],[-38.497456163144854,-12.999181604151879],[-38.497473956918256,-12.9991428548079],[-38.497501472054779,-12.999072300436538],[-38.497527037766687,-12.999026061832888],[-38.497576761082215,-12.998952838594326],[-38.497599346494084,-12.998913465539712],[-38.497629559331543,-12.998862806039025],[-38.497662288133434,-12.998808264070668],[-38.497677093241606,-12.998781442189447],[-38.49769357470376,-12.998752815068212],[-38.497741333439642,-12.998673349639976],[-38.49775780288897,-12.998650689572733],[-38.497778603920032,-12.998629213391474],[-38.497803061956894,-12.998604127317169],[-38.497854143368627,-12.998574030770055]]},"properties":{"NOME_LOGRADOURO":"Rua Elizabete","CODLOG":5367,"HIERARQUIA":"VL","GMLID":null}},{"type":"Feature","geometry":{"type":"LineString","coordinates":[[-38.510014059009848,-12.998150631256433],[-38.510204293232704,-12.997958787967855],[-38.510317925109483,-12.997862810743879],[-38.51030531863708,-12.997815865865336],[-38.51032052432079,-12.997700175068632],[-38.510431129606268,-12.997596687778492]]},"properties":{"NOME_LOGRADOURO":"Vila Sete de Julho","CODLOG":6005,"HIERARQUIA":"VL","GMLID":null}},{"type":"Feature","geometry":{"type":"LineString","coordinates":[[-38.502770843774599,-12.990732991087368],[-38.502984516364066,-12.991136430171741],[-38.503095968805326,-12.991308521510414],[-38.503174329231811,-12.991275605014547],[-38.503214217150614,-12.991334527492432],[-38.503280875373235,-12.991438894959172],[-38.50333388102171,-12.991511293083345],[-38.50342225885835,-12.991614021037325]]},"properties":{"NOME_LOGRADOURO":"Travessa Mululo","CODLOG":22186,"HIERARQUIA":"VL","GMLID":null}},{"type":"Feature","geometry":{"type":"LineString","coordinates":[[-38.506021127973909,-12.992247100820769],[-38.505897805196753,-12.992322444716217],[-38.50584936381027,-12.992327052859343],[-38.505796233674062,-12.992318544188105],[-38.505765971293535,-12.992280334868052],[-38.505633479478107,-12.992340563072258]]},"properties":{"NOME_LOGRADOURO":"2ª Avenida Raquel","CODLOG":22187,"HIERARQUIA":"VL","GMLID":null}},{"type":"Feature","geometry":{"type":"LineString","coordinates":[[-38.495321216048062,-12.996800601068429],[-38.495278654064201,-12.996829358219006],[-38.495226439748265,-12.996855655159653],[-38.49518148412097,-12.996864699728803],[-38.495162091448741,-12.99686637919703],[-38.495119815481885,-12.996866297041448]]},"properties":{"NOME_LOGRADOURO":"1ª Avenida Fonseca","CODLOG":10810,"HIERARQUIA":"VL","GMLID":null}},{"type":"Feature","geometry":{"type":"LineString","coordinates":[[-38.498151232916143,-12.982608417100931],[-38.498155390778273,-12.982506717849141],[-38.498153208297992,-12.982191919135058]]},"properties":{"NOME_LOGRADOURO":"2ª Travessa Frederico Costa","CODLOG":16654,"HIERARQUIA":"VL","GMLID":null}},{"type":"Feature","geometry":{"type":"LineString","coordinates":[[-38.50301986986495,-12.997649001789679],[-38.503555870286142,-12.997517043529118],[-38.503613133647569,-12.997397365415702],[-38.50364100681081,-12.997336394150292],[-38.503667751020657,-12.997308510525597],[-38.503698184614997,-12.997298262127954],[-38.503730473084936,-12.997311433499558],[-38.503748523210312,-12.997334792881501],[-38.503825099039339,-12.997559689198185],[-38.503900756408129,-12.99778838155205],[-38.504004037757653,-12.998119738108269]]},"properties":{"NOME_LOGRADOURO":"Rua Engenheiro Gilberto Queiróz de Sales","CODLOG":6046,"HIERARQUIA":"VL","GMLID":null}},{"type":"Feature","geometry":{"type":"LineString","coordinates":[[-38.51274363306932,-12.974957775196254],[-38.512752280802431,-12.97496773626356],[-38.513152125625183,-12.97542947092963],[-38.513153794325085,-12.97543146248414],[-38.513157056116484,-12.975435446355919],[-38.513186332593456,-12.975471483708429],[-38.513443659377828,-12.975759730697776],[-38.513453976572201,-12.975771322503894],[-38.513456858803167,-12.975774672691637],[-38.513889074460387,-12.976285738160943],[-38.513957730852809,-12.976362441417267],[-38.514094661776824,-12.976516932257935],[-38.514366823820119,-12.976761811424867],[-38.514381996213274,-12.976779288035704]]},"properties":{"NOME_LOGRADOURO":"Rua Chile","CODLOG":419,"HIERARQUIA":"VC-I","GMLID":null}},{"type":"Feature","geometry":{"type":"LineString","coordinates":[[-38.512400538739797,-12.974557713534177],[-38.51202353505947,-12.974119797700689],[-38.512012611926664,-12.974106939667507],[-38.511717988052865,-12.973764647950487]]},"properties":{"NOME_LOGRADOURO":"Rua da Misericórdia","CODLOG":1064,"HIERARQUIA":"VC-I","GMLID":null}},{"type":"Feature","geometry":{"type":"LineString","coordinates":[[-38.516872640253091,-12.984049012455536],[-38.517329159046845,-12.983481117138862]]},"properties":{"NOME_LOGRADOURO":"Rua Pedro Autran","CODLOG":1191,"HIERARQUIA":"VC-II","GMLID":null}},{"type":"Feature","geometry":{"type":"LineString","coordinates":[[-38.515379763826999,-12.982880430327951],[-38.515382661052733,-12.982876096262029],[-38.515452203789451,-12.982771536139738],[-38.515670835165587,-12.982473061046621],[-38.515700867361701,-12.982433700090363],[-38.515767105910896,-12.982346853277729],[-38.515901157209079,-12.982183920313199],[-38.516032718351902,-12.982011670735755],[-38.516145570833352,-12.981841736406992],[-38.516183205460912,-12.981802751229456],[-38.516321104375912,-12.981694430654715]]},"properties":{"NOME_LOGRADOURO":"Rua da Forca","CODLOG":1198,"HIERARQUIA":"VC-II","GMLID":null}},{"type":"Feature","geometry":{"type":"LineString","coordinates":[[-38.504320797709013,-12.971899258787021],[-38.504222348791075,-12.971896448960784],[-38.504130619832623,-12.971917247217261],[-38.504087639397852,-12.971968154679661],[-38.50399247794342,-12.972147971031555],[-38.503728528046572,-12.972639276511664],[-38.503476936775904,-12.973070665707136],[-38.503363428303786,-12.973262380974104],[-38.503268283752597,-12.973433157326104],[-38.503179386644561,-12.973558923318066],[-38.503081332042342,-12.973663696974379],[-38.502906763675654,-12.973783331251896],[-38.502769012053484,-12.9738550304186],[-38.502664999592291,-12.973896869891886],[-38.502618356771386,-12.97391594616662],[-38.502570116658134,-12.973935652349217],[-38.502514966251027,-12.973989519353514],[-38.502490402139003,-12.97403142111056],[-38.502450490567469,-12.974106381566003],[-38.502428914460118,-12.974175319553694],[-38.502413447063248,-12.974307192749977],[-38.502409994771448,-12.974514126586532],[-38.502409666725221,-12.974679117676999],[-38.50241251185065,-12.974778027361458],[-38.502406288005503,-12.974811013983437],[-38.502390958472077,-12.974835032998795],[-38.502348647555301,-12.974854840895397]]},"properties":{"NOME_LOGRADOURO":"Acesso Presidente Castelo Branco / Conselheiro Almeida Couto","CODLOG":23310,"HIERARQUIA":"VC-I","GMLID":null}},{"type":"Feature","geometry":{"type":"LineString","coordinates":[[-38.509767197641096,-12.980601838500947],[-38.509657631066759,-12.980955390833181],[-38.509629748136931,-12.981061656446615],[-38.509618779254637,-12.981111087912018],[-38.509608935138395,-12.981168115330226],[-38.509601433465093,-12.981232922750046],[-38.509585949769871,-12.9814913650852],[-38.509586197502671,-12.981520205478118],[-38.509580196826597,-12.981555904526855],[-38.509567281688028,-12.981589692530619],[-38.509548061848605,-12.981620484642404],[-38.509521168089577,-12.981648730400055],[-38.509493605051034,-12.981669381059982]]},"properties":{"NOME_LOGRADOURO":"Boulevard Pedro Veloso Gordilho","CODLOG":1210,"HIERARQUIA":"VC-II","GMLID":null}},{"type":"Feature","geometry":{"type":"LineString","coordinates":[[-38.495288437967631,-12.964780006997694],[-38.495247882721266,-12.964909660941576],[-38.495228447721693,-12.96493403328898],[-38.495050305015859,-12.965155029229512],[-38.494829470903618,-12.965419374774324],[-38.494754098819058,-12.965509725999572],[-38.494678920390086,-12.965579012349313],[-38.494606050859097,-12.96563492218081],[-38.494552112709449,-12.965652447490168],[-38.494451166040584,-12.965719513564867],[-38.494356486556654,-12.965807837843375],[-38.494307000666105,-12.965879252824056],[-38.494259623193919,-12.965961250618335],[-38.494233786031614,-12.966030631759867],[-38.494213223871988,-12.966123168126979],[-38.494200096291834,-12.966224126577618],[-38.494193349163979,-12.966365147209544],[-38.49419109703166,-12.966464047932355],[-38.494195298583911,-12.966529328811383],[-38.494203644155562,-12.966613513687943],[-38.494218450933801,-12.966735681145776],[-38.494239542686792,-12.966870337543767],[-38.49426077801018,-12.967009242347663],[-38.494271375419146,-12.967107444634063],[-38.49428668848531,-12.967204931781771],[-38.494312819223239,-12.967366900644704],[-38.494336316920553,-12.967627859001256]]},"properties":{"NOME_LOGRADOURO":"Ladeira Cônego Pereira","CODLOG":1216,"HIERARQUIA":"VC-II","GMLID":null}},{"type":"Feature","geometry":{"type":"LineString","coordinates":[[-38.513756443670999,-12.987458281025818],[-38.513730432466708,-12.987482098060818],[-38.513699309360192,-12.98756984817515]]},"properties":{"NOME_LOGRADOURO":"Beco Julião","CODLOG":13216,"HIERARQUIA":"VL","GMLID":null}},{"type":"Feature","geometry":{"type":"LineString","coordinates":[[-38.50643130043759,-12.992606434653506],[-38.506452856687019,-12.992740729282973],[-38.506465065044686,-12.992834232084659],[-38.506466453370514,-12.992862893761648],[-38.50645374975749,-12.992904366196207],[-38.506430103441375,-12.992943105120888],[-38.506409007570824,-12.99296087499874],[-38.506376734394514,-12.992978442794925],[-38.506348358663416,-12.992986344411964],[-38.506282871344204,-12.992997882007277],[-38.506246219410883,-12.992999891221521],[-38.506194440895939,-12.992999791930773],[-38.506098801774364,-12.992994547326122],[-38.506032351869472,-12.992992973331308],[-38.505906665936948,-12.992994813240829],[-38.505887960692739,-12.992995500164129]]},"properties":{"NOME_LOGRADOURO":"Travessa 23 de Fevereiro","CODLOG":5958,"HIERARQUIA":"VL","GMLID":null}},{"type":"Feature","geometry":{"type":"LineString","coordinates":[[-38.492646910251167,-12.966165959423828],[-38.49242802945669,-12.966165894511569],[-38.492403851588996,-12.966166480345807],[-38.492031377592447,-12.966175518826562],[-38.491917528965793,-12.966193739600447],[-38.491735537903061,-12.966222947675547],[-38.491665645900476,-12.96623420196153],[-38.491528351546684,-12.966267022790813],[-38.491406486416089,-12.966301410897398],[-38.491029525607807,-12.966461146425585],[-38.490707181545524,-12.966606070054006],[-38.490376238031388,-12.966754864674789],[-38.490226409730106,-12.966819302391194],[-38.49005382554666,-12.96689544877942],[-38.489791753437274,-12.967011017334595],[-38.489662847019581,-12.967068625288048],[-38.489412415723557,-12.967179695962459],[-38.489086041273808,-12.967323887116642],[-38.488883857797013,-12.967411998309677],[-38.488451332111339,-12.967601906634096],[-38.488007061248901,-12.967772443969743],[-38.487837580335729,-12.967817856163574],[-38.487584081745844,-12.967866358153442],[-38.487419801274008,-12.967896682191558],[-38.487192932064708,-12.967935653077845],[-38.486999986820962,-12.967967096798922],[-38.486183861226543,-12.968102453572079],[-38.48573325570073,-12.968172442734902],[-38.485624569533812,-12.968193564474648],[-38.48516551589541,-12.968267784977705],[-38.484973176682033,-12.968299770920483],[-38.484871724355443,-12.96831557163212],[-38.48436376132733,-12.968401085542444],[-38.483830472112217,-12.968491158955585],[-38.483339696880648,-12.968573812255253],[-38.48304841087031,-12.968622867734879],[-38.482774008007652,-12.968669514980702],[-38.482205287152858,-12.968760328435605],[-38.482147638937732,-12.968769525628755],[-38.48201553462598,-12.968791321741165],[-38.481699158558918,-12.96884077788539],[-38.481435708212466,-12.96888455284418],[-38.481048968536967,-12.968952400413775],[-38.481001510083594,-12.968960804751699],[-38.480805003818787,-12.968985454920738],[-38.480680751281781,-12.968996508261695],[-38.480583832594327,-12.96898890193034],[-38.479964506369456,-12.968955210425456]]},"properties":{"NOME_LOGRADOURO":"Avenida Heitor Dias","CODLOG":2075,"HIERARQUIA":"VA-II","GMLID":null}},{"type":"Feature","geometry":{"type":"LineString","coordinates":[[-38.494046270578096,-12.999267023523018],[-38.493927852873099,-12.999280986686745],[-38.493710181617956,-12.999307685174117],[-38.493632078077731,-12.999314403339552],[-38.493598689501397,-12.99931822647854],[-38.493504369886878,-12.999335219514817],[-38.493429670713347,-12.999350624054582],[-38.493351934780883,-12.999363400353943],[-38.493295270681735,-12.999371878290473],[-38.493225147331621,-12.999380330859539],[-38.493095191886773,-12.999384326300854],[-38.492983568496378,-12.999385012678719]]},"properties":{"NOME_LOGRADOURO":"Rua São Cristóvão","CODLOG":7232,"HIERARQUIA":"VL","GMLID":null}},{"type":"Feature","geometry":{"type":"LineString","coordinates":[[-38.496669278279974,-12.997282547796383],[-38.496703613037553,-12.997375100015292],[-38.49679022510518,-12.997560690412579],[-38.496847365195364,-12.997693336494947],[-38.496884567310602,-12.997872232011961]]},"properties":{"NOME_LOGRADOURO":"Travessa Santa Rita de Cássia","CODLOG":11212,"HIERARQUIA":"VL","GMLID":null}},{"type":"Feature","geometry":{"type":"LineString","coordinates":[[-38.496865134996959,-12.997213223827659],[-38.496949188730937,-12.997423309613184]]},"properties":{"NOME_LOGRADOURO":"Avenida Sérgio de Carvalho","CODLOG":10089,"HIERARQUIA":"VL","GMLID":null}},{"type":"Feature","geometry":{"type":"LineString","coordinates":[[-38.495911719950485,-12.997739620033039],[-38.496234310705759,-12.997755523853279],[-38.496345389321966,-12.997760802077664],[-38.49647252965417,-12.997757250737749],[-38.496589503768995,-12.997742199400625],[-38.496726118952793,-12.997715250994954],[-38.496769924198048,-12.997711086831504],[-38.496847365195364,-12.997693336494947]]},"properties":{"NOME_LOGRADOURO":"Avenida Alafim","CODLOG":11539,"HIERARQUIA":"VL","GMLID":null}},{"type":"Feature","geometry":{"type":"LineString","coordinates":[[-38.496071593745029,-12.995717725270131],[-38.49615204974473,-12.995863525490677],[-38.496188980499298,-12.995912326618964],[-38.496215967273841,-12.995953332897979],[-38.496228471336032,-12.99597378845406],[-38.49624005669061,-12.995997587917474],[-38.496271113533048,-12.996056502424469],[-38.496292403664953,-12.996094243290083],[-38.496297854884894,-12.996105825422285],[-38.496324059440724,-12.996157046281573],[-38.496359591804165,-12.996221213144866],[-38.496377008499358,-12.99625650504629],[-38.496400277485442,-12.996293345499263],[-38.49642187340983,-12.996330363555456],[-38.49644673602851,-12.996368472125711],[-38.496470080647789,-12.996405312719428],[-38.49650161279046,-12.996454465039001],[-38.496526314186561,-12.996497545707292],[-38.496547218654733,-12.996538178470828],[-38.496567139353559,-12.996576007085679],[-38.496578811503838,-12.996594743861534],[-38.496598291264483,-12.996625338601289],[-38.496636891644172,-12.996675769633553],[-38.49666782673777,-12.996719224063288],[-38.496686617030299,-12.996752439758035],[-38.496704127097821,-12.996779414617247],[-38.496712510888969,-12.996807366459919],[-38.496719728352097,-12.996848063118913],[-38.496732826349145,-12.996876295365546],[-38.496745027852327,-12.99689638861614],[-38.496768370559344,-12.996934223845461],[-38.496795576191396,-12.99697975078959],[-38.496813501746381,-12.997026616117125],[-38.496824689630088,-12.997059184109066],[-38.496834900668048,-12.997085963974683],[-38.496848441649767,-12.997120434523664],[-38.49687875373516,-12.997209091601796]]},"properties":{"NOME_LOGRADOURO":"Travessa Mossoró","CODLOG":11193,"HIERARQUIA":"VL","GMLID":null}},{"type":"Feature","geometry":{"type":"LineString","coordinates":[[-38.522512331635703,-12.991589526047747],[-38.522560416855256,-12.991493151461814],[-38.522610956634296,-12.99146485646952],[-38.522676785567064,-12.991433245653662],[-38.522710124266645,-12.991413779734859],[-38.522865900541106,-12.991342284173266],[-38.522828233408653,-12.991278748851595],[-38.522850535797581,-12.991265409700709],[-38.522885472103312,-12.991246127539801],[-38.522876212762306,-12.991237250759646],[-38.522851693325585,-12.99121695429865],[-38.522874240091788,-12.991195388782902],[-38.522863394793738,-12.99118117495591],[-38.522903602067068,-12.991148703220087],[-38.522931940460097,-12.99111991528323],[-38.522948728879442,-12.991088123042383],[-38.522839441944413,-12.991023009462971],[-38.522831795568678,-12.991045416152842],[-38.522791316112134,-12.991021474312777],[-38.522755784084268,-12.991074115639051],[-38.522743430695769,-12.991092988035589],[-38.522719368065026,-12.99107251155278],[-38.52271113277623,-12.99108461148931],[-38.522658821462038,-12.991045459315375]]},"properties":{"NOME_LOGRADOURO":"Vila Eliseu","CODLOG":1760,"HIERARQUIA":"VL","GMLID":null}},{"type":"Feature","geometry":{"type":"LineString","coordinates":[[-38.522676785567064,-12.991433245653662],[-38.52265155754786,-12.991385645132885],[-38.52262889534309,-12.991347903772468],[-38.522616167519566,-12.991323832027948],[-38.522608328411948,-12.991327885821994],[-38.52259278475308,-12.991305617391877],[-38.522564949653393,-12.9913093631798],[-38.522489962524602,-12.991159963688574],[-38.522451071846547,-12.991100314316084],[-38.522486994856308,-12.991081485239468],[-38.522495270857398,-12.991047598533015],[-38.522495994603894,-12.991026896294676],[-38.522498489147758,-12.990994896973802],[-38.522512167634169,-12.990879473668878],[-38.522521569204017,-12.990813403371046]]},"properties":{"NOME_LOGRADOURO":"Vila Pinho","CODLOG":11433,"HIERARQUIA":"VL","GMLID":null}},{"type":"Feature","geometry":{"type":"LineString","coordinates":[[-38.507086781631742,-12.99438018992465],[-38.507043361683749,-12.994382909798921],[-38.506926636720394,-12.99438955785129],[-38.506682158225821,-12.994405275216884],[-38.506330738297301,-12.99444022496529],[-38.506108875466971,-12.994477319433139],[-38.506069704624196,-12.994484205827671]]},"properties":{"NOME_LOGRADOURO":"Rua Doutor Nicito","CODLOG":5963,"HIERARQUIA":"VL","GMLID":null}},{"type":"Feature","geometry":{"type":"LineString","coordinates":[[-38.523932571078504,-12.99413356062681],[-38.522929291059974,-12.994660047544867]]},"properties":{"NOME_LOGRADOURO":"Rua Pedro Lessa","CODLOG":1200,"HIERARQUIA":"VC-II","GMLID":null}},{"type":"Feature","geometry":{"type":"LineString","coordinates":[[-38.519952372250756,-12.984266473909159],[-38.519815261667716,-12.984201488629692],[-38.519714635466237,-12.984102487904524],[-38.519664201310931,-12.984036578440135],[-38.519742367985934,-12.983953459123573],[-38.519799419782487,-12.983898868572311],[-38.519857690013303,-12.983843105644205],[-38.519959164742772,-12.98387952153139],[-38.520057188982946,-12.983795416071613],[-38.520183733286217,-12.98392583543299],[-38.519987636043069,-12.984115560995077]]},"properties":{"NOME_LOGRADOURO":"Praça Mirante dos Aflitos","CODLOG":1742,"HIERARQUIA":"VC-II","GMLID":null}},{"type":"Feature","geometry":{"type":"LineString","coordinates":[[-38.504751568589796,-12.977473546123656],[-38.50502872331522,-12.977188482091291]]},"properties":{"NOME_LOGRADOURO":"Vila Portão 77","CODLOG":2884,"HIERARQUIA":"VL","GMLID":null}},{"type":"Feature","geometry":{"type":"LineString","coordinates":[[-38.506257496746258,-12.978073374311968],[-38.505971250651363,-12.978072829059851],[-38.505778371851093,-12.97806992900999],[-38.505726941483545,-12.978087460413596],[-38.505708828455091,-12.978135250492517],[-38.505691593577374,-12.979047599541735],[-38.505694084320851,-12.979095519189995],[-38.50572747258073,-12.979128219465641],[-38.505781574965525,-12.979143510826995],[-38.505961453745321,-12.979146386212467],[-38.506282888130137,-12.97915450261805],[-38.50640634340747,-12.979162331644041],[-38.506511669685018,-12.979187756240322],[-38.50667890868025,-12.979238521167996],[-38.50678919932782,-12.979291076927181]]},"properties":{"NOME_LOGRADOURO":"Rua Professora Anfrísia Santiago","CODLOG":2216,"HIERARQUIA":"VL","GMLID":null}},{"type":"Feature","geometry":{"type":"LineString","coordinates":[[-38.505122753024402,-12.971617367110227],[-38.505129762863547,-12.971724783723593],[-38.505137133300686,-12.971804174910899],[-38.505143581980008,-12.971887631630526]]},"properties":{"NOME_LOGRADOURO":"Vila Santa Rita","CODLOG":2761,"HIERARQUIA":"VL","GMLID":null}},{"type":"Feature","geometry":{"type":"LineString","coordinates":[[-38.506286257057226,-12.971258167094813],[-38.506082263375326,-12.971274239992958],[-38.505805055832852,-12.971254292447744]]},"properties":{"NOME_LOGRADOURO":"Vila Eulina","CODLOG":1945,"HIERARQUIA":"VL","GMLID":null}},{"type":"Feature","geometry":{"type":"LineString","coordinates":[[-38.507570682385904,-12.971721658744466],[-38.507373593810215,-12.971774533946983]]},"properties":{"NOME_LOGRADOURO":"Beco da Bomba","CODLOG":2779,"HIERARQUIA":"VL","GMLID":null}},{"type":"Feature","geometry":{"type":"LineString","coordinates":[[-38.506227726698334,-12.971809057595456],[-38.505668745969338,-12.971902466380472]]},"properties":{"NOME_LOGRADOURO":"Travessa da Glória","CODLOG":2749,"HIERARQUIA":"VL","GMLID":null}},{"type":"Feature","geometry":{"type":"LineString","coordinates":[[-38.505703629251954,-12.972140392894879],[-38.505698603646742,-12.972105666742282],[-38.505668745969338,-12.971902466380472],[-38.505624934097817,-12.971604674660295],[-38.505600326988038,-12.971437646754037]]},"properties":{"NOME_LOGRADOURO":"Rua da Glória","CODLOG":5054,"HIERARQUIA":"VL","GMLID":null}},{"type":"Feature","geometry":{"type":"LineString","coordinates":[[-38.505692465100935,-12.972288547302613],[-38.505366619723546,-12.972285394514017]]},"properties":{"NOME_LOGRADOURO":"Rua Isidro Monteiro","CODLOG":5055,"HIERARQUIA":"VL","GMLID":null}},{"type":"Feature","geometry":{"type":"LineString","coordinates":[[-38.505624934097817,-12.971604674660295],[-38.505143398087689,-12.971634584271543],[-38.505122753024402,-12.971617367110227],[-38.505106889059697,-12.971604137708404],[-38.505099696712747,-12.971550332417326],[-38.505089094534114,-12.97133713332264],[-38.50507863461187,-12.971089761338128],[-38.50507714224149,-12.970998628875366],[-38.505075332378581,-12.970914186303446],[-38.505082360535738,-12.970781935115383]]},"properties":{"NOME_LOGRADOURO":"Rua Senador Leão Veloso","CODLOG":920,"HIERARQUIA":"VL","GMLID":null}},{"type":"Feature","geometry":{"type":"LineString","coordinates":[[-38.505047510790099,-12.970796966090425],[-38.50536883312266,-12.969685940974463]]},"properties":{"NOME_LOGRADOURO":"Rua Nova do Godinho","CODLOG":1118,"HIERARQUIA":"VL","GMLID":null}},{"type":"Feature","geometry":{"type":"LineString","coordinates":[[-38.503651714878181,-12.963708059444095],[-38.503670463648959,-12.963761073900336],[-38.503797629968346,-12.963926037758215],[-38.503979480864629,-12.964194802562588],[-38.504169268573783,-12.964486907321607],[-38.504370976171899,-12.964786990173918],[-38.504509237002068,-12.96503207542426],[-38.504580453743877,-12.965156610424689],[-38.504655464069955,-12.96528513129512],[-38.504705060218519,-12.965348058809379],[-38.504738352023658,-12.965390342168263]]},"properties":{"NOME_LOGRADOURO":"Rua dos Carvões","CODLOG":323,"HIERARQUIA":"VL","GMLID":null}},{"type":"Feature","geometry":{"type":"LineString","coordinates":[[-38.506152740599539,-12.965262583315763],[-38.506141124270115,-12.965293480087814],[-38.506157778001182,-12.965368459007138],[-38.506185534645716,-12.965441469646457],[-38.506237403950408,-12.965585766847648],[-38.506342968860359,-12.965834314826846],[-38.506415206479637,-12.966020599379481],[-38.506439321124226,-12.966089987018432],[-38.506470753297123,-12.966188590170692],[-38.50654043859555,-12.966435441517492],[-38.506634496088225,-12.966659919214464],[-38.506725224573003,-12.966876344612164],[-38.506781673406252,-12.967011609758641],[-38.506796122782134,-12.967047799643547],[-38.506795697512182,-12.967070852529488],[-38.50674904782062,-12.967132601756798],[-38.506707972599983,-12.967182156960879],[-38.506608064782625,-12.967303472662108]]},"properties":{"NOME_LOGRADOURO":"Ladeira do Pilar","CODLOG":367,"HIERARQUIA":"VL","GMLID":null}},{"type":"Feature","geometry":{"type":"LineString","coordinates":[[-38.514086081761832,-12.987437112345882],[-38.51394759557261,-12.987414702217272],[-38.513414398563285,-12.987252234093472],[-38.513079252173263,-12.987135160885227],[-38.51302173772482,-12.987113716638396]]},"properties":{"NOME_LOGRADOURO":"Praça Almirante Coelho Neto","CODLOG":436,"HIERARQUIA":"VL","GMLID":null}},{"type":"Feature","geometry":{"type":"LineString","coordinates":[[-38.518144524211408,-12.982446486913608],[-38.518299159335236,-12.982451476356673],[-38.518517423746886,-12.982461013411671],[-38.518783896919899,-12.982466932997527]]},"properties":{"NOME_LOGRADOURO":"Avenida Mundo Novo","CODLOG":452,"HIERARQUIA":"VL","GMLID":null}},{"type":"Feature","geometry":{"type":"LineString","coordinates":[[-38.50239413187478,-12.974959889645682],[-38.502332135095443,-12.974977128915896],[-38.502180604190009,-12.975019418924674],[-38.501954806926214,-12.975093299282616],[-38.501888726239578,-12.975099500678018],[-38.501627540858358,-12.975114728938424],[-38.501353577004188,-12.975133186815372],[-38.501248783001799,-12.975147178953934],[-38.50121212520569,-12.975153437477395]]},"properties":{"NOME_LOGRADOURO":"Rua Doutor Colombo Spínola","CODLOG":5163,"HIERARQUIA":"VL","GMLID":null}},{"type":"Feature","geometry":{"type":"LineString","coordinates":[[-38.49562809243389,-12.966382935550239],[-38.495452309509396,-12.966424905363253],[-38.495370153100893,-12.966448523190657],[-38.495260453360615,-12.966482846270848],[-38.495173116693877,-12.966511245571535],[-38.49491717213359,-12.96656824812918],[-38.494816314908064,-12.966590834832108]]},"properties":{"NOME_LOGRADOURO":"Rua Flávio Funina","CODLOG":1651,"HIERARQUIA":"VL","GMLID":null}},{"type":"Feature","geometry":{"type":"LineString","coordinates":[[-38.505020654759008,-12.965224895128591],[-38.504738352023658,-12.965390342168263],[-38.50464485659672,-12.965459414899003],[-38.504613032047899,-12.965482678408836],[-38.504314127167902,-12.965700800823617]]},"properties":{"NOME_LOGRADOURO":"Travessa José Bahia","CODLOG":863,"HIERARQUIA":"VL","GMLID":null}},{"type":"Feature","geometry":{"type":"LineString","coordinates":[[-38.517924563376774,-12.987381910118369],[-38.517744653617584,-12.986839678628884]]},"properties":{"NOME_LOGRADOURO":"Travessa Firmino","CODLOG":619,"HIERARQUIA":"VL","GMLID":null}},{"type":"Feature","geometry":{"type":"LineString","coordinates":[[-38.502638780142313,-12.965464523736427],[-38.502790640987094,-12.965291144809012],[-38.502864557325481,-12.965204405346718],[-38.502932379553869,-12.965123531809112],[-38.50298777067627,-12.965062523355725],[-38.503012842798618,-12.965032194061342],[-38.503143567764099,-12.964859497053411]]},"properties":{"NOME_LOGRADOURO":"Rua Frederico Hart","CODLOG":673,"HIERARQUIA":"VL","GMLID":null}},{"type":"Feature","geometry":{"type":"LineString","coordinates":[[-38.496395517251848,-12.999411985757247],[-38.496363937745301,-12.999386159109886],[-38.496278318357625,-12.999311769438378],[-38.496259352634326,-12.99929003541647],[-38.496239384181401,-12.99927535071293],[-38.496220255383818,-12.999259493028521],[-38.496193908182491,-12.999240908621783],[-38.496166115478061,-12.99922259268069],[-38.49610875766912,-12.9991978915124],[-38.496068640559521,-12.999182444316697],[-38.496002461067732,-12.999158538922591],[-38.495988937158629,-12.99915308904953],[-38.496025826530548,-12.998996848257734],[-38.496028138850505,-12.998981031255047],[-38.496033955155994,-12.998962509234611],[-38.496060422992102,-12.998959215801213],[-38.496102103124365,-12.998953148731593],[-38.496140366939272,-12.998944724908364],[-38.496215335553877,-12.99890852709925],[-38.496341552702518,-12.998834909909933],[-38.496387547652475,-12.998800825140316],[-38.496429051568889,-12.99876917310409],[-38.496474370120623,-12.998731199678295],[-38.496495090174385,-12.998711983143277],[-38.496516724212285,-12.998692226738131],[-38.496588453495498,-12.998641286134932],[-38.496709854748254,-12.998656166455488],[-38.496765036859081,-12.99866639904829],[-38.496827999291853,-12.998664079570064],[-38.496856745491101,-12.99866223725167],[-38.496901118335792,-12.998678053359422],[-38.497076440030085,-12.998838863857531]]},"properties":{"NOME_LOGRADOURO":"3ª Travessa São José do Egito","CODLOG":5370,"HIERARQUIA":"VL","GMLID":null}},{"type":"Feature","geometry":{"type":"LineString","coordinates":[[-38.497195141192087,-12.997813978134037],[-38.497146041160434,-12.997879970402334],[-38.497169067186555,-12.998000073673198],[-38.496918841644174,-12.998032407696225]]},"properties":{"NOME_LOGRADOURO":"Vila Pedra","CODLOG":11496,"HIERARQUIA":"VL","GMLID":null}},{"type":"Feature","geometry":{"type":"LineString","coordinates":[[-38.521492282471193,-12.999727838462482],[-38.520968871347684,-12.999878661732902]]},"properties":{"NOME_LOGRADOURO":"Rua Doutor Antônio Rocha","CODLOG":5059,"HIERARQUIA":"VL","GMLID":null}},{"type":"Feature","geometry":{"type":"LineString","coordinates":[[-38.512316369378809,-12.981001366420928],[-38.512320069427631,-12.980897406170181],[-38.512363734186657,-12.980573019292676],[-38.512388164374279,-12.980404457157285],[-38.512483116693126,-12.979784176759154]]},"properties":{"NOME_LOGRADOURO":"Rua Professor Américo Simas","CODLOG":93,"HIERARQUIA":"VC-II","GMLID":null}},{"type":"Feature","geometry":{"type":"LineString","coordinates":[[-38.519645883038777,-12.984984365924914],[-38.519711958025489,-12.984823926806849],[-38.519947466066348,-12.984287530120973],[-38.519952372250756,-12.984266473909159],[-38.519987636043069,-12.984115560995077],[-38.520110758912999,-12.98421894260469],[-38.520159333034989,-12.984263422490914],[-38.520247440774114,-12.984348839005762],[-38.520303063041489,-12.984405446028218],[-38.520337968208942,-12.984441402579789],[-38.520184834229809,-12.984525106239861],[-38.520079098015209,-12.984592624516354],[-38.51998748805795,-12.984668215693482],[-38.519918204807773,-12.984717539080043],[-38.519849188023478,-12.984787023963392],[-38.519809258274393,-12.98483378102229],[-38.519795801169927,-12.98487335391842],[-38.519789104820951,-12.984915742456158],[-38.519789262083798,-12.984952447818415],[-38.519798914662502,-12.984994052730242],[-38.519852507369158,-12.985117466166004]]},"properties":{"NOME_LOGRADOURO":"Largo dos Aflitos","CODLOG":177,"HIERARQUIA":"VC-II","GMLID":null}},{"type":"Feature","geometry":{"type":"LineString","coordinates":[[-38.499363532498364,-12.967595527748927],[-38.499337970215571,-12.96752803474622],[-38.499332757643884,-12.967511209424883],[-38.499332380310143,-12.967509942759474],[-38.499319463935386,-12.967467517979838],[-38.499166968733206,-12.967003349068703],[-38.499128431816622,-12.966884842649513],[-38.499039169895561,-12.966621679154519],[-38.499027532142144,-12.966548517994388],[-38.499044645551486,-12.966506511774925],[-38.499129338099678,-12.966469065454588],[-38.499277961758601,-12.966435539885037],[-38.499404662420659,-12.966377832413722],[-38.499508047747646,-12.966307061677158],[-38.499567348782683,-12.966231053792946],[-38.49961062547586,-12.966146244846179],[-38.499633357701818,-12.966031653150452],[-38.499647033961018,-12.96588386557025],[-38.499633721808785,-12.965773272790901],[-38.499607919304026,-12.965673776384936],[-38.499536320679276,-12.965473931318266]]},"properties":{"NOME_LOGRADOURO":"Rua Doutor Rocha Leal","CODLOG":1343,"HIERARQUIA":"VC-II","GMLID":null}},{"type":"Feature","geometry":{"type":"LineString","coordinates":[[-38.514758722064521,-12.971832677904139],[-38.514745012788495,-12.971805892138219],[-38.514648132979332,-12.971699393158517],[-38.514211504941159,-12.971271494040732],[-38.514190105258216,-12.971250840945759],[-38.513551998695057,-12.970631896590778],[-38.513303404337265,-12.970390767273805],[-38.512691030694889,-12.969795193102138],[-38.512446916540235,-12.969557688371482],[-38.512117487398996,-12.969249505151021],[-38.5118318458251,-12.968982268253155],[-38.511313382166499,-12.968497254503312],[-38.511046503516162,-12.968238911790882],[-38.51070306091475,-12.967906472230316],[-38.510369615565573,-12.967593397342739],[-38.510253873381295,-12.967453771428771],[-38.510241586610022,-12.967438741480928],[-38.509959752173394,-12.96693744712895],[-38.509463433519876,-12.966096179527002],[-38.509355531358082,-12.965913263762166],[-38.508182746850174,-12.963910345342889],[-38.50736853528791,-12.962512832654861],[-38.506633844592578,-12.961273951456398]]},"properties":{"NOME_LOGRADOURO":"Avenida da França","CODLOG":645,"HIERARQUIA":"VA-II","GMLID":null}},{"type":"Feature","geometry":{"type":"LineString","coordinates":[[-38.512544819144146,-12.997203435256131],[-38.512531471575613,-12.997107941216612],[-38.512517380210348,-12.997003765958738],[-38.512515057719078,-12.996946896516635],[-38.512518013951933,-12.99691290888379],[-38.512574316063798,-12.996543072722957],[-38.512597963164012,-12.996386894758707],[-38.512599459925319,-12.99635986614653],[-38.512594541929886,-12.996347290664458],[-38.512584218846605,-12.996338321106947],[-38.512573282978984,-12.996331971797899],[-38.512558003099436,-12.996330315494061],[-38.512492338999181,-12.996326262449708],[-38.512346261787705,-12.996359632445145],[-38.512212151084078,-12.996393806994458],[-38.511683777604617,-12.996517163995906],[-38.511518484578701,-12.996553194753782],[-38.511439840474118,-12.996565793974787],[-38.511312828055154,-12.99658390668705],[-38.511297071821538,-12.996553771210325],[-38.511324325714106,-12.996459076885976],[-38.511349937329868,-12.996426126549697],[-38.511440363013079,-12.996376393294462],[-38.511485110381209,-12.996356136510203],[-38.511531690767228,-12.99633217667555],[-38.511700686152039,-12.996268668419825],[-38.511744044397531,-12.996258986804252],[-38.511822137781273,-12.996217185757491],[-38.511896793785951,-12.996182791206415],[-38.511931112573436,-12.996168842637381],[-38.511997352536632,-12.996122589384838],[-38.512035422233971,-12.996095539950831],[-38.512209274352969,-12.995959173013039],[-38.512243108650701,-12.995920362253067],[-38.512316481730089,-12.995842570577796],[-38.51237558751037,-12.99578952291767],[-38.512442706972209,-12.995759815212841],[-38.512544757935345,-12.995713990708431],[-38.512642090639218,-12.995670417013832],[-38.512724422728738,-12.995638025946004],[-38.512782556604414,-12.995615172636031],[-38.512817239310543,-12.995609361000657],[-38.51288683040233,-12.995599276255334],[-38.512929553681197,-12.99560351586606],[-38.513003181970809,-12.9956283351816],[-38.513077395784549,-12.995664999341473],[-38.51311529098642,-12.995688124019493],[-38.513284569785583,-12.995791596262457],[-38.513406535247938,-12.995866139882326],[-38.513474046930909,-12.995908667147789],[-38.513555671054249,-12.995966139011875],[-38.513585194939289,-12.995993768258117],[-38.513600821627222,-12.996012421291972],[-38.51361444896348,-12.996042551748666],[-38.513676553999197,-12.99616770123208],[-38.513703133652363,-12.996223260621473],[-38.513735836422661,-12.996258308781584],[-38.513787200355047,-12.996276125351978],[-38.513820505223038,-12.996275193011847],[-38.513845233171139,-12.996266380421218],[-38.513885723660884,-12.996245753553438],[-38.514071403311746,-12.996126223668639],[-38.514123270096199,-12.996081298436636],[-38.514189561861464,-12.996008194129137],[-38.51424436326986,-12.9959397685731],[-38.514286491991648,-12.995858572205556]]},"properties":{"NOME_LOGRADOURO":"Rua Miguel Lemos","CODLOG":1052,"HIERARQUIA":"VL","GMLID":null}},{"type":"Feature","geometry":{"type":"LineString","coordinates":[[-38.513735836422661,-12.996258308781584],[-38.513667411434383,-12.996333398305396],[-38.513645212532026,-12.996370785153465],[-38.513616768321469,-12.996413764802027],[-38.513465277243185,-12.9965859753354]]},"properties":{"NOME_LOGRADOURO":"Avenida Miguel Lemos","CODLOG":10309,"HIERARQUIA":"VL","GMLID":null}},{"type":"Feature","geometry":{"type":"LineString","coordinates":[[-38.514338283602413,-12.997026267675738],[-38.514392652795351,-12.997023747910935],[-38.514441323329592,-12.997019319478756],[-38.514490149527539,-12.997013081939004],[-38.514541181548154,-12.997006306870663],[-38.514601192400406,-12.996996113351264],[-38.514675344640523,-12.996986488781769]]},"properties":{"NOME_LOGRADOURO":"Travessa Eulálio de Oliveira","CODLOG":2057,"HIERARQUIA":"VL","GMLID":null}},{"type":"Feature","geometry":{"type":"LineString","coordinates":[[-38.489798591278813,-12.982281813692904],[-38.490049237906824,-12.982408602376786],[-38.490146853416881,-12.982450290272103]]},"properties":{"NOME_LOGRADOURO":"Travessa São Lázaro","CODLOG":11849,"HIERARQUIA":"VL","GMLID":null}},{"type":"Feature","geometry":{"type":"LineString","coordinates":[[-38.509957859843311,-12.970432197096777],[-38.510104290661509,-12.970352282592689],[-38.510407490242628,-12.970193107550948]]},"properties":{"NOME_LOGRADOURO":"Rua Diogo Dias","CODLOG":512,"HIERARQUIA":"VL","GMLID":null}},{"type":"Feature","geometry":{"type":"LineString","coordinates":[[-38.499424196923641,-12.967636055911045],[-38.499375018689712,-12.967706749080318],[-38.499304973436253,-12.967795032125885],[-38.498907132222861,-12.968360301726751],[-38.49888441157384,-12.968392804393847],[-38.498868400696182,-12.968415013418653],[-38.498830570555647,-12.968437180437013],[-38.49878531051079,-12.968449388284887],[-38.498487235961285,-12.968510652644548],[-38.498362953323209,-12.96853708381439],[-38.498296465994116,-12.968557026250979],[-38.498214748640002,-12.968588601328765]]},"properties":{"NOME_LOGRADOURO":"Rua Xavier Marques","CODLOG":1593,"HIERARQUIA":"VL","GMLID":null}},{"type":"Feature","geometry":{"type":"LineString","coordinates":[[-38.489869918564338,-12.982135549847891],[-38.489912154399832,-12.982155880444642],[-38.49006441596709,-12.982222710346159],[-38.490219588415975,-12.982276943466914],[-38.490247769581813,-12.982289926633204],[-38.490281729087314,-12.982303011546056],[-38.490373332987879,-12.982347308967187],[-38.490417622493716,-12.982365748220488],[-38.490461309341768,-12.982380841499902],[-38.490481443921759,-12.98238784179247],[-38.490585129429931,-12.982413680134416],[-38.49066962777168,-12.982441807469252]]},"properties":{"NOME_LOGRADOURO":"Avenida Santa Úrsula","CODLOG":7471,"HIERARQUIA":"VL","GMLID":null}},{"type":"Feature","geometry":{"type":"LineString","coordinates":[[-38.504697909864255,-12.995327514226565],[-38.503884834255587,-12.99558135418061],[-38.50225950294211,-12.996093999358438],[-38.502080254653279,-12.996150429570068],[-38.502044576869132,-12.996159401792925],[-38.502003940186057,-12.99617659038635],[-38.501966940223603,-12.996200296480087],[-38.501939596595626,-12.996224472296491],[-38.501916122295277,-12.996252272491983],[-38.501896748191569,-12.996283063637323],[-38.501882084137222,-12.996316214838179],[-38.501872433849165,-12.996351092804792],[-38.501866037312048,-12.996394023850238],[-38.501865024581925,-12.996444558129861],[-38.50186837478374,-12.996480547015725],[-38.501875222528618,-12.996516089582752],[-38.50189258487837,-12.99657904538614],[-38.50191283892979,-12.996641103395634],[-38.501919397909511,-12.996669322864225],[-38.501923508121813,-12.996705221877869],[-38.501922205522156,-12.996748523481696],[-38.501917585961841,-12.996777083214871],[-38.501905033166359,-12.996818736519408],[-38.501893043810554,-12.996845111943493],[-38.501870159469895,-12.996882225136074],[-38.501831978175197,-12.996926269840792],[-38.501793058503154,-12.996959554464306],[-38.501755756110548,-12.996982717397355],[-38.501715422127077,-12.997000629912582],[-38.501665744740102,-12.997014185950757],[-38.501621785917884,-12.997019615685568],[-38.50158506137376,-12.997019816503247],[-38.501482360573952,-12.997008859885542],[-38.501423518814924,-12.997004588361994],[-38.501386714130902,-12.997006596575469],[-38.501354159816159,-12.997012590697722],[-38.501322433351696,-12.997022384216711],[-38.50129534277918,-12.997033813360421],[-38.501262538657819,-12.997050384801369],[-38.501234524720303,-12.997067055858743],[-38.500719252723933,-12.997479851197456],[-38.500408596380602,-12.997736185821937],[-38.500383463337741,-12.997756840077436],[-38.500270130651955,-12.997852181339004],[-38.500090481860774,-12.997991785015572],[-38.500067862000869,-12.998010365225426],[-38.500043118764161,-12.998026048680634],[-38.500016556993835,-12.998038563790871],[-38.499988708749086,-12.998047912484004],[-38.499959803439403,-12.998053733504948],[-38.499930372024885,-12.998056117395393],[-38.499893573678278,-12.998054419825422],[-38.499864384160418,-12.998050205025834],[-38.499835579262431,-12.998043639937865],[-38.499807845925112,-12.998033822548006],[-38.499781639855172,-12.998020663310038],[-38.499757340602415,-12.998004343803519],[-38.499734871107044,-12.997985586368845],[-38.499713163989419,-12.997966016583959],[-38.499695480357616,-12.99794952896451],[-38.499633887215779,-12.997875548341582],[-38.499574322902703,-12.997775263636386],[-38.499518697444437,-12.997682580319738],[-38.499502017203156,-12.997658681656331],[-38.499483053138462,-12.997636495744613],[-38.499462031546919,-12.997616294292333],[-38.499438952245519,-12.997598168626922],[-38.499358860587982,-12.99753482052847],[-38.499293514571114,-12.997474212645409],[-38.499243520780233,-12.997417341726635],[-38.499228972279539,-12.997392180314751],[-38.499220663995018,-12.997364591290159],[-38.499218744800139,-12.997335747740449],[-38.499234061898662,-12.997280629439688]]},"properties":{"NOME_LOGRADOURO":"Rua Engenheiro Afonso Oliva","CODLOG":6040,"HIERARQUIA":"VC-II","GMLID":null}},{"type":"Feature","geometry":{"type":"LineString","coordinates":[[-38.490699763792172,-12.982109728073329],[-38.490692323108533,-12.982142169409279],[-38.490697179981332,-12.982258802445939],[-38.4906920488068,-12.982276873591758],[-38.490642635850151,-12.982273160758869],[-38.490550332953681,-12.982273703351833],[-38.490521446243676,-12.982270754097343],[-38.490461309341768,-12.982380841499902]]},"properties":{"NOME_LOGRADOURO":"Travessa Santa Úrsula de Brotas","CODLOG":11848,"HIERARQUIA":"VL","GMLID":null}},{"type":"Feature","geometry":{"type":"LineString","coordinates":[[-38.489638333747223,-12.982646469672371],[-38.489707133898087,-12.982687738580562],[-38.489805635917286,-12.982742356269952],[-38.489838060231953,-12.982762671249041],[-38.489911650902933,-12.98280376955895],[-38.489963357856979,-12.982838767422889],[-38.490003833789387,-12.982862623806923],[-38.490091849382551,-12.982914508104992],[-38.49010572415569,-12.982933701590969],[-38.490169657105703,-12.982975775558611]]},"properties":{"NOME_LOGRADOURO":"Beco do Sossego","CODLOG":7476,"HIERARQUIA":"VL","GMLID":null}},{"type":"Feature","geometry":{"type":"LineString","coordinates":[[-38.515880626239941,-12.979787748186299],[-38.51632672890247,-12.979688773072589],[-38.516404988637248,-12.979675629813938],[-38.516438201481634,-12.979681568241627],[-38.516451695305342,-12.97970229599202],[-38.516460654032478,-12.979748058347228],[-38.516483421692243,-12.980045086931502],[-38.516497629243446,-12.980167885251813],[-38.516514578793384,-12.980288881084025],[-38.516566163005351,-12.980506043428688],[-38.516628951297463,-12.980748449564196],[-38.516651491137253,-12.980848571358047],[-38.516688542076565,-12.981071945046315],[-38.516726790101927,-12.98130571704381],[-38.51675990190283,-12.98148243345838]]},"properties":{"NOME_LOGRADOURO":"Rua Areal de Cima","CODLOG":383,"HIERARQUIA":"VL","GMLID":null}},{"type":"Feature","geometry":{"type":"LineString","coordinates":[[-38.517329159046845,-12.983481117138862],[-38.517361768680843,-12.983445376844077],[-38.517458684164637,-12.983378565798072],[-38.517569544566385,-12.983295689565605],[-38.517671790278108,-12.983224639282197],[-38.517771365918122,-12.983157743526727],[-38.517797333255913,-12.98313663689348],[-38.517811222936402,-12.983109540757766],[-38.517827745660377,-12.983057768166585],[-38.517870460783868,-12.982906869378262],[-38.517915329137459,-12.982704170437373],[-38.517926716616067,-12.98263385583801],[-38.517964593994257,-12.982468843660291]]},"properties":{"NOME_LOGRADOURO":"Travessa do Gabriel","CODLOG":1704,"HIERARQUIA":"VL","GMLID":null}},{"type":"Feature","geometry":{"type":"LineString","coordinates":[[-38.511290639062892,-12.971348180988596],[-38.510978756585445,-12.971125644902097],[-38.510976555045502,-12.971124103551073],[-38.510905519355127,-12.971059690089429],[-38.510840178246305,-12.970999446833545],[-38.510801550641638,-12.970963843780019],[-38.510713821472827,-12.970883126119428],[-38.510503909879212,-12.970689801963605],[-38.510406344323286,-12.970585288613579]]},"properties":{"NOME_LOGRADOURO":"Rua Álvares Cabral","CODLOG":69,"HIERARQUIA":"VL","GMLID":null}},{"type":"Feature","geometry":{"type":"LineString","coordinates":[[-38.511773143311579,-12.971913408004779],[-38.511725960202178,-12.971859255648839],[-38.511680753215941,-12.971805469594392],[-38.511612721698071,-12.971720901835203],[-38.511489098188584,-12.97156715814492],[-38.511439259375585,-12.971510379352068],[-38.511360594298672,-12.971420638283503],[-38.511290639062892,-12.971348180988596]]},"properties":{"NOME_LOGRADOURO":"Rua dos Algibebes","CODLOG":892,"HIERARQUIA":"VL","GMLID":null}},{"type":"Feature","geometry":{"type":"LineString","coordinates":[[-38.510579957982067,-12.971379295255188],[-38.51058018642766,-12.971378933987236],[-38.510674626274231,-12.971215748157737],[-38.51069584402601,-12.971173658423238],[-38.510801550641638,-12.970963843780019]]},"properties":{"NOME_LOGRADOURO":"Rua José Pires de Albuquerque","CODLOG":881,"HIERARQUIA":"VL","GMLID":null}},{"type":"Feature","geometry":{"type":"LineString","coordinates":[[-38.512511590653467,-12.972422069496945],[-38.512288141143301,-12.972190840766059],[-38.512241878201785,-12.972132351661182],[-38.512215561994125,-12.97209912291553],[-38.512121956509745,-12.971990186804049],[-38.511949386447426,-12.971789883369466]]},"properties":{"NOME_LOGRADOURO":"Rua do São João","CODLOG":846,"HIERARQUIA":"VL","GMLID":null}},{"type":"Feature","geometry":{"type":"LineString","coordinates":[[-38.511919608513836,-12.972440211294412],[-38.512088089607559,-12.97228159368831],[-38.512241878201785,-12.972132351661182],[-38.512454094605566,-12.971924273138914],[-38.512460949946927,-12.971917596383982],[-38.512728848762613,-12.971654113094802]]},"properties":{"NOME_LOGRADOURO":"Rua Lauro Muller","CODLOG":913,"HIERARQUIA":"VL","GMLID":null}},{"type":"Feature","geometry":{"type":"LineString","coordinates":[[-38.51175376209433,-12.970701472251612],[-38.512170257217974,-12.970299405237654],[-38.512234921582497,-12.97023904515345],[-38.512275440620442,-12.970201150966798],[-38.512691030694889,-12.969795193102138]]},"properties":{"NOME_LOGRADOURO":"Rua da Argentina","CODLOG":152,"HIERARQUIA":"VL","GMLID":null}},{"type":"Feature","geometry":{"type":"LineString","coordinates":[[-38.511219179203238,-12.971462681411349],[-38.511166694757044,-12.971436816410888],[-38.511015782946586,-12.971358420722796],[-38.510934296391106,-12.971312249741503],[-38.510889948596308,-12.971286039182958],[-38.510873013966929,-12.971276062484236],[-38.51069584402601,-12.971173658423238],[-38.510510677268236,-12.971078472252694],[-38.510446611203072,-12.971026819806792],[-38.510285588792335,-12.970870293399212],[-38.510165395727682,-12.970712668222088]]},"properties":{"NOME_LOGRADOURO":"Rua Rodrigues Alves","CODLOG":1354,"HIERARQUIA":"VL","GMLID":null}},{"type":"Feature","geometry":{"type":"LineString","coordinates":[[-38.518946066042915,-12.990297249945089],[-38.518958533461991,-12.990337594142158],[-38.519071770018179,-12.9907996008527],[-38.519116143218234,-12.990972992073246],[-38.519161349469691,-12.990990434474316],[-38.519170804420341,-12.991015946207506],[-38.519194182518902,-12.991115527676101],[-38.519217175355799,-12.991257689255296],[-38.519214020208622,-12.991316990035553],[-38.519186199263231,-12.991511312030315]]},"properties":{"NOME_LOGRADOURO":"Avenida Cerqueira Lima","CODLOG":414,"HIERARQUIA":"VL","GMLID":null}},{"type":"Feature","geometry":{"type":"LineString","coordinates":[[-38.514417716726086,-12.99778140075667],[-38.513893136808363,-12.997907526303338],[-38.513796312658201,-12.997923978639422],[-38.513600292956184,-12.997964293548966]]},"properties":{"NOME_LOGRADOURO":"Largo do Campo Santo","CODLOG":344,"HIERARQUIA":"VC-I","GMLID":null}},{"type":"Feature","geometry":{"type":"LineString","coordinates":[[-38.498686775228073,-12.974607317560965],[-38.498381176940832,-12.974701203829463],[-38.498358029296753,-12.974718697883945],[-38.498356145163811,-12.974748347061571],[-38.49850316542409,-12.975176523229278],[-38.498569515170608,-12.975378438141441],[-38.498585497068959,-12.975408213078378],[-38.498610341327655,-12.97541693986958],[-38.498658485977757,-12.975408352820361],[-38.498909442428129,-12.97534076037989]]},"properties":{"NOME_LOGRADOURO":"Rua Jardim Concórdia","CODLOG":1707,"HIERARQUIA":"VL","GMLID":null}},{"type":"Feature","geometry":{"type":"LineString","coordinates":[[-38.513845586422917,-12.973779227405469],[-38.514074909973608,-12.974197244676962],[-38.514195965948076,-12.974343749363502],[-38.514272270629398,-12.974436378794849],[-38.514635740030101,-12.974877430211881],[-38.514752172989191,-12.975016151340043],[-38.514939074308934,-12.975239172642631],[-38.515220184254709,-12.975574473926155],[-38.515407240242986,-12.975796138832894],[-38.515500283735285,-12.97588201817277],[-38.515704673668232,-12.976143675509991],[-38.515876603423415,-12.976363955575286],[-38.515997811522453,-12.976511544845627],[-38.516163304037477,-12.976718976107295],[-38.516225723864679,-12.976797474775488],[-38.516269392351973,-12.976861563796721],[-38.516312980136966,-12.976927822846898],[-38.516347692602437,-12.976983939665205],[-38.516370185276095,-12.977029547244323],[-38.516419600588691,-12.977149156662799],[-38.516514493758926,-12.977380503040212],[-38.516558596265497,-12.977495401394863],[-38.516582885967757,-12.977555387064653],[-38.516597335760892,-12.977592390265015],[-38.516744264494442,-12.977964776872714],[-38.516822503557947,-12.978158755062458],[-38.516852007992568,-12.978234750993234],[-38.516876988798181,-12.978291211368525],[-38.516922852082828,-12.978400237156325],[-38.516943071698499,-12.978441771369223],[-38.516964731576977,-12.978485207167612],[-38.51698374916738,-12.978519415672643],[-38.516997161211272,-12.978542855976421],[-38.517054902839782,-12.978642591891463],[-38.517112662486682,-12.978733015922286],[-38.517135554128245,-12.978768407125683],[-38.517168082648098,-12.978814033268604],[-38.517234589108476,-12.978902936294018],[-38.517305886297599,-12.978991034373511],[-38.51741990960825,-12.979119714605025],[-38.517466346119136,-12.979167897493696],[-38.517491993242935,-12.979194525323958],[-38.517677452238118,-12.979379390230678],[-38.517823218710895,-12.979527566783581],[-38.51790471010343,-12.97961251965428],[-38.518029994188581,-12.979737333157043],[-38.518130524286867,-12.979845736639133],[-38.518216027139673,-12.979940099179224],[-38.518297729361088,-12.98003445555837],[-38.518350679634487,-12.980096030460755],[-38.518391029033722,-12.980146642475768],[-38.518633145390623,-12.980442992813702],[-38.51880205706918,-12.980654225742832],[-38.518942220283861,-12.980830417477982],[-38.519111664507776,-12.981041650297884],[-38.519212245189408,-12.981164066549558],[-38.519311143403215,-12.981291180820385],[-38.519345278622453,-12.98133165638826],[-38.519401640404325,-12.981398842802717],[-38.519443415804659,-12.981459492600477],[-38.519504383403543,-12.981542960282486],[-38.519539110226752,-12.981592296703836],[-38.519588377594964,-12.981671584133284],[-38.519628618428953,-12.981740096184316],[-38.519674489879357,-12.981845323708596],[-38.519704371358905,-12.981923943246425],[-38.51972328223696,-12.982013570683526],[-38.519738704664185,-12.982099033962371],[-38.519740585759607,-12.982109071833724],[-38.519749930905043,-12.982231500241284],[-38.519757629134418,-12.982340544601341],[-38.519765760745045,-12.982381875437197],[-38.519771802379744,-12.982402860536915],[-38.519786877260202,-12.982431637912336],[-38.519819324349982,-12.982480789240412],[-38.519866050946561,-12.982536927800032],[-38.520006135298509,-12.982715740254504],[-38.520194621349894,-12.982950062165758],[-38.520277752759462,-12.983053008202351],[-38.52034266146557,-12.983143444745938],[-38.520434116063932,-12.98326729051073],[-38.520557865027406,-12.98348069787712],[-38.520636955023598,-12.983669432850123],[-38.520734131726336,-12.98390231920928],[-38.52077832347149,-12.984012154195138],[-38.520827428635172,-12.98409713693904],[-38.520864178443261,-12.984162207153588],[-38.520990923187099,-12.984320201433876],[-38.521148719972572,-12.984461707886307],[-38.521252159811226,-12.984521386773793],[-38.521335310524876,-12.984575242014165],[-38.521412842254044,-12.984625199541004],[-38.521523267176988,-12.984690044468437],[-38.521606134055034,-12.984749177176454],[-38.521715307924083,-12.984818795037167],[-38.521787646950997,-12.984865243479407],[-38.521862754002079,-12.98491654826265],[-38.521927568862729,-12.98496691177248],[-38.521979135020906,-12.98501313479035],[-38.522031327413607,-12.985066526893744],[-38.522073874466969,-12.98511678975388],[-38.522100872053386,-12.985149975407017],[-38.522121926821796,-12.985176437930109],[-38.522156707775224,-12.98522210108128],[-38.522187614745256,-12.985269401929253],[-38.522222204632378,-12.985328210623935],[-38.522244454103593,-12.98536836016544],[-38.522271715413247,-12.98541990606164],[-38.522315388254192,-12.985508872606772],[-38.52234100040922,-12.985593992767813],[-38.522354398412155,-12.985676885940697],[-38.52237337480927,-12.985786901315272],[-38.522384513430616,-12.985900370066821],[-38.522392282229347,-12.985972618983787],[-38.522394672063427,-12.98599540580706],[-38.522403003614414,-12.986049646829271],[-38.522411884471168,-12.986099676890571],[-38.522429837997223,-12.98617366257824],[-38.522444799976277,-12.986222238028564],[-38.522478314023424,-12.98630999409354],[-38.522491866866737,-12.986339853619144],[-38.522499589229149,-12.986356773552043],[-38.522528833841022,-12.986411343240908],[-38.522554908222034,-12.986453430343206],[-38.522586591966565,-12.986504025830703],[-38.522605404044128,-12.986527294929752],[-38.522628766008395,-12.986556177791668],[-38.522646293283415,-12.986575285909693],[-38.522674447511832,-12.986603092473647],[-38.522721436106302,-12.986642506129026],[-38.522762505830258,-12.986675670530513],[-38.522833723493939,-12.98672787577223],[-38.522853919613411,-12.986742468458372],[-38.522892479193878,-12.98677626120425],[-38.522913037851829,-12.98680043773164],[-38.522952629267216,-12.986851139016863],[-38.522977186192506,-12.98689168607962],[-38.523008776528364,-12.986951683678715],[-38.523038823666027,-12.987024064780435],[-38.523072004936616,-12.98712691742497],[-38.523114564126232,-12.98725618667814],[-38.52312249539974,-12.987283504881184],[-38.523131925112331,-12.987322396541632],[-38.523140609691559,-12.987353602567568],[-38.523153930859706,-12.987425229580365],[-38.523164171558491,-12.987477413308524],[-38.523170468905782,-12.987524073913717],[-38.523172709867438,-12.987584831479623],[-38.52317261778898,-12.987633108908778],[-38.523168583274611,-12.987675863216873],[-38.523161075472963,-12.987745100987516],[-38.523144460092205,-12.987846325965725],[-38.523133723165195,-12.987894763811815],[-38.523111700626238,-12.987960719674208],[-38.523069409859026,-12.988049330356993],[-38.523012859742131,-12.988159793958902],[-38.522816949748247,-12.98854537755471],[-38.522761249194382,-12.988648790450291],[-38.522740858338111,-12.988696035936522],[-38.522735995681444,-12.98873444924366]]},"properties":{"NOME_LOGRADOURO":"Avenida Lafayete Coutinho","CODLOG":212,"HIERARQUIA":"VA-II","GMLID":null}},{"type":"Feature","geometry":{"type":"LineString","coordinates":[[-38.513512283270821,-12.972996133217864],[-38.513783534432712,-12.972767913418808],[-38.513821771397083,-12.972731099833831],[-38.513957886095191,-12.972600265813091],[-38.514140616237292,-12.972424406004912],[-38.514219832168372,-12.97234834146966],[-38.514319611813264,-12.97225287855597],[-38.514758722064521,-12.971832677904139]]},"properties":{"NOME_LOGRADOURO":"Rua da Bélgica","CODLOG":242,"HIERARQUIA":"VA-II","GMLID":null}},{"type":"Feature","geometry":{"type":"LineString","coordinates":[[-38.514424293848869,-12.979823172768517],[-38.514268649251306,-12.979829932551322],[-38.513859704420923,-12.979821661532863],[-38.513741639454871,-12.979817281324621],[-38.513324117108247,-12.979801760385845],[-38.512755902081828,-12.979787583276082],[-38.512483116693126,-12.979784176759154],[-38.512102385733435,-12.979772249366968],[-38.511908820652202,-12.979769172585103],[-38.511526099171412,-12.979764744027078],[-38.511079752336656,-12.979754228218717],[-38.510801439497158,-12.979738966676264]]},"properties":{"NOME_LOGRADOURO":"Rua do Paraíso","CODLOG":422,"HIERARQUIA":"VC-II","GMLID":null}},{"type":"Feature","geometry":{"type":"LineString","coordinates":[[-38.506396548223016,-12.97811468448494],[-38.506532572087757,-12.977955737933193],[-38.506603356715523,-12.977877580134393],[-38.50678468965922,-12.977682105668451],[-38.507227976759296,-12.977197737974729],[-38.507267070514246,-12.977151343876473],[-38.507572808411673,-12.976789305012737]]},"properties":{"NOME_LOGRADOURO":"Rua Santa Clara","CODLOG":425,"HIERARQUIA":"VC-I","GMLID":null}},{"type":"Feature","geometry":{"type":"LineString","coordinates":[[-38.492596151570197,-12.989082210100738],[-38.492863733481435,-12.989597865367317],[-38.493026191125651,-12.989911168806342],[-38.493043659082694,-12.98995848470036],[-38.493063925477308,-12.990013581613965],[-38.49309294065759,-12.990103231240026],[-38.493097368266199,-12.990207025868527],[-38.49308945134279,-12.990324266889186],[-38.493073859197281,-12.990476842405553],[-38.493079477324365,-12.990668785602585],[-38.493054773256844,-12.990852623724971],[-38.493043638586002,-12.991019672153314],[-38.493018635721846,-12.991238496546419],[-38.493010664549637,-12.991344708428917],[-38.492966621070032,-12.991917255234283],[-38.49294162906854,-12.992168354665596],[-38.492926236620399,-12.992222387344288],[-38.492879955301738,-12.992323009497694],[-38.492820742545199,-12.992426770340035],[-38.492786195193318,-12.992477692111583],[-38.492581700805772,-12.992758365995702],[-38.492401901617995,-12.993009072591367],[-38.492286495510577,-12.993189207762191],[-38.492218832903035,-12.993334810109621],[-38.492208503460681,-12.993366612843532],[-38.492189528827232,-12.993424978817501],[-38.492161661852109,-12.993555741662387],[-38.49213849822749,-12.993654871624843],[-38.492105921380428,-12.993821336403295],[-38.492085374290561,-12.994129762328278],[-38.492066396950527,-12.994338653485212],[-38.492056286911165,-12.994449832625671],[-38.492038395857662,-12.994648239427239],[-38.492010059690855,-12.994972922794558],[-38.492019021296848,-12.995090106291931],[-38.492050910022833,-12.995225507119745],[-38.492219929001322,-12.995791056128922],[-38.492368482527731,-12.996288037228499],[-38.492389025418746,-12.996356514757835],[-38.492501631411756,-12.996732552190629],[-38.492562800066359,-12.996902635301916],[-38.492742679362124,-12.997400852891277]]},"properties":{"NOME_LOGRADOURO":"Ladeira do Acupe","CODLOG":430,"HIERARQUIA":"VC-II","GMLID":null}},{"type":"Feature","geometry":{"type":"LineString","coordinates":[[-38.502245530284377,-12.971881991183109],[-38.502097105299292,-12.971930976744977],[-38.501968684310022,-12.971974939454419],[-38.50138861238338,-12.972198483329887],[-38.500926751428558,-12.972388170785267],[-38.500435033362635,-12.972566950980971]]},"properties":{"NOME_LOGRADOURO":"Rua do Limoeiro","CODLOG":431,"HIERARQUIA":"VC-II","GMLID":null}},{"type":"Feature","geometry":{"type":"LineString","coordinates":[[-38.502916770896711,-12.969390684194682],[-38.502894987354779,-12.969449225786331],[-38.502850486724583,-12.969500130156753],[-38.502697403327055,-12.969636892035938],[-38.502413968689446,-12.969718166279222]]},"properties":{"NOME_LOGRADOURO":"Travessa Batitinga","CODLOG":10790,"HIERARQUIA":"VL","GMLID":null}},{"type":"Feature","geometry":{"type":"LineString","coordinates":[[-38.495852000507575,-12.977336634576305],[-38.495948910264332,-12.977237556523709],[-38.495967506641435,-12.977215262307046],[-38.496002630712631,-12.977178263682674],[-38.496085517338926,-12.977095973684159],[-38.49639853003638,-12.976794893113359],[-38.496475545846316,-12.976720818406051],[-38.496503420181192,-12.976697366589278],[-38.496545792545874,-12.976685424886082],[-38.496573220237742,-12.976695151538024],[-38.496631575758045,-12.976750321014807],[-38.496740898437267,-12.976868061325591],[-38.497510433758684,-12.977722529984797],[-38.497570970913571,-12.977789819411242],[-38.497645776154819,-12.977869792144741],[-38.497803440892895,-12.978032465824592],[-38.497842662219796,-12.978075484882872],[-38.497841008829539,-12.978104049401482],[-38.497738519717167,-12.978217583454095],[-38.497542242029148,-12.978428845809605]]},"properties":{"NOME_LOGRADOURO":"Rua Affonso de Taunay","CODLOG":15,"HIERARQUIA":"VL","GMLID":null}},{"type":"Feature","geometry":{"type":"LineString","coordinates":[[-38.497510433758684,-12.977722529984797],[-38.497512674213311,-12.977666573502887],[-38.497505006820312,-12.977622801530133],[-38.497493352512038,-12.977596018888374],[-38.4971966564637,-12.977268084796803],[-38.496607312714545,-12.976603907176795],[-38.49628930386195,-12.976251430440607]]},"properties":{"NOME_LOGRADOURO":"Vila Militar","CODLOG":10556,"HIERARQUIA":"VL","GMLID":null}},{"type":"Feature","geometry":{"type":"LineString","coordinates":[[-38.519137567687807,-12.982754901697996],[-38.519373703454761,-12.982722432781197],[-38.519645970424996,-12.982681712247045],[-38.519680740176781,-12.982668938914394],[-38.519720744124001,-12.982662594472744],[-38.51977773866134,-12.982677526616294],[-38.519842593479943,-12.982716160840171],[-38.51988123151817,-12.982748416938906],[-38.520002315141873,-12.982857972618042]]},"properties":{"NOME_LOGRADOURO":"Rua Desembargador Castelo Branco","CODLOG":393,"HIERARQUIA":"VL","GMLID":null}},{"type":"Feature","geometry":{"type":"LineString","coordinates":[[-38.50570510984506,-12.972429966914662],[-38.505611526113647,-12.972465950738718],[-38.50533958085618,-12.972464347085211],[-38.505152708870213,-12.972463267525649],[-38.504772273868227,-12.972422852121735]]},"properties":{"NOME_LOGRADOURO":"Rua Cerqueira Daltro","CODLOG":413,"HIERARQUIA":"VL","GMLID":null}},{"type":"Feature","geometry":{"type":"LineString","coordinates":[[-38.51054459355953,-12.977765179577405],[-38.510458988627946,-12.97772487733134],[-38.510360284121681,-12.97769594206059],[-38.510192027468051,-12.977659732288123],[-38.510036018254858,-12.977620291103614],[-38.510034650654468,-12.977619926830561],[-38.50980804799552,-12.977561638327877],[-38.50968610971735,-12.977516836577685],[-38.509636191181002,-12.977461323229305],[-38.509586476247371,-12.977340988672523],[-38.509536849789065,-12.977175541576484],[-38.50949408984355,-12.977075470642873]]},"properties":{"NOME_LOGRADOURO":"Ladeira do Bângala","CODLOG":90,"HIERARQUIA":"VC-II","GMLID":null}},{"type":"Feature","geometry":{"type":"LineString","coordinates":[[-38.51435874978511,-12.984097557891177],[-38.51473109864564,-12.984475793652162],[-38.515280270037572,-12.98502414296294],[-38.515380641094048,-12.985136525870237],[-38.515464491423387,-12.985220850928906],[-38.515494616864686,-12.985251103372466],[-38.5156483557966,-12.985405895173955],[-38.515692596636569,-12.985449825253593]]},"properties":{"NOME_LOGRADOURO":"Rua Alegria dos Barris","CODLOG":767,"HIERARQUIA":"VL","GMLID":null}},{"type":"Feature","geometry":{"type":"LineString","coordinates":[[-38.511940007806032,-12.986896240490477],[-38.512253486846909,-12.987168051040385],[-38.512297675568597,-12.98719977611357],[-38.512308757401463,-12.987209560917695],[-38.512367208036594,-12.987257315120635],[-38.512525938372278,-12.987386533434298],[-38.512589616499341,-12.987444151831136],[-38.51263978436738,-12.987489449894458],[-38.512760514884505,-12.987610731725466],[-38.512809519521078,-12.987668141720286],[-38.513262170193791,-12.987689062915225],[-38.513366669961648,-12.987711680162231],[-38.513432051310588,-12.987720574604994],[-38.513472924393355,-12.987735285372356],[-38.513603820502496,-12.987785939151845]]},"properties":{"NOME_LOGRADOURO":"Rua Doutor João Ribeiro Caldas","CODLOG":845,"HIERARQUIA":"VL","GMLID":null}},{"type":"Feature","geometry":{"type":"LineString","coordinates":[[-38.52653450617602,-12.996948622912448],[-38.526363866529614,-12.996637312535073],[-38.526265418812223,-12.996467981545809],[-38.526239236336856,-12.996442167370407],[-38.526219506599155,-12.996421338301698],[-38.526038468024026,-12.996261710149902],[-38.525669913842947,-12.995949674706884],[-38.525634911776272,-12.995923211400743],[-38.525586697086183,-12.995888316304296],[-38.525519338986861,-12.995843893486793],[-38.525464586954975,-12.995807811816825],[-38.525011178718074,-12.995536483262466],[-38.524774842627494,-12.995428193792549]]},"properties":{"NOME_LOGRADOURO":"Rua Engenheiro Souza Lima","CODLOG":1464,"HIERARQUIA":"VC-II","GMLID":null}},{"type":"Feature","geometry":{"type":"LineString","coordinates":[[-38.513496110511966,-12.989400042795841],[-38.513546021999403,-12.989310604403379],[-38.513625230502882,-12.989190585068901],[-38.513563471005249,-12.989138898717719],[-38.513528851838309,-12.989107793982846],[-38.513533677051583,-12.989086981010898],[-38.513544737856073,-12.98907020630217],[-38.513560237465228,-12.989052545603293],[-38.513720792901211,-12.988881519999412],[-38.513737524693575,-12.988868445201673],[-38.513773975142982,-12.98885213121525],[-38.513790034950141,-12.988840365405078],[-38.513797177400932,-12.988825209184137],[-38.513788214434193,-12.988726275469515],[-38.513781560779982,-12.988711519342015],[-38.513501282910454,-12.988474511891631]]},"properties":{"NOME_LOGRADOURO":"Travessa Pacífico Pereira","CODLOG":1910,"HIERARQUIA":"VL","GMLID":null}},{"type":"Feature","geometry":{"type":"LineString","coordinates":[[-38.492819027241957,-12.965455791143267],[-38.492882970418641,-12.965490902620136],[-38.492947008617428,-12.965516432014224],[-38.493015539293218,-12.965538986141743],[-38.493070481295781,-12.965551659366309],[-38.493105148278978,-12.965552178978667],[-38.493146733905924,-12.965552712054475],[-38.493203154156951,-12.965548391091211],[-38.493265738621673,-12.965541009497775],[-38.493361009112583,-12.965536674586131],[-38.493429739318621,-12.965535361524713],[-38.493492220930683,-12.965541449266485],[-38.493521259530368,-12.965543133389207],[-38.493539571166153,-12.965548683980524],[-38.493618818273909,-12.965572614254745],[-38.493790832736686,-12.965664711223607],[-38.493946218213999,-12.965746288363178]]},"properties":{"NOME_LOGRADOURO":"Vila Barletta","CODLOG":2620,"HIERARQUIA":"VL","GMLID":null}},{"type":"Feature","geometry":{"type":"LineString","coordinates":[[-38.512029193403464,-12.985492397092333],[-38.511977303473131,-12.985432993115296],[-38.511917507566693,-12.985373663807577],[-38.511849815804915,-12.985307810921784],[-38.511811414904038,-12.98527157543327],[-38.511803129324392,-12.985271018234675],[-38.511764617579438,-12.985291558140487],[-38.511740217151072,-12.985288528319112],[-38.511716998898486,-12.985303402013939],[-38.511543368520599,-12.985447091045208]]},"properties":{"NOME_LOGRADOURO":"Avenida Júlio Bevenuto Bonfim","CODLOG":3083,"HIERARQUIA":"VL","GMLID":null}},{"type":"Feature","geometry":{"type":"LineString","coordinates":[[-38.51365321337687,-12.986352687796334],[-38.513997827129231,-12.986645166757986],[-38.514396959176615,-12.986974905187468],[-38.514452772810678,-12.987010900655159],[-38.514453152179222,-12.98701117263664],[-38.514481476086587,-12.987029488534414],[-38.515072995105236,-12.987502790190705],[-38.515160760821082,-12.987568318016185]]},"properties":{"NOME_LOGRADOURO":"Rua Theodoro Sampaio","CODLOG":1495,"HIERARQUIA":"VL","GMLID":null}},{"type":"Feature","geometry":{"type":"LineString","coordinates":[[-38.516213099790875,-12.996457599842294],[-38.516202180911151,-12.99648099487573],[-38.51602977010144,-12.996777204786532],[-38.515931116114267,-12.996914528268839],[-38.515769664544202,-12.997087264168545],[-38.515732723111554,-12.99712082590232],[-38.515700596014909,-12.997141559072503],[-38.515634287297431,-12.997184468357961],[-38.515501507080486,-12.997275259001945],[-38.515235090880857,-12.997427727292397],[-38.514799774462915,-12.997633399292191],[-38.514614032841095,-12.997706098824287],[-38.514417716726086,-12.99778140075667]]},"properties":{"NOME_LOGRADOURO":"Ladeira do Campo Santo","CODLOG":250,"HIERARQUIA":"VC-I","GMLID":null}},{"type":"Feature","geometry":{"type":"LineString","coordinates":[[-38.499433613684111,-12.962196501542703],[-38.499362364792113,-12.962202783813158],[-38.499327242388233,-12.962201992901033],[-38.499258893287404,-12.962203127436558],[-38.499203162476761,-12.962205190461145],[-38.499154045428305,-12.962207536561365],[-38.499111316741008,-12.962208539478487],[-38.499074651752707,-12.962218865946115],[-38.499044978573181,-12.962230380469036],[-38.49906789734392,-12.962288918224386],[-38.499083244566158,-12.962332342365238],[-38.499106099183244,-12.962422973386774],[-38.499115588388719,-12.962468104320672],[-38.499147179383428,-12.962485613349823],[-38.499188362295598,-12.962611719608054],[-38.499196020047357,-12.962660282236378],[-38.499192207262311,-12.962742092619186],[-38.499216580061557,-12.962795569397327],[-38.499253710145894,-12.962857027137392],[-38.499206440240663,-12.962886318714407],[-38.499093993541464,-12.962736027963381],[-38.498920004872112,-12.96283297081011]]},"properties":{"NOME_LOGRADOURO":"Avenida Flora","CODLOG":10626,"HIERARQUIA":"VL","GMLID":null}},{"type":"Feature","geometry":{"type":"LineString","coordinates":[[-38.508359749913645,-12.976803005100736],[-38.507572808411673,-12.976789305012737]]},"properties":{"NOME_LOGRADOURO":"Travessa Professor Antonio Borja","CODLOG":112,"HIERARQUIA":"VC-I","GMLID":null}},{"type":"Feature","geometry":{"type":"LineString","coordinates":[[-38.49780217899287,-13.000293002329979],[-38.497875786601675,-13.000101845384602],[-38.497926460746108,-13.000009819346543],[-38.497957626707148,-12.999938730347584]]},"properties":{"NOME_LOGRADOURO":"Avenida Silva","CODLOG":10191,"HIERARQUIA":"VL","GMLID":null}},{"type":"Feature","geometry":{"type":"LineString","coordinates":[[-38.497650967849466,-13.000242083310994],[-38.497663127610664,-13.000206939118501],[-38.497773171091566,-12.999933310906876],[-38.497805562633843,-12.999857613575607],[-38.49780846474146,-12.999851561681201]]},"properties":{"NOME_LOGRADOURO":"Avenida Lélio","CODLOG":10190,"HIERARQUIA":"VL","GMLID":null}},{"type":"Feature","geometry":{"type":"LineString","coordinates":[[-38.498466508052402,-12.998487945570906],[-38.498424179211028,-12.998465830214807],[-38.49835363202498,-12.998420581430695],[-38.498309965473005,-12.998393284888342],[-38.498233958983853,-12.998340430813869],[-38.498170717691231,-12.998292032156847],[-38.498093439891242,-12.998228508262805],[-38.498027723735895,-12.998163107783745],[-38.497970257927832,-12.998078377010167]]},"properties":{"NOME_LOGRADOURO":"Avenida do Cacau","CODLOG":11030,"HIERARQUIA":"VL","GMLID":null}},{"type":"Feature","geometry":{"type":"LineString","coordinates":[[-38.497710140025454,-12.998379830779715],[-38.497873011575187,-12.998265420164962],[-38.497954476535817,-12.998361126896794],[-38.498031993815182,-12.998441306498265],[-38.498066608987941,-12.998526796976273],[-38.49816432348846,-12.9986469395883]]},"properties":{"NOME_LOGRADOURO":"Avenida Pinho","CODLOG":14987,"HIERARQUIA":"VL","GMLID":null}},{"type":"Feature","geometry":{"type":"LineString","coordinates":[[-38.49835363202498,-12.998420581430695],[-38.498332281586499,-12.998492507789921],[-38.498306641307899,-12.998530062917011],[-38.498270704168277,-12.998553615883512]]},"properties":{"NOME_LOGRADOURO":"1ª Avenida Edith","CODLOG":14988,"HIERARQUIA":"VL","GMLID":null}},{"type":"Feature","geometry":{"type":"LineString","coordinates":[[-38.509253581736026,-13.005992988197823],[-38.510108692052938,-13.006032582181309],[-38.510830723013811,-13.006041453328594],[-38.51094081344413,-13.0060468149091],[-38.511067604405248,-13.006028430865214],[-38.51118500907328,-13.0059882404835],[-38.511280123377411,-13.005954246450761],[-38.511346824032756,-13.005907723084761],[-38.511394439769802,-13.005861253304175],[-38.511426231221215,-13.005780489311437],[-38.511436079298058,-13.005684133780141],[-38.511433124320909,-13.005525553187386],[-38.511436634092291,-13.005404414028934],[-38.51142717479199,-13.005304948645611],[-38.511411614821398,-13.005214782756743],[-38.511389548175337,-13.00514630280289],[-38.511345259793572,-13.005087183329755],[-38.511272488315242,-13.005012459994534],[-38.511145976352694,-13.004890984736859],[-38.510937125325185,-13.004688528710902],[-38.510823312485748,-13.004567077223093],[-38.510663646856131,-13.004408110912864],[-38.510608930291141,-13.004316514822372],[-38.51056520181902,-13.004243835368564],[-38.510535110728817,-13.004157619800628],[-38.510516158893175,-13.004052711949445],[-38.510510876749265,-13.00395587580708],[-38.510538234422818,-13.002586709372126],[-38.510533226871779,-13.002390244391725],[-38.510516935494259,-13.002285341545408],[-38.510497768407234,-13.002250317594665],[-38.510444063846478,-13.002185574836144],[-38.509134731561339,-13.000847776323766],[-38.508929227546375,-13.000609073165521],[-38.508866344678658,-13.000533643597839],[-38.508800648443604,-13.000458209599358],[-38.508716630886788,-13.000341787829244],[-38.508696853184667,-13.000268611742328],[-38.508678814982488,-13.000200410464679],[-38.508660780165862,-13.000130492941613],[-38.508655300335775,-13.000094680938039],[-38.508652253422746,-13.000058693592672],[-38.508651805805648,-13.000015298191769],[-38.508654961540742,-12.999957533974321],[-38.508660534326978,-12.999907188205759],[-38.508671989620765,-12.999843112708943],[-38.508692532967423,-12.999758621253873],[-38.508705388752169,-12.999717149922789],[-38.508721663472699,-12.999676769243177],[-38.508752191627323,-12.999618966369271],[-38.508790785831835,-12.999557292314568],[-38.5088219638548,-12.999516939811031],[-38.508857012275428,-12.999480211588363],[-38.508888474634972,-12.999449533190877],[-38.509052652576969,-12.999285757148009],[-38.509258268730846,-12.999083005083211],[-38.509334148466294,-12.999006936222509],[-38.50937206056053,-12.998944537388633],[-38.509390147063421,-12.998872246676925],[-38.509392280492385,-12.9987921511621],[-38.509374566021258,-12.998714006586916],[-38.509334881388909,-12.998633831179655],[-38.509285128802041,-12.998569276513249],[-38.509217569622272,-12.998512463770561],[-38.509141915600516,-12.998473264812317],[-38.509020839593688,-12.998449167629079],[-38.508954757119433,-12.998453652542521],[-38.508904400013058,-12.998464948982146],[-38.508876931075626,-12.998475202692251],[-38.50885112739001,-12.998489257363202],[-38.508732651778537,-12.998573471417989],[-38.508545716939992,-12.998749499195844],[-38.508438023929166,-12.998802091379014],[-38.508374268931483,-12.998821497820041],[-38.50833441445257,-12.998827299053184],[-38.508314557254145,-12.998833498925631],[-38.508236565575615,-12.998823406436228],[-38.50770361695016,-12.998679188572723],[-38.507625518290119,-12.998646222004849],[-38.507571827159467,-12.998612850468094],[-38.507526070862461,-12.998565933053579],[-38.507488381733616,-12.99851505316836],[-38.507456551066007,-12.998462195055026],[-38.507432780459759,-12.998409442645871],[-38.507411425091391,-12.998327132445366],[-38.50740730171524,-12.998258687103627],[-38.50745186759854,-12.998060963339148],[-38.507515963004906,-12.997830006825327],[-38.507556012687822,-12.99764746211155],[-38.507559795445864,-12.997618811152382],[-38.507560916595779,-12.997589882970983],[-38.507559300732453,-12.997561040025374],[-38.507555098903467,-12.997532373930298],[-38.507548159173588,-12.997504244285778],[-38.507538633155932,-12.997476923555787],[-38.507510540060856,-12.997417924595313],[-38.507432113863949,-12.997281442490173],[-38.507420000300769,-12.997255111515738],[-38.507410169086448,-12.997227790202658],[-38.507401113771266,-12.99719278521076],[-38.50739519180663,-12.997149831546279],[-38.507394820931538,-12.997106435382429],[-38.507399848486706,-12.997063321631506],[-38.507407735961309,-12.997034948824934],[-38.507417657127633,-12.996977831319203],[-38.50745228522787,-12.996883874830594],[-38.5075006746398,-12.996829361222765],[-38.5075279425633,-12.996805003814181],[-38.507583405752143,-12.996749418508594]]},"properties":{"NOME_LOGRADOURO":"Rua Barão de Jeremoabo","CODLOG":3939,"HIERARQUIA":"VL","GMLID":null}},{"type":"Feature","geometry":{"type":"LineString","coordinates":[[-38.49589568072598,-12.987286105403863],[-38.49587619186115,-12.987298363480232],[-38.495851530178378,-12.987311514860339],[-38.495825117504232,-12.987326019203536],[-38.49579391410365,-12.98734078462047],[-38.495772082801864,-12.987345443426472],[-38.495721434282238,-12.987350769726394],[-38.495691850881471,-12.98735414845526],[-38.495649871138703,-12.987358858588728],[-38.495613902897723,-12.987361048504393],[-38.495568727808653,-12.987366385393692],[-38.495504836216931,-12.987378195584327],[-38.495435240503269,-12.987390988448832],[-38.495403976960894,-12.987397618246405],[-38.495336053333958,-12.987410685601708],[-38.495282649268454,-12.987424866217507],[-38.495251435056566,-12.987444965663146],[-38.495220128425558,-12.987472930916052],[-38.495190631978808,-12.987508584822402],[-38.495145748218278,-12.987558220958366],[-38.495112883607163,-12.987567288156423],[-38.495077771374675,-12.987559716571566],[-38.4950440275151,-12.987552598856096],[-38.495023810565229,-12.987548672254979],[-38.494960654588809,-12.987534988670014],[-38.4949275262356,-12.987523985708632],[-38.49489802389963,-12.987524650877042],[-38.494872087843639,-12.987528669566595],[-38.494856122649672,-12.987527915152306],[-38.494831418164722,-12.98752479363322],[-38.494815380093357,-12.987522230593333],[-38.49479122354068,-12.987511245049326],[-38.494762744201182,-12.987494825657583],[-38.494729784268124,-12.987475776160522],[-38.494696750555853,-12.987455823179545],[-38.49463357291544,-12.98741501767811],[-38.494555215499048,-12.987361254719557]]},"properties":{"NOME_LOGRADOURO":"Vila Ogunjá","CODLOG":16669,"HIERARQUIA":"VL","GMLID":null}},{"type":"Feature","geometry":{"type":"LineString","coordinates":[[-38.4949275262356,-12.987523985708632],[-38.494919845362325,-12.987486994572961],[-38.494949258370504,-12.987417348317733],[-38.494921993602986,-12.987401745119611],[-38.494905769428726,-12.987378569555842],[-38.494902357663889,-12.987374042627533],[-38.494880227367226,-12.987338651049599],[-38.494857034090423,-12.987302262739618],[-38.494825351412061,-12.987253472545602],[-38.494768327765811,-12.987214938733278],[-38.494699597650737,-12.987175388395141],[-38.494621286479934,-12.98713618111074],[-38.494599877663617,-12.98712022756764],[-38.494592991456827,-12.987141731493073],[-38.494581712333343,-12.987154637495168],[-38.494550763273317,-12.987194084506427],[-38.494527697957693,-12.987244938466922],[-38.494499900716804,-12.987305275942905],[-38.494438433747931,-12.987283549584282],[-38.494380622394814,-12.987258846327034],[-38.494367991710327,-12.987262980364218],[-38.494358220643996,-12.987282489341865],[-38.494346310990501,-12.987306243186453],[-38.494325176108248,-12.987305297836622],[-38.494306881346482,-12.987290617168163],[-38.494269248981169,-12.987251216727241],[-38.494265261021802,-12.987230235106519],[-38.494273128230716,-12.987212892606527],[-38.494292264515359,-12.98718716349329],[-38.4943072071123,-12.987166942089287],[-38.494333455731294,-12.987120976336703],[-38.494337661472805,-12.987109050348272],[-38.494357253156757,-12.987046437232417],[-38.494353985209678,-12.987007736607685],[-38.494374197325889,-12.98693879591554],[-38.494374676788148,-12.98692740612764],[-38.494348671666053,-12.986890831458178],[-38.494335162530191,-12.986878419797698],[-38.4943268002366,-12.98687749929196],[-38.494312329254221,-12.986889766105691],[-38.494286168893261,-12.986929945793019],[-38.494271082661378,-12.986983347125742],[-38.494252027488479,-12.987006363674004],[-38.494218315347155,-12.987058823623]]},"properties":{"NOME_LOGRADOURO":"3ª Travessa da Amendoeira","CODLOG":16671,"HIERARQUIA":"VL","GMLID":null}},{"type":"Feature","geometry":{"type":"LineString","coordinates":[[-38.494599877663617,-12.98712022756764],[-38.494579616024197,-12.987100570674574],[-38.494523898306049,-12.98709341017331],[-38.494535700985715,-12.987009446337582],[-38.49456436101157,-12.986936453874618],[-38.494451473218781,-12.986850619961734]]},"properties":{"NOME_LOGRADOURO":"4ª Travessa da Amendoeira","CODLOG":16672,"HIERARQUIA":"VL","GMLID":null}},{"type":"Feature","geometry":{"type":"LineString","coordinates":[[-38.494905769428726,-12.987378569555842],[-38.494859205516825,-12.987394481431167],[-38.494839670204669,-12.987391822077759],[-38.494701577920985,-12.987324291758803],[-38.494527697957693,-12.987244938466922]]},"properties":{"NOME_LOGRADOURO":"2ª Travessa da Amendoeira","CODLOG":16670,"HIERARQUIA":"VL","GMLID":null}},{"type":"Feature","geometry":{"type":"LineString","coordinates":[[-38.50123317014576,-13.002253133218469],[-38.501089445129672,-13.002224196332547],[-38.501018910287947,-13.002211222408008],[-38.500670151719817,-13.002127374597572],[-38.500642564464727,-13.002120811925488],[-38.500422155154716,-13.002074278987179],[-38.500251288080783,-13.002042217724442],[-38.500148143650534,-13.002022943361652],[-38.499915528206195,-13.001993474839839],[-38.499771933308153,-13.001973399040621],[-38.499686947418923,-13.001961573339633],[-38.499673340596054,-13.001959648220723],[-38.499499217615124,-13.001920709778048],[-38.499469728247192,-13.001914052893222],[-38.499323165156184,-13.001858532141378],[-38.499178369528416,-13.001793521098373],[-38.499105288249012,-13.001760652985226],[-38.499013074759702,-13.0016757640753],[-38.498992279572199,-13.001656557681876],[-38.498899273163033,-13.001550511598211],[-38.498881152876592,-13.001524981579813],[-38.498838389625284,-13.001464959686507],[-38.498816022761716,-13.001433544811512],[-38.498798811012875,-13.001409282477399],[-38.498744849723074,-13.001322477967644],[-38.498710137394816,-13.001266720618267],[-38.498645192969484,-13.001159100979956],[-38.498639138757753,-13.001145076281112],[-38.498575339134355,-13.000997770826316],[-38.498530914120835,-13.000895163193974],[-38.49850106397173,-13.000841855750984],[-38.498489851222068,-13.000821944430454],[-38.498460076704291,-13.000768637129088],[-38.498451435603208,-13.00075524039883],[-38.498392161147237,-13.000663905263039],[-38.498382001468286,-13.000649510933446],[-38.498368277988,-13.000629956454974],[-38.498335980993666,-13.00058378686232],[-38.498312012428471,-13.000554719877718],[-38.498256553817136,-13.000493226587359],[-38.49818336922791,-13.000436760975148],[-38.498170082059666,-13.000427243492588],[-38.498133543851679,-13.000409272552483],[-38.498076259907407,-13.000385204011476],[-38.498009246248444,-13.000359942045081],[-38.497936144452211,-13.000337108837716],[-38.497844430471275,-13.000305560728531],[-38.49780217899287,-13.000293002329979],[-38.497650967849466,-13.000242083310994],[-38.497452788517947,-13.000179591290465],[-38.497292691249257,-13.00012304858453],[-38.496994174295359,-13.000007655649558],[-38.496930819342523,-12.999977608928393],[-38.496680742435558,-12.999859687163474],[-38.496604328262663,-12.999820574465767],[-38.496487418428586,-12.999765290485945],[-38.496375825841248,-12.999712638157069],[-38.49633040183997,-12.999689859077066],[-38.496215702037624,-12.999632499511934],[-38.496130018039125,-12.999589662219346],[-38.496016606764172,-12.999534475244765],[-38.495990096089606,-12.999521495884204],[-38.49582936265309,-12.999441536673324],[-38.495775950484905,-12.999421000785611],[-38.495683000417671,-12.999399575212339],[-38.495658067900806,-12.99939600117078],[-38.495645525198988,-12.999394168336529],[-38.495550962342236,-12.999380514240761],[-38.495485349084596,-12.999377584566009],[-38.495374274896335,-12.999369774991004]]},"properties":{"NOME_LOGRADOURO":"Rua Apolinário de Santana","CODLOG":562,"HIERARQUIA":"VC-II","GMLID":null}},{"type":"Feature","geometry":{"type":"LineString","coordinates":[[-38.514987675817508,-12.977034465210469],[-38.51513113972932,-12.977231186860887],[-38.515154865537113,-12.977267937053574],[-38.515171986842041,-12.977299882443202],[-38.515196549938473,-12.977375146846923],[-38.515200868028828,-12.977461673859125],[-38.515227793202456,-12.977691718479836],[-38.515250324828457,-12.977834693399258],[-38.51525997409275,-12.977877020952553],[-38.515270475285263,-12.977911757156626],[-38.515284475319426,-12.977945233938042],[-38.515298491693066,-12.977970754306901],[-38.515323131069231,-12.978006692367959],[-38.515354452965305,-12.978047162287522],[-38.515377891943423,-12.978074960816283],[-38.515407937611428,-12.978106930267851],[-38.515498466048825,-12.978196421912655],[-38.515522141601402,-12.978220152676235],[-38.515544818877387,-12.978248492318524],[-38.515573399963593,-12.978290675172465],[-38.515611675078603,-12.978352584975191],[-38.515643798003445,-12.978411318463968],[-38.515653571487789,-12.978429056225501],[-38.515743540532469,-12.978611393611329],[-38.515803789220421,-12.978751365171361],[-38.515821563845741,-12.97879886201974],[-38.515840892246899,-12.978868692062727],[-38.515855481390915,-12.978951350834642],[-38.515861889330829,-12.979019167491462],[-38.515867933290785,-12.97911736064057],[-38.515868888309846,-12.979134629859777],[-38.515872493892324,-12.979314545842355],[-38.515872748656875,-12.979340130993416],[-38.51587514008304,-12.979597613466673],[-38.515880626239941,-12.979787748186299],[-38.515883891555397,-12.979868577389027],[-38.515884979782314,-12.980288699245266],[-38.515893159695118,-12.980580094383647],[-38.515900503253491,-12.980989196990766],[-38.51589777379143,-12.981024541512824],[-38.515896918418093,-12.981034393465251],[-38.515862130385749,-12.981449656012046],[-38.515866270338073,-12.981549743608248]]},"properties":{"NOME_LOGRADOURO":"Rua do Sodré","CODLOG":1457,"HIERARQUIA":"VC-II","GMLID":null}},{"type":"Feature","geometry":{"type":"LineString","coordinates":[[-38.514086081761832,-12.987437112345882],[-38.514038619254237,-12.987407821096506],[-38.513910467186392,-12.987310303940076],[-38.513653975568772,-12.987095196706573],[-38.513365617020824,-12.986845675580948],[-38.513344978069469,-12.986824390852409],[-38.513294594545364,-12.986772402929082],[-38.513199539446482,-12.986702250111037],[-38.512666328923267,-12.986274799301762],[-38.512634265748559,-12.986263347545837],[-38.512599193699238,-12.986274673452638],[-38.5125612579969,-12.986311849006373],[-38.512301348590384,-12.986641794576533]]},"properties":{"NOME_LOGRADOURO":"Rua Conselheiro Spínola","CODLOG":1466,"HIERARQUIA":"VC-II","GMLID":null}},{"type":"Feature","geometry":{"type":"LineString","coordinates":[[-38.501117113379983,-12.967236910214771],[-38.50101094489213,-12.967255691328667],[-38.500161740682096,-12.967406212017613],[-38.500122035985768,-12.967415176403611],[-38.499851290560066,-12.96745967955888],[-38.499703137012197,-12.967486064629108],[-38.499563926331696,-12.967526570278004],[-38.499402028880169,-12.967582220792361],[-38.499363532498364,-12.967595527748927]]},"properties":{"NOME_LOGRADOURO":"Rua Thales de Freitas","CODLOG":1471,"HIERARQUIA":"VC-II","GMLID":null}},{"type":"Feature","geometry":{"type":"LineString","coordinates":[[-38.503680209203075,-12.965443466299815],[-38.503639491328457,-12.965389324875877],[-38.503506861820476,-12.965218654691249],[-38.503358872358319,-12.965049673209357],[-38.50321385317519,-12.964916317268791],[-38.503143567764099,-12.964859497053411],[-38.503073585180715,-12.964802949575049],[-38.502911277762365,-12.964685019424428],[-38.50285068837519,-12.964645757250654],[-38.502384801647139,-12.964343448707446],[-38.502253129177461,-12.964265808295691],[-38.502081298905594,-12.964158708556038],[-38.501988312685036,-12.964086565636105],[-38.501974193875256,-12.964075600003472],[-38.501808708456224,-12.963950701346388],[-38.501782528276195,-12.96392669423869],[-38.501687291241005,-12.963838997543048],[-38.501579448687238,-12.963744405343574],[-38.501467820351898,-12.963642484196777],[-38.501402909601538,-12.963596975052688],[-38.500852855514246,-12.96337740462813]]},"properties":{"NOME_LOGRADOURO":"Rua dos Perdões","CODLOG":1481,"HIERARQUIA":"VC-II","GMLID":null}},{"type":"Feature","geometry":{"type":"LineString","coordinates":[[-38.500161740682096,-12.967406212017613],[-38.5003813500904,-12.967842120512691],[-38.500405356202243,-12.967889811135626],[-38.501133860394219,-12.969288986734018]]},"properties":{"NOME_LOGRADOURO":"Ladeira do Funil","CODLOG":1505,"HIERARQUIA":"VC-II","GMLID":null}},{"type":"Feature","geometry":{"type":"LineString","coordinates":[[-38.514814174024245,-12.986566869448318],[-38.514813946622787,-12.986566688175269],[-38.514746692333205,-12.986510510424251],[-38.514016174269294,-12.985928549439453],[-38.513835195607228,-12.98578446355013],[-38.513686017210411,-12.985669999445127],[-38.513534477213092,-12.985558062720481],[-38.513343743165869,-12.985387650200011],[-38.513060033128269,-12.985133888441242],[-38.512740576069703,-12.98484832589252],[-38.512699064286188,-12.984808649482517],[-38.512688519370521,-12.984796877271931],[-38.512638656961919,-12.984750765980289],[-38.512023588508953,-12.984194692899068],[-38.511823448722048,-12.984013864677088]]},"properties":{"NOME_LOGRADOURO":"Rua General Labatut","CODLOG":901,"HIERARQUIA":"VC-II","GMLID":null}},{"type":"Feature","geometry":{"type":"LineString","coordinates":[[-38.509950667427482,-12.977994050312136],[-38.509859016099014,-12.977973807063373]]},"properties":{"NOME_LOGRADOURO":"Vila Garrido","CODLOG":2892,"HIERARQUIA":"VL","GMLID":null}},{"type":"Feature","geometry":{"type":"LineString","coordinates":[[-38.511940007806032,-12.986896240490477],[-38.511911130610336,-12.986927647600552],[-38.511883622297105,-12.986958786004379],[-38.511848802863305,-12.986996509841747],[-38.51184262522878,-12.987002497893611],[-38.511842480247488,-12.987002607939012],[-38.511809814474965,-12.987027264983766],[-38.511719226749719,-12.987083869556505]]},"properties":{"NOME_LOGRADOURO":"2ª Travessa Paulo Bispo","CODLOG":2070,"HIERARQUIA":"VL","GMLID":null}},{"type":"Feature","geometry":{"type":"LineString","coordinates":[[-38.511994564725207,-12.986172821059945],[-38.511873329709857,-12.986349698494987],[-38.511724677780585,-12.986238399126883],[-38.511627184583737,-12.986327265852944],[-38.511570846679568,-12.986365943901653],[-38.51150440676124,-12.986398816706574],[-38.511381142239593,-12.986447132064381],[-38.511377536872807,-12.986463669315855],[-38.511378456429803,-12.986498930186007],[-38.511400462862348,-12.986598418365608],[-38.511399790717078,-12.986708803452935]]},"properties":{"NOME_LOGRADOURO":"Travessa Almeida Sande","CODLOG":13218,"HIERARQUIA":"VL","GMLID":null}},{"type":"Feature","geometry":{"type":"LineString","coordinates":[[-38.511399790717078,-12.986708803452935],[-38.511406553615416,-12.986750131922772],[-38.511425436007784,-12.986814265567032],[-38.51144791141364,-12.986868189826295],[-38.511483901794691,-12.986931994822381],[-38.511510964558717,-12.986973180585084],[-38.511544096840602,-12.98702124909029],[-38.511605764863681,-12.987095679242307],[-38.511617720956565,-12.987086028113021],[-38.511633097418716,-12.987076655585463],[-38.511650892407047,-12.987074880527301],[-38.511672706446824,-12.987078448050028],[-38.511700911553994,-12.987079586119341],[-38.511719226749719,-12.987083869556505]]},"properties":{"NOME_LOGRADOURO":"1ª Travessa Paulo Bispo","CODLOG":2066,"HIERARQUIA":"VL","GMLID":null}},{"type":"Feature","geometry":{"type":"LineString","coordinates":[[-38.511842480247488,-12.987002607939012],[-38.511789834527022,-12.986946690167981],[-38.51169443270183,-12.986827170830065],[-38.511587863357285,-12.986688464147711]]},"properties":{"NOME_LOGRADOURO":"3ª Travessa Paulo Bispo","CODLOG":1925,"HIERARQUIA":"VL","GMLID":null}},{"type":"Feature","geometry":{"type":"LineString","coordinates":[[-38.497554751992332,-12.998175303067043],[-38.497518800159085,-12.998206153120583],[-38.497412908793507,-12.998268418615394],[-38.497322077108954,-12.998328091815013],[-38.49730472458581,-12.998335924221585],[-38.497269876682651,-12.998347428345049],[-38.497128902138861,-12.998386844389499],[-38.497110946484725,-12.99839241411023],[-38.497017380680994,-12.99841266516821],[-38.496972728396003,-12.998422071418055],[-38.496930132742378,-12.998429493218762],[-38.496862518276181,-12.9984382220106],[-38.496792774105245,-12.998447670051258],[-38.496696575814383,-12.998453631609598],[-38.496671638770351,-12.998376376548862],[-38.496656315901653,-12.998358536942881],[-38.496604982720797,-12.998249046105105],[-38.496582710420846,-12.998208048999322],[-38.496548587542435,-12.9981997551868],[-38.496294725866321,-12.998225210230007],[-38.496274575273702,-12.998225894548092],[-38.49622992608731,-12.998233312252417],[-38.496083411460461,-12.998267201117287],[-38.495920539137757,-12.998306212324968]]},"properties":{"NOME_LOGRADOURO":"Travessa Manoel Melo","CODLOG":7449,"HIERARQUIA":"VL","GMLID":null}},{"type":"Feature","geometry":{"type":"LineString","coordinates":[[-38.513004321107644,-12.996799913542407],[-38.513113206833495,-12.996797767504777],[-38.513124643133807,-12.996703495447861],[-38.513132834001581,-12.996635977456341],[-38.513143431858289,-12.996543240133471],[-38.513158892612658,-12.996412813152322],[-38.513162983543985,-12.996381359512601],[-38.513168064738501,-12.996349003485919],[-38.513175549001431,-12.996292965332193],[-38.513192764815351,-12.996198342399722]]},"properties":{"NOME_LOGRADOURO":"Vila Virtude","CODLOG":6008,"HIERARQUIA":"VL","GMLID":null}},{"type":"Feature","geometry":{"type":"LineString","coordinates":[[-38.513501282910454,-12.988474511891631],[-38.513611128982497,-12.988291124469068],[-38.51368992625757,-12.988187967552426],[-38.513736328842917,-12.988145011483414],[-38.513807751898035,-12.988082269439333],[-38.513827686224047,-12.988063877343839],[-38.513909632931004,-12.987989772339214],[-38.513987089742457,-12.987945190587293],[-38.514039241500257,-12.987909307347115],[-38.514128150467876,-12.987894647565874],[-38.51415704290168,-12.98789470156499],[-38.514218381633349,-12.987904219418734]]},"properties":{"NOME_LOGRADOURO":"Avenida Escadinha","CODLOG":10764,"HIERARQUIA":"VL","GMLID":null}},{"type":"Feature","geometry":{"type":"LineString","coordinates":[[-38.513736328842917,-12.988145011483414],[-38.513713165161406,-12.988118950368385],[-38.513652790761071,-12.988072060025788],[-38.513613509806753,-12.988042308372586],[-38.51355023951519,-12.98800946271691],[-38.513450871180837,-12.98799054083827],[-38.513382913685838,-12.987976320105675],[-38.513344789137989,-12.987969744517487],[-38.5133412814887,-12.987872190928682],[-38.513056016886317,-12.987822928897172],[-38.512935536826696,-12.987807242446948],[-38.512819069676297,-12.987761277652739]]},"properties":{"NOME_LOGRADOURO":"Travessa Doutor João Ribeiro Caldas","CODLOG":10765,"HIERARQUIA":"VL","GMLID":null}},{"type":"Feature","geometry":{"type":"LineString","coordinates":[[-38.514094701341349,-12.988322382447533],[-38.513999149122164,-12.988286972704687],[-38.51393619142867,-12.988259753020255],[-38.513860463270504,-12.988236603851698],[-38.513787017490074,-12.988197229576448],[-38.513751756541922,-12.988169973034696],[-38.513736328842917,-12.988145011483414]]},"properties":{"NOME_LOGRADOURO":"Travessa Bela Vista","CODLOG":2038,"HIERARQUIA":"VL","GMLID":null}},{"type":"Feature","geometry":{"type":"LineString","coordinates":[[-38.515084442589377,-12.987915030712404],[-38.515090293616481,-12.987967586295362],[-38.515128973569972,-12.987973078477387],[-38.515140388330899,-12.988072291631214],[-38.515025947447157,-12.988086170786096],[-38.515026152206715,-12.988125592554335],[-38.514937404259527,-12.988141834463278],[-38.514847969832161,-12.988140722633949],[-38.514793168064244,-12.988129098485798],[-38.514754490329651,-12.988121980428247],[-38.514556635466235,-12.988111854244263],[-38.514535584958722,-12.988136205987804],[-38.51443991706811,-12.988159876723492]]},"properties":{"NOME_LOGRADOURO":"Avenida Doze","CODLOG":10763,"HIERARQUIA":"VL","GMLID":null}},{"type":"Feature","geometry":{"type":"LineString","coordinates":[[-38.514629644162454,-12.987704378552701],[-38.514593823119426,-12.987905737259412],[-38.514604619747551,-12.987905757419048],[-38.514664068101361,-12.98791011835678],[-38.514749436425433,-12.987917691612378],[-38.514813467482462,-12.987922080963681],[-38.5148648937896,-12.987910252685433],[-38.514936207128493,-12.987903881538893],[-38.515084442589377,-12.987915030712404]]},"properties":{"NOME_LOGRADOURO":"Vila Capitão Santinho","CODLOG":1394,"HIERARQUIA":"VL","GMLID":null}},{"type":"Feature","geometry":{"type":"LineString","coordinates":[[-38.51600501697375,-12.98682097151084],[-38.515865998859638,-12.986837617498816],[-38.515848499440935,-12.986843912805973],[-38.515788136376628,-12.986998214409482],[-38.515751349020427,-12.987044428681559],[-38.515684909736557,-12.987081427724947],[-38.515657829669799,-12.987102589919791],[-38.51560616913941,-12.987128330613915],[-38.515563258449021,-12.987222001700905],[-38.515519822648201,-12.987311603609838],[-38.515500524645645,-12.987343842801698],[-38.515529639022539,-12.98773942483111]]},"properties":{"NOME_LOGRADOURO":"Rua Eraldo da Rocha","CODLOG":10787,"HIERARQUIA":"VL","GMLID":null}},{"type":"Feature","geometry":{"type":"LineString","coordinates":[[-38.515272598197413,-12.987374787024738],[-38.515472074005451,-12.987469363852313],[-38.515419366704485,-12.987577938472802],[-38.515367381858475,-12.987593018386027],[-38.515333005633678,-12.987648241540553],[-38.515315689607164,-12.987658834115001],[-38.515281010259699,-12.987668741450175],[-38.515291961151384,-12.987721880734236],[-38.515299583640726,-12.987781518033643],[-38.515279629344938,-12.987810751181838],[-38.51529603244245,-12.987902926865457]]},"properties":{"NOME_LOGRADOURO":"Travessa Dionísio Cerqueira","CODLOG":2737,"HIERARQUIA":"VL","GMLID":null}},{"type":"Feature","geometry":{"type":"LineString","coordinates":[[-38.515335718498051,-12.987249601907811],[-38.51549678476627,-12.987311922372863],[-38.515519822648201,-12.987311603609838]]},"properties":{"NOME_LOGRADOURO":"Beco Eraldo da Rocha","CODLOG":13212,"HIERARQUIA":"VL","GMLID":null}},{"type":"Feature","geometry":{"type":"LineString","coordinates":[[-38.515529639022539,-12.98773942483111],[-38.51541043758246,-12.987731904510889],[-38.51533066629149,-12.987714364488685],[-38.515315689607164,-12.987658834115001]]},"properties":{"NOME_LOGRADOURO":"Travessa Eraldo da Rocha","CODLOG":13213,"HIERARQUIA":"VL","GMLID":null}},{"type":"Feature","geometry":{"type":"LineString","coordinates":[[-38.50158109444714,-12.969684561725463],[-38.501659348789715,-12.969710839650999],[-38.501732514279738,-12.969734938533845],[-38.50180584851487,-12.969788690554847],[-38.501837981968784,-12.969801499165797],[-38.501898547162504,-12.969815448176854],[-38.501908521896581,-12.969845843494104],[-38.501909661249009,-12.969884901731138],[-38.501908716526316,-12.969939414915604],[-38.501896886572744,-12.970038839096006],[-38.501883952256975,-12.970120541619098],[-38.501876423769694,-12.970159582363374],[-38.501822874697972,-12.970287585766547],[-38.501795186942807,-12.970371248474407],[-38.501753016436119,-12.970512201596424],[-38.501717241285746,-12.97064837536943]]},"properties":{"NOME_LOGRADOURO":"Rua Euzébio Ferreira","CODLOG":10788,"HIERARQUIA":"VL","GMLID":null}},{"type":"Feature","geometry":{"type":"LineString","coordinates":[[-38.501659348789715,-12.969710839650999],[-38.501755776052669,-12.969697735490186],[-38.501845065977506,-12.96968000689979]]},"properties":{"NOME_LOGRADOURO":"Travessa Fonte da Vovó","CODLOG":10791,"HIERARQUIA":"VL","GMLID":null}},{"type":"Feature","geometry":{"type":"LineString","coordinates":[[-38.503415451772206,-12.969185242528853],[-38.503301789713397,-12.969225707568643],[-38.503213924528573,-12.969253203403973],[-38.503187915440236,-12.969257402803388],[-38.502937774271288,-12.969380509069158],[-38.502916770896711,-12.969390684194682],[-38.502711835462499,-12.969490281239683],[-38.502511309488973,-12.96955155297357]]},"properties":{"NOME_LOGRADOURO":"Rua Batitinga","CODLOG":10789,"HIERARQUIA":"VL","GMLID":null}},{"type":"Feature","geometry":{"type":"LineString","coordinates":[[-38.507396575007292,-12.980035554358039],[-38.507756007215853,-12.980284674642681],[-38.508012025022261,-12.980464527361121],[-38.50803972973263,-12.980487633436343],[-38.508049713276215,-12.980514593331462],[-38.50804356133839,-12.98054975041328],[-38.50800154335127,-12.980613949038862],[-38.50782158388413,-12.980845047705957],[-38.507563458514063,-12.981195604247949],[-38.507507953865783,-12.981274062473958],[-38.507490632943217,-12.981305943113743],[-38.507477185694931,-12.981339638669066],[-38.507467765505723,-12.981374517365357],[-38.507462525048496,-12.981410309123675],[-38.507461906650747,-12.981453702561231],[-38.507497388055107,-12.982084625532471],[-38.507506124330433,-12.982204159449569],[-38.507525133504785,-12.982319373358679],[-38.507584495498897,-12.982559786446883],[-38.507749609589474,-12.983190142771626]]},"properties":{"NOME_LOGRADOURO":"Boulevard Suíço","CODLOG":1468,"HIERARQUIA":"VL","GMLID":null}},{"type":"Feature","geometry":{"type":"LineString","coordinates":[[-38.51054459355953,-12.977765179577405],[-38.510544898717669,-12.977764728029873],[-38.510646013267433,-12.977610866828513],[-38.510703782693199,-12.977539373879576],[-38.510810264134548,-12.977401614615149]]},"properties":{"NOME_LOGRADOURO":"Rua Tristão Nunes","CODLOG":1525,"HIERARQUIA":"VL","GMLID":null}},{"type":"Feature","geometry":{"type":"LineString","coordinates":[[-38.513914761878155,-12.984669088101663],[-38.514408005474877,-12.98512240717495]]},"properties":{"NOME_LOGRADOURO":"Travessa São Vicente","CODLOG":1554,"HIERARQUIA":"VL","GMLID":null}},{"type":"Feature","geometry":{"type":"LineString","coordinates":[[-38.503656633838261,-12.965485730907449],[-38.503680209203075,-12.965443466299815],[-38.503713956128848,-12.965485841075759],[-38.503656633838261,-12.965485730907449]]},"properties":{"NOME_LOGRADOURO":"Largo Quitandinha do Capim","CODLOG":1235,"HIERARQUIA":"VC-II","GMLID":null}},{"type":"Feature","geometry":{"type":"LineString","coordinates":[[-38.502819562727375,-12.981901111173519],[-38.50282879406322,-12.981885036928075],[-38.502856922424385,-12.981809872221053],[-38.502842880742563,-12.981780934045437],[-38.502848116423841,-12.981734428029805]]},"properties":{"NOME_LOGRADOURO":"Vila Archimedes Gonzaga","CODLOG":16711,"HIERARQUIA":"VL","GMLID":null}},{"type":"Feature","geometry":{"type":"LineString","coordinates":[[-38.522903737460247,-12.997809852648077],[-38.52301415267786,-12.997962661868605],[-38.523194931731275,-12.998218212852121],[-38.523213669899654,-12.998240577538043],[-38.523235377859301,-12.998260235847145],[-38.523282176564166,-12.998280482747704],[-38.523326126819939,-12.998279479212458],[-38.523360898314571,-12.998267338441627],[-38.523399032787992,-12.998245530239249],[-38.523419222366797,-12.998224412504012],[-38.523436315879408,-12.998192439973547],[-38.523442936204624,-12.998149689539202],[-38.523433968175638,-12.998107363533061],[-38.523417302354886,-12.998075148218701],[-38.523365142279786,-12.997955443708994],[-38.523358305224093,-12.997912669488429],[-38.5233655200065,-12.997877333134431],[-38.523472833189359,-12.997623308269089],[-38.523519203835519,-12.997509209969854],[-38.523529915130894,-12.997474423472578],[-38.523550177076523,-12.997375194583737],[-38.523551358113536,-12.997194474627603],[-38.523548486988382,-12.996666314235645],[-38.523539443299221,-12.996544249174866],[-38.523533166409067,-12.996486738619156],[-38.523516040458013,-12.996416371523168],[-38.523502290175131,-12.996330640283833],[-38.523485410600983,-12.996290649894208],[-38.523453170965958,-12.996251353820458],[-38.523413771638531,-12.996218554259256],[-38.523366468495894,-12.996184022129425],[-38.523316801319226,-12.996152740026707],[-38.523258695684476,-12.996121081637339],[-38.523203304117374,-12.99610136061507],[-38.522979218401176,-12.996028441600897],[-38.522916685699165,-12.996005996484932],[-38.522876269321401,-12.995988201804243],[-38.522844598356102,-12.995969881537093],[-38.522789160714133,-12.995934249273757],[-38.522608134554297,-12.995809064181987]]},"properties":{"NOME_LOGRADOURO":"Rua Almirante Cleto Japi Assú","CODLOG":67,"HIERARQUIA":"VL","GMLID":null}},{"type":"Feature","geometry":{"type":"LineString","coordinates":[[-38.517412587430833,-12.987292357022802],[-38.51774439367523,-12.98721106726758]]},"properties":{"NOME_LOGRADOURO":"Travessa Mário","CODLOG":1016,"HIERARQUIA":"VL","GMLID":null}},{"type":"Feature","geometry":{"type":"LineString","coordinates":[[-38.506325696960253,-12.972479065239545],[-38.50718551103278,-12.972466418646489],[-38.507313315604613,-12.972464581775542],[-38.507679927887004,-12.972459221659488]]},"properties":{"NOME_LOGRADOURO":"Ladeira da Saúde","CODLOG":940,"HIERARQUIA":"VC-II","GMLID":null}},{"type":"Feature","geometry":{"type":"LineString","coordinates":[[-38.5170055892047,-12.981424670098464],[-38.517388341527507,-12.982085079911553],[-38.517524151991417,-12.982311168624109],[-38.517568771139857,-12.982355821580331],[-38.517660237250027,-12.982394415275149],[-38.517964593994257,-12.982468843660291],[-38.518267914160511,-12.982528624639357]]},"properties":{"NOME_LOGRADOURO":"Rua Augusto França","CODLOG":182,"HIERARQUIA":"VC-II","GMLID":null}},{"type":"Feature","geometry":{"type":"LineString","coordinates":[[-38.520352492019263,-12.992409314776184],[-38.520460724792507,-12.992429314737496],[-38.520739934484304,-12.992460299194871],[-38.520826175507253,-12.992450333410256],[-38.521232154258776,-12.992231758269293],[-38.521513282879809,-12.992094589557686]]},"properties":{"NOME_LOGRADOURO":"Rua Doutor Augusto Viana","CODLOG":188,"HIERARQUIA":"VC-I","GMLID":null}},{"type":"Feature","geometry":{"type":"LineString","coordinates":[[-38.522831449081153,-12.998874074064153],[-38.522847912009119,-12.998774024455734],[-38.522849653815769,-12.998737865153371],[-38.522848886532138,-12.998701701241941],[-38.522844710559077,-12.998658569299021],[-38.522838467612537,-12.998622937875094],[-38.522827523053088,-12.99858087859038],[-38.522815422636945,-12.998546772715361],[-38.522803612014414,-12.998520262112558],[-38.522789974964823,-12.998494561972981],[-38.522676050029794,-12.998308475479122],[-38.522614861904565,-12.998218136727049],[-38.522497246865633,-12.998053289480916],[-38.522480717594085,-12.998029301167886],[-38.522442301483892,-12.997959165247616],[-38.522423199914236,-12.997928211336594],[-38.522377476634361,-12.997862582286187],[-38.522282834090355,-12.997732764170605],[-38.522236179485603,-12.997676806979976],[-38.522145934709336,-12.997553235280485],[-38.522078690449554,-12.997449415659716],[-38.52202510737272,-12.997358638645903],[-38.521697183769682,-12.996716055753307],[-38.521608831224128,-12.996557138679094],[-38.521589821977066,-12.996518048498295],[-38.521576580649679,-12.996484211741137],[-38.521569335228172,-12.99645599142989],[-38.521566272277994,-12.996427417123266]]},"properties":{"NOME_LOGRADOURO":"Rua da Paz","CODLOG":1170,"HIERARQUIA":"VC-II","GMLID":null}},{"type":"Feature","geometry":{"type":"LineString","coordinates":[[-38.518561589161074,-13.000628182041931],[-38.518771434672118,-13.000242444798577],[-38.518805851669903,-13.000137908468057],[-38.518856192232647,-13.000016948026667],[-38.518902991069005,-12.999918853835414],[-38.518959946724237,-12.99983723295191],[-38.519046821714575,-12.999735958579098],[-38.519167215447112,-12.999641165446358],[-38.51928070894197,-12.999576012321496],[-38.519309990492687,-12.99957199832383],[-38.519339491281933,-12.999572414614615],[-38.51936852819032,-12.999577170409701],[-38.519396492047328,-12.999586081925084],[-38.519422850787393,-12.999599149080963],[-38.519446922160256,-12.999615828974081],[-38.519657244642339,-12.99984829286694],[-38.519813821452452,-12.999995765104471],[-38.519957067704944,-13.00011708541858],[-38.520638273475491,-13.000549046250027],[-38.520847550753601,-13.000690922038446],[-38.520933359107644,-13.000748399390758],[-38.521053456785495,-13.000846352380499],[-38.521204372999698,-13.000971304055277],[-38.52128330526147,-13.001045583923993],[-38.521410188300898,-13.001173835979813],[-38.521547332792025,-13.001342609736392],[-38.521674143275874,-13.001507928267937],[-38.521831965531511,-13.001678909244673],[-38.521907856147543,-13.001753635454262],[-38.521984740062656,-13.001826375040501],[-38.522106330887823,-13.001899648999119],[-38.522308858948968,-13.001994408312321],[-38.522432497664127,-13.002031704247804],[-38.522514983467786,-13.002038546416019],[-38.522607785789198,-13.002018556927027],[-38.522897121788048,-13.00193013010159],[-38.523124400430042,-13.00184809864794],[-38.52320985435685,-13.001813991060128],[-38.523298673865412,-13.001730709639627],[-38.523382867744083,-13.001679874796285],[-38.523450363446592,-13.001652786360991],[-38.523512256902791,-13.001652900830491],[-38.523592505494548,-13.001676193063838]]},"properties":{"NOME_LOGRADOURO":"Rua Djalma Ramos","CODLOG":4420,"HIERARQUIA":"VL","GMLID":null}},{"type":"Feature","geometry":{"type":"LineString","coordinates":[[-38.518329889356856,-12.99176312884873],[-38.517970100902218,-12.991921302961305]]},"properties":{"NOME_LOGRADOURO":"1ª Travessa Martin Affonso de Souza","CODLOG":10273,"HIERARQUIA":"VL","GMLID":null}},{"type":"Feature","geometry":{"type":"LineString","coordinates":[[-38.507147011693469,-12.992098178520431],[-38.507005892362052,-12.992176563628117],[-38.506845211257861,-12.992265849245452],[-38.50675864116193,-12.992326979893562],[-38.506693337889146,-12.992360757777888],[-38.506646726443186,-12.992401080767966],[-38.506568025228475,-12.992481934238404],[-38.506481416248576,-12.992562683145527],[-38.50643130043759,-12.992606434653506],[-38.506384092285515,-12.992640698943394],[-38.506327244005519,-12.992666808543275],[-38.506295899277447,-12.992676512095143],[-38.506249049329575,-12.992683474362673],[-38.505957694432887,-12.99268165288157],[-38.505928196501742,-12.992680240438471],[-38.505884016830542,-12.992682596987855],[-38.505840434629839,-12.992690107939598],[-38.5056581670542,-12.992737132698521],[-38.505627895514316,-12.992742227481502],[-38.505604925609447,-12.992746161542188],[-38.505543868209791,-12.992747852954016],[-38.505515125787916,-12.992748612081463],[-38.505372269252618,-12.99274408937154],[-38.505286205080978,-12.992741303244417],[-38.505243309047231,-12.992748272856254],[-38.505201221401094,-12.99276889533664],[-38.5051805829739,-12.992786123438488],[-38.50515550817164,-12.992816000665615],[-38.505141625696425,-12.992838485326178],[-38.505128724724258,-12.992864497493178],[-38.505118103046357,-12.992891508665842],[-38.505109608311514,-12.99291915685766],[-38.505071409074269,-12.99308832378175],[-38.505047455387974,-12.993243957822685]]},"properties":{"NOME_LOGRADOURO":"2ª Travessa Padre Domingos de Brito","CODLOG":5954,"HIERARQUIA":"VL","GMLID":null}},{"type":"Feature","geometry":{"type":"LineString","coordinates":[[-38.509786799245518,-12.972957920411845],[-38.509658201674235,-12.972820801883231],[-38.509493662340937,-12.972635428413266],[-38.509292251780849,-12.972410386690585],[-38.509054279383967,-12.972142694118265],[-38.50887525602127,-12.971938488305987],[-38.508810920811115,-12.971869477097572],[-38.508752655601633,-12.971806895652211],[-38.508540471362963,-12.97157071356027]]},"properties":{"NOME_LOGRADOURO":"Rua das Portas do Carmo","CODLOG":45,"HIERARQUIA":"VC-II","GMLID":null}},{"type":"Feature","geometry":{"type":"LineString","coordinates":[[-38.506691947642523,-12.975475560698474],[-38.506770977982974,-12.975263708024706],[-38.506791370441576,-12.975216555138271],[-38.506909532627262,-12.974977112170404],[-38.50700998758284,-12.974772442619921],[-38.507109651702066,-12.974545079541706],[-38.507137145132553,-12.974482208953633],[-38.50723638568661,-12.974237576679371],[-38.507353629020223,-12.974001206148765]]},"properties":{"NOME_LOGRADOURO":"Rua da Fonte Nova do Desterro","CODLOG":57,"HIERARQUIA":"VC-II","GMLID":null}},{"type":"Feature","geometry":{"type":"LineString","coordinates":[[-38.507623510238012,-12.978340323330823],[-38.507681608256917,-12.978256988843707],[-38.507860677024155,-12.977936838631674],[-38.507936075169788,-12.977793506824137],[-38.508133726915219,-12.977417610590722],[-38.508265300712445,-12.977162823878855],[-38.508307501644609,-12.977043657481634],[-38.508342252533872,-12.976885964376104],[-38.508359749913645,-12.976803005100736]]},"properties":{"NOME_LOGRADOURO":"Rua do Carro","CODLOG":74,"HIERARQUIA":"VC-I","GMLID":null}},{"type":"Feature","geometry":{"type":"LineString","coordinates":[[-38.50196565912934,-12.984009914764764],[-38.501957464898453,-12.984077884495482],[-38.501857889141945,-12.984218546605724],[-38.501681447117114,-12.984435452628141],[-38.501650046699133,-12.984473544219659],[-38.501628699146515,-12.984503065682087],[-38.501609706425995,-12.984534038442982],[-38.501590164710393,-12.98457305609338],[-38.501576868805593,-12.984606662072169],[-38.501564316641648,-12.984648315419117],[-38.50155687132137,-12.984683740190764],[-38.50155169113097,-12.984726763126673],[-38.501563724627211,-12.984868995393288],[-38.501572597042667,-12.984918826175671],[-38.501583248894171,-12.984953472724026],[-38.501597476280779,-12.98498686018722],[-38.501614900033069,-12.985018626141219],[-38.501635747900728,-12.985048771926209],[-38.501664118125667,-12.985081643948053],[-38.501696600989369,-12.985111179058444],[-38.501711026098754,-12.985121241978431],[-38.50180524956339,-12.985187057826055],[-38.502011917341221,-12.985331834019194],[-38.502244483451925,-12.985490583151337],[-38.502460271277307,-12.985637094521055],[-38.502793900318174,-12.985863841129662],[-38.503064744473988,-12.986044451366775],[-38.503151837666351,-12.986102207173158],[-38.503314637363722,-12.986208023369185],[-38.503439471953101,-12.986289086580834],[-38.503565086557465,-12.98639808596951],[-38.503585111942655,-12.986421901247402],[-38.503672418864461,-12.986525402892877],[-38.503728139702638,-12.98656872388694],[-38.503728176997676,-12.986626584589791],[-38.50364559207604,-12.986825862004867],[-38.503511249433302,-12.987283512654297],[-38.503473066421449,-12.987405940083812],[-38.503463807257567,-12.987435936898027],[-38.503466379814363,-12.987427602893462],[-38.503445601082575,-12.987491502144854],[-38.503416897049654,-12.987550300799287],[-38.50338813299004,-12.987600783023286],[-38.503352289812,-12.987655591175709],[-38.503316765069904,-12.987702805204046],[-38.503274312807307,-12.987754616718982],[-38.50325160019581,-12.987782418540839],[-38.503163536556187,-12.987868406404228],[-38.503052746233934,-12.987951186849042],[-38.502888236806946,-12.988054567136885],[-38.502792186981722,-12.988103834614185],[-38.502715484561321,-12.988135330026177],[-38.502656969199457,-12.988159446333322],[-38.502406274466111,-12.988245120920382],[-38.502362911378988,-12.988257785006839],[-38.502150736078981,-12.988319577004003],[-38.502067141178621,-12.988336605621249],[-38.501826784966156,-12.988385944406698],[-38.501690336949615,-12.988409549430814],[-38.501634739144748,-12.988419205942755],[-38.501470364768032,-12.98845396719118],[-38.501390627019433,-12.988482472383877],[-38.501237521562203,-12.988547631280882],[-38.501126787696464,-12.988601661523813],[-38.501029199139722,-12.988659785132999],[-38.50100141500576,-12.988676366224652],[-38.500874277168414,-12.9887590238929],[-38.500795937020619,-12.988810675638993],[-38.500683717957365,-12.988884773374229],[-38.500639416015211,-12.988910815421853],[-38.500609569142448,-12.988932003233554],[-38.500575982968492,-12.988960235131419],[-38.500549928975566,-12.988985860101476],[-38.500530573368231,-12.989007610606061],[-38.500495884955001,-12.989054465033799],[-38.500404708727686,-12.989213855852601],[-38.500385251981321,-12.989247902024008],[-38.500370947838825,-12.989291178646422],[-38.500343092084499,-12.989380899083326],[-38.500320678551638,-12.98948672095171],[-38.500298314239103,-12.98960619514617],[-38.500281521615051,-12.98971483186622],[-38.500258734372821,-12.989970185574348]]},"properties":{"NOME_LOGRADOURO":"Rua Almirante Alves Câmara","CODLOG":75,"HIERARQUIA":"VC-II","GMLID":null}},{"type":"Feature","geometry":{"type":"LineString","coordinates":[[-38.508422270034636,-12.968266765656432],[-38.508436121667465,-12.968259107548922],[-38.508731629483997,-12.968105886060696]]},"properties":{"NOME_LOGRADOURO":"Travessa do Cais do Ouro","CODLOG":13198,"HIERARQUIA":"VC-II","GMLID":null}},{"type":"Feature","geometry":{"type":"LineString","coordinates":[[-38.499664101823029,-12.978771413233119],[-38.499533758202098,-12.978747114181802],[-38.499299969184484,-12.978706253717077],[-38.498988666302175,-12.978685313413385]]},"properties":{"NOME_LOGRADOURO":"Travessa Amaral Muniz","CODLOG":81,"HIERARQUIA":"VC-I","GMLID":null}},{"type":"Feature","geometry":{"type":"LineString","coordinates":[[-38.510115001846053,-12.983530760025745],[-38.510083360692299,-12.983498515697971],[-38.510054831690752,-12.983468536933181],[-38.510032063725589,-12.983447519216623],[-38.5100031489998,-12.98342052372127],[-38.509939703811845,-12.983361548802467]]},"properties":{"NOME_LOGRADOURO":"Vila Lídia","CODLOG":2886,"HIERARQUIA":"VL","GMLID":null}},{"type":"Feature","geometry":{"type":"LineString","coordinates":[[-38.510438604700795,-12.988223644431812],[-38.510493683468276,-12.988401668741821],[-38.510531616472171,-12.988522071352532],[-38.510551706837923,-12.98859036593489]]},"properties":{"NOME_LOGRADOURO":"Avenida Leandro","CODLOG":3061,"HIERARQUIA":"VL","GMLID":null}},{"type":"Feature","geometry":{"type":"LineString","coordinates":[[-38.505198333597342,-12.973921609812319],[-38.505127360196916,-12.973864789665679],[-38.50486199529238,-12.973725960120658],[-38.504740672838196,-12.973678897601751],[-38.504626637016507,-12.973637996846414],[-38.504422320836404,-12.973576582278666]]},"properties":{"NOME_LOGRADOURO":"Beco da Sereia","CODLOG":3604,"HIERARQUIA":"VL","GMLID":null}},{"type":"Feature","geometry":{"type":"LineString","coordinates":[[-38.509426581884163,-12.96814399750158],[-38.509657370414359,-12.967962536408644],[-38.509744935681098,-12.967893179434864],[-38.509772275245417,-12.967869545152984],[-38.509775016358859,-12.96786719928045],[-38.510253873381295,-12.967453771428771]]},"properties":{"NOME_LOGRADOURO":"Rua da Noruega","CODLOG":1097,"HIERARQUIA":"VL","GMLID":null}},{"type":"Feature","geometry":{"type":"LineString","coordinates":[[-38.525851095839499,-12.997316138914591],[-38.525477906444074,-12.996761534024589],[-38.525353170133506,-12.99658230024234],[-38.525329212440241,-12.9965460035269],[-38.525306741648897,-12.99652742908849],[-38.525275070944971,-12.996508836933424],[-38.52522570843584,-12.996477194949939],[-38.525178377662712,-12.996457037854602],[-38.525135666844513,-12.996446020249415],[-38.525099257921433,-12.996440257866817],[-38.525055087207868,-12.996437102692708],[-38.525010835445258,-12.996437292160811],[-38.524966728719598,-12.996440737164281],[-38.5249230717342,-12.996447708629203],[-38.524778377421697,-12.99650326115848],[-38.524664318339958,-12.996544361066555],[-38.524607251260505,-12.996569124256386],[-38.524536069711132,-12.996600959915781],[-38.524507287140352,-12.99662305668884],[-38.524494843463117,-12.996649070707802],[-38.524489045612881,-12.996699235676568],[-38.524492094618985,-12.996735313348173],[-38.524514529574624,-12.996772692442425],[-38.524538732305963,-12.996799859528725],[-38.524614388734612,-12.996879103934786],[-38.524676542350996,-12.996941056176643],[-38.524710706029921,-12.99696860226563],[-38.524774047469485,-12.997005785805229],[-38.524813319373237,-12.997025747386491],[-38.524847738526219,-12.997038738313776],[-38.524938618538513,-12.997068919983523],[-38.524972426012106,-12.997083538319123],[-38.524998098016781,-12.997097960022559],[-38.525020645885313,-12.997116263355567],[-38.525058045352303,-12.997161263604365],[-38.525343632793842,-12.997600440546924]]},"properties":{"NOME_LOGRADOURO":"Rua Luiz Martins Catharino Gordilho","CODLOG":630,"HIERARQUIA":"VL","GMLID":null}},{"type":"Feature","geometry":{"type":"LineString","coordinates":[[-38.514306014490593,-12.987607126796469],[-38.514262848682407,-12.987753504597316],[-38.514246240315238,-12.987809886579811],[-38.514244326910607,-12.987816573499314],[-38.514218381633349,-12.987904219418734],[-38.514203534903814,-12.987954185467325],[-38.514174375174569,-12.988052764906367],[-38.514154174201977,-12.988119175455976],[-38.514119739869805,-12.988237330933238],[-38.514094701341349,-12.988322382447533],[-38.514046401966624,-12.988489187397427]]},"properties":{"NOME_LOGRADOURO":"Rua Francisco Drummond","CODLOG":1937,"HIERARQUIA":"VL","GMLID":null}},{"type":"Feature","geometry":{"type":"LineString","coordinates":[[-38.509461434496686,-12.984739069343464],[-38.509682044781719,-12.984676835886198],[-38.509804530856833,-12.984637741309646]]},"properties":{"NOME_LOGRADOURO":"Vila Antonieta Góes","CODLOG":1981,"HIERARQUIA":"VL","GMLID":null}},{"type":"Feature","geometry":{"type":"LineString","coordinates":[[-38.501070006230776,-12.975699308394814],[-38.5011753605989,-12.97567121394353],[-38.501313199320194,-12.97563287606132],[-38.5014362870143,-12.975595594026185],[-38.501559373751682,-12.975558311929625],[-38.501754269403385,-12.975502092298262]]},"properties":{"NOME_LOGRADOURO":"Vila Margarida","CODLOG":2008,"HIERARQUIA":"VL","GMLID":null}},{"type":"Feature","geometry":{"type":"LineString","coordinates":[[-38.510225740814995,-12.988327660879703],[-38.510327265478089,-12.988665882438784]]},"properties":{"NOME_LOGRADOURO":"Avenida Ponciano","CODLOG":2052,"HIERARQUIA":"VL","GMLID":null}},{"type":"Feature","geometry":{"type":"LineString","coordinates":[[-38.513846146314293,-12.98746595310342],[-38.513756443670999,-12.987458281025818],[-38.513372473676824,-12.987425012528925],[-38.51328405150042,-12.987423671483082],[-38.513192456242145,-12.987412016999256],[-38.513085122975347,-12.987400333911285],[-38.51297604423867,-12.987386748599118],[-38.512870615097185,-12.987373170080145],[-38.512786774551046,-12.987361529985201],[-38.512670495425297,-12.987336540302843]]},"properties":{"NOME_LOGRADOURO":"Vila Coronel Maurino","CODLOG":2793,"HIERARQUIA":"VL","GMLID":null}},{"type":"Feature","geometry":{"type":"LineString","coordinates":[[-38.50935697557599,-12.987643628744431],[-38.508983955930475,-12.98753190156598]]},"properties":{"NOME_LOGRADOURO":"Vila Bandeira","CODLOG":1733,"HIERARQUIA":"VL","GMLID":null}},{"type":"Feature","geometry":{"type":"LineString","coordinates":[[-38.517256469034727,-12.999789397477139],[-38.517559815408191,-12.9994114071167],[-38.51758808975881,-12.999327308994198],[-38.5176327516158,-12.999185206097055],[-38.517652161739221,-12.999093837667798],[-38.517662706720976,-12.998996648440146],[-38.51766433241395,-12.998921205964001],[-38.517660103454809,-12.998812382440768],[-38.517653478492335,-12.998710414957523],[-38.517777837132535,-12.998649169998805],[-38.518036052682007,-12.998530677091837],[-38.518197316596869,-12.998454945703562],[-38.518225087343666,-12.998445323620352],[-38.518253841069324,-12.998439049055712],[-38.518283195845136,-12.998436210821113],[-38.518312695796858,-12.998436988919655],[-38.518341809211961,-12.998441201516812],[-38.518370230694146,-12.998448939375074],[-38.518397505816026,-12.998460110323654],[-38.518420900294011,-12.998472900808045],[-38.518471530290718,-12.99851693273316],[-38.518488973491053,-12.998540199588597],[-38.518501469481265,-12.998566349945731],[-38.518508486268608,-12.998594389056198],[-38.51850995125136,-12.998623231694355],[-38.518499826023351,-12.998669320270782],[-38.51848860579009,-12.998691720174536],[-38.518348568213426,-12.998879323334565],[-38.517801315079012,-12.999603634589537],[-38.517787199968083,-12.999629012180447],[-38.517775895808015,-12.999655660928983],[-38.517767554176892,-12.999683400268362],[-38.517762252310177,-12.999711868645248],[-38.517759991656504,-12.999740793885428],[-38.517760924489203,-12.999769635534635],[-38.517764898835324,-12.999798301982194],[-38.517772068641406,-12.999826341392424],[-38.517782128112472,-12.999853572348869],[-38.51779508088871,-12.999879542736602],[-38.517810849112252,-12.999903982042127],[-38.517829053219351,-12.999926707807521],[-38.517849619214786,-12.999947359102141],[-38.517872394202314,-12.999965844313083],[-38.517896998963018,-12.999981801943038],[-38.517923205160479,-12.999995049814908],[-38.517950709413412,-13.000005588269399],[-38.517979207769038,-13.000013235893437],[-38.518008245047682,-13.000017810089188],[-38.518037743788092,-13.000019311616972],[-38.518067096136363,-13.000017828868751],[-38.518096302262407,-13.000013273229071],[-38.518124677777735,-13.000005732044004],[-38.518152223603529,-12.999995205315505],[-38.518178405303722,-12.999981964229471],[-38.518203070727132,-12.999966008504048],[-38.518225764744344,-12.999947607664025],[-38.518792289731024,-12.999204708339208],[-38.518920875889563,-12.999041222495535],[-38.519019438980571,-12.99895072754188],[-38.519283800709694,-12.99875964852607],[-38.519306873755298,-12.998741609982257],[-38.519327442753557,-12.998720945402221],[-38.519345279420556,-12.998697924732788],[-38.519360077838861,-12.998672909105711],[-38.519371610295821,-12.998646351125865],[-38.519379493696732,-12.998619424696573],[-38.519488772237636,-12.99778074703956]]},"properties":{"NOME_LOGRADOURO":"Rua Barão de Loreto","CODLOG":944,"HIERARQUIA":"VC-II","GMLID":null}},{"type":"Feature","geometry":{"type":"LineString","coordinates":[[-38.498045615269042,-12.962233792204666],[-38.498063819376839,-12.962216559867477],[-38.498128020896104,-12.962160902657615],[-38.498213622921583,-12.962086210755034],[-38.498235684133,-12.962117081612817],[-38.49829487421475,-12.962210314577762],[-38.49833891474384,-12.962275220971154],[-38.498366010813285,-12.962297874714718],[-38.498393834808354,-12.962298650795828],[-38.498417513269601,-12.96228160982556],[-38.498457039026135,-12.962246970251476],[-38.498501486165175,-12.962223007501571],[-38.498526967318632,-12.962216908618919],[-38.498551221500712,-12.962215779803286],[-38.498588227820768,-12.96222471082519],[-38.498618907646296,-12.962242308586482],[-38.498657201318629,-12.962291654503439],[-38.498681454418389,-12.962329309558593],[-38.49871516770957,-12.962388319337583],[-38.498742134677521,-12.962437732961074],[-38.498765145097124,-12.962488224058671],[-38.498811777022858,-12.962588393605493],[-38.498850657609765,-12.962686831071188],[-38.498898731080764,-12.962788178893245],[-38.498920004872112,-12.96283297081011],[-38.498954639548089,-12.96288773329532],[-38.498994137386866,-12.962943589319323],[-38.499028563509327,-12.962988317010019],[-38.499123429970538,-12.963109462779096]]},"properties":{"NOME_LOGRADOURO":"1ª Avenida Flora","CODLOG":10627,"HIERARQUIA":"VL","GMLID":null}},{"type":"Feature","geometry":{"type":"LineString","coordinates":[[-38.512040238440235,-12.983766017057874],[-38.511897238530764,-12.983642343003602],[-38.511855481859513,-12.983611616205236],[-38.511780956985739,-12.983541591868081]]},"properties":{"NOME_LOGRADOURO":"Travessa Professor França","CODLOG":10771,"HIERARQUIA":"VL","GMLID":null}},{"type":"Feature","geometry":{"type":"LineString","coordinates":[[-38.492824816146431,-12.988278854454764],[-38.491738389800673,-12.988533126247985],[-38.49167931774307,-12.988530298924175],[-38.491638191725478,-12.988526331171116],[-38.491584397229424,-12.988545482663865],[-38.491550872830736,-12.988601823600295],[-38.491427990524123,-12.988979401908482],[-38.491323622341831,-12.98913405877015]]},"properties":{"NOME_LOGRADOURO":"Rua Dom Jerônimo Thomé da Silva","CODLOG":821,"HIERARQUIA":"VL","GMLID":null}},{"type":"Feature","geometry":{"type":"LineString","coordinates":[[-38.491266250714411,-12.970592180184109],[-38.491149866676075,-12.970593443773755],[-38.491072715058387,-12.970576704622024],[-38.490957250790295,-12.970528291804854],[-38.490918518410091,-12.970507603868848],[-38.49087645917902,-12.970477959238364],[-38.490838362555891,-12.970443891570019],[-38.490808930093557,-12.970411197208184],[-38.490783227897282,-12.970375888745195],[-38.49076095170669,-12.970338416803294],[-38.490724146654394,-12.970267285886511],[-38.490686748361959,-12.970188649504619],[-38.490621280249037,-12.970042967462884],[-38.490575576415544,-12.969936289658309],[-38.490500936597563,-12.969739690793055],[-38.490466114193872,-12.969665760574598],[-38.490491717955713,-12.969536443584552],[-38.490526734598234,-12.969448765438171],[-38.490612669636498,-12.969240826968292],[-38.490661482533312,-12.969116291785904],[-38.490672181169266,-12.969089281324472],[-38.490684854745609,-12.969063178968069],[-38.490699655026937,-12.96903816495737],[-38.49071650511658,-12.969014420894114],[-38.490734873384433,-12.968991764889516],[-38.490754456490258,-12.968970196349856],[-38.490775253697763,-12.968949623945019],[-38.490797340795979,-12.968930410423821],[-38.490821324286244,-12.968913551637931],[-38.491290039487296,-12.968648762974826],[-38.491757066888219,-12.96839102231311],[-38.49215134415828,-12.968166499053778],[-38.492178887416955,-12.968155974964153],[-38.492207034789509,-12.968147170109194],[-38.492249325866126,-12.968137398171882],[-38.492271837275382,-12.968133916439244],[-38.492301265377613,-12.968130989834679],[-38.492330692749427,-12.968128877947168],[-38.492360119567344,-12.968126584302633],[-38.492389547305038,-12.968124291560782],[-38.49241897448875,-12.968121817061903],[-38.492600296674574,-12.968085736825973],[-38.492751402051709,-12.968066412867273],[-38.493016646086566,-12.968036733305402]]},"properties":{"NOME_LOGRADOURO":"Rua Nilson Costa","CODLOG":3535,"HIERARQUIA":"VL","GMLID":null}},{"type":"Feature","geometry":{"type":"LineString","coordinates":[[-38.503954065540626,-12.975882133978088],[-38.503850422079054,-12.97558359414632],[-38.503787311314696,-12.975472544918315],[-38.503757005704394,-12.975419146748592],[-38.503619162714713,-12.975114484080173],[-38.503505833980221,-12.974831747176314],[-38.503465871368142,-12.97470247995779],[-38.503452638506687,-12.974628049999444],[-38.503455012585356,-12.974542620774493],[-38.50346185923614,-12.974463799246973],[-38.503479948778931,-12.974389339537009],[-38.503509160304894,-12.974303961517577],[-38.503549498101634,-12.974205495914076],[-38.503681717757175,-12.973971415430213],[-38.503690802689356,-12.97395226642786],[-38.503782569622572,-12.973759244536684],[-38.503982095527256,-12.973321606987655],[-38.504080873863629,-12.973120280199998],[-38.503962527208685,-12.972837353054311]]},"properties":{"NOME_LOGRADOURO":"Travessa Marquês de Barbacena","CODLOG":11402,"HIERARQUIA":"VC-II","GMLID":null}},{"type":"Feature","geometry":{"type":"MultiLineString","coordinates":[[[-38.499018394309807,-12.963968664058834],[-38.498606462806038,-12.963941472772806],[-38.498173583010953,-12.963896702680952],[-38.497880077312821,-12.963653667826364],[-38.497553818199535,-12.963365727161955],[-38.497306938866139,-12.963149270535297],[-38.49721809067087,-12.963060500409505],[-38.497201794162436,-12.963036331091065],[-38.497187398945158,-12.963011169871367],[-38.497175820531844,-12.962984568205465],[-38.497166677054672,-12.962957066997804],[-38.497158445967088,-12.96292929627872],[-38.497150899538568,-12.96290125560853],[-38.497144721700039,-12.962873036732192],[-38.497140673631172,-12.962844370750982],[-38.497139059045203,-12.962815527715716],[-38.497140105488143,-12.962786599394311],[-38.497143203902993,-12.962757856787771],[-38.497147291426394,-12.962729205610952],[-38.497152214084849,-12.962700646470783],[-38.497159416641495,-12.962672634278102],[-38.497169202065322,-12.962645350466262],[-38.497180963690219,-12.962618793863601],[-38.497193636428463,-12.962592600716452],[-38.497207372967971,-12.962566951263719],[-38.497223690737407,-12.962542844910249],[-38.497242969069198,-12.962521003069332],[-38.497264902977271,-12.962501789561392],[-38.497289339977009,-12.962485382227257],[-38.497318114648138,-12.962466813984767],[-38.497346261410421,-12.962458370237693],[-38.497374936891326,-12.962451554240687],[-38.49740398932515,-12.962446185756386],[-38.497433339844413,-12.962443892269492],[-38.497462604046767,-12.962446479715382],[-38.497491175446676,-12.962453858308049],[-38.497517988780778,-12.96246575291117],[-38.497621432279722,-12.962555273580078],[-38.497949588852123,-12.962844122044331],[-38.49824039150203,-12.963146458172693],[-38.498525566154967,-12.963449687398896],[-38.498776590260938,-12.96372283606703],[-38.498906472943034,-12.963859780422764],[-38.499018394309807,-12.963968664058834]],[[-38.499490359415375,-12.964009349268812],[-38.499018394309807,-12.963968664058834]]]},"properties":{"NOME_LOGRADOURO":"Rua Clínio de Jesus","CODLOG":11909,"HIERARQUIA":"VC-II","GMLID":null}},{"type":"Feature","geometry":{"type":"LineString","coordinates":[[-38.512297675568597,-12.98719977611357],[-38.512060830054125,-12.987437460436931],[-38.511884164906682,-12.987265083926699],[-38.511849188183163,-12.987227499407922],[-38.511719226749719,-12.987083869556505]]},"properties":{"NOME_LOGRADOURO":"Rua Paulo Bispo","CODLOG":1165,"HIERARQUIA":"VL","GMLID":null}},{"type":"Feature","geometry":{"type":"LineString","coordinates":[[-38.510323419475647,-12.987056822439445],[-38.510389549941742,-12.987026752518741],[-38.510655725470897,-12.986915151983371],[-38.510752521718658,-12.986872210823227],[-38.510803587110935,-12.986847355241991],[-38.510827407938962,-12.986835647620678],[-38.511026529944985,-12.986721026939241]]},"properties":{"NOME_LOGRADOURO":"Rua Mesquita do Tororó","CODLOG":96,"HIERARQUIA":"VL","GMLID":null}},{"type":"Feature","geometry":{"type":"LineString","coordinates":[[-38.492339842275136,-12.973632376746648],[-38.49228587918531,-12.973698991821086],[-38.491537395187457,-12.974362287880641],[-38.491082344843377,-12.974781697726293],[-38.491000325333772,-12.974848438480304],[-38.490924411205945,-12.974903980370307],[-38.490861485311292,-12.974928447182823],[-38.490711478316193,-12.974966395782818],[-38.490613350260382,-12.974990794534609],[-38.490302153365931,-12.975070014236431],[-38.490293709617099,-12.975072167874428],[-38.490224030665523,-12.975089841300894],[-38.490096537580804,-12.975122861225922],[-38.490023967675242,-12.975141614021556],[-38.489975967240127,-12.975153995750853],[-38.489703479884945,-12.975227686110006],[-38.489609912184996,-12.975252906332155],[-38.489530493374886,-12.975274358275362],[-38.489458074049502,-12.975293833693806],[-38.489425288522348,-12.975301906625146],[-38.48917608969515,-12.975363797466633],[-38.48908564481507,-12.97538631271312],[-38.488757748354786,-12.975451846415387],[-38.488749001052511,-12.975453636805272],[-38.488569802371764,-12.975489538360309],[-38.488473228547896,-12.975497213602967],[-38.488390194559813,-12.975501841918904],[-38.488004935380502,-12.97547314939329],[-38.487563633833311,-12.975449137504183],[-38.487336256077285,-12.975435942512888],[-38.487166730143286,-12.975426026197269],[-38.487038484019287,-12.975418630798172],[-38.486942605087705,-12.975421516175413],[-38.486648507454774,-12.975540362758029],[-38.486537868485314,-12.97558507705989],[-38.486457768351791,-12.975604988593895],[-38.486325917017375,-12.975612865580999],[-38.486232413470759,-12.975606623458631],[-38.486132661745188,-12.975570084141413],[-38.486109422335907,-12.975557742381303],[-38.486045702426821,-12.975524076435669],[-38.485951622488848,-12.975465397980527],[-38.485866530106549,-12.975398420048501],[-38.485808613150184,-12.975352831348186],[-38.485623707499094,-12.975205827013683],[-38.485567891533385,-12.975173893733198],[-38.485490635286965,-12.975142098894381],[-38.485448819654358,-12.975141473661127],[-38.48540851421447,-12.975146275945992],[-38.485379831600667,-12.975155711934358],[-38.4853355412559,-12.975176146972272],[-38.485143572828321,-12.975432249540187],[-38.485033010154289,-12.975550462711574],[-38.485014425604298,-12.975567061237413],[-38.484909311168543,-12.975661056015653],[-38.484772264741807,-12.975791783766416],[-38.48456442489055,-12.9760014759462],[-38.484452378114888,-12.976138942606308],[-38.484413993609699,-12.976207936931299],[-38.484387131229909,-12.976256161081061],[-38.484363561987784,-12.976330066749822],[-38.484270906276421,-12.977130519925854],[-38.484260298732991,-12.977297569012244],[-38.48423240236351,-12.977442072763212],[-38.48416010263648,-12.977697779621344],[-38.484102811072333,-12.977865278661291],[-38.484028356811606,-12.978097022449367],[-38.483954881280511,-12.978222089531272],[-38.4839256185046,-12.978254668214294],[-38.48386456030191,-12.978294687194179],[-38.483778451264136,-12.978315400658646],[-38.483620237987246,-12.978312193985609],[-38.48336186709782,-12.978285192180284],[-38.483210895565136,-12.978310116076551],[-38.483048664661865,-12.978374886349552],[-38.482926975371605,-12.978468486507843],[-38.482632494842115,-12.978732881237724],[-38.482469411228465,-12.978879376434472],[-38.482074651943989,-12.979214449787106],[-38.482026717882675,-12.979304670704463],[-38.482004279346853,-12.97945632759768],[-38.482029716861568,-12.979582765638364],[-38.482088468085308,-12.979665965972689],[-38.482162052563517,-12.979709416514455],[-38.482239360257388,-12.979716802518418],[-38.482331537449348,-12.979666448932196],[-38.482442075799469,-12.979598050669217],[-38.482707845612744,-12.979356561385494],[-38.482774186008179,-12.979299466684804],[-38.482837847882834,-12.979287839954868],[-38.482862529032005,-12.97933878777709],[-38.482733127474553,-12.979595012664177],[-38.482566761826661,-12.979894378462243],[-38.482448539786475,-12.980038612725881],[-38.48220894359968,-12.980197069553135],[-38.482032046172272,-12.98029426580448],[-38.481906574608459,-12.980340936900552],[-38.481829259945023,-12.980373329180763],[-38.481717088751054,-12.980422738493614]]},"properties":{"NOME_LOGRADOURO":"Rua Luiz Anselmo","CODLOG":950,"HIERARQUIA":"VC-II","GMLID":null}},{"type":"Feature","geometry":{"type":"LineString","coordinates":[[-38.492450298922058,-12.983243043484279],[-38.492407672783791,-12.982891913231001],[-38.492389105672835,-12.982674540914642],[-38.492399666751027,-12.982640568405666],[-38.492601134242854,-12.982348768811148],[-38.492613973874839,-12.982316066673853],[-38.492614178468344,-12.982290210306758],[-38.492620996052032,-12.982265271986561],[-38.492681121723514,-12.982160246871818],[-38.49273176205503,-12.982045710518932],[-38.49273657523306,-12.982034328280806],[-38.49274808577217,-12.981983168890837],[-38.492706741633661,-12.981973608186831],[-38.492454259503717,-12.981907507473773]]},"properties":{"NOME_LOGRADOURO":"Travessa 3 de Maio","CODLOG":11842,"HIERARQUIA":"VL","GMLID":null}},{"type":"Feature","geometry":{"type":"LineString","coordinates":[[-38.492614178468344,-12.982290210306758],[-38.492282052287031,-12.982112367090119]]},"properties":{"NOME_LOGRADOURO":"1ª Travessa 3 de Maio","CODLOG":11843,"HIERARQUIA":"VL","GMLID":null}},{"type":"Feature","geometry":{"type":"LineString","coordinates":[[-38.504492774148531,-12.974588002679468],[-38.504454361082452,-12.974559270455154],[-38.504424830841266,-12.974536612665919],[-38.50395943557411,-12.974168400768058],[-38.503899012933068,-12.97412055060213],[-38.503690802689356,-12.97395226642786]]},"properties":{"NOME_LOGRADOURO":"Rua Doutor Pedro Júlio Barbuda","CODLOG":91,"HIERARQUIA":"VL","GMLID":null}},{"type":"Feature","geometry":{"type":"LineString","coordinates":[[-38.509613405575003,-12.990526268807551],[-38.509620115849991,-12.990477281478269],[-38.509622681078824,-12.990448627260326],[-38.50961870778076,-12.990419960706033],[-38.50961260467286,-12.990391651830219],[-38.509604600078781,-12.990363881912012],[-38.509594464399285,-12.990336650518097],[-38.509579094885737,-12.990303803849871],[-38.509475827515068,-12.990117552068471],[-38.5094310788594,-12.990022450729144],[-38.509397593315221,-12.98992230688458],[-38.509377973412676,-12.989846509711693],[-38.509360239729482,-12.989739434736517],[-38.509343806795755,-12.9895897805364],[-38.509337983472129,-12.989496470717071],[-38.509332318234357,-12.98932215644737]]},"properties":{"NOME_LOGRADOURO":"1ª Travessa Francisco Rabello","CODLOG":10925,"HIERARQUIA":"VL","GMLID":null}},{"type":"Feature","geometry":{"type":"LineString","coordinates":[[-38.515400874916985,-12.994863390042642],[-38.51534851502916,-12.994810042430679],[-38.515297161548531,-12.994747475218331],[-38.515259838096398,-12.994703377106383],[-38.515231787694731,-12.994661014351365],[-38.515203818923197,-12.994616030346025]]},"properties":{"NOME_LOGRADOURO":"Vila Aurora","CODLOG":193,"HIERARQUIA":"VL","GMLID":null}},{"type":"Feature","geometry":{"type":"LineString","coordinates":[[-38.515562245662686,-12.994731698637754],[-38.515294207703811,-12.994388285486883]]},"properties":{"NOME_LOGRADOURO":"1ª Avenida Boulhosa","CODLOG":286,"HIERARQUIA":"VL","GMLID":null}},{"type":"Feature","geometry":{"type":"LineString","coordinates":[[-38.515472839706284,-12.994805031498458],[-38.515195340171317,-12.994440173668727]]},"properties":{"NOME_LOGRADOURO":"2ª Avenida Boulhosa","CODLOG":287,"HIERARQUIA":"VL","GMLID":null}},{"type":"Feature","geometry":{"type":"LineString","coordinates":[[-38.507483117829977,-12.971209972496426],[-38.507482965697179,-12.971209972208539],[-38.507216549984101,-12.9712581044666],[-38.507151137265517,-12.971273077856441],[-38.506709781878392,-12.971322594517389]]},"properties":{"NOME_LOGRADOURO":"Vila Caetano Ricci","CODLOG":316,"HIERARQUIA":"VL","GMLID":null}},{"type":"Feature","geometry":{"type":"LineString","coordinates":[[-38.51575159980144,-12.977943214828754],[-38.515569728159122,-12.977791714660272],[-38.515753412208937,-12.977556549002541],[-38.515871564256564,-12.977475856243812]]},"properties":{"NOME_LOGRADOURO":"Beco da Califórnia","CODLOG":333,"HIERARQUIA":"VL","GMLID":null}},{"type":"Feature","geometry":{"type":"LineString","coordinates":[[-38.492249325866126,-12.968137398171882],[-38.49224408876033,-12.968095620126556],[-38.492171208753874,-12.967517782320828]]},"properties":{"NOME_LOGRADOURO":"Rua Aiuaba","CODLOG":3537,"HIERARQUIA":"VL","GMLID":null}},{"type":"Feature","geometry":{"type":"LineString","coordinates":[[-38.49635625284688,-12.995500308280898],[-38.496520717885964,-12.995689484876673],[-38.496592817171909,-12.995794043551857],[-38.496737378080304,-12.996087962116123],[-38.496776226072342,-12.996166510058172],[-38.496885054779668,-12.996382972631698],[-38.49695695392036,-12.996549549056169],[-38.497001564233535,-12.99667394406919],[-38.497083063131292,-12.996920022680559],[-38.497118649701946,-12.99701925056805],[-38.497132185999625,-12.997056524239722],[-38.497156922048248,-12.997120037134426],[-38.497164851821708,-12.997146812572655],[-38.497167341778834,-12.997156310107519],[-38.497168624206047,-12.9971614658556],[-38.497193598517093,-12.997257796803806],[-38.497219434858756,-12.997341381437288],[-38.497282323255767,-12.997602957913918],[-38.497313636539289,-12.9977229876934],[-38.497326672065554,-12.997782319329506],[-38.497343548936605,-12.997821587879146],[-38.497392141152666,-12.997932791336149],[-38.497458960946183,-12.998054064402648],[-38.497516289879798,-12.998131110784115],[-38.497554751992332,-12.998175303067043],[-38.497601924883526,-12.998235785805255],[-38.497652742816769,-12.998299077825218],[-38.497710140025454,-12.998379830779715],[-38.497854143368627,-12.998574030770055],[-38.497988116202841,-12.998727346869966],[-38.498088513072979,-12.998826897002724],[-38.498144097789321,-12.998863980597305],[-38.498247318250137,-12.998920411998915],[-38.498387941460059,-12.998980713402007],[-38.499140498022804,-12.999198144324779],[-38.49975141338976,-12.999370821669645],[-38.499780141178455,-12.999377747414959],[-38.499808870415691,-12.999383950671731],[-38.499837906326505,-12.999389430219217],[-38.499867018377124,-12.99939418742191],[-38.499896285130305,-12.999398131102721],[-38.499925552408968,-12.999401352293081],[-38.499954975477671,-12.999403216515002],[-38.499984478684446,-12.99940282119068],[-38.500013834264955,-12.999400165881635],[-38.500043039867165,-12.999396425191923],[-38.500072170923566,-12.99939168969075],[-38.50010655356315,-12.999385065388038],[-38.500218315436214,-12.999353005395452],[-38.500384075246338,-12.99927747296287],[-38.500405764401791,-12.999267841114046],[-38.500894646222307,-12.999050545180079],[-38.501162153474851,-12.998927927682912],[-38.501248609722829,-12.998887773605526],[-38.501309215251737,-12.998846664725201],[-38.501372196100647,-12.998796339846335],[-38.501430776562863,-12.998741394877197],[-38.501455844636311,-12.998714955065038],[-38.501479546810607,-12.998687245787446],[-38.501560908160329,-12.998570868789653],[-38.501597825617843,-12.9985119948788],[-38.501618124200647,-12.998475509728893],[-38.501910304845303,-12.997951355432043],[-38.501972372090371,-12.997825358143343],[-38.502059169953007,-12.997651041297404],[-38.502292405598787,-12.997250267487948],[-38.502449481935706,-12.996988030128353],[-38.502516492586892,-12.996860867541209]]},"properties":{"NOME_LOGRADOURO":"Rua Sérgio de Carvalho","CODLOG":1422,"HIERARQUIA":"VC-II","GMLID":null}},{"type":"Feature","geometry":{"type":"LineString","coordinates":[[-38.495999635473908,-12.994448554868036],[-38.496028156741545,-12.994293744548827],[-38.496030841504272,-12.994244569023474],[-38.496026044678004,-12.994209844121293],[-38.496014953241044,-12.994167512294807],[-38.496003501221459,-12.994115144508113],[-38.495994773242622,-12.994069562903574],[-38.495988757074038,-12.994036372844215],[-38.495987485144141,-12.993988545100285],[-38.49598212594266,-12.993893427599653],[-38.495977634762703,-12.993820551575935],[-38.495980068965153,-12.993782223736215],[-38.495992184909014,-12.993731258021594],[-38.496036530727018,-12.993647086000195],[-38.49611204450072,-12.99349110085474],[-38.496171660701037,-12.993375134575841],[-38.496187221431342,-12.993350754772985],[-38.496210333110874,-12.993314546770222],[-38.496282010773591,-12.993212978556302],[-38.496324949922645,-12.993147698759428],[-38.496339286532802,-12.993126751783224],[-38.496367273544116,-12.993085852067018],[-38.496423596119264,-12.99302005474066],[-38.496443183251628,-12.992996767811375],[-38.496460793963223,-12.992973658803113],[-38.496499921571704,-12.992913162254061],[-38.496528833610448,-12.992866206802622],[-38.496541892890448,-12.992837573102399],[-38.496552160903555,-12.992798447515622],[-38.496588722315217,-12.992652783694703],[-38.496614535739489,-12.992520839886973],[-38.496627662912182,-12.992458485370813],[-38.496659829444098,-12.992381069624679],[-38.496679442004897,-12.992345578187276],[-38.496775197242428,-12.992180681833766],[-38.496773083058962,-12.992173263870688],[-38.496801482931176,-12.992116363455105],[-38.496844519309221,-12.992002625485718],[-38.496872520394433,-12.9919166122592],[-38.496888957606068,-12.991834193605099],[-38.496899419690166,-12.991698152758989],[-38.496908321929816,-12.991657216025839],[-38.496922876604287,-12.991603452728262],[-38.49695127637515,-12.991546551385996],[-38.496993675180939,-12.991485157739364],[-38.497035061654032,-12.991435604062511],[-38.497102944040556,-12.991367930931306],[-38.497167154025043,-12.991311550972553],[-38.4972974085522,-12.991194365580766],[-38.497411888376924,-12.991094777788941],[-38.497437843859807,-12.991081267080114],[-38.497466745314028,-12.991076983512786],[-38.497919595328995,-12.991233808635032],[-38.497959942513461,-12.991247537900783],[-38.497991941771275,-12.991253114676557],[-38.498004794720387,-12.991251331020779],[-38.498014682241852,-12.991249994661406],[-38.498024882574477,-12.99124395685323],[-38.498040259975255,-12.991234945952895],[-38.49812827254992,-12.991138652408322],[-38.498240803929043,-12.99102468666231],[-38.498363083997262,-12.990902692838869],[-38.4983668166727,-12.990898993559597],[-38.498442318441946,-12.990823649620051],[-38.498473562399028,-12.990788361323881],[-38.498556628104019,-12.990694589044571],[-38.498580023707568,-12.990668235769459],[-38.498670290098204,-12.990585416849486],[-38.498723287200427,-12.990546825690805],[-38.498794215225892,-12.990514687401676],[-38.498926838943341,-12.990466665686697],[-38.499047557058098,-12.990440951188853],[-38.499402841570003,-12.99041451391057],[-38.499563633792569,-12.990386887020202],[-38.499726171188904,-12.990322559335201],[-38.499908408892509,-12.990216320797529],[-38.500019483698793,-12.990145837292566],[-38.500258734372821,-12.989970185574348],[-38.500405717557641,-12.989927072689632],[-38.500428946841581,-12.989907679767018],[-38.500458193764196,-12.98988224179937],[-38.5004834129779,-12.989855891846499],[-38.500519087434789,-12.989809854043433],[-38.500664278270797,-12.989634564609059],[-38.500868140894795,-12.989395743631215],[-38.50098602059019,-12.989265875849675],[-38.500996917789919,-12.989253873071785],[-38.50106043889636,-12.989198215067869],[-38.501097749562788,-12.989170803168706],[-38.501286433259651,-12.989032121848647],[-38.501340232742805,-12.989009262754482],[-38.501436190629107,-12.988968493723869],[-38.50155375907201,-12.988918635066174],[-38.501887238847573,-12.988763416529862],[-38.502078346158022,-12.988667230464724],[-38.502282028286288,-12.988555970208511],[-38.502573435386083,-12.988414592805423],[-38.502791586598775,-12.98832966873151],[-38.503005552357344,-12.988323117946726],[-38.503233624293095,-12.988373098200066],[-38.503424237822905,-12.988410440455386]]},"properties":{"NOME_LOGRADOURO":"Rua Padre Luiz Figueira","CODLOG":954,"HIERARQUIA":"VC-II","GMLID":null}},{"type":"Feature","geometry":{"type":"LineString","coordinates":[[-38.516273165753098,-12.98159706385322],[-38.51675990190283,-12.98148243345838],[-38.5170055892047,-12.981424670098464],[-38.517144558778256,-12.981391930472469],[-38.517181526166681,-12.98138323064869],[-38.517222675426197,-12.981374356829173],[-38.517399978173614,-12.98125535100565]]},"properties":{"NOME_LOGRADOURO":"Praça General Inocêncio Galvão","CODLOG":2888,"HIERARQUIA":"VC-II","GMLID":null}},{"type":"Feature","geometry":{"type":"LineString","coordinates":[[-38.492757830450039,-12.980699883779874],[-38.492731316019267,-12.98076483433368],[-38.492694511091521,-12.980842692745222],[-38.492607449521614,-12.980996033184841],[-38.492525463643709,-12.981157609372833],[-38.492479696411792,-12.981243094712347]]},"properties":{"NOME_LOGRADOURO":"Travessa Cosme de Farias","CODLOG":15393,"HIERARQUIA":"VL","GMLID":null}},{"type":"Feature","geometry":{"type":"LineString","coordinates":[[-38.492129541219079,-12.980571457243434],[-38.492112191820311,-12.980991089687901],[-38.492080135943198,-12.981126274390839]]},"properties":{"NOME_LOGRADOURO":"Avenida Cento e Onze","CODLOG":6221,"HIERARQUIA":"VL","GMLID":null}},{"type":"Feature","geometry":{"type":"LineString","coordinates":[[-38.492068289873906,-12.981492914579071],[-38.492202019211554,-12.981334492302611],[-38.492352851854854,-12.981419902944525],[-38.4925174130206,-12.981528530451554]]},"properties":{"NOME_LOGRADOURO":"Travessa Cento e Onze","CODLOG":15394,"HIERARQUIA":"VL","GMLID":null}},{"type":"Feature","geometry":{"type":"LineString","coordinates":[[-38.490696992994209,-12.980145286944426],[-38.490715553334304,-12.980402799501503],[-38.490715257178955,-12.980548262315413],[-38.490714147118659,-12.980570861638116],[-38.490707182228469,-12.98059335997667],[-38.490710105727878,-12.980800937768391],[-38.490708900912168,-12.980832487079299]]},"properties":{"NOME_LOGRADOURO":"Avenida Francisco Lima","CODLOG":7469,"HIERARQUIA":"VL","GMLID":null}},{"type":"Feature","geometry":{"type":"LineString","coordinates":[[-38.493672613131153,-12.996869902432778],[-38.493823937862651,-12.997051280410986],[-38.493904701302789,-12.99711996468038],[-38.494013592891797,-12.997191417336756],[-38.494042372615141,-12.997210277059727],[-38.494167255359869,-12.997270007486552],[-38.494227046890074,-12.997294262587603],[-38.494277510166121,-12.997306294084597],[-38.494413411517669,-12.997331781479343],[-38.494441909676191,-12.997339431652255],[-38.494469413664142,-12.997349881223075],[-38.494495619364827,-12.997363040984803],[-38.494520375735519,-12.997378820219984],[-38.494543301573209,-12.997396946011058],[-38.494585276700654,-12.997433190045475],[-38.494619343808452,-12.997469418689247],[-38.494642926076956,-12.997501739604711],[-38.494721701087883,-12.99761363429789],[-38.494807779379812,-12.997761525595243],[-38.494897583668589,-12.997909604054557],[-38.494913267106149,-12.997937389292552],[-38.494992757237874,-12.998071978107145],[-38.495009482892932,-12.998111065653546],[-38.495135528549483,-12.998385964524818],[-38.495157100881762,-12.998434644617834],[-38.495254515186765,-12.99865470169439],[-38.495371634099328,-12.998907342424692],[-38.495404730917066,-12.998972589766673],[-38.495411874601828,-12.999011839522689],[-38.49540969685934,-12.999036335675626],[-38.495401097078528,-12.999077453752321],[-38.495395489500737,-12.999105830569862],[-38.495389121539411,-12.999134025062],[-38.495381840863935,-12.999162126452486],[-38.495374029410058,-12.999190046867723],[-38.495365685335223,-12.999217785399841],[-38.495355592730242,-12.999245158838511],[-38.495334604222002,-12.999321872664115]]},"properties":{"NOME_LOGRADOURO":"Ladeira Manoel Bonfim","CODLOG":2209,"HIERARQUIA":"VC-II","GMLID":null}},{"type":"Feature","geometry":{"type":"LineString","coordinates":[[-38.495845250269866,-12.965009451185477],[-38.495982035120527,-12.964586884986467],[-38.496008046873769,-12.964506021908726],[-38.496074769667437,-12.964292972257564],[-38.496141126444471,-12.964111022390835],[-38.496159841035222,-12.964067030128824],[-38.496176720635717,-12.964028188497219],[-38.496265858749076,-12.963745841210711]]},"properties":{"NOME_LOGRADOURO":"Travessa Glória","CODLOG":720,"HIERARQUIA":"VL","GMLID":null}},{"type":"Feature","geometry":{"type":"LineString","coordinates":[[-38.494194613121174,-12.969016676641552],[-38.494108382385434,-12.969024283746139],[-38.494005498745565,-12.96903303396695],[-38.493954171437416,-12.969037545825149],[-38.493905722543843,-12.9690471252155],[-38.493804738359216,-12.969094120342669],[-38.493763547660869,-12.969123693948449],[-38.493710645282043,-12.969155233196735],[-38.493665170953314,-12.969197545551992],[-38.493652415386094,-12.969189113099571],[-38.493640672530638,-12.969168658008346],[-38.493578613682871,-12.969103535857025],[-38.493544485432508,-12.969061611200329],[-38.493513847680049,-12.969060828196747],[-38.493463961672077,-12.969067059917325],[-38.493327830844578,-12.969124745131127],[-38.493222993829221,-12.969160161850029],[-38.493127540724309,-12.969178871037755],[-38.493062673930865,-12.9691864289676],[-38.493015621253257,-12.969219968794777],[-38.492939493281376,-12.969269272591593],[-38.492869558169318,-12.969301863574634],[-38.492802759389491,-12.969324606222784],[-38.49276318523922,-12.969344418811879],[-38.49264908744091,-12.969409831742187],[-38.492572079723018,-12.969443222674613],[-38.49253607923557,-12.969462590073251],[-38.492475832930801,-12.969515902447963],[-38.492447594770937,-12.969531668905651],[-38.492407684956838,-12.969566939699368]]},"properties":{"NOME_LOGRADOURO":"Travessa São José de Matatu","CODLOG":14408,"HIERARQUIA":"VL","GMLID":null}},{"type":"Feature","geometry":{"type":"LineString","coordinates":[[-38.493638926427778,-12.981541563686283],[-38.493534083426965,-12.981501761922662],[-38.493193191960096,-12.981335112678893]]},"properties":{"NOME_LOGRADOURO":"Travessa Engenheiro Abelardo Palma","CODLOG":11853,"HIERARQUIA":"VL","GMLID":null}},{"type":"Feature","geometry":{"type":"LineString","coordinates":[[-38.493348415271221,-12.980900470668287],[-38.493282620644614,-12.980989030449873],[-38.493194820331787,-12.981093912286365],[-38.49313710472348,-12.981135566705248],[-38.493059837249781,-12.981182970144111],[-38.493022897505789,-12.981214540244338],[-38.492769923581768,-12.981523598504635],[-38.49261168016249,-12.981722274366732],[-38.492476245129396,-12.981883385447324],[-38.492454259503717,-12.981907507473773],[-38.492282052287031,-12.982112367090119],[-38.492224740583396,-12.982179697995235],[-38.492086094345844,-12.982349481482409]]},"properties":{"NOME_LOGRADOURO":"Rua 3 de Maio","CODLOG":3732,"HIERARQUIA":"VL","GMLID":null}},{"type":"Feature","geometry":{"type":"LineString","coordinates":[[-38.513000652090554,-12.994389582454861],[-38.512838363001322,-12.99444596158119],[-38.512550454001705,-12.994547397573131],[-38.512418408814618,-12.994612332139877],[-38.512372473200472,-12.994657177743285],[-38.512212861851367,-12.994821596756516],[-38.512105813738351,-12.994934764253488],[-38.512016868827978,-12.995005204081785],[-38.511991975733373,-12.99502070668021],[-38.511965567380834,-12.995033494607208],[-38.511937871707708,-12.99504347786629],[-38.511909193541271,-12.995050384852792],[-38.511879912788189,-12.995054217184306],[-38.511712922802346,-12.995064479435033],[-38.511632263110307,-12.995057908624139],[-38.511364054488126,-12.99499963232439],[-38.511164703245832,-12.99491698576778],[-38.510951115223115,-12.994805381940232],[-38.510832068134491,-12.994716468863386],[-38.510643512747855,-12.994556906602575],[-38.510534553064012,-12.994441974738558],[-38.510348535639856,-12.994267861467838],[-38.510340719106011,-12.994260252912047],[-38.510285024107802,-12.994202287301823],[-38.510195926458941,-12.994117679423596],[-38.510102490740827,-12.994035232614607],[-38.510084882173551,-12.994019739587229],[-38.510041845444249,-12.993981777928488],[-38.509879729058831,-12.993871897939311],[-38.509844183175147,-12.99385293584676],[-38.509717643585702,-12.993785343741889],[-38.509686961878401,-12.993767294144073],[-38.509647621621262,-12.993744075831957],[-38.509611244398059,-12.993722580261778],[-38.509435801748559,-12.993662218282598],[-38.509363326031917,-12.993631342642001],[-38.509318808015365,-12.993612453963237],[-38.509070183475693,-12.993532515050294],[-38.508804787712883,-12.993436722679478],[-38.508467003326217,-12.993304901952904],[-38.508262344025205,-12.993216185679028],[-38.508017797161727,-12.993151080353561]]},"properties":{"NOME_LOGRADOURO":"Rua Padre Domingos de Brito","CODLOG":701,"HIERARQUIA":"VC-I","GMLID":null}},{"type":"Feature","geometry":{"type":"LineString","coordinates":[[-38.501588278839911,-12.980631971016383],[-38.501484726824302,-12.980631862082154],[-38.501271951514006,-12.980769322147328]]},"properties":{"NOME_LOGRADOURO":"Avenida Archimedes Gonzaga","CODLOG":16713,"HIERARQUIA":"VL","GMLID":null}},{"type":"Feature","geometry":{"type":"LineString","coordinates":[[-38.510550617577735,-12.975383614422352],[-38.510731991414325,-12.975475990354099]]},"properties":{"NOME_LOGRADOURO":"Avenida Laura","CODLOG":3147,"HIERARQUIA":"VL","GMLID":null}},{"type":"Feature","geometry":{"type":"LineString","coordinates":[[-38.508051201210641,-12.973487214764347],[-38.507873383822194,-12.973288615963106],[-38.50783374319272,-12.973265577735791],[-38.507750765724758,-12.973320206181265],[-38.507668063658024,-12.973196372754488]]},"properties":{"NOME_LOGRADOURO":"Avenida Gouveia","CODLOG":3047,"HIERARQUIA":"VL","GMLID":null}},{"type":"Feature","geometry":{"type":"LineString","coordinates":[[-38.496059415170649,-12.977410084688744],[-38.496407921080134,-12.977342773227591],[-38.496470708361308,-12.97734967566746],[-38.496566450228237,-12.97737725314993],[-38.496657837269218,-12.977415853016351],[-38.496694360063906,-12.977439790232031],[-38.496743088375084,-12.977480928933213],[-38.496786488888368,-12.977525403014385],[-38.496855802559921,-12.977613863406068],[-38.497042743719291,-12.977887342052481],[-38.497122759970225,-12.977984864581735],[-38.497132319438712,-12.977995098279044],[-38.497542242029148,-12.978428845809605],[-38.497907711375376,-12.978812511405287],[-38.497952870861361,-12.97885183542402],[-38.498022508844024,-12.978893014252792],[-38.498092176762164,-12.978918823724461],[-38.49821925528542,-12.978941308714298],[-38.498432719888449,-12.978956275073475],[-38.49844382255381,-12.978955211390929],[-38.498539031035698,-12.978946173489829],[-38.49867151618529,-12.978888297862225],[-38.498705465853064,-12.978868111889453],[-38.498958493988255,-12.978717168708037],[-38.498988666302175,-12.978685313413385],[-38.499329545638822,-12.978325699845898],[-38.499418134614487,-12.978243329318518],[-38.499586298360093,-12.978060670451541],[-38.499649370421125,-12.978001393921739],[-38.499700300407518,-12.977968223001611],[-38.499748703451964,-12.977944539040173],[-38.499811809197531,-12.977944479534726]]},"properties":{"NOME_LOGRADOURO":"Rua das Pitangueiras","CODLOG":22,"HIERARQUIA":"VC-I","GMLID":null}},{"type":"Feature","geometry":{"type":"LineString","coordinates":[[-38.497476356083745,-12.961464421674169],[-38.497589766036192,-12.961626468291747],[-38.497695295676849,-12.961774847406089],[-38.497774540317103,-12.961875984263752],[-38.497840814241464,-12.961962088371214],[-38.497874866148535,-12.962003831482953],[-38.497955242530438,-12.962108948235304],[-38.497974649575205,-12.962136468299052],[-38.498001486342815,-12.962174852692751],[-38.498008537262351,-12.962184268600884],[-38.498045615269042,-12.962233792204666],[-38.498091553967448,-12.962300148180493],[-38.49813204133433,-12.96235528374482],[-38.49818156905939,-12.962413511148624],[-38.498236196761013,-12.962469215585108],[-38.498289035532615,-12.96250665537918],[-38.49836335443019,-12.962561765657867],[-38.49841359643046,-12.962605437893437],[-38.49843157311188,-12.962625814364076],[-38.498475318741043,-12.962686560650781],[-38.498493957844268,-12.962718238716642],[-38.498517342499461,-12.96277198582936],[-38.4985340287216,-12.962829516053711],[-38.498546860625147,-12.962875738531926],[-38.498565788985921,-12.962914920557569],[-38.498599711233318,-12.962983333070722],[-38.498659560790372,-12.963089043067457],[-38.498714457881697,-12.963161835406334],[-38.498752457058913,-12.963206840378517],[-38.498804501073046,-12.963261907663991],[-38.498849575319312,-12.963304304839019],[-38.498893058505963,-12.963344257489165],[-38.498937388256955,-12.963379058480875],[-38.498987047142982,-12.963410163226401],[-38.499050765891717,-12.963443826889682],[-38.499082898407778,-12.96345708793362],[-38.499167060191184,-12.963494587807432],[-38.499313222168951,-12.963550558478111],[-38.499380611729229,-12.963573470438069],[-38.499448017923044,-12.96358806518613],[-38.499446442824343,-12.963615455294967],[-38.499588681977599,-12.963656140185387],[-38.499490359415375,-12.964009349268812]]},"properties":{"NOME_LOGRADOURO":"Rua Nossa Senhora de Lourdes","CODLOG":1178,"HIERARQUIA":"VL","GMLID":null}},{"type":"Feature","geometry":{"type":"LineString","coordinates":[[-38.500795466047684,-12.960470455496253],[-38.50038627765084,-12.960677060954163],[-38.500371890247713,-12.960686254829641],[-38.500289777440472,-12.960689170830692],[-38.499589786422014,-12.960740535280632]]},"properties":{"NOME_LOGRADOURO":"Rua Souto Dalva","CODLOG":1462,"HIERARQUIA":"VL","GMLID":null}},{"type":"Feature","geometry":{"type":"LineString","coordinates":[[-38.498105946347792,-12.961110880351386],[-38.498210389049198,-12.961308528466603]]},"properties":{"NOME_LOGRADOURO":"Vila Elza","CODLOG":2242,"HIERARQUIA":"VL","GMLID":null}},{"type":"Feature","geometry":{"type":"LineString","coordinates":[[-38.515685421784227,-12.990216310668137],[-38.515725701499349,-12.990068299629973],[-38.5157479791987,-12.9899502713955],[-38.515777393240683,-12.989876825693297],[-38.515819435311386,-12.989800510836345],[-38.515858530627646,-12.989753572960561],[-38.515887921692133,-12.98973147826641],[-38.515933523984721,-12.989700825257948],[-38.515993471595991,-12.989683307767367],[-38.516077461000592,-12.98965760912338],[-38.516113354494671,-12.989654150301771],[-38.516181179398018,-12.98965192642925],[-38.516268909126559,-12.989657967292324],[-38.516317010121789,-12.989672160286903],[-38.517546806145951,-12.990355035454511],[-38.517567239630026,-12.99036510867502],[-38.517581942076909,-12.990389636437591],[-38.517578694441077,-12.990417837376551],[-38.517438589324534,-12.990642597336526]]},"properties":{"NOME_LOGRADOURO":"Rua Félix Mendes","CODLOG":605,"HIERARQUIA":"VC-II","GMLID":null}},{"type":"Feature","geometry":{"type":"LineString","coordinates":[[-38.513014991920976,-12.972486391333176],[-38.513281110599969,-12.972200031302783],[-38.513319203499499,-12.972159057997434],[-38.513713447872796,-12.971744471089352],[-38.513759841440816,-12.971696461926602],[-38.514190105258216,-12.971250840945759]]},"properties":{"NOME_LOGRADOURO":"Rua da Grécia","CODLOG":744,"HIERARQUIA":"VL","GMLID":null}},{"type":"Feature","geometry":{"type":"LineString","coordinates":[[-38.511486269737837,-12.972120711952376],[-38.511374723317871,-12.971933631512782],[-38.511147804986507,-12.97161072308962],[-38.51113817608794,-12.971597144058377],[-38.511117821973876,-12.971586527981117],[-38.510814258423906,-12.971425032026193]]},"properties":{"NOME_LOGRADOURO":"Rua Guindaste dos Padres","CODLOG":756,"HIERARQUIA":"VL","GMLID":null}},{"type":"Feature","geometry":{"type":"LineString","coordinates":[[-38.511147804986507,-12.97161072308962],[-38.511219179203238,-12.971462681411349],[-38.511290639062892,-12.971348180988596],[-38.511398687596348,-12.971184930008102],[-38.511540285717437,-12.970971023802207],[-38.511566516153984,-12.970931384856245],[-38.511777207231113,-12.970725564599169]]},"properties":{"NOME_LOGRADOURO":"Rua dos Ourives","CODLOG":1555,"HIERARQUIA":"VL","GMLID":null}},{"type":"Feature","geometry":{"type":"LineString","coordinates":[[-38.510094008313857,-12.970750413541182],[-38.510015679980363,-12.970567192900436],[-38.509957859843311,-12.970432197096777],[-38.509894588956236,-12.970285347232407]]},"properties":{"NOME_LOGRADOURO":"Rua Cruz Machado","CODLOG":476,"HIERARQUIA":"VL","GMLID":null}},{"type":"Feature","geometry":{"type":"LineString","coordinates":[[-38.509835162650653,-12.970660421444737],[-38.510015679980363,-12.970567192900436],[-38.510484941589148,-12.970319913373444]]},"properties":{"NOME_LOGRADOURO":"Rua Fernão Cardim","CODLOG":611,"HIERARQUIA":"VL","GMLID":null}},{"type":"Feature","geometry":{"type":"LineString","coordinates":[[-38.498433117928776,-12.966224171919569],[-38.49839456436041,-12.966151953550616],[-38.498359202617998,-12.966080735992874],[-38.498310127731237,-12.965985714042825],[-38.498212031188025,-12.965806430707023],[-38.498175685331745,-12.965733131471275],[-38.498117147416451,-12.965617750310017],[-38.498102919330123,-12.965585447751145],[-38.498080820094529,-12.965535229630937],[-38.498041233005338,-12.965447911985292],[-38.498014451002305,-12.965382496268283],[-38.497976378746181,-12.965335682562758],[-38.497913804147146,-12.965262332721416],[-38.497847263569021,-12.965195213587549],[-38.497783884527507,-12.965143740316339],[-38.497722001038341,-12.965104656231075],[-38.497694576000804,-12.965094206345183],[-38.497666081544871,-12.965086467121282],[-38.497637049298724,-12.965081619528931],[-38.497601244924624,-12.965079562019186],[-38.497578205123197,-12.965081415569371],[-38.497549680746374,-12.965088593565778],[-38.497359943512407,-12.965152235087587],[-38.497272536096062,-12.965178556129613],[-38.497212149393292,-12.965189378155058],[-38.497154974424397,-12.965190804958754],[-38.497099402519275,-12.965189161325567],[-38.49701207023589,-12.965178053111835],[-38.496934329817613,-12.965160816360136],[-38.496858194825194,-12.965138881530793],[-38.496801066913804,-12.965116892987737],[-38.496745541900474,-12.965091923530091],[-38.496697920819571,-12.965068506550995],[-38.496667790775753,-12.965041959430106],[-38.496645644272128,-12.965015427739081],[-38.496626618119272,-12.964987364866209],[-38.496607668494164,-12.964959303044219],[-38.496593440626604,-12.964926548288462],[-38.496574439381028,-12.964886100050419],[-38.496558739145492,-12.964829927086212],[-38.496544558177085,-12.964773847482775],[-38.496538288405375,-12.964716156442508],[-38.49653842597376,-12.964647719112786],[-38.496545782590225,-12.964580741624165],[-38.496574890783556,-12.964320698861991],[-38.496571727706986,-12.964267805408092],[-38.496563895951802,-12.964230361858869],[-38.496546586147403,-12.964180514574551],[-38.496511742465486,-12.964116620340988],[-38.496465088313229,-12.964027842020789],[-38.496419167026097,-12.963952896404264],[-38.496373233040877,-12.963884279549294],[-38.496319411757192,-12.963806335541424],[-38.496265858749076,-12.963745841210711],[-38.496245142414097,-12.963726182689904],[-38.496224351401352,-12.963706524023062],[-38.496167264423818,-12.963664375343381],[-38.496107044588015,-12.96362999436286],[-38.496002299444996,-12.963583052269213],[-38.495809600265787,-12.963493899817387],[-38.495711232910594,-12.963450947720842],[-38.495519283655,-12.963367221967554],[-38.495402608899504,-12.963317182104667],[-38.495321773988678,-12.963288999371546],[-38.495258259861892,-12.963267088554273],[-38.495199527093533,-12.963249797722442],[-38.495142460439169,-12.963235674051967],[-38.495074134577834,-12.963224692483342],[-38.495007472830139,-12.963218325760348],[-38.494950307796202,-12.963215050958244],[-38.494754244516493,-12.963211597125456],[-38.494584405873425,-12.963209730350416],[-38.494439805332952,-12.963209450577631],[-38.494274006191887,-12.963202890286297],[-38.494222104068626,-12.963191308324076],[-38.494196221656807,-12.963170012881269],[-38.494169320007316,-12.963126565136028]]},"properties":{"NOME_LOGRADOURO":"Rua Coronel Felisberto Caldeira","CODLOG":604,"HIERARQUIA":"VL","GMLID":null}},{"type":"Feature","geometry":{"type":"LineString","coordinates":[[-38.499402028880169,-12.967582220792361],[-38.499424196923641,-12.967636055911045],[-38.499459151662194,-12.967721104751579],[-38.499564360487369,-12.967918302612615],[-38.499674552681185,-12.968132234884143],[-38.499692334203949,-12.968174849845912],[-38.499702527871356,-12.968209947722702],[-38.499699037327076,-12.968244927972268],[-38.499687103314663,-12.968281610055572],[-38.499663105115957,-12.968306606029362],[-38.499625662510176,-12.968324977900613],[-38.499213410442849,-12.968492702541315],[-38.499141838868745,-12.968507753410169],[-38.499053264048214,-12.96850921061349],[-38.499002186326884,-12.968502422730822],[-38.498963135912284,-12.968488877072289],[-38.498924025440978,-12.968467103589349],[-38.498868400696182,-12.968415013418653]]},"properties":{"NOME_LOGRADOURO":"Rua Monte Castelo","CODLOG":1074,"HIERARQUIA":"VL","GMLID":null}},{"type":"Feature","geometry":{"type":"LineString","coordinates":[[-38.505616505102459,-12.96867106014855],[-38.505736941909504,-12.968510818197263],[-38.505854388052015,-12.968363408954479]]},"properties":{"NOME_LOGRADOURO":"Beco das Gostosas","CODLOG":1341,"HIERARQUIA":"VL","GMLID":null}},{"type":"Feature","geometry":{"type":"LineString","coordinates":[[-38.519312388464904,-12.985550505272911],[-38.51963145486674,-12.984975027365374]]},"properties":{"NOME_LOGRADOURO":"Travessa Salvador Pires","CODLOG":1385,"HIERARQUIA":"VL","GMLID":null}},{"type":"Feature","geometry":{"type":"LineString","coordinates":[[-38.504405719056443,-12.977356440950722],[-38.504107991750224,-12.977433078750032],[-38.50391002564303,-12.977542272011265],[-38.503763775753946,-12.977643156121617],[-38.50367758653983,-12.977744155642364],[-38.503522501879623,-12.977929372300567],[-38.503419139824352,-12.978064060866494],[-38.503315618414803,-12.978240877737214],[-38.503229095125874,-12.978510393783033],[-38.503201808378968,-12.978698296593995],[-38.503202469280254,-12.978940315618003],[-38.503253657592367,-12.979159558322344],[-38.503347609475867,-12.979437918844894],[-38.503424538434899,-12.979674117281663],[-38.503672273939628,-12.980501449214231]]},"properties":{"NOME_LOGRADOURO":"Rua Lions Clube","CODLOG":3159,"HIERARQUIA":"VL","GMLID":null}},{"type":"Feature","geometry":{"type":"LineString","coordinates":[[-38.526520969155555,-12.994422007460185],[-38.526815850009186,-12.994330061244888],[-38.527231050489625,-12.994179389565883],[-38.527767897567969,-12.993992143703542]]},"properties":{"NOME_LOGRADOURO":"Rua Aloísio de Carvalho","CODLOG":61,"HIERARQUIA":"VL","GMLID":null}},{"type":"Feature","geometry":{"type":"LineString","coordinates":[[-38.492960203961267,-12.97847108004032],[-38.493002147285438,-12.978636042021858]]},"properties":{"NOME_LOGRADOURO":"Avenida José Petitinga","CODLOG":14532,"HIERARQUIA":"VL","GMLID":null}},{"type":"Feature","geometry":{"type":"LineString","coordinates":[[-38.495603773158173,-12.995967785744428],[-38.495689525878163,-12.996164133465516],[-38.495708833456845,-12.996204582344081],[-38.495720243264486,-12.996239953954909],[-38.495742103416383,-12.996296770917279],[-38.495765787505533,-12.996353592322111],[-38.495780459105987,-12.996393399229762],[-38.495791963704519,-12.996419277403193],[-38.49579966372503,-12.996446956673042],[-38.495803513831959,-12.99646097715612],[-38.495826803993097,-12.996524758632601],[-38.495846077867149,-12.996581933167981],[-38.495875745734956,-12.996688036417515],[-38.495901370963757,-12.996763123613222],[-38.495912868851342,-12.996792798673333],[-38.495932667159963,-12.996853771124849],[-38.495948692438802,-12.996900451971465],[-38.495951332125358,-12.996911124415057],[-38.495955179145497,-12.996926682098357],[-38.495970111862533,-12.996987464258815],[-38.495981223574177,-12.997057730814941],[-38.495983251386662,-12.99707002970349],[-38.495994894248824,-12.997140750313671],[-38.496019543933826,-12.997247387259398],[-38.496026296380677,-12.99732976036648],[-38.496019173933902,-12.997392849856469],[-38.495999651730834,-12.997459169649938],[-38.495985517968194,-12.997492321514381],[-38.495959008251916,-12.997554379626292],[-38.495919461430802,-12.997671378485375],[-38.495914081711021,-12.997699755762445],[-38.495911719950485,-12.997739620033039],[-38.495908792204943,-12.997796751479678],[-38.495921474563048,-12.997955076893712],[-38.495923663561321,-12.998000826650932],[-38.49592841025607,-12.998060413532722],[-38.495929608741918,-12.998107156031724],[-38.495920539137757,-12.998306212324968],[-38.495912859378286,-12.998381325309186],[-38.495904388147764,-12.998434648186667],[-38.49589345052901,-12.998466811579576],[-38.495856609912273,-12.998523515510746],[-38.495786243904398,-12.998614869948709],[-38.495769935009982,-12.998633281172363],[-38.495712701711248,-12.998697720150789],[-38.495681748221685,-12.998738704418047],[-38.495662372057964,-12.998769585479364],[-38.495645629928852,-12.998814394237632],[-38.495634605499923,-12.998851620288518],[-38.495618966594563,-12.998914964490723],[-38.495608273657133,-12.998938720719558],[-38.495591568923508,-12.998964544121634],[-38.495525497702225,-12.998999855691093]]},"properties":{"NOME_LOGRADOURO":"Ladeira Coronel João de Deus","CODLOG":847,"HIERARQUIA":"VL","GMLID":null}},{"type":"Feature","geometry":{"type":"LineString","coordinates":[[-38.509658234900158,-12.97959884379063],[-38.509664651281703,-12.979816735978511]]},"properties":{"NOME_LOGRADOURO":"Vila Campo Rocha","CODLOG":2883,"HIERARQUIA":"VL","GMLID":null}},{"type":"Feature","geometry":{"type":"LineString","coordinates":[[-38.499162964746169,-12.976157707675913],[-38.499982341046895,-12.975699385187461]]},"properties":{"NOME_LOGRADOURO":"Travessa Vasco Ribeiro Caldas","CODLOG":1548,"HIERARQUIA":"VL","GMLID":null}},{"type":"Feature","geometry":{"type":"LineString","coordinates":[[-38.49633040183997,-12.999689859077066],[-38.496306610627329,-12.999723443439033],[-38.496292564970588,-12.999750809250012],[-38.496245119346653,-12.999825573845373],[-38.496206221213747,-12.99988462394546],[-38.49616747977057,-12.99994141464688],[-38.49615010686739,-12.999959733402545],[-38.496088746966038,-12.99999622885333],[-38.49606834985056,-13.000005681991942],[-38.496024505701797,-13.000028921794154],[-38.495945054611909,-13.000063121505491],[-38.495879516847573,-13.000097620372975],[-38.495734398133735,-13.000230597418865],[-38.49579767687684,-13.000297891733977]]},"properties":{"NOME_LOGRADOURO":"Rua Forno da Mangueira","CODLOG":6176,"HIERARQUIA":"VL","GMLID":null}},{"type":"Feature","geometry":{"type":"LineString","coordinates":[[-38.496625880298495,-12.973076741639552],[-38.496708657983497,-12.97331286187525],[-38.496794063328181,-12.973527561153977],[-38.496824104755426,-12.973598226072511],[-38.496877948936877,-12.973704376964266],[-38.496881587587616,-12.973709718122537],[-38.497070116975671,-12.97398618289526],[-38.497283717156769,-12.974272098284358],[-38.497326022878525,-12.974331215258156],[-38.497359219781707,-12.974344930726302],[-38.497401815832944,-12.974335248999074],[-38.497441239053217,-12.97431552585949],[-38.497737254088726,-12.974185098047071],[-38.497873242979018,-12.97412279960521],[-38.498198415078186,-12.973973894165367],[-38.49832625675532,-12.973917545956258],[-38.498458279037244,-12.973861567436575],[-38.498939329504104,-12.973664775266199]]},"properties":{"NOME_LOGRADOURO":"Rua Alegria do Castro Neves","CODLOG":440,"HIERARQUIA":"VC-II","GMLID":null}},{"type":"Feature","geometry":{"type":"LineString","coordinates":[[-38.492050673090183,-12.983318928341573],[-38.492194577347313,-12.983668267094425],[-38.492225751976427,-12.983780160840258],[-38.492293390598633,-12.98401968791455],[-38.492446261232438,-12.984521921296624],[-38.492534162628935,-12.984780563721802],[-38.492550304776124,-12.984843970739012],[-38.492555574287479,-12.984870379424141],[-38.492585551102579,-12.98489792141492],[-38.492615525577186,-12.984964337607115],[-38.492642515218023,-12.985002632417737],[-38.492669646921279,-12.985045899017971],[-38.492696729984097,-12.985075876800195],[-38.492735653104667,-12.9851537011582],[-38.492753060863301,-12.98519279108085],[-38.492753137027947,-12.985192972077561],[-38.492778569000507,-12.985249615399921],[-38.492806401859816,-12.985322265749902],[-38.492860486116996,-12.98542218042353]]},"properties":{"NOME_LOGRADOURO":"Rua Guary","CODLOG":3053,"HIERARQUIA":"VC-II","GMLID":null}},{"type":"Feature","geometry":{"type":"LineString","coordinates":[[-38.497221931149504,-12.968992430993376],[-38.497336688399514,-12.968825219487451],[-38.497356590434663,-12.968795605097894],[-38.497378543536485,-12.968805230646666],[-38.497429059852813,-12.968826211656785],[-38.497475244786514,-12.968808038739866],[-38.497573620418542,-12.968772247017665],[-38.497638114945651,-12.968760798994234]]},"properties":{"NOME_LOGRADOURO":"2ª Travessa Regina","CODLOG":10921,"HIERARQUIA":"VL","GMLID":null}},{"type":"Feature","geometry":{"type":"LineString","coordinates":[[-38.494114982938754,-12.964359421074182],[-38.493965531084157,-12.964728350866217],[-38.493929050328589,-12.964797802629406],[-38.493850135849137,-12.964947904455908],[-38.493539571166153,-12.965548683980524]]},"properties":{"NOME_LOGRADOURO":"2ª Travessa Barletta","CODLOG":10806,"HIERARQUIA":"VL","GMLID":null}},{"type":"Feature","geometry":{"type":"LineString","coordinates":[[-38.493105148278978,-12.965552178978667],[-38.493114173401175,-12.965487646326283],[-38.493120516280165,-12.965471475454295],[-38.493138367449994,-12.965441676546938],[-38.493159856882919,-12.965416856243023],[-38.493238776066342,-12.965339893375432],[-38.493355679442523,-12.965239317771873],[-38.493369696639192,-12.965225603278755],[-38.493458668131318,-12.965102643016754]]},"properties":{"NOME_LOGRADOURO":"1ª Travessa Barletta","CODLOG":10808,"HIERARQUIA":"VL","GMLID":null}},{"type":"Feature","geometry":{"type":"LineString","coordinates":[[-38.493929050328589,-12.964797802629406],[-38.494334283883873,-12.964979943808766],[-38.494392318996461,-12.965004104827637],[-38.494467294222197,-12.965035440428535],[-38.494532312294609,-12.965065671588757],[-38.494504372518477,-12.965122121638968],[-38.494478268484905,-12.965173060276147],[-38.494440976006835,-12.965230395498153],[-38.494401812892754,-12.965310510368498],[-38.494369152526808,-12.965370567299404],[-38.494302992540796,-12.965454244885821]]},"properties":{"NOME_LOGRADOURO":"3ª Travessa Barletta","CODLOG":10807,"HIERARQUIA":"VL","GMLID":null}},{"type":"Feature","geometry":{"type":"LineString","coordinates":[[-38.522514724145168,-12.99065527018444],[-38.522519232232881,-12.990564058339748],[-38.522517521402804,-12.990504386852955],[-38.522520777152991,-12.990432067787655],[-38.522532107993712,-12.990390953642175],[-38.522492938037196,-12.990278686712546],[-38.522507699003505,-12.990272837149041],[-38.522487286249415,-12.990212227059029]]},"properties":{"NOME_LOGRADOURO":"Avenida Santa Rita","CODLOG":11458,"HIERARQUIA":"VL","GMLID":null}},{"type":"Feature","geometry":{"type":"LineString","coordinates":[[-38.514813467482462,-12.987922080963681],[-38.514793168064244,-12.988129098485798]]},"properties":{"NOME_LOGRADOURO":"Beco Capitão Santinho","CODLOG":13214,"HIERARQUIA":"VL","GMLID":null}},{"type":"Feature","geometry":{"type":"LineString","coordinates":[[-38.514556635466235,-12.988111854244263],[-38.514551828195096,-12.988025662757854]]},"properties":{"NOME_LOGRADOURO":"Rua Major Santinho","CODLOG":13215,"HIERARQUIA":"VL","GMLID":null}},{"type":"Feature","geometry":{"type":"LineString","coordinates":[[-38.494679059503561,-12.969997982175604],[-38.494514481213336,-12.970438936278983],[-38.494358696372402,-12.970892744847719],[-38.494272565250498,-12.971039216591482],[-38.494230613244532,-12.971106849219778],[-38.494213108048243,-12.971115855811963],[-38.494176163057936,-12.971113433889705],[-38.494123193301199,-12.971102843544442],[-38.494043574946396,-12.97107330725456],[-38.493958751842975,-12.971023690271277],[-38.493958220389082,-12.971023417965478]]},"properties":{"NOME_LOGRADOURO":"3ª Travessa Gersino Coelho","CODLOG":6743,"HIERARQUIA":"VL","GMLID":null}},{"type":"Feature","geometry":{"type":"LineString","coordinates":[[-38.496882462563775,-12.984400260591032],[-38.496943685431276,-12.984316210461433],[-38.496981257729743,-12.984272254737659],[-38.49702049863491,-12.984230292470452],[-38.497046651177087,-12.984193638096109],[-38.497065421414163,-12.984160766349422],[-38.497084337434458,-12.984092998404421],[-38.497097489422629,-12.984017986283847],[-38.497108893353641,-12.983942880357125],[-38.497122059316787,-12.983898968735479],[-38.497140749352909,-12.983867905308989],[-38.497170707135801,-12.983829449795236],[-38.497240179084187,-12.98376440098537],[-38.497312523640346,-12.983707404551977],[-38.497346262381896,-12.983755384614536],[-38.497394387553015,-12.983718772672837],[-38.497425091807685,-12.983687370748317],[-38.497614492008417,-12.983571835596971],[-38.497771799271085,-12.983459673533403],[-38.497768668797249,-12.983428025368424]]},"properties":{"NOME_LOGRADOURO":"Rua São Cosme","CODLOG":11975,"HIERARQUIA":"VL","GMLID":null}},{"type":"Feature","geometry":{"type":"LineString","coordinates":[[-38.494056420421423,-12.980711180611396],[-38.494004953035805,-12.980633331126654],[-38.493961330173057,-12.980548355198394],[-38.493946474759426,-12.980487844320303],[-38.493888028010169,-12.980326807328435]]},"properties":{"NOME_LOGRADOURO":"Avenida Quintas das Beatas","CODLOG":1280,"HIERARQUIA":"VL","GMLID":null}},{"type":"Feature","geometry":{"type":"LineString","coordinates":[[-38.49280303854961,-12.980714979629321],[-38.492839439981474,-12.980610993274603],[-38.492905217199549,-12.980380946983814],[-38.492947161823082,-12.980242887859053],[-38.492962963916185,-12.980173757790256],[-38.492968312979258,-12.980122688546892],[-38.492968701816835,-12.979930847338185],[-38.492971036845269,-12.979791445953952],[-38.492961207112309,-12.979764485835339],[-38.492940134812912,-12.979732983499442]]},"properties":{"NOME_LOGRADOURO":"Rua São Roque","CODLOG":2134,"HIERARQUIA":"VL","GMLID":null}},{"type":"Feature","geometry":{"type":"LineString","coordinates":[[-38.501754548666071,-12.966873256197358],[-38.502060133287571,-12.966662111408212],[-38.502076729055368,-12.966650661973308],[-38.502170977612543,-12.966585478991821],[-38.502220462108042,-12.966551310026745],[-38.502266605889723,-12.966514965385974]]},"properties":{"NOME_LOGRADOURO":"Travessa Domingos Caetano","CODLOG":13239,"HIERARQUIA":"VL","GMLID":null}},{"type":"Feature","geometry":{"type":"LineString","coordinates":[[-38.492421906784401,-12.972304559714578],[-38.492309630794153,-12.972295661803278],[-38.491974506809804,-12.972290758803965],[-38.491337475959995,-12.972284001338018],[-38.491315352491505,-12.97228377724816],[-38.490939161735469,-12.972284307612114],[-38.490762093420535,-12.97228314828547],[-38.490688425426285,-12.972281466916913],[-38.490616820700069,-12.972274456350995],[-38.490556159794309,-12.972269546039067],[-38.490467664647305,-12.972268378128167],[-38.490202015668288,-12.972270932310758],[-38.490120885254825,-12.97227493197901],[-38.490108336957206,-12.97227653502839],[-38.490084077924479,-12.972279561013895],[-38.49005593185526,-12.972287010162548],[-38.490029069799377,-12.972298709949232],[-38.489979218161096,-12.972324830730845],[-38.489853326786466,-12.972393744870867],[-38.489109839411192,-12.972842690672428],[-38.488388638770395,-12.973285621451053],[-38.488348682308732,-12.973305703849206],[-38.488130027170421,-12.973415479109914],[-38.487972679510555,-12.973436777298868],[-38.487853122091813,-12.973419274646664],[-38.487790598813923,-12.973395736273384],[-38.487745959517895,-12.973363463762674],[-38.487698220641697,-12.973322506239343],[-38.487665596694789,-12.973252196969126],[-38.48765676218666,-12.973184917622893],[-38.487692787539068,-12.972670486359531],[-38.487706980063656,-12.972608405610357],[-38.487725630821458,-12.972559712783529],[-38.487767889072707,-12.972491629764061],[-38.487812761069911,-12.972447057622546],[-38.487880617570276,-12.972391048651859],[-38.487971316034027,-12.972318450187826]]},"properties":{"NOME_LOGRADOURO":"Rua Professor Alfredo Rocha","CODLOG":48,"HIERARQUIA":"VL","GMLID":null}},{"type":"Feature","geometry":{"type":"LineString","coordinates":[[-38.511169558845019,-12.975462170379176],[-38.511075906201924,-12.975649767826832]]},"properties":{"NOME_LOGRADOURO":"Avenida Cosme de Farias","CODLOG":6380,"HIERARQUIA":"VL","GMLID":null}},{"type":"Feature","geometry":{"type":"LineString","coordinates":[[-38.512388164374279,-12.980404457157285],[-38.513228908066743,-12.98055502957963],[-38.513241266179563,-12.980964051077331]]},"properties":{"NOME_LOGRADOURO":"Rua João Freitas","CODLOG":92,"HIERARQUIA":"VL","GMLID":null}},{"type":"Feature","geometry":{"type":"LineString","coordinates":[[-38.510273623117833,-12.976484693233374],[-38.510157454575243,-12.976522263777541],[-38.510062483336633,-12.976567558447144],[-38.509965286190429,-12.976623245878482],[-38.509880776602735,-12.976683477486107],[-38.509863875155801,-12.976695469369583],[-38.509775084738337,-12.976767807024075],[-38.509707450693966,-12.976829698007196],[-38.509660217503857,-12.976878518606856],[-38.509635534194565,-12.976904056744608],[-38.509559504585987,-12.976982566321489],[-38.509515073985952,-12.97703627418502],[-38.50949408984355,-12.977075470642873],[-38.50948966417198,-12.977083869952722],[-38.509470543832876,-12.977141693716771],[-38.509461325786468,-12.977189863459914]]},"properties":{"NOME_LOGRADOURO":"Rua do Gravatá","CODLOG":7207,"HIERARQUIA":"VC-I","GMLID":null}},{"type":"Feature","geometry":{"type":"LineString","coordinates":[[-38.503217528248136,-12.991999353875839],[-38.503175492927333,-12.991955606794274],[-38.503114570714033,-12.99188940292891],[-38.503031042274614,-12.991796846916655],[-38.503001955247235,-12.991818398143167]]},"properties":{"NOME_LOGRADOURO":"Vila dos Protestantes","CODLOG":11315,"HIERARQUIA":"VL","GMLID":null}},{"type":"Feature","geometry":{"type":"LineString","coordinates":[[-38.503893068948948,-12.993154594867313],[-38.503934617009627,-12.993060742482259],[-38.503961911339445,-12.992984944094401],[-38.504003797649723,-12.992890680006749],[-38.504057397187182,-12.992770482011709],[-38.504136777322465,-12.99269366083424],[-38.504190749904019,-12.992567105795663],[-38.504060486295806,-12.992429858309563]]},"properties":{"NOME_LOGRADOURO":"Ladeira do Cachimbeiro","CODLOG":5953,"HIERARQUIA":"VL","GMLID":null}},{"type":"Feature","geometry":{"type":"LineString","coordinates":[[-38.505336807213951,-13.000748956433929],[-38.505074832182686,-13.000078902958666],[-38.504944108863164,-12.999781578061423],[-38.50485074117924,-12.999626081298315],[-38.504783848709025,-12.999539886290389],[-38.504737420767768,-12.999486819183812],[-38.504693336518777,-12.999440447018856],[-38.504640504770997,-12.999395594470354],[-38.504597512803365,-12.999373634362692],[-38.504554441260083,-12.999353210402031],[-38.504503367354999,-12.999342173468444],[-38.504444370848937,-12.999338896075216],[-38.504401249634476,-12.9993435149528],[-38.504364503568233,-12.99935438344318],[-38.504319822662538,-12.999378707265899],[-38.504294473835508,-12.999393395308095],[-38.504271095933454,-12.999411159720502],[-38.504241074919676,-12.999442925379944],[-38.504218267383123,-12.999479948498308],[-38.504198998063295,-12.999534607452308],[-38.504190336851664,-12.99956975866357],[-38.504183878609474,-12.999605366200125],[-38.504180704768281,-12.999634109582301],[-38.504177144886214,-12.999665473622295],[-38.504183373028539,-12.999745313721132],[-38.504227786894333,-12.999894117218544],[-38.504370659940143,-13.000276176742059],[-38.504392458152743,-13.000364907204165],[-38.504397273003214,-13.000429285694844],[-38.504402695748965,-13.000530732898088],[-38.504402560762159,-13.000597362545445],[-38.504386717371332,-13.00068719669064],[-38.504362884617279,-13.000779366614095],[-38.504326156731238,-13.000856232963757],[-38.504284258642244,-13.000932998110468],[-38.504237027602287,-13.001014997666964],[-38.504208193388585,-13.001061049872149],[-38.504084985977066,-13.001189102019124],[-38.503977666417669,-13.001281111563381],[-38.503857152399213,-13.001355285020622],[-38.503755193359481,-13.001390981350152],[-38.503686800483905,-13.001409202226585],[-38.503635905095187,-13.001422756283034],[-38.503572258429507,-13.001349584627864],[-38.503504428357374,-13.001277671801919],[-38.503456701385076,-13.001190607956877],[-38.503337623569671,-13.000929735547155],[-38.503240586287873,-13.000749276885363],[-38.50316107623371,-13.000625266403173],[-38.503062623277238,-13.000509450959688],[-38.502927141935118,-13.000403127869067],[-38.502838804013258,-13.000323893778491],[-38.502756809668902,-13.000238995884072]]},"properties":{"NOME_LOGRADOURO":"Rua Agnelo Brito","CODLOG":3355,"HIERARQUIA":"VC-II","GMLID":null}},{"type":"Feature","geometry":{"type":"LineString","coordinates":[[-38.503465959809972,-12.999871410492066],[-38.503624974340255,-13.000165354930553],[-38.503720701053261,-13.000319048134413],[-38.503786030192209,-13.000426666408659],[-38.503801428056441,-13.000483200940094],[-38.503808030929662,-13.000526608982813],[-38.503803466095825,-13.00056574666163],[-38.503796776565608,-13.000602619678553],[-38.503790024350948,-13.000632983848991],[-38.503778955213292,-13.000654750386513],[-38.503754478505009,-13.000689420143308],[-38.503727876915086,-13.000721915658994],[-38.503664918250379,-13.000760127028007],[-38.503596911388641,-13.000775365534226],[-38.503529012529285,-13.000775235750243],[-38.503468889058333,-13.000764903795579],[-38.503393144281404,-13.00073392978711],[-38.50327617633279,-13.000671143490326],[-38.50316107623371,-13.000625266403173]]},"properties":{"NOME_LOGRADOURO":"Rua Doutor Galdino de Magalhães Ribeiro","CODLOG":3354,"HIERARQUIA":"VC-II","GMLID":null}},{"type":"Feature","geometry":{"type":"LineString","coordinates":[[-38.509380031956177,-12.980420021149842],[-38.509353926557473,-12.980472768848468],[-38.509336939880725,-12.98052806562665],[-38.509327435827615,-12.980566831584831],[-38.50931790750959,-12.980618435939014],[-38.509308309752114,-12.980666423189446],[-38.509302585672444,-12.980716226233451],[-38.509293060413519,-12.98080480689628],[-38.509285436421443,-12.980893390240846],[-38.509277706538562,-12.980957925946676],[-38.509273973691833,-12.981000410185773],[-38.509271902630665,-12.981048411633777],[-38.509269933637306,-12.981083395792258],[-38.509269875639873,-12.981112958098414],[-38.509269817640508,-12.981142521308772]]},"properties":{"NOME_LOGRADOURO":"Avenida Fernandes Ribeiro","CODLOG":607,"HIERARQUIA":"VL","GMLID":null}},{"type":"Feature","geometry":{"type":"LineString","coordinates":[[-38.509538154763142,-12.985007812143422],[-38.509397759204631,-12.984990911924868],[-38.508766736860032,-12.984896596192808],[-38.508720075739845,-12.984885658931015]]},"properties":{"NOME_LOGRADOURO":"Travessa Florêncio dos Passos","CODLOG":625,"HIERARQUIA":"VL","GMLID":null}},{"type":"Feature","geometry":{"type":"LineString","coordinates":[[-38.514227456864539,-12.982603435600794],[-38.514134946372948,-12.982595786495645],[-38.51346753406375,-12.982614265692346],[-38.513392796113678,-12.982604851033054],[-38.51332482309607,-12.982605989777422],[-38.513053040048447,-12.982632690604573],[-38.51293328179986,-12.982612685108062],[-38.512773682197071,-12.982538699356086]]},"properties":{"NOME_LOGRADOURO":"Rua Coqueiros da Piedade","CODLOG":647,"HIERARQUIA":"VL","GMLID":null}},{"type":"Feature","geometry":{"type":"LineString","coordinates":[[-38.503671342330342,-12.977097196170106],[-38.503671647141005,-12.977096925478854],[-38.503770017699139,-12.977024969943717],[-38.503990138380402,-12.976900359176078],[-38.504097518199764,-12.976847858285996],[-38.504108933987006,-12.976842274645332],[-38.50428335994755,-12.976756722085538],[-38.504328031894481,-12.976734839527298],[-38.504434603627843,-12.976706203534398],[-38.504455758812874,-12.976696479817184],[-38.50447942769118,-12.976684320334803],[-38.50450052227653,-12.976666550546902],[-38.504551059948831,-12.97660056021461],[-38.504576292926423,-12.976566344700487],[-38.504608719493262,-12.976508456242994],[-38.504656209320252,-12.97640729137153],[-38.504731931323782,-12.97621559409883],[-38.504755956740425,-12.976138794569573]]},"properties":{"NOME_LOGRADOURO":"Rua da Cova da Onça","CODLOG":657,"HIERARQUIA":"VL","GMLID":null}},{"type":"Feature","geometry":{"type":"LineString","coordinates":[[-38.511254404763996,-12.981694227831342],[-38.511400813203636,-12.98186266051237],[-38.511595696648712,-12.982086692931986]]},"properties":{"NOME_LOGRADOURO":"Rua Galdino Franklim Bandeira","CODLOG":11288,"HIERARQUIA":"VL","GMLID":null}},{"type":"Feature","geometry":{"type":"LineString","coordinates":[[-38.510412653238276,-12.980852309792473],[-38.510388628846279,-12.981007401944382],[-38.510267484157808,-12.981838731167423],[-38.51027238038148,-12.981900849225054],[-38.510301994419812,-12.981959127389258],[-38.51032181201829,-12.982011058307954],[-38.510348741130066,-12.982081535980065],[-38.510472993238096,-12.982344039255732],[-38.510564804313148,-12.982516256053042],[-38.510592206307415,-12.982539271778618],[-38.510621246670908,-12.98254068279283],[-38.510813685636855,-12.982381388078956],[-38.510830822293428,-12.982366232646278],[-38.511400813203636,-12.98186266051237]]},"properties":{"NOME_LOGRADOURO":"Rua Francisco Ferraro","CODLOG":655,"HIERARQUIA":"VL","GMLID":null}},{"type":"Feature","geometry":{"type":"LineString","coordinates":[[-38.51240911804728,-12.998176426438018],[-38.512473763245438,-12.998222755450325],[-38.512613233694779,-12.998303718975748],[-38.512752909563893,-12.99838200264019],[-38.512775233389604,-12.998397504341645],[-38.512785787323864,-12.998404937114463],[-38.51281036761165,-12.998433190147706],[-38.512824090902377,-12.998453376869891],[-38.512839001728764,-12.998488302253856],[-38.512856849001466,-12.99853814952337],[-38.512864992410776,-12.998573061310317],[-38.512870301280266,-12.9986188168794],[-38.512871571011345,-12.998669898998447],[-38.51286608032219,-12.998716900253704],[-38.512856408743687,-12.998763892763654],[-38.512837054276133,-12.998824428937631],[-38.512819098866586,-12.998868784511213],[-38.512708890714862,-12.999120087320321],[-38.512688346537743,-12.999166969903856],[-38.512505864149105,-12.999594789744563],[-38.512444531694094,-12.999736522177514],[-38.512426623738008,-12.999795703758432],[-38.512416970381558,-12.999833294873401],[-38.512401519096493,-12.999997262824616],[-38.512393822077037,-13.000122912701014],[-38.512389485271335,-13.000202281638485],[-38.512389265736971,-13.000315198450473],[-38.512389053219351,-13.000424047994025],[-38.512387795009566,-13.00056028868107],[-38.512389837433901,-13.000719499693352],[-38.512378996285136,-13.000933744905648],[-38.512373300073413,-13.001007054672193],[-38.512356465113399,-13.001099419412755],[-38.51233695791796,-13.001159141424001],[-38.512247919208946,-13.001389782882333],[-38.512233275916671,-13.001450600012159],[-38.512230966474377,-13.001467812441096]]},"properties":{"NOME_LOGRADOURO":"Rua Mestre Pastinha","CODLOG":4121,"HIERARQUIA":"VL","GMLID":null}},{"type":"Feature","geometry":{"type":"LineString","coordinates":[[-38.522970514101914,-12.986664985232471],[-38.522980287650661,-12.986679741442238],[-38.523017821286366,-12.986700315853565],[-38.523057357991647,-12.986770999916679],[-38.523095697721949,-12.986834504791847],[-38.52314337888825,-12.986909705110518],[-38.523229903983115,-12.987062576188363],[-38.523296118425272,-12.987179698678846],[-38.523309379648104,-12.987202022562554],[-38.523318745092247,-12.987237397493596],[-38.523345918345107,-12.98729085288617],[-38.523379446517097,-12.987359827715865],[-38.523396810721437,-12.987390531515089],[-38.523412856246722,-12.987428546423208],[-38.523405745291306,-12.987453624356233],[-38.523414004105447,-12.987469731427348],[-38.52342678916817,-12.98748161854969],[-38.523462064086665,-12.987515618595621],[-38.523479118263701,-12.987534347819087],[-38.523486085067589,-12.9875524843566],[-38.523497477298385,-12.987566082465456],[-38.523514100463899,-12.987573412898008],[-38.523531322269555,-12.987577247714192],[-38.523551079178688,-12.98757366875561],[-38.523565886419036,-12.987566665393866],[-38.523577077180079,-12.987563086106295],[-38.523627384000662,-12.987564623277732],[-38.523664713923338,-12.987543156198464],[-38.523709330688028,-12.987590611302991],[-38.523763248673916,-12.987624432063781],[-38.52378074065625,-12.987633592453157],[-38.523805203771232,-12.987633458224629],[-38.523851714173126,-12.987630753822978],[-38.523865526731839,-12.987648795284613],[-38.523879746628417,-12.987677122366085],[-38.523976435978248,-12.987638044379743],[-38.523927484518964,-12.987524694524803],[-38.523996249958081,-12.987492134725494]]},"properties":{"NOME_LOGRADOURO":"Rua da Resistência","CODLOG":13393,"HIERARQUIA":"VL","GMLID":null}},{"type":"Feature","geometry":{"type":"LineString","coordinates":[[-38.508456370684286,-12.979945444069969],[-38.508456447925091,-12.979945082518762],[-38.508536630576458,-12.979571946255335],[-38.508595542812806,-12.979305992191279],[-38.508674074094031,-12.978960788418544]]},"properties":{"NOME_LOGRADOURO":"Travessa Padre Miguelinho","CODLOG":1055,"HIERARQUIA":"VL","GMLID":null}},{"type":"Feature","geometry":{"type":"LineString","coordinates":[[-38.50557645410094,-12.973325287591193],[-38.505847673278922,-12.973387371757742],[-38.506004519882545,-12.973385772445432],[-38.506360847237474,-12.97339214715924]]},"properties":{"NOME_LOGRADOURO":"Rua Manoel Beckmann","CODLOG":981,"HIERARQUIA":"VL","GMLID":null}},{"type":"Feature","geometry":{"type":"LineString","coordinates":[[-38.505314456839066,-12.973829707220521],[-38.505336508671263,-12.973866273323397],[-38.505448645355443,-12.974060680785824],[-38.50559954630846,-12.974298466054146]]},"properties":{"NOME_LOGRADOURO":"Travessa Zumbi dos Palmares","CODLOG":1599,"HIERARQUIA":"VL","GMLID":null}},{"type":"Feature","geometry":{"type":"LineString","coordinates":[[-38.503671342330342,-12.977097196170106],[-38.50369242714028,-12.976969582662392],[-38.503687358166758,-12.976956825884812],[-38.503703578016754,-12.976866993199334],[-38.503712052748057,-12.976849199403853],[-38.503744679021018,-12.976614023832017]]},"properties":{"NOME_LOGRADOURO":"Avenida Cova da Onça","CODLOG":12644,"HIERARQUIA":"VL","GMLID":null}},{"type":"Feature","geometry":{"type":"LineString","coordinates":[[-38.509844183175147,-12.99385293584676],[-38.509987229518522,-12.993644458614652],[-38.510034879378985,-12.993579004468799],[-38.510087317676891,-12.993513559340862],[-38.510105511328611,-12.993502925391509],[-38.510126956592551,-12.993500615694936],[-38.510160762537389,-12.993476722429206],[-38.510297568556588,-12.993348694525633],[-38.510408574433797,-12.993233636312599]]},"properties":{"NOME_LOGRADOURO":"Avenida São Luís","CODLOG":11401,"HIERARQUIA":"VL","GMLID":null}},{"type":"Feature","geometry":{"type":"LineString","coordinates":[[-38.510285024107802,-12.994202287301823],[-38.510460816085093,-12.994045584229228],[-38.510507688170179,-12.993988807448787],[-38.510524306867474,-12.993927814157916],[-38.510721770316394,-12.993731282768769]]},"properties":{"NOME_LOGRADOURO":"2ª Avenida Padre Domingos de Brito","CODLOG":10301,"HIERARQUIA":"VL","GMLID":null}},{"type":"Feature","geometry":{"type":"LineString","coordinates":[[-38.499213136250553,-13.000439470128734],[-38.499248071334591,-13.000346419713008],[-38.49925984151097,-13.000278276241838],[-38.499288846961306,-13.00022264180164],[-38.499306343501772,-13.000180726913413],[-38.499308709110174,-13.000138692431806],[-38.499310007309703,-13.000097831404915],[-38.499303089478929,-13.000059215140791],[-38.499280089902513,-13.000001219841607],[-38.499260488237731,-12.999955707800897],[-38.499218859797409,-12.999897767909957],[-38.49917504725088,-12.999829517268896],[-38.499134532319978,-12.999785140406161],[-38.499025178371021,-12.999677616969972]]},"properties":{"NOME_LOGRADOURO":"Avenida Altair","CODLOG":10188,"HIERARQUIA":"VL","GMLID":null}},{"type":"Feature","geometry":{"type":"LineString","coordinates":[[-38.504892960505487,-12.966788772933441],[-38.50468887409361,-12.966845158573244],[-38.504625660118201,-12.966863570771258],[-38.504606105551687,-12.966871850794448],[-38.504439844543434,-12.96686891117184]]},"properties":{"NOME_LOGRADOURO":"Beco da Gasosa","CODLOG":702,"HIERARQUIA":"VL","GMLID":null}},{"type":"Feature","geometry":{"type":"LineString","coordinates":[[-38.512079533498969,-12.983265872523049],[-38.511910734245234,-12.983466889105165]]},"properties":{"NOME_LOGRADOURO":"Vila Coqueiros","CODLOG":13238,"HIERARQUIA":"VL","GMLID":null}},{"type":"Feature","geometry":{"type":"LineString","coordinates":[[-38.501948885173313,-12.969122218083371],[-38.50184335556046,-12.968436734759509]]},"properties":{"NOME_LOGRADOURO":"Vila Maria","CODLOG":1919,"HIERARQUIA":"VL","GMLID":null}},{"type":"Feature","geometry":{"type":"LineString","coordinates":[[-38.502060133287571,-12.966662111408212],[-38.501963292064843,-12.96653996729734]]},"properties":{"NOME_LOGRADOURO":"Vila Caetano","CODLOG":1820,"HIERARQUIA":"VL","GMLID":null}},{"type":"Feature","geometry":{"type":"LineString","coordinates":[[-38.495247882721266,-12.964909660941576],[-38.495264196286278,-12.964925785365409],[-38.495320397038519,-12.964992794669641],[-38.495381858904167,-12.965089920003321],[-38.495394432692287,-12.965112998029522],[-38.495416104676892,-12.965186449134388],[-38.495435060035504,-12.965249590227447],[-38.495441618500365,-12.965277357750965],[-38.495449761839943,-12.965311094536421],[-38.495469012733246,-12.965378574754473],[-38.495496584270469,-12.965504835994514],[-38.495517951508411,-12.965578558677411],[-38.495524256974576,-12.965656409883033],[-38.495530456932336,-12.965711117705572],[-38.495530380628779,-12.965748998077384],[-38.495530274458737,-12.965801705252602],[-38.49553102749789,-12.96584347366448],[-38.495607700871531,-12.96627748219249],[-38.495618628867405,-12.966325328738025],[-38.495621932177258,-12.966346037764714],[-38.49562809243389,-12.966382935550239],[-38.495652294008806,-12.966521666073248],[-38.495667216196978,-12.966586878188762],[-38.495673517296304,-12.966628928618341],[-38.495670218449952,-12.966681539182408],[-38.49565930806223,-12.966738473556171],[-38.495633458445432,-12.966814184514988],[-38.49559902291567,-12.96688770865474],[-38.495581671693721,-12.966933963199095],[-38.495572991451276,-12.966978154784897],[-38.495571382960058,-12.967059426769936],[-38.495572758348445,-12.967093874734475],[-38.495572660736919,-12.967142331982672],[-38.49557051512182,-12.967188615985496],[-38.4955597143448,-12.967228644850978],[-38.495540260609197,-12.96726223863806],[-38.495512366872767,-12.967295816068702],[-38.495450174818899,-12.967334298551052],[-38.495379179471556,-12.967364990184345],[-38.495331920841693,-12.967388042657561],[-38.495284564358698,-12.967421671852948],[-38.495185745861086,-12.967488833639726],[-38.495111304101478,-12.967531813494652],[-38.495033209763577,-12.967576865095198],[-38.494915004022403,-12.967644078688373],[-38.494771155721075,-12.967721639438121],[-38.494495833939766,-12.967848488271173]]},"properties":{"NOME_LOGRADOURO":"Rua Antero de Britto","CODLOG":109,"HIERARQUIA":"VL","GMLID":null}},{"type":"Feature","geometry":{"type":"LineString","coordinates":[[-38.513400125351403,-12.994590286915123],[-38.513507626206554,-12.994711660332049],[-38.513605585041354,-12.99481463621049],[-38.513690483553077,-12.994908908689752],[-38.513742673880877,-12.994971025651401],[-38.513823330250297,-12.995018189059369],[-38.513873385669044,-12.995043957779592],[-38.51400719096975,-12.995086674034722]]},"properties":{"NOME_LOGRADOURO":"Rua dos Artistas","CODLOG":168,"HIERARQUIA":"VL","GMLID":null}},{"type":"Feature","geometry":{"type":"LineString","coordinates":[[-38.510681633639997,-12.987935797795165],[-38.510703674131832,-12.987978692245603],[-38.510803492351265,-12.98817895012853],[-38.510823005366682,-12.988231784674031],[-38.510858558205385,-12.9883250609094],[-38.510937016227324,-12.9884449067492],[-38.51102961614437,-12.988565322618433],[-38.511029843190997,-12.988565684742577]]},"properties":{"NOME_LOGRADOURO":"Rua Baronesa de Baixo","CODLOG":214,"HIERARQUIA":"VL","GMLID":null}},{"type":"Feature","geometry":{"type":"LineString","coordinates":[[-38.510119729141778,-12.986747789927914],[-38.510105075925182,-12.986892502634426],[-38.510059875359069,-12.98749398115678],[-38.510033079454999,-12.987549621150105],[-38.510023859513005,-12.98755999985025],[-38.510003146910066,-12.987576414409638],[-38.510006618656227,-12.987589530662834],[-38.510052728889264,-12.987765639245691],[-38.510086830924529,-12.987869746574344],[-38.510069734513159,-12.987817563970419],[-38.510182801743703,-12.988162678678233],[-38.510214708982879,-12.988331437009073]]},"properties":{"NOME_LOGRADOURO":"Rua Capelinha do Tororó","CODLOG":339,"HIERARQUIA":"VL","GMLID":null}},{"type":"Feature","geometry":{"type":"LineString","coordinates":[[-38.512400538739797,-12.974557713534177],[-38.512717709038029,-12.974292967267584],[-38.513042288744835,-12.974674731766754],[-38.51305586251474,-12.974692476731816],[-38.51274363306932,-12.974957775196254],[-38.512400538739797,-12.974557713534177]]},"properties":{"NOME_LOGRADOURO":"Praça Thomé de Souza","CODLOG":1509,"HIERARQUIA":"VC-I","GMLID":null}},{"type":"Feature","geometry":{"type":"LineString","coordinates":[[-38.501030255968807,-12.990912982113359],[-38.501072717174885,-12.990780980198256],[-38.501081890863667,-12.990756136598041],[-38.501111373359699,-12.99072726379913],[-38.501168319466245,-12.990651703474413],[-38.501230755005814,-12.990607434090251],[-38.501340072260604,-12.9905396593674],[-38.501387807657487,-12.990507927981433],[-38.501519791543856,-12.990435585935122],[-38.50158374332235,-12.990392947003878],[-38.501662399827921,-12.99033541988393],[-38.501751371583794,-12.990252055729545],[-38.501792071255366,-12.990202319990262],[-38.501819074069935,-12.990133215363089],[-38.501844670744461,-12.990095541278254],[-38.501941811715298,-12.989978569394454]]},"properties":{"NOME_LOGRADOURO":"Avenida José Ramos","CODLOG":17128,"HIERARQUIA":"VL","GMLID":null}},{"type":"Feature","geometry":{"type":"LineString","coordinates":[[-38.512809519521078,-12.987668141720286],[-38.512831614874905,-12.987722336429671],[-38.512819069676297,-12.987761277652739],[-38.5127155110684,-12.987802217569802],[-38.512598281561047,-12.987835628405335],[-38.512504697994643,-12.987868993106131],[-38.512369160744946,-12.98781575931122],[-38.512279653394351,-12.987785937658462],[-38.512228319878574,-12.987753474875865]]},"properties":{"NOME_LOGRADOURO":"Avenida Andrade dos Barris","CODLOG":13217,"HIERARQUIA":"VL","GMLID":null}},{"type":"Feature","geometry":{"type":"LineString","coordinates":[[-38.503670463648959,-12.963761073900336],[-38.503433236935301,-12.963930312877496],[-38.50328667857427,-12.964037344452949],[-38.503218379438067,-12.964090191978036],[-38.50318257529252,-12.964127099087333],[-38.503154380118133,-12.96416040554416],[-38.503008580955338,-12.964382345125943],[-38.502918127627808,-12.964527816234382],[-38.50285068837519,-12.964645757250654]]},"properties":{"NOME_LOGRADOURO":"Travessa dos Perdões","CODLOG":1214,"HIERARQUIA":"VL","GMLID":null}},{"type":"Feature","geometry":{"type":"LineString","coordinates":[[-38.514262848682407,-12.987753504597316],[-38.514052449252233,-12.987685485754223],[-38.513881566949642,-12.987627756780306],[-38.513699309360192,-12.98756984817515],[-38.513658232653384,-12.987660290584126],[-38.513458926745876,-12.98757868497248],[-38.513438773666344,-12.987581088710218],[-38.513429112034864,-12.987583963300459],[-38.513401444261994,-12.987589070220432],[-38.513366669961648,-12.987711680162231]]},"properties":{"NOME_LOGRADOURO":"Vila Julião","CODLOG":7430,"HIERARQUIA":"VL","GMLID":null}},{"type":"Feature","geometry":{"type":"LineString","coordinates":[[-38.489817226374157,-12.981755957548692],[-38.489870118846241,-12.981730838416965],[-38.489980980966429,-12.981673187166116],[-38.490069524511867,-12.981646362879095],[-38.490215140483322,-12.981596509112766],[-38.490297048541379,-12.981575271701677],[-38.490403185937843,-12.98153931730009],[-38.490529993913817,-12.981485277843603],[-38.490545677917332,-12.981508448988194],[-38.490642103086572,-12.981473926767924],[-38.490675539947759,-12.981470135664754],[-38.490734547641047,-12.981462537138652],[-38.490797508435151,-12.981445304420712],[-38.490891946264178,-12.981420420132796],[-38.490948449791567,-12.981405949851917],[-38.491053305779559,-12.98136481137149],[-38.491111166142154,-12.981364138805596]]},"properties":{"NOME_LOGRADOURO":"Travessa Jaspe","CODLOG":15403,"HIERARQUIA":"VL","GMLID":null}},{"type":"Feature","geometry":{"type":"LineString","coordinates":[[-38.491148280660902,-12.981583084691215],[-38.491025192861684,-12.981616927378829],[-38.490834027518751,-12.9816653731459],[-38.490727985797584,-12.981691925616628],[-38.49062947077617,-12.981718492784863]]},"properties":{"NOME_LOGRADOURO":"2ª Travessa Baixa da Paz","CODLOG":11851,"HIERARQUIA":"VL","GMLID":null}},{"type":"Feature","geometry":{"type":"LineString","coordinates":[[-38.490108336957206,-12.97227653502839],[-38.489703709924768,-12.972800460418398],[-38.489547071661633,-12.972996334656528],[-38.489485560515547,-12.973073239961847],[-38.489330862036176,-12.973249590774145],[-38.489284387303293,-12.973297053605014],[-38.489222218244265,-12.973360577495523],[-38.489165084512763,-12.973415884469688],[-38.488923976229437,-12.973649472924469],[-38.488698516925808,-12.973851992327255],[-38.488672461733586,-12.973877977843234],[-38.488640796781915,-12.97389635851763],[-38.488618950111274,-12.973909063573831],[-38.488519735005845,-12.973944850131442],[-38.488429597820463,-12.973965918083458],[-38.488297809486788,-12.973980396281432],[-38.488162699519442,-12.973983384924354],[-38.488050071020766,-12.973997809353449],[-38.487903244986875,-12.974041729684808],[-38.487811465328129,-12.974048057775207],[-38.487592468607808,-12.974027014461264],[-38.487567991640802,-12.974024706563652],[-38.487065187251879,-12.973999216436042],[-38.486999379959791,-12.973982723570828],[-38.486957680139263,-12.97396302295382],[-38.486911082938221,-12.973921977115282],[-38.48672088505203,-12.973723341833379]]},"properties":{"NOME_LOGRADOURO":"Rua Armando Tavares","CODLOG":3581,"HIERARQUIA":"VL","GMLID":null}},{"type":"Feature","geometry":{"type":"LineString","coordinates":[[-38.489547071661633,-12.972996334656528],[-38.489889516031432,-12.973252494032934],[-38.489914490387548,-12.973309317572683],[-38.489941565144882,-12.973379707035019],[-38.490000865621901,-12.973493102062765],[-38.489972399929464,-12.973545571830007],[-38.489674493986875,-12.973631959495137]]},"properties":{"NOME_LOGRADOURO":"Travessa Armando Tavares","CODLOG":14438,"HIERARQUIA":"VL","GMLID":null}},{"type":"Feature","geometry":{"type":"LineString","coordinates":[[-38.491908319749683,-12.989658923803717],[-38.49192619180684,-12.989769525616003],[-38.49194512410542,-12.989806719661381],[-38.491968695227307,-12.989844013196322],[-38.492006579419865,-12.989872022837375],[-38.492063462085397,-12.989904679417139],[-38.49212984960382,-12.989937355461175],[-38.49222453161412,-12.989965385620847],[-38.492305146149555,-12.989993478693476],[-38.492347830180385,-12.990016795612629],[-38.492515459832397,-12.990066936650379],[-38.492541130611471,-12.990081090206193],[-38.492563598116377,-12.990099757802984],[-38.49258210494046,-12.990122214570771],[-38.492595967443087,-12.99014773578352],[-38.492604655597653,-12.990175326647202],[-38.49260931204067,-12.990203994728519],[-38.492612219105965,-12.990232749818773],[-38.492613452220333,-12.990261682489262],[-38.492613013596319,-12.990290610992004],[-38.492607329590051,-12.990318897190987],[-38.492595871283228,-12.990345454060671],[-38.492578108272831,-12.990368563412568],[-38.492554426703016,-12.990385603702457],[-38.492527865411731,-12.990398118974731],[-38.492500017596228,-12.990407557315294],[-38.492472785515957,-12.990413470318179],[-38.492294140053829,-12.990471524485638],[-38.492157513222715,-12.990505521939316]]},"properties":{"NOME_LOGRADOURO":"Boulevard Copacabana","CODLOG":2578,"HIERARQUIA":"VL","GMLID":null}},{"type":"Feature","geometry":{"type":"LineString","coordinates":[[-38.493103031963763,-12.986622613258497],[-38.493184368064398,-12.986707302048332],[-38.493385220020315,-12.986908484665731],[-38.493474373190502,-12.987000239870804],[-38.493545610510303,-12.987116098848796],[-38.493651115449993,-12.987318271023403],[-38.493767385096334,-12.987536285618264],[-38.493813637709465,-12.987599479921402],[-38.493900440311286,-12.987688336842734],[-38.494119191375695,-12.98783702824211],[-38.494182240118292,-12.987866352473905],[-38.494275097912407,-12.987893383657415],[-38.494391691898542,-12.987914041770901],[-38.49456545125576,-12.98794014510073],[-38.494855998328724,-12.987966384856806],[-38.494902449658895,-12.987968825237365],[-38.495513308036671,-12.987965942332094],[-38.495632351216798,-12.987978377863801],[-38.495814467091648,-12.988007931788667],[-38.496325057169997,-12.988146699853784],[-38.496489287406689,-12.988185531434631],[-38.496968659139135,-12.988232746689157]]},"properties":{"NOME_LOGRADOURO":"Rua Urbino de Aguiar","CODLOG":1539,"HIERARQUIA":"VC-II","GMLID":null}},{"type":"Feature","geometry":{"type":"LineString","coordinates":[[-38.510796204702729,-12.998861711079261],[-38.511017701109466,-12.99862490386924],[-38.511152083695507,-12.998454380752282],[-38.511248449166331,-12.998322840244207]]},"properties":{"NOME_LOGRADOURO":"2ª Travessa Caetano Moura","CODLOG":14343,"HIERARQUIA":"VL","GMLID":null}},{"type":"Feature","geometry":{"type":"LineString","coordinates":[[-38.506040129245804,-12.993790462408681],[-38.506077766243898,-12.993636301059443],[-38.506115292351502,-12.993499497314957],[-38.506204023927353,-12.99330655878857],[-38.506213411931455,-12.993288315465573]]},"properties":{"NOME_LOGRADOURO":"Vila Zezito","CODLOG":6102,"HIERARQUIA":"VL","GMLID":null}},{"type":"Feature","geometry":{"type":"LineString","coordinates":[[-38.505821513830512,-12.993800441903677],[-38.505843424882784,-12.993716495796932],[-38.50589969074494,-12.993523405222357],[-38.505937187643468,-12.99340188042194],[-38.505990154861976,-12.993262032534062]]},"properties":{"NOME_LOGRADOURO":"Avenida Branco","CODLOG":6100,"HIERARQUIA":"VL","GMLID":null}},{"type":"Feature","geometry":{"type":"LineString","coordinates":[[-38.500800593957884,-12.993488031532236],[-38.500810387685739,-12.993495373794936],[-38.500929570519141,-12.993590349102602],[-38.500987385239398,-12.993613514665048],[-38.501022030512488,-12.993626418705109],[-38.501047394801297,-12.993642108067457],[-38.501093332163087,-12.993673477586098],[-38.501164483140521,-12.99371981186191],[-38.501248954451427,-12.993758487445097],[-38.50130995617755,-12.993785275115115],[-38.501434232266327,-12.993842742106462],[-38.501522494298001,-12.993887030267205],[-38.501584490329037,-12.99391047408977],[-38.501669509891499,-12.993941556774525],[-38.501677259722946,-12.993944555632725],[-38.50169131461746,-12.993950007128863],[-38.501793510693432,-12.993984557924971]]},"properties":{"NOME_LOGRADOURO":"Travessa Almeida","CODLOG":11403,"HIERARQUIA":"VL","GMLID":null}},{"type":"Feature","geometry":{"type":"LineString","coordinates":[[-38.509871743482272,-12.998023341207301],[-38.510021305966909,-12.997866678607455],[-38.51012241926135,-12.997757026516529],[-38.510309085924291,-12.997562102886555],[-38.510349620279101,-12.997518875143378],[-38.510455186773918,-12.997425865739736],[-38.510484070691071,-12.997430350049704],[-38.510562954908245,-12.997489263561134],[-38.510602405465001,-12.997456521133335],[-38.510742015734763,-12.99733419420383]]},"properties":{"NOME_LOGRADOURO":"Avenida Sete de Julho","CODLOG":5962,"HIERARQUIA":"VL","GMLID":null}},{"type":"Feature","geometry":{"type":"LineString","coordinates":[[-38.515106060176123,-13.000455698616737],[-38.515007234649453,-13.000431018171463],[-38.514912436021859,-13.000429156531423],[-38.514868378580005,-13.000415369545665],[-38.514810323780168,-13.000391804151436],[-38.514728572114379,-13.000343091799969],[-38.514641896878317,-13.000253282356821],[-38.514633724450562,-13.000245012256816],[-38.51453349170712,-13.000143574206307],[-38.514524249040861,-13.000131331574707],[-38.514504930403717,-13.000105745194306],[-38.514417113771451,-13.000078049566687],[-38.514326862104873,-13.000064433834567],[-38.514251464613352,-13.00005196620795],[-38.514164935712827,-13.000028809488255],[-38.514081446740548,-13.000040902173605],[-38.514064118864027,-13.000018718533001],[-38.514042144898077,-12.999990587135489],[-38.51400291295699,-12.999926156096727],[-38.513998032979472,-12.99991814170899],[-38.513943424698482,-12.999792533411942],[-38.513902577579515,-12.999701872694027],[-38.513874174096053,-12.999709057091071],[-38.51379062539511,-12.999623037482408],[-38.513748677181773,-12.999571297788391],[-38.513710873101999,-12.999499622783825]]},"properties":{"NOME_LOGRADOURO":"Baixa do Bispo","CODLOG":11497,"HIERARQUIA":"VL","GMLID":null}},{"type":"Feature","geometry":{"type":"LineString","coordinates":[[-38.513865128621035,-12.999426865034014],[-38.513782951016083,-12.99945605478449],[-38.513722931887429,-12.999489125405496],[-38.513710873101999,-12.999499622783825],[-38.513626068517468,-12.999553808958423]]},"properties":{"NOME_LOGRADOURO":"Vila Floresta","CODLOG":11456,"HIERARQUIA":"VL","GMLID":null}},{"type":"Feature","geometry":{"type":"LineString","coordinates":[[-38.513514369206547,-12.999256218920157],[-38.513532388979129,-12.999316071910144],[-38.513555160657759,-12.999359256858568],[-38.513563618462165,-12.999416983246034],[-38.513626068517468,-12.999553808958423],[-38.513628966964156,-12.999602004167096],[-38.51365392240811,-12.999696740428995],[-38.51366671149551,-12.999780500822476],[-38.513672325208418,-12.999842164376656],[-38.513767645658533,-12.999839214157143]]},"properties":{"NOME_LOGRADOURO":"Travessa das Rosas","CODLOG":11415,"HIERARQUIA":"VL","GMLID":null}},{"type":"Feature","geometry":{"type":"LineString","coordinates":[[-38.505875225564274,-12.99713174376226],[-38.505790909170848,-12.997052025500938],[-38.505734605535842,-12.99699432905679],[-38.505692364266899,-12.996938919057408],[-38.505625280558938,-12.996834462743308],[-38.505571176885141,-12.996702365849226],[-38.505529257810259,-12.99656061946475],[-38.505522687535098,-12.996538366236837],[-38.50550325157797,-12.996485080272956],[-38.505375962924745,-12.996066436401703],[-38.50532423337328,-12.995887604641053],[-38.505251898670814,-12.995708642305527],[-38.505207479430815,-12.995639396807963],[-38.505134960467451,-12.99555400499867],[-38.505062312187015,-12.995495282621766],[-38.5049560629596,-12.995433422689718],[-38.504868263708019,-12.99538533872898],[-38.504697909864255,-12.995327514226565],[-38.504623166845299,-12.995290124219069],[-38.504551554215894,-12.995246320950169],[-38.504451816439733,-12.995198304511622],[-38.504371536262461,-12.995154394239325],[-38.504279374967936,-12.99512013484977],[-38.504189346966037,-12.995083799743973],[-38.504037464163957,-12.995029264430633],[-38.503885103627276,-12.994985486782021],[-38.503753165269302,-12.994957388713372],[-38.502543405765934,-12.994683575143847],[-38.502145258293758,-12.994587069713571],[-38.502104020903893,-12.994562490283423],[-38.502084531469848,-12.994498535746139],[-38.502098602848733,-12.994457789571635],[-38.502132294798464,-12.994415182084692],[-38.502210881895209,-12.994354670726535],[-38.502290639106022,-12.99431730563796],[-38.502393712079311,-12.994293184384791],[-38.50253461419986,-12.994287217628685],[-38.502681454149908,-12.994315796942601],[-38.502805747905086,-12.994364222725101]]},"properties":{"NOME_LOGRADOURO":"Rua Jardim Federação","CODLOG":3926,"HIERARQUIA":"VC-II","GMLID":null}},{"type":"Feature","geometry":{"type":"LineString","coordinates":[[-38.516195545083328,-12.994998769409985],[-38.516224401304001,-12.994821265105365],[-38.516234650910725,-12.994750586863573],[-38.516233989639936,-12.99473874185913],[-38.516235520168244,-12.994733591428535],[-38.516238500359904,-12.994726003145407],[-38.516308508404002,-12.994657063789036],[-38.51636388182952,-12.994607081752742],[-38.516502895125946,-12.994476975760898],[-38.516546269727897,-12.994379960668887],[-38.516554456778266,-12.99431388840145],[-38.516404163354217,-12.994340187142425],[-38.516274720487758,-12.9943574839916],[-38.516216112557998,-12.994350684385466],[-38.516180931601085,-12.994338684683436],[-38.516116545011428,-12.994370839929994],[-38.516041189386961,-12.994413280386114],[-38.515961253177139,-12.994465475396723],[-38.515872500161464,-12.994516027221216],[-38.515782244255959,-12.994557445169084],[-38.515712878985987,-12.994608214818665],[-38.515562245662686,-12.994731698637754],[-38.515472839706284,-12.994805031498458],[-38.515426004324361,-12.994843366336635],[-38.515400874916985,-12.994863390042642]]},"properties":{"NOME_LOGRADOURO":"Rua Victor Meirelles","CODLOG":1587,"HIERARQUIA":"VL","GMLID":null}},{"type":"Feature","geometry":{"type":"LineString","coordinates":[[-38.495944163003479,-12.966104734471806],[-38.496151304083746,-12.966045194985861],[-38.496233075326209,-12.966023655916347],[-38.496390459046687,-12.966019892193328],[-38.496437497038947,-12.966031193064586],[-38.496514981403116,-12.966062171248785],[-38.496549907304455,-12.966085292445445],[-38.49661906719151,-12.966135420825733],[-38.496666008353536,-12.96615729929759],[-38.496728272291051,-12.96615805262779],[-38.496770070703988,-12.96616608894378],[-38.49682033644352,-12.966194020483444],[-38.496864050283001,-12.966211942952265],[-38.496906235619129,-12.966256860427757],[-38.496934638071117,-12.966310911242372],[-38.496924662509095,-12.966382725893004],[-38.496924085857763,-12.966425150026405]]},"properties":{"NOME_LOGRADOURO":"Avenida Cleusa","CODLOG":23689,"HIERARQUIA":"VL","GMLID":null}},{"type":"Feature","geometry":{"type":"LineString","coordinates":[[-38.508711399235473,-12.981365669588488],[-38.509004828586541,-12.981427160635967],[-38.509186920397894,-12.981465657058665],[-38.509235316920211,-12.981483287986842],[-38.509282185319265,-12.981504351241922],[-38.509314616260362,-12.981521589429891],[-38.509345979784086,-12.981540543661799],[-38.509399809401536,-12.98157870660393],[-38.509449372897826,-12.981621924345072],[-38.509475095131577,-12.981648010536672],[-38.509493605051034,-12.981669381059982],[-38.509594275446354,-12.981820821819536],[-38.509838338380113,-12.982205601465488],[-38.510035706005496,-12.982519324318995]]},"properties":{"NOME_LOGRADOURO":"Rua Marujos do Brasil","CODLOG":1026,"HIERARQUIA":"VC-II","GMLID":null}},{"type":"Feature","geometry":{"type":"LineString","coordinates":[[-38.509068250461105,-12.991070204786435],[-38.508762778093342,-12.990862955797365],[-38.508554557646598,-12.99072126436954],[-38.508265820138526,-12.990994480282533],[-38.508162652282827,-12.991248161902998],[-38.508690473870423,-12.991636063764291]]},"properties":{"NOME_LOGRADOURO":"Praça Marquês de Olinda","CODLOG":1116,"HIERARQUIA":"VC-II","GMLID":null}},{"type":"Feature","geometry":{"type":"LineString","coordinates":[[-38.515750905687888,-12.992365664713249],[-38.515523449517488,-12.992190664012575],[-38.515451258593203,-12.992091172109051],[-38.51531414206881,-12.991910283037599],[-38.51524952753811,-12.991824908688649],[-38.515179903786262,-12.991735004669398],[-38.515097083216098,-12.991627899011007],[-38.515005836003972,-12.991514448806178],[-38.514985195133434,-12.991493887588661],[-38.51492506239935,-12.991449746867962],[-38.514717129830373,-12.991284456429973],[-38.514478983240501,-12.991094969722425],[-38.514415994804764,-12.991033826499946],[-38.514348509986803,-12.990939135587162],[-38.514256678794666,-12.990774423415308],[-38.514208994897658,-12.990662772419952],[-38.51417416065653,-12.990512089374956],[-38.514136455209623,-12.990312944387545],[-38.514067776466739,-12.990011038480109],[-38.514012022078639,-12.989866012126591],[-38.513967291464063,-12.989800112261213],[-38.513875211503411,-12.989684942064343],[-38.513818465386436,-12.9896203760671],[-38.513749328890768,-12.989554068818112],[-38.513678343880805,-12.989499962659977],[-38.513653966274042,-12.989485451874851],[-38.513580830923061,-12.989442281198651],[-38.513496110511966,-12.989400042795841],[-38.513478659866806,-12.989394896639896],[-38.51336984428913,-12.989363140292268],[-38.513323405113852,-12.989354644792732],[-38.513235502152796,-12.98935954214727],[-38.513186583160611,-12.989375362496197],[-38.513119983261724,-12.989411941878712],[-38.513105896826175,-12.989422673270328],[-38.513074525091767,-12.989446572418737],[-38.513041458851397,-12.989481678287314],[-38.513009759047939,-12.989526295729187],[-38.512966341461492,-12.989597347548139],[-38.512941769196907,-12.989643950488981],[-38.512932801569463,-12.989680548285804],[-38.512923605696493,-12.989717869048691],[-38.512908405458127,-12.989792426129428],[-38.512910070678068,-12.989860129909777],[-38.512923141598328,-12.989931903358647],[-38.512952763807782,-12.990030299794132],[-38.512993199399347,-12.990142893206174],[-38.513046309637531,-12.990270392386567],[-38.513116928605015,-12.990434341830175],[-38.513145298965959,-12.99050753374839],[-38.513182403329502,-12.990624318387477],[-38.513207112964196,-12.9907027471465],[-38.513251126031911,-12.990903170897129],[-38.513296794938881,-12.991112275758363],[-38.513321582154859,-12.991229037311294],[-38.513342688325714,-12.991323099996613],[-38.513364468927861,-12.991383351593225],[-38.513398006068819,-12.991457909523193],[-38.513487797187359,-12.991616018092422],[-38.513602755815569,-12.991813139365707],[-38.513769220161528,-12.992111250560967],[-38.513930340926663,-12.99238159773841],[-38.514029442936092,-12.992561149579094],[-38.51407909871898,-12.992636189689804],[-38.514097280877131,-12.992669764764022],[-38.514123381386931,-12.992737347840295],[-38.514129510543867,-12.992752547865582],[-38.514140610901663,-12.992831221463343],[-38.514132917010159,-12.992917003439604],[-38.5141209662712,-12.993002053157308],[-38.51409145585103,-12.993124136758244],[-38.514043400722706,-12.993242568703629],[-38.51392374195548,-12.993351283545495],[-38.513853801678763,-12.993384783303828],[-38.513486587631611,-12.993488241295838]]},"properties":{"NOME_LOGRADOURO":"Rua Pacífico Pereira","CODLOG":1148,"HIERARQUIA":"VC-II","GMLID":null}},{"type":"Feature","geometry":{"type":"LineString","coordinates":[[-38.494803253541811,-12.969261140356368],[-38.494725169616096,-12.969338196598679],[-38.49468523933978,-12.969383774264708],[-38.494657196398784,-12.969415723660889],[-38.494580078873653,-12.969503629922313],[-38.494530542779565,-12.969562568978647],[-38.494439708380675,-12.969665997901615],[-38.49439413765532,-12.969718616745725],[-38.494344681096997,-12.969775566585026],[-38.494298726619,-12.969829631452159],[-38.494265266407389,-12.969871334280699],[-38.49426221100606,-12.969915988850842],[-38.494143575151512,-12.969932121481644]]},"properties":{"NOME_LOGRADOURO":"Ladeira da Fonte","CODLOG":3011,"HIERARQUIA":"VL","GMLID":null}},{"type":"Feature","geometry":{"type":"LineString","coordinates":[[-38.495359770725912,-12.969981491932728],[-38.494908024274373,-12.970315120137755]]},"properties":{"NOME_LOGRADOURO":"2ª Travessa Santa Rita","CODLOG":1892,"HIERARQUIA":"VL","GMLID":null}},{"type":"Feature","geometry":{"type":"LineString","coordinates":[[-38.495136975227155,-12.970639850803822],[-38.495311857007032,-12.970518141709528],[-38.49534023521538,-12.970508342304157],[-38.495372729338307,-12.970493035903575],[-38.495429232872745,-12.970448394508098],[-38.495333354063916,-12.970338726623616]]},"properties":{"NOME_LOGRADOURO":"Vila Duran","CODLOG":2967,"HIERARQUIA":"VL","GMLID":null}},{"type":"Feature","geometry":{"type":"LineString","coordinates":[[-38.494642212668964,-12.969947011766484],[-38.494439708380675,-12.969665997901615]]},"properties":{"NOME_LOGRADOURO":"Travessa Gersino Coelho","CODLOG":14409,"HIERARQUIA":"VL","GMLID":null}},{"type":"Feature","geometry":{"type":"LineString","coordinates":[[-38.510848660420088,-12.969770386425743],[-38.510508163768193,-12.969368610174604],[-38.510229988625248,-12.969055097368209],[-38.510220582870595,-12.96904441140151],[-38.510091829016183,-12.968910275912931],[-38.509689980179132,-12.968470501688026],[-38.509561580037534,-12.968311414911174],[-38.509426581884163,-12.96814399750158],[-38.509216599753614,-12.967871657607164],[-38.509201057280926,-12.96785011091848],[-38.508679190633153,-12.967126865384852],[-38.508564311132879,-12.967013367604046],[-38.50829440914783,-12.96674841731209],[-38.508052582109336,-12.96651100248619],[-38.507502006186925,-12.965970411080733],[-38.506387723903835,-12.964842460607292],[-38.506008218818224,-12.964374606805409],[-38.505852643381225,-12.96411936462801],[-38.505803008310124,-12.964037813447314],[-38.505621368903121,-12.963699708321904],[-38.505259051014029,-12.962921883342883],[-38.505109445455872,-12.96264739531652],[-38.504824109349485,-12.962271934509767],[-38.504799466161508,-12.962238979512106],[-38.504247436294349,-12.96155752570777],[-38.50415756706844,-12.961446515152074],[-38.503991017817192,-12.961206800415381],[-38.503907496926381,-12.961038394148634],[-38.503788434206768,-12.96069751523595],[-38.503625709450219,-12.960215699026348],[-38.503528679170067,-12.960074840908955],[-38.50333839580955,-12.959804522532426],[-38.503258264588126,-12.959690728002755],[-38.502986006790607,-12.959278766939901],[-38.502758676991931,-12.958944279260876],[-38.502587363639094,-12.958692710806499],[-38.502388146585496,-12.958405197707158],[-38.502180464076211,-12.958092806108246],[-38.50207705740516,-12.957909624832711],[-38.502040164211564,-12.957844009309534],[-38.501987115631515,-12.957645103602879],[-38.501947989625783,-12.95744071042345],[-38.501931479366505,-12.95729440116466],[-38.501914958722814,-12.957114822044876],[-38.501911162898786,-12.957074041534449],[-38.501904910497409,-12.957006585658709],[-38.501899029883774,-12.956943651712036],[-38.501863197285694,-12.956459094832733],[-38.5018238580139,-12.956055987319269],[-38.501750431962321,-12.95543818872822],[-38.501695218563654,-12.95525726964677],[-38.501626391505269,-12.955041608787603],[-38.501581065896971,-12.954897051961726],[-38.501539789812405,-12.954627199997198],[-38.501488563831593,-12.954276324111676],[-38.501451885284361,-12.954103576820996],[-38.501393341108553,-12.953877809848757],[-38.501248935647396,-12.953477665115631],[-38.501189716807119,-12.953323769728611],[-38.501114162492314,-12.953127442157671],[-38.501074186302553,-12.952968701568523],[-38.501005192133476,-12.952684692952097],[-38.500970077509194,-12.952413405892464],[-38.500938386935033,-12.952064375774802],[-38.50093050040811,-12.951480877361917],[-38.500916691617896,-12.950779567193948],[-38.500908575102088,-12.95031160716748],[-38.500917826299698,-12.950208561854728],[-38.5009343058139,-12.950026153121673],[-38.501014357610408,-12.949757167159499],[-38.501056438021429,-12.949621728641038],[-38.501379807191775,-12.94871313165196],[-38.501476390301889,-12.948426004511244],[-38.50147238096536,-12.948339658697625],[-38.501455576491324,-12.948188647609081],[-38.501406846694714,-12.947844557286531],[-38.501369141892873,-12.947652823362398],[-38.501304300005877,-12.947421710132033],[-38.501233079273817,-12.94726390442869],[-38.501141656953784,-12.947134537420643],[-38.501133014930737,-12.947122406723986],[-38.501096931448814,-12.94707143776686],[-38.501011680124364,-12.946935392925088],[-38.500914197313648,-12.946795346873202],[-38.500816763212647,-12.946631342927605],[-38.500760029960126,-12.946451415375989],[-38.50070948268052,-12.946142851010313]]},"properties":{"NOME_LOGRADOURO":"Avenida Jequitaia","CODLOG":676,"HIERARQUIA":"VA-II","GMLID":null}},{"type":"Feature","geometry":{"type":"LineString","coordinates":[[-38.508748038858393,-12.97423854953615],[-38.508679106558766,-12.974342023980013],[-38.50854474105099,-12.974509925143677],[-38.508507326552277,-12.974553250018333],[-38.508361020273703,-12.97472266483123],[-38.508257246094573,-12.974837284123739],[-38.50813135773133,-12.974985220910492],[-38.50806163204399,-12.975066635559827],[-38.507865946148762,-12.975294359058998],[-38.507865869442284,-12.975294449338227]]},"properties":{"NOME_LOGRADOURO":"Ladeira da Ordem 3ª de São Francisco","CODLOG":538,"HIERARQUIA":"VL","GMLID":null}},{"type":"Feature","geometry":{"type":"LineString","coordinates":[[-38.508690964157658,-12.976746405759419],[-38.508640453443661,-12.976721719474531],[-38.508617057055318,-12.976711187873882],[-38.50859252085332,-12.976700744542603],[-38.50855520971777,-12.976691271745715],[-38.508523283939745,-12.976688046586437],[-38.508480620086878,-12.976694204361609],[-38.508423417130409,-12.976709464802438],[-38.508377360340489,-12.976739934865373],[-38.508370554430776,-12.976759810832986],[-38.508359749913645,-12.976803005100736]]},"properties":{"NOME_LOGRADOURO":"Praça de Santana","CODLOG":1391,"HIERARQUIA":"VC-I","GMLID":null}},{"type":"Feature","geometry":{"type":"LineString","coordinates":[[-38.510252420681283,-12.976091385196989],[-38.5102722299888,-12.976458744250461],[-38.510273623117833,-12.976484693233374],[-38.510358668028459,-12.976461800518891],[-38.510445141623087,-12.976446685149419],[-38.510497529849616,-12.976443981470064],[-38.51054139037349,-12.976448222603365],[-38.51059700393526,-12.976468127441166],[-38.510670167343577,-12.976494302746957],[-38.51080176107363,-12.976539030855125],[-38.510862774416431,-12.976564458058752],[-38.510966844144789,-12.976330955579011]]},"properties":{"NOME_LOGRADOURO":"Praça dos Veteranos","CODLOG":1552,"HIERARQUIA":"VL","GMLID":null}},{"type":"Feature","geometry":{"type":"LineString","coordinates":[[-38.50101094489213,-12.967255691328667],[-38.501073184364564,-12.967535890810799],[-38.501148434620873,-12.96784884156701],[-38.501184903175968,-12.967899086979292],[-38.501202644795022,-12.967923440585359],[-38.501322843763468,-12.967998166910885],[-38.501411725530716,-12.968070753446707],[-38.501476659377573,-12.968143203670495],[-38.501524212953584,-12.968239035065443],[-38.501550043964713,-12.968324247931113],[-38.501573747184892,-12.968409365391807],[-38.501582067188522,-12.968507201413992],[-38.501576592799069,-12.968622278446308],[-38.501554548005295,-12.968735515263656],[-38.501531770421387,-12.968796766656144],[-38.50151291452692,-12.968836056975466],[-38.501490487242229,-12.968873713720876],[-38.501471361813948,-12.968895555250246],[-38.501446847928761,-12.96891241402672],[-38.50140462799007,-12.968925441972015],[-38.501360295157198,-12.968930419005952],[-38.501323506495801,-12.968926461193298],[-38.501288177187405,-12.96891473058726],[-38.501263651613733,-12.968899495032892],[-38.501231782242542,-12.968868514293058],[-38.501204784973346,-12.968834198995173],[-38.501177273927809,-12.96879120288326],[-38.50112019439041,-12.968706834345383],[-38.5010212400528,-12.968538216803429],[-38.500993284484181,-12.968412497879152],[-38.500993505016595,-12.968301840681118],[-38.501015460719024,-12.968195475085579],[-38.501056860960738,-12.968097734349023],[-38.501161383482611,-12.96795102593188],[-38.501184903175968,-12.967899086979292]]},"properties":{"NOME_LOGRADOURO":"Rua Professor Artur Mendes de Aguiar","CODLOG":1702,"HIERARQUIA":"VL","GMLID":null}},{"type":"Feature","geometry":{"type":"LineString","coordinates":[[-38.504697909864255,-12.995327514226565],[-38.504838411303083,-12.995293700264416],[-38.504922512741039,-12.995251098950147],[-38.505037500142187,-12.995200601834636],[-38.505078145787138,-12.995178710714177],[-38.505334147898822,-12.994988262205437],[-38.505387960337202,-12.99495934482537],[-38.505482310511169,-12.994924808772515],[-38.505571700649256,-12.994899123909169],[-38.505703677711026,-12.994869541371617],[-38.505942663924998,-12.994824795579493]]},"properties":{"NOME_LOGRADOURO":"Travessa Maria José","CODLOG":1009,"HIERARQUIA":"VL","GMLID":null}},{"type":"Feature","geometry":{"type":"LineString","coordinates":[[-38.498170082059666,-13.000427243492588],[-38.498259307882876,-13.000334116362213],[-38.49831933600592,-13.000279265357925],[-38.498378987079896,-13.000222514705769],[-38.498401765589435,-13.00020086145094],[-38.498438855178975,-13.000171098571485],[-38.498488722913315,-13.00013937193529],[-38.498562954620851,-13.000091780409717],[-38.498736280955036,-12.999997188724301],[-38.49875645473297,-12.99998502312474],[-38.498800544378511,-12.999953284370553],[-38.498869301530881,-12.999867440958214],[-38.498898197844213,-12.999828532085406],[-38.498929974449908,-12.999793967310934],[-38.498969008311761,-12.999742782124674],[-38.499025178371021,-12.999677616969972]]},"properties":{"NOME_LOGRADOURO":"Avenida Parente","CODLOG":2101,"HIERARQUIA":"VL","GMLID":null}},{"type":"Feature","geometry":{"type":"LineString","coordinates":[[-38.49615010686739,-12.999959733402545],[-38.496282488334394,-13.000034574603601],[-38.496441048957401,-13.000211897002814]]},"properties":{"NOME_LOGRADOURO":"Avenida Pastora","CODLOG":10196,"HIERARQUIA":"VL","GMLID":null}},{"type":"Feature","geometry":{"type":"LineString","coordinates":[[-38.502170977612543,-12.966585478991821],[-38.502085747086504,-12.966474025385425]]},"properties":{"NOME_LOGRADOURO":"1ª Vila Domingos Caetano","CODLOG":13240,"HIERARQUIA":"VL","GMLID":null}},{"type":"Feature","geometry":{"type":"LineString","coordinates":[[-38.513835195607228,-12.98578446355013],[-38.513798603752377,-12.985521402316637],[-38.513675562921172,-12.985024659483365],[-38.51365302669354,-12.985001834018332],[-38.513621687193769,-12.984970133213338],[-38.513383449666492,-12.984791494580207],[-38.513361581121259,-12.984777169322696],[-38.513328013088667,-12.984797085749879],[-38.513060033128269,-12.985133888441242]]},"properties":{"NOME_LOGRADOURO":"Travessa dos Barris","CODLOG":265,"HIERARQUIA":"VC-II","GMLID":null}},{"type":"Feature","geometry":{"type":"LineString","coordinates":[[-38.513821771397083,-12.972731099833831],[-38.513638148998254,-12.972544065591212],[-38.513524094369849,-12.972434007555709],[-38.513416642475335,-12.97233010977325],[-38.513281110599969,-12.972200031302783],[-38.513239070152757,-12.972159630624434],[-38.513024337132059,-12.971942071085589],[-38.512728848762613,-12.971654113094802],[-38.512474647812219,-12.971402846776085],[-38.512473813124778,-12.971402032297179],[-38.512304054170428,-12.971241602477724],[-38.512261255489925,-12.9712001160398],[-38.512060772487565,-12.971005544821946],[-38.512037098325401,-12.970982085040074],[-38.511792989162913,-12.970741777456645],[-38.511777207231113,-12.970725564599169],[-38.51175376209433,-12.970701472251612],[-38.511499465962054,-12.970461234817197],[-38.511467363602847,-12.970431701637526],[-38.511303213903119,-12.970280594533813],[-38.511178872673206,-12.970144026380529]]},"properties":{"NOME_LOGRADOURO":"Rua Miguel Calmon","CODLOG":1051,"HIERARQUIA":"VA-II","GMLID":null}},{"type":"Feature","geometry":{"type":"LineString","coordinates":[[-38.523971948002348,-12.999566519479972],[-38.523820413074496,-12.999445096606181],[-38.523768021444113,-12.999406938233719],[-38.52350079515162,-12.99922789352817],[-38.523415526624049,-12.999165808172656],[-38.523465941918424,-12.998964294166333]]},"properties":{"NOME_LOGRADOURO":"Largo da Graça","CODLOG":1164,"HIERARQUIA":"VC-I","GMLID":null}},{"type":"Feature","geometry":{"type":"LineString","coordinates":[[-38.498019331770323,-12.970082099017635],[-38.498061189359575,-12.9702127270135],[-38.498071855759662,-12.970239598154254],[-38.498104833722969,-12.970286853248801],[-38.498136169417137,-12.970318555821681],[-38.498170403585995,-12.970345834095987],[-38.498203438826778,-12.970364069439674],[-38.498232084578142,-12.970372532308582],[-38.498282647120604,-12.970370641346975],[-38.498311932203656,-12.970363736032205],[-38.4983607777515,-12.970345839368781],[-38.498449000241337,-12.970292759451844],[-38.498488196446608,-12.970272313195542],[-38.498529057553775,-12.970255214933319],[-38.498564655568678,-12.970246513266945],[-38.498624038761328,-12.970243825412355],[-38.498687791748921,-12.970261215620729],[-38.498747873156155,-12.970289719116487],[-38.498773388202849,-12.970304865482627],[-38.498823405834273,-12.9703471817782],[-38.498843282480536,-12.970368917346555],[-38.498861558567114,-12.970392006195487],[-38.49888861518081,-12.970434820815907],[-38.498901487660497,-12.970460972778909],[-38.498912685801194,-12.970488025760371],[-38.49892462902492,-12.970522403635163],[-38.498934595112161,-12.970557409768752],[-38.498942491231361,-12.970600729138933],[-38.498941417244453,-12.97064348959973],[-38.498928242447583,-12.970692825926218],[-38.498916479688198,-12.970719834703786],[-38.498902515646868,-12.970745212510645],[-38.498874376831047,-12.970787468741594],[-38.498795629357879,-12.970892821402538],[-38.498651514660693,-12.971103009872099],[-38.498563130929362,-12.971236460402418],[-38.498536586758988,-12.971279803850162],[-38.498501080677407,-12.971356219869906],[-38.498485585829599,-12.97138674707349],[-38.498480013193493,-12.971397766283093],[-38.498465486092719,-12.971438601903779],[-38.498452083219725,-12.971487576062058],[-38.498386484644008,-12.971784615303017],[-38.498362110378565,-12.971882929988929],[-38.498319363795915,-12.972044313610201],[-38.498306051864446,-12.972085603681339],[-38.498292299111831,-12.972119118226956],[-38.498272301531891,-12.972158134801777],[-38.498252701046923,-12.972189016672996],[-38.498235092212326,-12.972212036379306],[-38.498215281529454,-12.972233243354516],[-38.498187786661134,-12.972257690783607],[-38.498158470177117,-12.972280145364081],[-38.498128321601534,-12.972300970700433],[-38.498096655675539,-12.972319804678238],[-38.498063474409577,-12.972336104755513],[-38.498036311341146,-12.972346810134667],[-38.49800093674493,-12.972357048454807],[-38.497964656266667,-12.97236475404868],[-38.497906473661743,-12.97237494745252],[-38.49786244258911,-12.972379925352218],[-38.497833017654649,-12.972381044091325],[-38.497725233868174,-12.972368721960905],[-38.497434642142849,-12.972297734969803],[-38.497380909129298,-12.972288228891722],[-38.49730056789501,-12.972277587221328],[-38.497153864355163,-12.972261753556515],[-38.497021675554066,-12.972249474406217],[-38.496696544392485,-12.97222751024235],[-38.4963156272266,-12.972196850127315],[-38.496021828530381,-12.97217069672997],[-38.495950454839893,-12.972162422136218],[-38.495195306005144,-12.972065309596312],[-38.495092613201038,-12.972054262197688],[-38.49501165416126,-12.972048770997791],[-38.494841259631905,-12.972055763769268],[-38.494805285565484,-12.972061931400406],[-38.494770745897071,-12.972073255989349],[-38.494736809831508,-12.972087022294023],[-38.49469678116926,-12.972105749190531],[-38.494585508953563,-12.972164116234284],[-38.494515254708148,-12.972203759193302],[-38.494369715013264,-12.972289723952953],[-38.493948411974387,-12.972529386341586],[-38.49383476554214,-12.972596699521079],[-38.493741437085532,-12.972654739389872],[-38.493651898554546,-12.972718482415347],[-38.493531047562598,-12.972813897925507],[-38.493464330680489,-12.972870904387975],[-38.49340590529269,-12.972926209818111],[-38.493365297549076,-12.972968079435836],[-38.493325903192599,-12.973011307771376],[-38.493246260961179,-12.973106259918382],[-38.493176429330283,-12.973199694838918],[-38.493098724614647,-12.973313997859954],[-38.493034266959356,-12.97341946690387],[-38.492922868069158,-12.973615431373346],[-38.492892703115821,-12.973681369558506],[-38.492835019652325,-12.973820391868113]]},"properties":{"NOME_LOGRADOURO":"Rua dos Bandeirantes","CODLOG":207,"HIERARQUIA":"VC-I","GMLID":null}},{"type":"Feature","geometry":{"type":"LineString","coordinates":[[-38.490553248320758,-12.971270912542098],[-38.49055077154253,-12.97121756830712],[-38.49052363849507,-12.971175837809147],[-38.490307620117292,-12.97077536766133],[-38.490187366497345,-12.970577323933167],[-38.490008878725028,-12.970340290915995],[-38.48998498915811,-12.970311404234581],[-38.489799710071644,-12.970086653648863],[-38.489644023841052,-12.969928137862285],[-38.489504477409376,-12.969795961637566],[-38.489370210734819,-12.969684950423961],[-38.489203729582933,-12.969563299020791],[-38.48905338886582,-12.969468077617215],[-38.48890832690617,-12.969394022122767],[-38.488698717518908,-12.969319658019193],[-38.48846753910761,-12.969271741111807],[-38.488276688548197,-12.969245058005557],[-38.487981749731084,-12.969183996961515],[-38.4878283045934,-12.969120230027036],[-38.487748690128839,-12.969052540121874],[-38.487640062369437,-12.96893326129314],[-38.487553334378674,-12.968812127531619],[-38.487473857588782,-12.968676814147081],[-38.487399816417778,-12.968523791030425],[-38.487329442026351,-12.968361825841143],[-38.48730312545554,-12.968292793980154],[-38.487271742781871,-12.968210552931206],[-38.487192932064708,-12.967935653077845]]},"properties":{"NOME_LOGRADOURO":"Rua Arthur D'Almeida Couto","CODLOG":3540,"HIERARQUIA":"VC-II","GMLID":null}},{"type":"Feature","geometry":{"type":"LineString","coordinates":[[-38.491048266989488,-12.971159415087053],[-38.491254937667698,-12.970622534255087],[-38.491266250714411,-12.970592180184109],[-38.491345752679379,-12.970379248346731],[-38.491594468166944,-12.969690928281812],[-38.491650407726759,-12.969549190063855],[-38.491673931909837,-12.969496076545543],[-38.491695997165877,-12.969450374052427],[-38.491713015842279,-12.969418493886399],[-38.491734667258008,-12.969389064217205],[-38.491798749804808,-12.969318672053939],[-38.491835391689442,-12.96928267158169],[-38.491857554165634,-12.969264000661306],[-38.49188146091096,-12.969247232051123],[-38.492037913214347,-12.969178194723701],[-38.492082925173129,-12.969138956181665],[-38.492109366899648,-12.969109263648383],[-38.492140690185437,-12.96907162602202],[-38.492222271411443,-12.968994848672958],[-38.492257618339885,-12.968960382821468],[-38.492327435208921,-12.96891106691627],[-38.49250758975797,-12.968814050352737],[-38.492795282630851,-12.968661551863255],[-38.493083811418558,-12.968509055573733],[-38.493144919981532,-12.96848006430432],[-38.493242041813367,-12.96842528633227],[-38.493298164443175,-12.968380643743634],[-38.493370074492539,-12.968310989792689],[-38.493390945948349,-12.968291412883165],[-38.49358675897232,-12.968044441211143],[-38.493640641195846,-12.967980086231057],[-38.493679984836341,-12.967923659387678],[-38.493739319179163,-12.967869621538378],[-38.493768335818345,-12.967844906256021],[-38.493839391051445,-12.96778429111164],[-38.49401534835075,-12.967656617812541],[-38.494097968790896,-12.967591595188626],[-38.494235407127185,-12.967488165560916]]},"properties":{"NOME_LOGRADOURO":"Rua Laura Costa","CODLOG":3536,"HIERARQUIA":"VC-II","GMLID":null}},{"type":"Feature","geometry":{"type":"LineString","coordinates":[[-38.501082510003002,-12.961780093926517],[-38.500854738706714,-12.961782186671359],[-38.500788524173856,-12.961780974671003],[-38.500752113184951,-12.961778644269478],[-38.500678516618883,-12.96174351529851],[-38.50064769002109,-12.961724109008422],[-38.50063184907652,-12.9616997590143],[-38.500615554839399,-12.961674323058233],[-38.500578490215851,-12.961656713285938],[-38.500397796071773,-12.961649765759233]]},"properties":{"NOME_LOGRADOURO":"Rua do Orum","CODLOG":1922,"HIERARQUIA":"VL","GMLID":null}},{"type":"Feature","geometry":{"type":"LineString","coordinates":[[-38.503528679170067,-12.960074840908955],[-38.50426955788668,-12.959827640077528],[-38.50438145526028,-12.959793318126783],[-38.504617988250594,-12.959703544421906]]},"properties":{"NOME_LOGRADOURO":"1ª Travessa Frederico Pontes","CODLOG":10907,"HIERARQUIA":"VL","GMLID":null}},{"type":"Feature","geometry":{"type":"LineString","coordinates":[[-38.522723039646301,-12.990861600688437],[-38.522701901381026,-12.99094184245404],[-38.522658821462038,-12.991045459315375],[-38.522626023297512,-12.9911000940762],[-38.522635210752092,-12.991106530178589],[-38.522625363430357,-12.991126944386702],[-38.522620098480758,-12.991136969110689],[-38.522657562932608,-12.991186852718435],[-38.522684942147457,-12.991222884676132],[-38.52269737206062,-12.99128320881664],[-38.52262889534309,-12.991347903772468]]},"properties":{"NOME_LOGRADOURO":"Avenida Treze de Maio","CODLOG":11431,"HIERARQUIA":"VL","GMLID":null}},{"type":"Feature","geometry":{"type":"LineString","coordinates":[[-38.523436440520094,-12.990988218994982],[-38.522763779512928,-12.990868907640952],[-38.522723039646301,-12.990861600688437],[-38.522521569204017,-12.990813403371046],[-38.522336953076362,-12.990738568010718],[-38.522171667337325,-12.990614314963507]]},"properties":{"NOME_LOGRADOURO":"Avenida São Jorge","CODLOG":10588,"HIERARQUIA":"VL","GMLID":null}},{"type":"Feature","geometry":{"type":"LineString","coordinates":[[-38.492759521201556,-12.97855138418362],[-38.492655155123387,-12.978355743412791]]},"properties":{"NOME_LOGRADOURO":"Avenida São Roque","CODLOG":14530,"HIERARQUIA":"VL","GMLID":null}},{"type":"Feature","geometry":{"type":"LineString","coordinates":[[-38.509376135213735,-12.974104943493669],[-38.508871669422618,-12.973612719122499],[-38.508804296508785,-12.973541893686722],[-38.508548426142603,-12.973251655732415],[-38.508455128998335,-12.973141273047876],[-38.508448287894886,-12.973101662402145],[-38.508407385634932,-12.972714464057701],[-38.508402507870727,-12.972681727560552],[-38.508387352554081,-12.972578907249082],[-38.508366569303107,-12.972438013984682],[-38.508361562853338,-12.972393343942352],[-38.508352682898803,-12.972308344557582],[-38.508352235199347,-12.972303913823064],[-38.508337502590251,-12.972179305654977],[-38.508335176625273,-12.972163661465656],[-38.508334051889761,-12.972155613382357],[-38.508313595336233,-12.972003329973415],[-38.508290122682212,-12.971799508931122]]},"properties":{"NOME_LOGRADOURO":"Rua Maciel de Baixo","CODLOG":747,"HIERARQUIA":"VC-II","GMLID":null}},{"type":"Feature","geometry":{"type":"LineString","coordinates":[[-38.511389555159688,-12.974034886830959],[-38.511367848674382,-12.974054734912436],[-38.511314001358144,-12.97410372428002],[-38.511026969753331,-12.974351710118736],[-38.510829053476428,-12.974515966535449],[-38.510807350615273,-12.974533916566001],[-38.510665395005148,-12.974656691884899],[-38.510643543521496,-12.974672833134106],[-38.510605855665339,-12.974700517106218],[-38.510388123527548,-12.974889687589933],[-38.510261815159794,-12.975019633829426]]},"properties":{"NOME_LOGRADOURO":"Rua Guedes de Britto","CODLOG":751,"HIERARQUIA":"VC-II","GMLID":null}},{"type":"Feature","geometry":{"type":"LineString","coordinates":[[-38.52007660046818,-12.988430647013789],[-38.519828723928548,-12.988397369735594],[-38.519584431008155,-12.988359126409769],[-38.519475645262062,-12.98835096889988],[-38.51940661526038,-12.988347586010351],[-38.519296051134617,-12.98835461281484],[-38.51919620683141,-12.98836229237016],[-38.519105725579664,-12.988364113432864],[-38.519024683172006,-12.988359984824521],[-38.518938555887225,-12.988351326467082],[-38.518838958820972,-12.98834888152642],[-38.518730470614521,-12.988344249902216],[-38.518642214958973,-12.988335225809207],[-38.518599580112067,-12.98832538283547],[-38.518511120918326,-12.988303792048104],[-38.518375087867085,-12.988270631008426],[-38.518329034161489,-12.988259244442599],[-38.518206349473139,-12.988243194635517],[-38.518030442157944,-12.988227588644742],[-38.517890249197983,-12.988222896983409],[-38.517736365436512,-12.98822044045675],[-38.51734949176614,-12.98823300939852],[-38.516936618664751,-12.988243359266308],[-38.516850543064962,-12.988247628284652],[-38.516753277239012,-12.988258476544774],[-38.516662774015074,-12.988271687470741],[-38.516574534131372,-12.988293671926073],[-38.516470360991597,-12.988337866579645],[-38.516368460648799,-12.98838640578659],[-38.516273434785951,-12.988458100948053],[-38.516061660313071,-12.988589155724233],[-38.516059985380387,-12.988590328122299]]},"properties":{"NOME_LOGRADOURO":"Ladeira da Fonte","CODLOG":758,"HIERARQUIA":"VC-II","GMLID":null}},{"type":"Feature","geometry":{"type":"LineString","coordinates":[[-38.514799454727161,-12.981884963362232],[-38.515112578505892,-12.98175021101363],[-38.515186473999123,-12.981714187167411],[-38.515233667322121,-12.981685887312171],[-38.515276597495898,-12.981660201809056],[-38.515866270338073,-12.981549743608248],[-38.516076353701777,-12.981503306520032],[-38.516107539118266,-12.981496402771388],[-38.516211430440542,-12.981478696540711]]},"properties":{"NOME_LOGRADOURO":"Rua do Cabeça","CODLOG":759,"HIERARQUIA":"VC-II","GMLID":null}},{"type":"Feature","geometry":{"type":"LineString","coordinates":[[-38.51033845110495,-12.970080149750455],[-38.510556898260042,-12.969951281756508],[-38.510848660420088,-12.969770386425743],[-38.510857413713566,-12.969764887890944],[-38.510927975201405,-12.969721174592737],[-38.511387111713987,-12.969402001382306],[-38.511399520476317,-12.969393345739979],[-38.511456323094691,-12.969348882164956],[-38.5118318458251,-12.968982268253155]]},"properties":{"NOME_LOGRADOURO":"Rua da Holanda","CODLOG":772,"HIERARQUIA":"VC-II","GMLID":null}},{"type":"Feature","geometry":{"type":"LineString","coordinates":[[-38.50916905981569,-12.974403525701836],[-38.509035419338375,-12.974356622762441],[-38.50885171814506,-12.974288560017719],[-38.508759348087331,-12.974248154057699],[-38.508748038858393,-12.97423854953615],[-38.508722687161494,-12.974217165147206],[-38.508646564687758,-12.974149306249691],[-38.508486388794985,-12.973987174929855],[-38.508463999899298,-12.973967062053894],[-38.508394178157467,-12.973904187421974],[-38.508227271217017,-12.973724504530169],[-38.508087654498162,-12.973585284665191],[-38.508029602581573,-12.9735294843827]]},"properties":{"NOME_LOGRADOURO":"Rua da Ordem Terceira","CODLOG":787,"HIERARQUIA":"VC-II","GMLID":null}},{"type":"Feature","geometry":{"type":"LineString","coordinates":[[-38.497556270472167,-12.967150495423956],[-38.497712417917782,-12.967237575975769],[-38.49781059542763,-12.967306224669077]]},"properties":{"NOME_LOGRADOURO":"2ª Travessa Imbassahy","CODLOG":16413,"HIERARQUIA":"VL","GMLID":null}},{"type":"Feature","geometry":{"type":"LineString","coordinates":[[-38.494289134548445,-12.977481870615975],[-38.49435755795475,-12.977446021137972],[-38.494329555846321,-12.977269313211066]]},"properties":{"NOME_LOGRADOURO":"Avenida do Matatu","CODLOG":14452,"HIERARQUIA":"VL","GMLID":null}},{"type":"Feature","geometry":{"type":"LineString","coordinates":[[-38.508093269383387,-12.970493485258856],[-38.50806715851477,-12.970471557738096],[-38.507914438494353,-12.970347139022508],[-38.507833384634139,-12.970274570333507],[-38.507777675109352,-12.97022690991701],[-38.507737513772916,-12.970197903598631],[-38.507641788022511,-12.970125306200375],[-38.507564809629386,-12.970068204087914],[-38.507485343462932,-12.970000428981363],[-38.507478512591632,-12.969994629801917],[-38.5073584341688,-12.969895135616175],[-38.507298460918726,-12.969850541459929],[-38.507184657324821,-12.96976959244966],[-38.506825542747016,-12.969598221877158]]},"properties":{"NOME_LOGRADOURO":"Rua das Flores","CODLOG":550,"HIERARQUIA":"VL","GMLID":null}},{"type":"Feature","geometry":{"type":"LineString","coordinates":[[-38.512199470345408,-12.986561774163926],[-38.51209709667723,-12.986696919199959],[-38.512049377031765,-12.986760837380945],[-38.512042209916345,-12.986771129585685],[-38.512034056275517,-12.986780426175606],[-38.512006393910212,-12.986812558971877],[-38.511973475616713,-12.986849925603279],[-38.511966771451753,-12.986856873880212],[-38.511948160924639,-12.986887215175736],[-38.511940007806032,-12.986896240490477]]},"properties":{"NOME_LOGRADOURO":"Avenida Adalgisa","CODLOG":7,"HIERARQUIA":"VL","GMLID":null}},{"type":"Feature","geometry":{"type":"LineString","coordinates":[[-38.502289284611585,-12.965189396398758],[-38.502084541979841,-12.965458465811],[-38.502021294926678,-12.965523283079518],[-38.501874982693472,-12.965660161522496]]},"properties":{"NOME_LOGRADOURO":"Boulevard das Flores","CODLOG":627,"HIERARQUIA":"VL","GMLID":null}},{"type":"Feature","geometry":{"type":"LineString","coordinates":[[-38.520364828670736,-12.992320016368383],[-38.520363839490827,-12.992320375335913],[-38.520320168898756,-12.992334759916689],[-38.520269641540139,-12.992356363972275],[-38.52019698377714,-12.992380367713164],[-38.520162503726873,-12.992399559916956],[-38.520132745294262,-12.992415145669035],[-38.520069253928568,-12.992456524157165],[-38.519900724334732,-12.99259625124478],[-38.519420160832986,-12.993009871778114],[-38.519358095522598,-12.993060927218815],[-38.519323597926423,-12.993089159897782],[-38.519261256991015,-12.99316507607069],[-38.519242570472201,-12.993195327322935],[-38.51921613077797,-12.993263987337212],[-38.519161167531998,-12.993536370324122],[-38.519130179738582,-12.99371631165463],[-38.519108128115313,-12.993756772807433],[-38.519045922239144,-12.993801679952169],[-38.518599803175157,-12.994054891942435],[-38.518420547610376,-12.994156807987148],[-38.518355305821345,-12.994198906177306],[-38.518232040307524,-12.994285557345425],[-38.517764509014995,-12.994640615531386],[-38.517764356693192,-12.994640705672992],[-38.517391629747806,-12.994921807421905],[-38.516740059952255,-12.995412492764721],[-38.516698773627667,-12.995451923245835],[-38.516653448817642,-12.99553501209558],[-38.516537083709601,-12.995748605623847],[-38.516506325869862,-12.995808578357256],[-38.516441460603225,-12.995970194128367],[-38.516386986193147,-12.996105791549004],[-38.516213099790875,-12.996457599842294]]},"properties":{"NOME_LOGRADOURO":"Rua Padre Feijó","CODLOG":599,"HIERARQUIA":"VC-I","GMLID":null}},{"type":"Feature","geometry":{"type":"LineString","coordinates":[[-38.502754523354454,-12.963339290124061],[-38.503131278289985,-12.963043208501032],[-38.503476224843538,-12.962914949313298],[-38.503534775750218,-12.962908913891662],[-38.503615787792988,-12.962923534405306],[-38.503681778532567,-12.962961088627281],[-38.503719500109021,-12.962992622764212],[-38.503783969658301,-12.963068778027699],[-38.503998138457113,-12.963410200682251],[-38.504000631969831,-12.963417889693162],[-38.504001686661489,-12.963423044985934],[-38.50400213406791,-12.963427114029773],[-38.50400105953171,-12.963432446115835],[-38.503999075271444,-12.963436239255167],[-38.50399648377924,-12.963439850389195],[-38.503956965365333,-12.963471055613661],[-38.503651714878181,-12.963708059444095],[-38.503301554045052,-12.963358962378635],[-38.503289105934172,-12.963349355463615],[-38.503275285778592,-12.963340740598785],[-38.503266929268925,-12.963337741560126],[-38.503255986253528,-12.96333536965367],[-38.503237890125568,-12.963336872348725],[-38.503225340392412,-12.963339921932551],[-38.503211949369721,-12.963345049670814],[-38.502907019240517,-12.963535584154434],[-38.502754523354454,-12.963339290124061]]},"properties":{"NOME_LOGRADOURO":"Largo de Santo Antonio Além do Carmo","CODLOG":1526,"HIERARQUIA":"VC-II","GMLID":null}},{"type":"Feature","geometry":{"type":"LineString","coordinates":[[-38.517617711796674,-12.983669338319967],[-38.51766677848974,-12.983576220787308],[-38.517872024120742,-12.983240020137639],[-38.517923833613835,-12.983183341427123],[-38.517987962121751,-12.983165288615373],[-38.518062383936169,-12.983171484983419],[-38.518471489550222,-12.983257318634225],[-38.518572657698797,-12.983271700769492],[-38.518686394765083,-12.983273991068957],[-38.518814520918632,-12.98326609270025],[-38.519064782363387,-12.983242238729803],[-38.519388076598766,-12.983196008348573]]},"properties":{"NOME_LOGRADOURO":"Rua Tuiuti","CODLOG":1528,"HIERARQUIA":"VC-II","GMLID":null}},{"type":"Feature","geometry":{"type":"LineString","coordinates":[[-38.508829859677505,-12.972795817195225],[-38.508665677445407,-12.972932381701122],[-38.508448287894886,-12.973101662402145],[-38.508354028427064,-12.973171909530492],[-38.508225555911743,-12.973281690597148],[-38.508130647980074,-12.973372187848224],[-38.508075320422478,-12.973439435832608],[-38.508051201210641,-12.973487214764347],[-38.508029602581573,-12.9735294843827],[-38.507877010767025,-12.973841639049756],[-38.507776986214118,-12.974021177262754],[-38.50773070926153,-12.974086452947114],[-38.507698427485884,-12.974110168952246],[-38.507645646137789,-12.974119380083105],[-38.507561327972994,-12.974121389810923],[-38.507334726054445,-12.974103058678891]]},"properties":{"NOME_LOGRADOURO":"Ladeira de São Miguel","CODLOG":1553,"HIERARQUIA":"VC-II","GMLID":null}},{"type":"Feature","geometry":{"type":"LineString","coordinates":[[-38.498034100941481,-12.96714177521533],[-38.497937902666408,-12.967066381156089],[-38.497799427893575,-12.966991869439569],[-38.497714938693825,-12.966960850982957],[-38.497634868167765,-12.966928708009892]]},"properties":{"NOME_LOGRADOURO":"1ª Travessa Imbassahy","CODLOG":16412,"HIERARQUIA":"VL","GMLID":null}},{"type":"Feature","geometry":{"type":"LineString","coordinates":[[-38.510195657153929,-12.974987686259061],[-38.510099666562226,-12.975165424496854],[-38.51002181621071,-12.975319962317437]]},"properties":{"NOME_LOGRADOURO":"Avenida São Francisco","CODLOG":6379,"HIERARQUIA":"VL","GMLID":null}},{"type":"Feature","geometry":{"type":"LineString","coordinates":[[-38.523030651857333,-12.992463990068989],[-38.523193828138488,-12.992379670366372],[-38.523368957407982,-12.992286693546843],[-38.523575978875208,-12.992175512961991],[-38.523704838037723,-12.992104690957532],[-38.523766953917267,-12.992066201713072],[-38.523779108980619,-12.992031869949976],[-38.523774766472627,-12.991996241109787],[-38.52370462970174,-12.991894676298037],[-38.523676180827152,-12.991861444733962],[-38.523619645254072,-12.991804294165181],[-38.523556425707945,-12.991743605684114],[-38.523511637673359,-12.991705822928632],[-38.523491681462531,-12.991684631552136],[-38.523396488959143,-12.991564576856838],[-38.523318680678017,-12.991459110533398],[-38.523233808172776,-12.991349833404506],[-38.523186488751101,-12.991284201568082]]},"properties":{"NOME_LOGRADOURO":"Rua Desembargador Gonçalves","CODLOG":732,"HIERARQUIA":"VL","GMLID":null}},{"type":"Feature","geometry":{"type":"LineString","coordinates":[[-38.492104566502256,-12.978040396427843],[-38.492133456043703,-12.977966320434916],[-38.492065819142553,-12.97791429489229],[-38.492043740504513,-12.977891288581258],[-38.492061745068433,-12.977823700068654],[-38.4920545822213,-12.977681296147153],[-38.492080125850201,-12.977532628203138]]},"properties":{"NOME_LOGRADOURO":"1ª Travessa São Matheus","CODLOG":15253,"HIERARQUIA":"VL","GMLID":null}},{"type":"Feature","geometry":{"type":"MultiLineString","coordinates":[[[-38.51014939501772,-12.986701738490355],[-38.510233638139802,-12.986856944988572],[-38.510323419475647,-12.987056822439445],[-38.510381634586402,-12.987186484743614],[-38.510454459385066,-12.987348541010013],[-38.51046497791927,-12.987373783762695],[-38.51047959276336,-12.987404459684473],[-38.510576793048308,-12.987621075895435],[-38.510599655169372,-12.987671927428165],[-38.510648838834804,-12.987793074600708],[-38.510694238863202,-12.987904993175887],[-38.510681633639997,-12.987935797795165],[-38.510669639070784,-12.987965067254819],[-38.510626557723072,-12.988028089636186],[-38.510595624675332,-12.988061029025531],[-38.510488425126852,-12.988175009520681],[-38.510438604700795,-12.988223644431812],[-38.510431977872656,-12.988230141594315],[-38.510390232556468,-12.988271016120656],[-38.510225740814995,-12.988327660879703],[-38.510214708982879,-12.988331437009073],[-38.510112385635097,-12.988362343812433],[-38.509981001381078,-12.988401964235132],[-38.509890393473633,-12.988429366487015],[-38.509752525284583,-12.98844112932229],[-38.509592553749776,-12.988441639587251],[-38.509455371430654,-12.988413534602396],[-38.509384931875225,-12.988392246011092],[-38.509308367970931,-12.988353045456495],[-38.509278849210197,-12.988323968976241],[-38.509259498075586,-12.988304856546323],[-38.509238228778699,-12.988217755022985],[-38.50926305801115,-12.988040515209544],[-38.509275325220216,-12.987988463945511],[-38.509286594725744,-12.987941112858223],[-38.509290888731528,-12.987922858882115],[-38.509297481669769,-12.987895116507538],[-38.509310591931133,-12.987839631614813],[-38.509316266007524,-12.987815414050834],[-38.509320482235594,-12.987797791992646],[-38.50935697557599,-12.987643628744431],[-38.509377139238076,-12.98755832258],[-38.509381278745238,-12.987540791703886],[-38.50939592224438,-12.98747880095978],[-38.509418857444082,-12.987414746103635],[-38.509421151434111,-12.987408241694617],[-38.50944530957976,-12.987340753925633],[-38.509503626498883,-12.987262752774635],[-38.509573293881914,-12.987212167050558],[-38.509598724958082,-12.987193772091963],[-38.50987020006238,-12.98705542222042],[-38.509874766354997,-12.987052990278301],[-38.509918941001168,-12.987014108836046],[-38.50993607694015,-12.986999042998931],[-38.5100046491293,-12.986925672694431],[-38.510045985504547,-12.986860477842988],[-38.510119729141778,-12.986747789927914],[-38.510121330034693,-12.986745352393438],[-38.51014939501772,-12.986701738490355]],[[-38.51014939501772,-12.986701738490355],[-38.510126819642274,-12.986659928079131],[-38.510098813320262,-12.986595958007426],[-38.510086702250973,-12.986568451633065],[-38.509971043508614,-12.986304427184475],[-38.509891270542269,-12.986118851903667],[-38.509861450190151,-12.986049453836243],[-38.509857288441466,-12.986039321184938],[-38.509791228949581,-12.985878091335113],[-38.509741969950021,-12.985718159993102],[-38.509685155132708,-12.98553398430535],[-38.509672462572958,-12.985493187160884],[-38.50957190203912,-12.98512938251233],[-38.509556127998593,-12.985070227039458],[-38.509538154763142,-12.985007812143422],[-38.50953075637414,-12.984980857179615],[-38.509487345520391,-12.984824191190942],[-38.509461434496686,-12.984739069343464],[-38.509327794847714,-12.984301249604396],[-38.509280902905473,-12.984213917964803],[-38.509216804101008,-12.984061371501891],[-38.509123105989303,-12.983882099413783]]]},"properties":{"NOME_LOGRADOURO":"Rua Amparo do Tororó","CODLOG":97,"HIERARQUIA":"VC-II","GMLID":null}},{"type":"Feature","geometry":{"type":"LineString","coordinates":[[-38.49616551731522,-12.973080913601631],[-38.496166829008381,-12.972957873232135],[-38.496171917175026,-12.972885286925154],[-38.496167365482798,-12.972842516512639],[-38.496152699803154,-12.972800810704713],[-38.496133373614356,-12.972770396183883],[-38.496107349042639,-12.972743585659726],[-38.496076748859331,-12.972723908880001],[-38.49604187332821,-12.972713353948253],[-38.49598289490195,-12.972703385301797],[-38.495613852033799,-12.972702852059591],[-38.495392827915921,-12.972707034319287],[-38.495348946889322,-12.972713458867643],[-38.495301537090178,-12.972735064210653],[-38.495278312353619,-12.97275282911564],[-38.495260459610279,-12.972783714135232],[-38.495247358842612,-12.972833412078531],[-38.495238561486964,-12.972898035644731],[-38.495233231637513,-12.972977401460149],[-38.495228935482452,-12.973109747901809]]},"properties":{"NOME_LOGRADOURO":"Rua Professor Durval Gama","CODLOG":541,"HIERARQUIA":"VL","GMLID":null}},{"type":"Feature","geometry":{"type":"LineString","coordinates":[[-38.495033551946833,-12.974801413044705],[-38.494854701540106,-12.974552087484083],[-38.494764187777669,-12.974420461242762],[-38.494760003601264,-12.974384381111223],[-38.494767662655363,-12.974356189068702],[-38.49478481720729,-12.974332807038445],[-38.494995407843206,-12.974187119307041],[-38.495236593816522,-12.974025488379167],[-38.495441612034739,-12.973890818492542],[-38.495739871586473,-12.973703260992179],[-38.495856879544881,-12.973627817130412],[-38.495899209856944,-12.973598968821721],[-38.495934704555687,-12.973566762474501],[-38.495937141405861,-12.973564507494364],[-38.495964788596737,-12.973540603158288],[-38.49601275453746,-12.973507064592191],[-38.49626314843271,-12.973340387641084],[-38.496353748404822,-12.973278182970203],[-38.496625195248704,-12.973077192435426],[-38.496625880298495,-12.973076741639552]]},"properties":{"NOME_LOGRADOURO":"Rua Antônio Dias Martins","CODLOG":117,"HIERARQUIA":"VL","GMLID":null}},{"type":"Feature","geometry":{"type":"LineString","coordinates":[[-38.495789987934081,-12.973092030038639],[-38.495934704555687,-12.973566762474501],[-38.495949885860526,-12.973616605659402],[-38.496120155709221,-12.973861213635677],[-38.496313857782987,-12.974135880460526],[-38.496339032216589,-12.974169198958588],[-38.496488283778156,-12.974468551327274],[-38.496620973525943,-12.974724205737983],[-38.496642714397112,-12.974801997222587],[-38.496649475102551,-12.97488066396911],[-38.496642439457382,-12.97493869092961],[-38.496619603720958,-12.974989907318067],[-38.49656771514676,-12.975045949495804],[-38.496492098579274,-12.975105380961891],[-38.495805460441623,-12.975603728074169],[-38.495648221727691,-12.97575946469464],[-38.495580108671405,-12.975868091220836],[-38.495584194156145,-12.97610460173115],[-38.495766890474641,-12.976106312227573]]},"properties":{"NOME_LOGRADOURO":"Rua Edgard Reys Navarro","CODLOG":118,"HIERARQUIA":"VL","GMLID":null}},{"type":"Feature","geometry":{"type":"LineString","coordinates":[[-38.5039803955246,-12.992405746669984],[-38.503930373686011,-12.992478609013633],[-38.503879008532344,-12.992538359088162],[-38.503834045196086,-12.992611259099245]]},"properties":{"NOME_LOGRADOURO":"Avenida Regina","CODLOG":5950,"HIERARQUIA":"VL","GMLID":null}},{"type":"Feature","geometry":{"type":"LineString","coordinates":[[-38.514722224842011,-12.975287404872244],[-38.515092057272867,-12.975702340331138],[-38.515187115458367,-12.975808112381735],[-38.515349238790108,-12.975988325535445],[-38.515591374326497,-12.976270394236504]]},"properties":{"NOME_LOGRADOURO":"Rua da Conceição","CODLOG":439,"HIERARQUIA":"VC-II","GMLID":null}},{"type":"Feature","geometry":{"type":"LineString","coordinates":[[-38.515154636439249,-12.977072115362681],[-38.514987675817508,-12.977034465210469]]},"properties":{"NOME_LOGRADOURO":"Praça Almirante Paula Guimarães","CODLOG":1166,"HIERARQUIA":"VC-II","GMLID":null}},{"type":"Feature","geometry":{"type":"LineString","coordinates":[[-38.513957730852809,-12.976362441417267],[-38.513540862393029,-12.976248289128733],[-38.513278087881453,-12.976180804065224],[-38.513108325909172,-12.976137089963999],[-38.512491342529458,-12.975988929012955],[-38.512254398339927,-12.975931978748521],[-38.51195916715637,-12.975861086730776]]},"properties":{"NOME_LOGRADOURO":"Rua do Tesouro","CODLOG":1559,"HIERARQUIA":"VC-I","GMLID":null}},{"type":"Feature","geometry":{"type":"LineString","coordinates":[[-38.491319959111415,-12.986409933718001],[-38.4912374239344,-12.986504337676653],[-38.491094807095621,-12.986643646132235],[-38.491076763130671,-12.986655363222791],[-38.491052095387445,-12.986671407698772],[-38.491007041765371,-12.986692293350787],[-38.490950131390356,-12.986710805658564],[-38.490866999482975,-12.986724565458728],[-38.490743760339939,-12.986719622939328]]},"properties":{"NOME_LOGRADOURO":"Travessa José Paulino","CODLOG":11902,"HIERARQUIA":"VL","GMLID":null}},{"type":"Feature","geometry":{"type":"LineString","coordinates":[[-38.491076763130671,-12.986655363222791],[-38.491040958552766,-12.986614339183335],[-38.490946137668139,-12.986506208946858]]},"properties":{"NOME_LOGRADOURO":"1ª Travessa José Paulino","CODLOG":16718,"HIERARQUIA":"VL","GMLID":null}},{"type":"Feature","geometry":{"type":"LineString","coordinates":[[-38.494279711539512,-12.98594893601056],[-38.494318785781182,-12.986027575163206],[-38.494393759480459,-12.986175354558355],[-38.494454223274396,-12.986317318578342],[-38.49450322164644,-12.986413877352703],[-38.49452919750118,-12.98646491708987],[-38.494560870348025,-12.986518950990554],[-38.494604210786235,-12.986555830611319],[-38.494685087523287,-12.986604354754343],[-38.49481240296371,-12.986661919290517],[-38.495278944648526,-12.986886671164065],[-38.495354357436447,-12.986892693316417],[-38.495402058077502,-12.986916562917466],[-38.4954577205107,-12.986951115291172],[-38.49558930275775,-12.987042047896768],[-38.495687323498316,-12.98711049468343],[-38.495722344021566,-12.987125570301806],[-38.495763076695262,-12.987136135790376],[-38.495793838369998,-12.987152016955818],[-38.495818212660993,-12.987167975250205],[-38.495836190458263,-12.987188984886748],[-38.495858079628867,-12.987230613374008],[-38.49589568072598,-12.987286105403863]]},"properties":{"NOME_LOGRADOURO":"Rua Doutor Alberto Lima Braga","CODLOG":31,"HIERARQUIA":"VL","GMLID":null}},{"type":"Feature","geometry":{"type":"LineString","coordinates":[[-38.511713748419147,-12.987981955959128],[-38.511403882640614,-12.98745583869262],[-38.511385391755738,-12.987424433043966],[-38.511211037027032,-12.987120881028224],[-38.511174286330871,-12.987056894622771],[-38.511123261718204,-12.986949602502493],[-38.511026529944985,-12.986721026939241],[-38.510819960432066,-12.986250252144121],[-38.510743065066329,-12.98591460804958],[-38.510664598908626,-12.985566124343068],[-38.510651062654539,-12.985489434446356],[-38.510616323895754,-12.985291378762478],[-38.510614987040867,-12.985275283436236],[-38.510580429114263,-12.98486802788198],[-38.510542877598425,-12.984553432587061],[-38.510554270016556,-12.984364866940593],[-38.510609396233555,-12.984246447962494],[-38.510807613592313,-12.984048832430252],[-38.511122626442251,-12.9837666364303],[-38.511445937602218,-12.983479031055015],[-38.511645404406536,-12.983302934546254],[-38.511803605201393,-12.983156412347284],[-38.511844883990065,-12.983120147401555],[-38.511888270280842,-12.983094915458375],[-38.511970736990342,-12.983069395154613],[-38.512293977125381,-12.982972817127694]]},"properties":{"NOME_LOGRADOURO":"Avenida Vale do Tororó","CODLOG":10893,"HIERARQUIA":"VA-I","GMLID":null}},{"type":"Feature","geometry":{"type":"LineString","coordinates":[[-38.507096449966468,-12.994181495704103],[-38.507181432761648,-12.994269984141377],[-38.507260913796117,-12.994333962591478],[-38.507375286194915,-12.994401804082161],[-38.507420948247287,-12.994419430227051],[-38.507476806785391,-12.994432464058391],[-38.50760034279682,-12.994442010978421],[-38.507681269231519,-12.994428152191658],[-38.507776393897458,-12.994386384627589],[-38.50830472710372,-12.994088958866724],[-38.508366661190905,-12.994028503598235],[-38.508398967224366,-12.993955336491627],[-38.508409750353216,-12.993923443479472],[-38.508418014871651,-12.993896879825494],[-38.508428889257864,-12.993857031463818],[-38.50843709804608,-12.99381988988066],[-38.50844258494363,-12.993774697202731],[-38.508442619800732,-12.993756977742413],[-38.508442647722305,-12.993742783908534],[-38.508440043985637,-12.99371357739178],[-38.508437385621669,-12.993673703428684],[-38.508429312714455,-12.99364177474388],[-38.508415878297463,-12.993591302571872],[-38.508381897170587,-12.993511047391044],[-38.508339312917961,-12.993436381324871],[-38.508291853702886,-12.993366316757738],[-38.508244443474027,-12.993310264409319],[-38.508224560888422,-12.993290698772496],[-38.508182671437218,-12.993249575045885],[-38.50810681452927,-12.993198622108403],[-38.508017797161727,-12.993151080353561],[-38.507920639177115,-12.993106054127447],[-38.507826559312811,-12.993081103346549],[-38.507588784367798,-12.993052625015526],[-38.507517532009871,-12.993057191144745],[-38.507431968042646,-12.993070950682178],[-38.507291670075567,-12.993117875287753],[-38.507091925215775,-12.993275073293871]]},"properties":{"NOME_LOGRADOURO":"Praça Lord Cochrane","CODLOG":13166,"HIERARQUIA":"VA-I","GMLID":null}},{"type":"Feature","geometry":{"type":"LineString","coordinates":[[-38.501912772606282,-12.962082201129476],[-38.501824670311969,-12.961886121060198],[-38.501768084199561,-12.96178376188003],[-38.501740516834225,-12.961730460058376],[-38.50172419028911,-12.961644722827533],[-38.501698463936691,-12.961430681697539],[-38.501681658203132,-12.961356425629164],[-38.501658460170646,-12.961285050907913],[-38.50161788750956,-12.961196465027198],[-38.501574397900093,-12.961122156987347],[-38.501503253135049,-12.961039208413204],[-38.501381401523702,-12.960879226109663],[-38.501365676306101,-12.960835167490512],[-38.501314668923087,-12.960488993281034],[-38.501301039244147,-12.960423242253421],[-38.501296520674451,-12.960401444952799],[-38.501279545019095,-12.960336681281223],[-38.501265195258462,-12.960289010124299],[-38.501237107514903,-12.960230010522723],[-38.501200881975009,-12.960173075999078],[-38.501189735148927,-12.960158770319953],[-38.501173280182805,-12.960137673553671],[-38.501139445620979,-12.960101446253937],[-38.50109778451634,-12.960063305048568],[-38.501023159880567,-12.960009912117144],[-38.500863336753795,-12.959906722000683],[-38.500763487383459,-12.959845685920476],[-38.500700635284204,-12.959798011292218],[-38.50065221714172,-12.959755698451392],[-38.500603568926188,-12.959714107651337]]},"properties":{"NOME_LOGRADOURO":"Rua São José de Baixo","CODLOG":1057,"HIERARQUIA":"VC-I","GMLID":null}},{"type":"Feature","geometry":{"type":"LineString","coordinates":[[-38.520007779624166,-12.986891439088758],[-38.519460156727703,-12.9869148329898],[-38.519356098365471,-12.986939681852506],[-38.519222444851202,-12.986974150448164],[-38.518892152186218,-12.987059422687098],[-38.518760229964712,-12.98710120867185],[-38.518431693539902,-12.987223828828467],[-38.51801767590996,-12.9873556842775],[-38.517934756995523,-12.987379035441235],[-38.517924563376774,-12.987381910118369],[-38.517614261786584,-12.987469387952839],[-38.517467296432528,-12.987506813121158],[-38.51739137981351,-12.987526289762142],[-38.517308240493513,-12.987545300848161],[-38.517228067788658,-12.987563684445876],[-38.517055755958843,-12.987576381884901],[-38.516824934798827,-12.987570707464698],[-38.516655227640449,-12.987573012487504],[-38.516480082421005,-12.987596100362115],[-38.516302302387196,-12.987645129574718],[-38.516141595798601,-12.987711187504171],[-38.515987663964424,-12.987812336256322],[-38.515697191247,-12.98806465967475],[-38.515648857182569,-12.988092413986283],[-38.515595165714288,-12.988099274807272]]},"properties":{"NOME_LOGRADOURO":"Rua Politeama de Baixo","CODLOG":1065,"HIERARQUIA":"VC-I","GMLID":null}},{"type":"Feature","geometry":{"type":"LineString","coordinates":[[-38.50855520971777,-12.976691271745715],[-38.508631256803099,-12.976333044809065],[-38.508767099906244,-12.975605983202547]]},"properties":{"NOME_LOGRADOURO":"Ladeira de Santana","CODLOG":1068,"HIERARQUIA":"VC-I","GMLID":null}},{"type":"Feature","geometry":{"type":"LineString","coordinates":[[-38.503853425495855,-12.992364820658773],[-38.503853505081509,-12.99236328360011],[-38.503858580428279,-12.992257789099863],[-38.503847563158097,-12.992215548124454],[-38.503822005888736,-12.992182319995283],[-38.503766448708376,-12.992132581002574],[-38.503730944829577,-12.99209237211646],[-38.503736164374708,-12.992067520866788],[-38.503790346112162,-12.991967544679003],[-38.503853274924033,-12.991896772286122],[-38.503843002836291,-12.991907887506082],[-38.504001470514659,-12.991759718951668],[-38.50419524590027,-12.991647830721666],[-38.504352084451504,-12.99157840923522],[-38.504407125776851,-12.991582782221348],[-38.504543023703732,-12.991537424149163],[-38.504803634760826,-12.991428380101482],[-38.505007969289544,-12.991346794416494],[-38.505106731011097,-12.991376186793515],[-38.505107262699454,-12.991376368654313],[-38.505215611713879,-12.991413552108959],[-38.505468642062297,-12.991493593417262],[-38.505486349054081,-12.991497785718044],[-38.505502772907903,-12.991535787889674],[-38.505516473056716,-12.991567184817207],[-38.505686512910209,-12.991782586723739],[-38.505741933445869,-12.991862883005215]]},"properties":{"NOME_LOGRADOURO":"Avenida Gel","CODLOG":11153,"HIERARQUIA":"VL","GMLID":null}},{"type":"Feature","geometry":{"type":"LineString","coordinates":[[-38.503853274924033,-12.991896772286122],[-38.503773800700571,-12.991866888183115],[-38.503734862530287,-12.991842225695263],[-38.503620265801587,-12.991773297144158],[-38.50358477833386,-12.991746681733968],[-38.503545140476945,-12.991699200251244],[-38.503488503643709,-12.991638806270874]]},"properties":{"NOME_LOGRADOURO":"1ª Travessa Gel","CODLOG":11075,"HIERARQUIA":"VL","GMLID":null}},{"type":"Feature","geometry":{"type":"LineString","coordinates":[[-38.503838127941982,-12.991567317312025],[-38.503802847734427,-12.991491579402972],[-38.503768321939965,-12.991418103533849],[-38.503759464045743,-12.991399191588565],[-38.503740654640843,-12.991337227783953]]},"properties":{"NOME_LOGRADOURO":"Avenida Pinheiro","CODLOG":11268,"HIERARQUIA":"VL","GMLID":null}},{"type":"Feature","geometry":{"type":"LineString","coordinates":[[-38.503832165097862,-12.990433792031512],[-38.503914692632257,-12.990915816324001],[-38.503884282149059,-12.990952914469874],[-38.503921294807299,-12.991113727632831],[-38.504012704011636,-12.99110477196454],[-38.504045633924022,-12.991139099233749],[-38.504092067224349,-12.991188640811824],[-38.50412508130821,-12.991181019557867],[-38.504231718214584,-12.991160791654206],[-38.504284192596522,-12.991116683370777],[-38.504383120761418,-12.991073207114372],[-38.504464873575557,-12.991179228904754]]},"properties":{"NOME_LOGRADOURO":"1ª Travessa Roberto Tadeu","CODLOG":11269,"HIERARQUIA":"VL","GMLID":null}},{"type":"Feature","geometry":{"type":"LineString","coordinates":[[-38.506325696960253,-12.972479065239545],[-38.506339348152466,-12.972573656889281],[-38.506026839735085,-12.972631101845645],[-38.506028382628806,-12.972619714023125],[-38.506041807791831,-12.972597047522978],[-38.506055088162903,-12.972571126376037],[-38.506061785139387,-12.97252891906893],[-38.506061833130218,-12.972504599539876],[-38.506043257873408,-12.972440194829513],[-38.50631930547447,-12.972404739695461]]},"properties":{"NOME_LOGRADOURO":"Largo da Saúde","CODLOG":1436,"HIERARQUIA":"VC-II","GMLID":null}},{"type":"Feature","geometry":{"type":"LineString","coordinates":[[-38.506325696960253,-12.972479065239545],[-38.50631930547447,-12.972404739695461],[-38.506317072359693,-12.97238041583811],[-38.5062621557108,-12.972046169373588],[-38.506256829151447,-12.972009724595859],[-38.506253678459906,-12.971988292575134],[-38.506227726698334,-12.971809057595456],[-38.506200573776901,-12.971621774376594],[-38.506186283154413,-12.971505032064474],[-38.506286257057226,-12.971258167094813],[-38.506461493580169,-12.970736197651098],[-38.506476247620753,-12.970695090692947],[-38.506508821156345,-12.970639191545892],[-38.506570877991145,-12.970551977373299],[-38.506639671512815,-12.970479963624978],[-38.506882910627503,-12.970348523479963],[-38.507191878622734,-12.970195330284517],[-38.50728739539548,-12.970142623716635]]},"properties":{"NOME_LOGRADOURO":"Rua do Alvo","CODLOG":358,"HIERARQUIA":"VC-II","GMLID":null}},{"type":"Feature","geometry":{"type":"LineString","coordinates":[[-38.506339348152466,-12.972573656889281],[-38.506338921533363,-12.972596890609095],[-38.506340385674136,-12.97270303074029],[-38.506340784810227,-12.972731599252629],[-38.506342312965913,-12.972843616180658],[-38.506349618771978,-12.973071454107846],[-38.506355861461969,-12.973337170568859],[-38.506360847237474,-12.97339214715924],[-38.506374833249907,-12.973547944039165],[-38.506387910110398,-12.973779499394571],[-38.506392243224155,-12.974011129488774],[-38.506386917757766,-12.974090043533742]]},"properties":{"NOME_LOGRADOURO":"Rua Jogo do Lourenço","CODLOG":809,"HIERARQUIA":"VC-II","GMLID":null}},{"type":"Feature","geometry":{"type":"LineString","coordinates":[[-38.52378714264492,-12.998829457392871],[-38.523465941918424,-12.998964294166333],[-38.523172725834627,-12.998937626157007],[-38.522831449081153,-12.998874074064153],[-38.522682195032175,-12.998833025701325],[-38.52261159864716,-12.998812010657851],[-38.522303009502465,-12.998713350120473],[-38.521686293394154,-12.998512954391554],[-38.521468661543537,-12.998444023680827],[-38.521243138360937,-12.998366399320913],[-38.520995801190509,-12.998284665451298],[-38.52064178006529,-12.99816747535181],[-38.519537925195088,-12.997802174473179],[-38.519488772237636,-12.99778074703956],[-38.519244373459166,-12.997673974865029],[-38.51914295703056,-12.997588171621281],[-38.519027647483178,-12.997490679691071],[-38.518577490947067,-12.997112847064583],[-38.51850628226132,-12.997054492697888],[-38.518455116825443,-12.997012358702028],[-38.517983764486686,-12.996625897302378],[-38.516653448817642,-12.99553501209558]]},"properties":{"NOME_LOGRADOURO":"Avenida Euclydes da Cunha","CODLOG":579,"HIERARQUIA":"VC-I","GMLID":null}},{"type":"Feature","geometry":{"type":"LineString","coordinates":[[-38.513157056116484,-12.975435446355919],[-38.513156903629152,-12.975435626919387],[-38.513018612783647,-12.975550816553023],[-38.512887468147461,-12.975666199431322],[-38.512842866048103,-12.975691971872083],[-38.51282520359841,-12.975704233804166],[-38.512491799993882,-12.975988387323875],[-38.512491342529458,-12.975988929012955],[-38.512463307400999,-12.976018077223664],[-38.512395532879061,-12.976269370655544]]},"properties":{"NOME_LOGRADOURO":"Rua das Vassouras","CODLOG":1580,"HIERARQUIA":"VL","GMLID":null}},{"type":"Feature","geometry":{"type":"LineString","coordinates":[[-38.508192485341802,-12.974210373731903],[-38.508240716655429,-12.974272392893093],[-38.508319329241132,-12.974349749357838],[-38.508448229835125,-12.974487502076732],[-38.508507326552277,-12.974553250018333]]},"properties":{"NOME_LOGRADOURO":"Rua Santa Isabel","CODLOG":798,"HIERARQUIA":"VL","GMLID":null}},{"type":"Feature","geometry":{"type":"LineString","coordinates":[[-38.513443659377828,-12.975759730697776],[-38.513376956839473,-12.975812131669553],[-38.51313008857818,-12.97601020017955]]},"properties":{"NOME_LOGRADOURO":"Travessa da Ajuda","CODLOG":276,"HIERARQUIA":"VL","GMLID":null}},{"type":"Feature","geometry":{"type":"LineString","coordinates":[[-38.51204967304708,-12.974986031765011],[-38.511551080918899,-12.974480533728846]]},"properties":{"NOME_LOGRADOURO":"Travessa do Tijolo","CODLOG":11495,"HIERARQUIA":"VL","GMLID":null}},{"type":"Feature","geometry":{"type":"LineString","coordinates":[[-38.510629778642617,-12.972807269409309],[-38.510830674047057,-12.972596097473156],[-38.510701931351861,-12.972455182251267]]},"properties":{"NOME_LOGRADOURO":"Praça Ramos de Queiroz","CODLOG":1295,"HIERARQUIA":"VL","GMLID":null}},{"type":"Feature","geometry":{"type":"LineString","coordinates":[[-38.51080472037799,-12.971442824085175],[-38.510733777424356,-12.971447933537187],[-38.510642928123573,-12.971407711969839],[-38.510579957982067,-12.971379295255188],[-38.510409960044107,-12.971302580490757],[-38.510409276437542,-12.971302307931685],[-38.510352000324964,-12.971277880547005],[-38.510263907209371,-12.971188573545744],[-38.510241601124591,-12.971165297028918],[-38.51021922364712,-12.971139398069015],[-38.510174552837888,-12.971083713862319],[-38.51002076576772,-12.97088190734207],[-38.509971175378439,-12.970815274300035]]},"properties":{"NOME_LOGRADOURO":"Rua Conselheiro Lafayette","CODLOG":905,"HIERARQUIA":"VL","GMLID":null}},{"type":"Feature","geometry":{"type":"LineString","coordinates":[[-38.51080472037799,-12.971442824085175],[-38.510814258423906,-12.971425032026193],[-38.510840583531305,-12.971375719737637],[-38.510889948596308,-12.971286039182958],[-38.510973646369955,-12.971133862111289],[-38.510978756585445,-12.971125644902097],[-38.511065013273914,-12.970986943124649],[-38.511105353776976,-12.970924005762193],[-38.511261837477264,-12.970679660975877],[-38.511262065921223,-12.970679299707252],[-38.511274011228672,-12.970635565772861],[-38.511467363602847,-12.970431701637526]]},"properties":{"NOME_LOGRADOURO":"Rua Francisco Gonçalves","CODLOG":656,"HIERARQUIA":"VL","GMLID":null}},{"type":"Feature","geometry":{"type":"LineString","coordinates":[[-38.511936060023281,-12.971800977866595],[-38.511764541690425,-12.971606642489711],[-38.511578762993402,-12.971396096991525],[-38.511398687596348,-12.971184930008102],[-38.511149373648735,-12.970962782849218],[-38.511105353776976,-12.970924005762193],[-38.511082509451263,-12.970903892253528],[-38.51090279707968,-12.970740911879727],[-38.510870016805264,-12.970708213404915],[-38.510747169022494,-12.970585933101967],[-38.510641013481816,-12.97048068029531],[-38.510622271039857,-12.970462110770413]]},"properties":{"NOME_LOGRADOURO":"Rua Conselheiro Saraiva","CODLOG":1404,"HIERARQUIA":"VL","GMLID":null}},{"type":"Feature","geometry":{"type":"LineString","coordinates":[[-38.515586609385359,-12.996166222106776],[-38.515455959687998,-12.996335037495578],[-38.515392378579506,-12.996422251567189],[-38.515322405929915,-12.996511531646906],[-38.515280265832274,-12.996559729638088],[-38.515248717019105,-12.996596104518217],[-38.515240186091496,-12.996604411249606]]},"properties":{"NOME_LOGRADOURO":"Beco da Jia","CODLOG":11249,"HIERARQUIA":"VL","GMLID":null}},{"type":"Feature","geometry":{"type":"LineString","coordinates":[[-38.514906944409745,-12.996532912893429],[-38.514978291870506,-12.996546334851821],[-38.515240186091496,-12.996604411249606]]},"properties":{"NOME_LOGRADOURO":"Vila do Trilho","CODLOG":14340,"HIERARQUIA":"VL","GMLID":null}},{"type":"Feature","geometry":{"type":"LineString","coordinates":[[-38.515280265832274,-12.996559729638088],[-38.515132305551475,-12.996519131551839]]},"properties":{"NOME_LOGRADOURO":"Vila Reis Católicos","CODLOG":14350,"HIERARQUIA":"VL","GMLID":null}},{"type":"Feature","geometry":{"type":"LineString","coordinates":[[-38.509764712620118,-12.976512298948812],[-38.509681713579383,-12.976578048318338],[-38.509645229319851,-12.976534312742565],[-38.509654066849883,-12.976525017500958],[-38.509566176836884,-12.976409401668057]]},"properties":{"NOME_LOGRADOURO":"Vila dos Cravos","CODLOG":13237,"HIERARQUIA":"VL","GMLID":null}},{"type":"Feature","geometry":{"type":"LineString","coordinates":[[-38.516312841605732,-12.997919024614975],[-38.516357653255284,-12.99806222163193],[-38.516606254641474,-12.998235904706853],[-38.516784462299746,-12.99836298758351],[-38.516850468782458,-12.998437787244063],[-38.516883889246699,-12.998416332947354],[-38.516947366885816,-12.998500890989728],[-38.516982969864486,-12.998570118197943],[-38.517056449565565,-12.998751158521209],[-38.517087188783592,-12.998858347632712],[-38.517128161200539,-12.999021155838703],[-38.517152906190319,-12.999121914580282],[-38.51715297427824,-12.999165399737725]]},"properties":{"NOME_LOGRADOURO":"Rua Manoel Espinheira de Cima","CODLOG":5975,"HIERARQUIA":"VL","GMLID":null}},{"type":"Feature","geometry":{"type":"LineString","coordinates":[[-38.516606254641474,-12.998235904706853],[-38.51652990902965,-12.998396685268945],[-38.516485790403983,-12.998445603157638],[-38.516341849176015,-12.998409804785028],[-38.516300522450337,-12.998389801944318],[-38.51627610451974,-12.998362736801147],[-38.51619631724396,-12.998266930193036]]},"properties":{"NOME_LOGRADOURO":"Avenida Flor de Alecrim","CODLOG":11417,"HIERARQUIA":"VL","GMLID":null}},{"type":"Feature","geometry":{"type":"LineString","coordinates":[[-38.493245612159541,-12.979139247365948],[-38.493156945865785,-12.978996052608474],[-38.493107392839086,-12.978873817491628]]},"properties":{"NOME_LOGRADOURO":"Vila José Petitinga","CODLOG":14528,"HIERARQUIA":"VL","GMLID":null}},{"type":"Feature","geometry":{"type":"LineString","coordinates":[[-38.494763709388891,-12.979520096401028],[-38.494710306431529,-12.979496667764291],[-38.494658661736025,-12.979468722230648],[-38.494602088229364,-12.979434620078484],[-38.494560331173332,-12.979405066102879],[-38.494496121801582,-12.979362951981287],[-38.494432350333462,-12.979295332762444],[-38.494375037558413,-12.979219644879285],[-38.494309234614974,-12.979162651943311],[-38.494279933833155,-12.97913936050054],[-38.494249791828956,-12.979118507966183],[-38.494211744754352,-12.979096465448444],[-38.49416563992817,-12.979073503015185],[-38.494111707854636,-12.979049169894132],[-38.494077290873037,-12.979036717565723],[-38.494048395163588,-12.979038830638769],[-38.494018927016938,-12.979060470588553],[-38.493820262876525,-12.97928411164313],[-38.493736443850402,-12.979375801339774],[-38.493666194408803,-12.97944979791151],[-38.493621588652417,-12.979475205254483],[-38.493556709852449,-12.979487374815173],[-38.49349763476696,-12.97948707894159],[-38.493409611186927,-12.979477143530032],[-38.493344092891348,-12.979466799805266],[-38.493308146103871,-12.979458955120421],[-38.49327273665682,-12.979448941298827],[-38.493188931572071,-12.979420752882421],[-38.493100271319044,-12.979387400804059],[-38.493077544154801,-12.979384011726159],[-38.493024468704455,-12.979386981801717],[-38.492975406836635,-12.979398187379221],[-38.492934014404987,-12.97941356650264],[-38.492883935325501,-12.979438963047182]]},"properties":{"NOME_LOGRADOURO":"Rua Gandarela","CODLOG":7265,"HIERARQUIA":"VL","GMLID":null}},{"type":"Feature","geometry":{"type":"LineString","coordinates":[[-38.494633389522022,-12.979898102729491],[-38.494467976234567,-12.979845707850508],[-38.494234804904785,-12.979743307703451]]},"properties":{"NOME_LOGRADOURO":"2ª Avenida Cosme de Farias","CODLOG":10035,"HIERARQUIA":"VL","GMLID":null}},{"type":"Feature","geometry":{"type":"LineString","coordinates":[[-38.496562014873838,-12.983970029950092],[-38.496735301852063,-12.983738473626161],[-38.496670904464374,-12.983661684701447],[-38.496778552848731,-12.983592912094739],[-38.496880398596446,-12.983535611174274],[-38.49698093287887,-12.983450009444001],[-38.496983522699836,-12.983447845178807],[-38.49701832707423,-12.983418891780651],[-38.497050269170323,-12.98337673363125],[-38.497070882641083,-12.983334644896313],[-38.497123309834208,-12.98327616229933],[-38.497162576366748,-12.983221361632411],[-38.497201904871197,-12.983173794105022],[-38.497261862403597,-12.983113518458344],[-38.497330995514623,-12.983066007623355],[-38.497398280756748,-12.983029523133784],[-38.497469323486214,-12.983015014431542],[-38.497600116719283,-12.983006045694504]]},"properties":{"NOME_LOGRADOURO":"Vila São Cosme","CODLOG":1921,"HIERARQUIA":"VL","GMLID":null}},{"type":"Feature","geometry":{"type":"LineString","coordinates":[[-38.495171392350926,-12.970689188799216],[-38.49461155304023,-12.971427175386301]]},"properties":{"NOME_LOGRADOURO":"2ª Travessa Gersino Coelho","CODLOG":7339,"HIERARQUIA":"VL","GMLID":null}},{"type":"Feature","geometry":{"type":"LineString","coordinates":[[-38.494825842284015,-12.9681632905902],[-38.494597501102099,-12.968366803698487],[-38.494460081257088,-12.968498802156669],[-38.494312531375215,-12.968639820564789],[-38.494282512251637,-12.968671946933132],[-38.494267326999662,-12.968699672235321],[-38.494264482185351,-12.968715397805964],[-38.494263329430574,-12.968721452179102],[-38.49425741042301,-12.968753715788068],[-38.494221146991222,-12.968828049977791],[-38.494199339389532,-12.968897078126778],[-38.494194613121174,-12.969016676641552],[-38.49419445167549,-12.969021287057473],[-38.494188278780101,-12.969179214479299],[-38.494194512433154,-12.969518340819105],[-38.494189144750877,-12.969578902840798],[-38.494153616047797,-12.969741293513781],[-38.4941414108537,-12.969799039999627],[-38.494141279699036,-12.969863950747508],[-38.494143575151512,-12.969932121481644],[-38.494082229196266,-12.970342176301205],[-38.494050814788451,-12.970500235485027],[-38.494059829390253,-12.970554044544814],[-38.49404564481295,-12.970575624734543],[-38.494034876333465,-12.970599471264279],[-38.494030264225536,-12.9707373311417],[-38.494023117256404,-12.970812806969999],[-38.494010602773301,-12.970872993389461],[-38.493996578489742,-12.970928385295437],[-38.493983257148471,-12.970974014564185],[-38.493958220389082,-12.971023417965478],[-38.493957380650926,-12.971025133487911],[-38.493937010663316,-12.971059720012136],[-38.493827676668246,-12.971213017813051]]},"properties":{"NOME_LOGRADOURO":"3ª Ladeira Santa Rita","CODLOG":7509,"HIERARQUIA":"VL","GMLID":null}},{"type":"Feature","geometry":{"type":"LineString","coordinates":[[-38.502342946214611,-12.989627034387777],[-38.502211082021745,-12.989690536339358],[-38.502102047072754,-12.989753448079599],[-38.50206905981463,-12.98978748021856]]},"properties":{"NOME_LOGRADOURO":"1ª Travessa Manoel Faustino","CODLOG":11957,"HIERARQUIA":"VL","GMLID":null}},{"type":"Feature","geometry":{"type":"LineString","coordinates":[[-38.5097254404156,-12.973621025885134],[-38.509783403997851,-12.973683064012253],[-38.51004035125527,-12.97396769833208],[-38.510040427606519,-12.973967788900193],[-38.510230287291662,-12.974191270223411],[-38.510351367616025,-12.974323674085998],[-38.510416485843521,-12.974402537239135],[-38.510657776383304,-12.974670766576844],[-38.510809397674038,-12.97484799225005],[-38.51082897284202,-12.974868551763977],[-38.510930408352955,-12.974978135117679]]},"properties":{"NOME_LOGRADOURO":"Rua da Oração","CODLOG":1433,"HIERARQUIA":"VL","GMLID":null}},{"type":"Feature","geometry":{"type":"LineString","coordinates":[[-38.497023806063567,-12.988902310892987],[-38.497440454344847,-12.988873010960111],[-38.497539283314509,-12.988842282396803],[-38.497649110835795,-12.988787256392806],[-38.497816724788926,-12.988693467757763],[-38.497997469045977,-12.988611636731962],[-38.498025619125833,-12.988603012187536],[-38.49805467442463,-12.988597734175647],[-38.498150406116004,-12.988594935920505],[-38.498224092667165,-12.988590286594933],[-38.498290080709545,-12.988594842936481],[-38.49832564507814,-12.988604223449997],[-38.498379662681415,-12.988625302470627],[-38.498426300241206,-12.988648987731111],[-38.498551152348412,-12.988722457671045],[-38.498748964007376,-12.988850402294053],[-38.498803652111185,-12.988878352946413],[-38.498835256875275,-12.988891070545449],[-38.498863142219044,-12.988900436182135],[-38.498906540804612,-12.988908837056316],[-38.49895809158442,-12.988908936426839],[-38.498994671675291,-12.988904757904063],[-38.499030878769929,-12.98889759466134],[-38.499066254228644,-12.988887627567467],[-38.499105223579086,-12.988867271333058],[-38.499139659303246,-12.988833434971891],[-38.49916162679127,-12.988798580822085],[-38.499173383731375,-12.988774464755462],[-38.499184933382303,-12.988740132171689],[-38.499191391993008,-12.988704524745412],[-38.499192579153437,-12.988681292554785],[-38.49919140103821,-12.988548121777507],[-38.499182512295441,-12.988202391529441],[-38.499177866264993,-12.988130419443586],[-38.49916191938437,-12.988082292128542],[-38.499139200686976,-12.988036954913211],[-38.499114333160193,-12.988001015856129],[-38.499085572001938,-12.987973205656882],[-38.499064159372693,-12.987958971425384],[-38.499011826090154,-12.987932110459507],[-38.498965031569909,-12.987910864645819],[-38.498930232317349,-12.987898864301309],[-38.498901658368666,-12.987891757950591],[-38.498565558478937,-12.987831803400004],[-38.498119018852051,-12.98775373577582],[-38.497919406010638,-12.987728489122826],[-38.49774534662037,-12.987700126845176],[-38.497623286025473,-12.9876754819089],[-38.497560524646197,-12.987654385839692],[-38.497514189657387,-12.987632146897642],[-38.497464526635987,-12.987600860912037],[-38.497441295695808,-12.987583006071521],[-38.497419361339738,-12.987563706949953],[-38.497385451065895,-12.987525580979947],[-38.497361197324047,-12.987487201500047],[-38.497335538322105,-12.987429111366938],[-38.497314830028515,-12.987367324320223],[-38.497305182599973,-12.987324995321854],[-38.497303292744888,-12.987281686658589],[-38.49731137640822,-12.987231798129136],[-38.497321254678475,-12.987196920758288],[-38.497332880849903,-12.987162678831044],[-38.497358851707908,-12.987102789616516],[-38.497384403050347,-12.987063060547065],[-38.497400865547384,-12.987043473959053],[-38.49749367044614,-12.986945472666884],[-38.497989235168738,-12.986386633329786],[-38.4981907804532,-12.986167968165336],[-38.498265823095458,-12.986093256285059],[-38.498302918705619,-12.986059425151327],[-38.498343509539296,-12.986026686749677],[-38.498391326219824,-12.985992785864248],[-38.498434947335113,-12.98596583862952],[-38.498486857638035,-12.985938093559273],[-38.498533584452488,-12.985916575937242],[-38.498581446600816,-12.985897682795901],[-38.498644216686259,-12.985876558693997],[-38.498708579058977,-12.985857335649118],[-38.498750871476183,-12.985847834038353],[-38.498787302619014,-12.98584229887922],[-38.498897493816607,-12.985832295158945],[-38.498945778303835,-12.985830851908661],[-38.499029495853662,-12.985828210082948],[-38.499038315992934,-12.985827955805251],[-38.499060442502412,-12.985827275044365],[-38.499163142619388,-12.985837598592186],[-38.499412845999402,-12.985869630270924],[-38.499503975537721,-12.985886621889829],[-38.499609121695983,-12.985928410340096],[-38.499675742234807,-12.985958463516832]]},"properties":{"NOME_LOGRADOURO":"Rua Professor Aloísio de Carvalho Filho","CODLOG":7559,"HIERARQUIA":"VC-II","GMLID":null}},{"type":"Feature","geometry":{"type":"LineString","coordinates":[[-38.500709576582743,-12.97652935792096],[-38.500521515840482,-12.976398538307333],[-38.500388249665235,-12.976316463882801],[-38.500322166278821,-12.976285056524681],[-38.500284576366802,-12.976262563643754],[-38.50024845873407,-12.976226331816907],[-38.500220952470308,-12.976179719550379],[-38.500121825615629,-12.975980997318736],[-38.499982341046895,-12.975699385187461],[-38.499735164334837,-12.975206376569465],[-38.499657694812491,-12.975051994636445],[-38.499598260194539,-12.974927661877526],[-38.499551105757767,-12.974821525280271],[-38.499443575313776,-12.974567637815953],[-38.499390744847318,-12.974448200624698],[-38.499263036923736,-12.974171311039825],[-38.499188691695572,-12.974013771044653],[-38.499159461399223,-12.97395531249491],[-38.499121815139034,-12.973884722705726],[-38.499102337831268,-12.973854037733204],[-38.499074121288082,-12.973820713634037],[-38.498999850011529,-12.973740109371175],[-38.498939329504104,-12.973664775266199],[-38.49880035558725,-12.973508827873491],[-38.498594018305134,-12.97327843728922],[-38.498426142151054,-12.973204342083269],[-38.498332865821212,-12.973160858128184],[-38.498259549107793,-12.97312081347895],[-38.498397274424782,-12.973041012857015],[-38.498374721932613,-12.972988894983187],[-38.498361275642509,-12.972945384057457]]},"properties":{"NOME_LOGRADOURO":"Rua Arlindo Fragoso","CODLOG":164,"HIERARQUIA":"VL","GMLID":null}},{"type":"Feature","geometry":{"type":"LineString","coordinates":[[-38.499735164334837,-12.975206376569465],[-38.50020627028772,-12.97500278209885]]},"properties":{"NOME_LOGRADOURO":"Vila Parafuso","CODLOG":3589,"HIERARQUIA":"VL","GMLID":null}},{"type":"Feature","geometry":{"type":"LineString","coordinates":[[-38.4920545822213,-12.977681296147153],[-38.491956802428724,-12.977721246281286],[-38.491876099487968,-12.977738627323662],[-38.491799189285082,-12.977759903081909],[-38.491684268184358,-12.977779206546399],[-38.491654117014185,-12.977763055757725],[-38.491514592191244,-12.977655290527048],[-38.49137877488522,-12.977556662594697],[-38.491284387316689,-12.977498618373396],[-38.491191730694773,-12.977449075561195],[-38.491116375871691,-12.977416020130008],[-38.490950562694891,-12.977337043046672],[-38.490925612384167,-12.977268556748626],[-38.490881103708205,-12.977246320268428],[-38.490679202345845,-12.977154524403655],[-38.490635429730482,-12.97714440434363],[-38.490574093620076,-12.977134520253399],[-38.490520036839982,-12.977133781429046],[-38.490489847718656,-12.977136344605503],[-38.490440483035691,-12.977147005676452],[-38.490395894882738,-12.977163824932319],[-38.490320770050836,-12.977204903011723],[-38.490214501246285,-12.977269154511855],[-38.490074212453024,-12.977387402038003],[-38.489969924411248,-12.977449668889285],[-38.489896128064153,-12.977473120365389],[-38.48986721500571,-12.977483370208265],[-38.489843857589314,-12.977491641612678],[-38.489815033591903,-12.977495743691081],[-38.489801347050687,-12.977496078546407]]},"properties":{"NOME_LOGRADOURO":"Rua 18 de Outubro","CODLOG":12019,"HIERARQUIA":"VL","GMLID":null}},{"type":"Feature","geometry":{"type":"LineString","coordinates":[[-38.509327794847714,-12.984301249604396],[-38.508985807735172,-12.984224749837962]]},"properties":{"NOME_LOGRADOURO":"Praça Dodô e Osmar","CODLOG":842,"HIERARQUIA":"VC-II","GMLID":null}},{"type":"Feature","geometry":{"type":"LineString","coordinates":[[-38.50740730171524,-12.998258687103627],[-38.50723694440191,-12.998818791196346],[-38.507206626164106,-12.99892477950617],[-38.50712854775017,-12.999151189069927],[-38.507100539291734,-12.99920393277346],[-38.507072572361778,-12.999235160126743],[-38.506934756128082,-12.999371682252708]]},"properties":{"NOME_LOGRADOURO":"Travessa Barão de Jeremoabo","CODLOG":11225,"HIERARQUIA":"VL","GMLID":null}},{"type":"Feature","geometry":{"type":"LineString","coordinates":[[-38.506311780813299,-12.998573562977962],[-38.507201838943772,-12.998807242539682],[-38.50723694440191,-12.998818791196346]]},"properties":{"NOME_LOGRADOURO":"1ª Travessa Barão de Jeremoabo","CODLOG":11226,"HIERARQUIA":"VL","GMLID":null}},{"type":"Feature","geometry":{"type":"LineString","coordinates":[[-38.500121825615629,-12.975980997318736],[-38.499987201981583,-12.976044565474353],[-38.499727364237032,-12.976180761178583]]},"properties":{"NOME_LOGRADOURO":"Avenida Almeida Santos","CODLOG":54,"HIERARQUIA":"VL","GMLID":null}},{"type":"Feature","geometry":{"type":"LineString","coordinates":[[-38.500220952470308,-12.976179719550379],[-38.500080917975367,-12.976249877420429],[-38.499677083143695,-12.976460020148819],[-38.499626581778358,-12.976468511519109],[-38.499433036924728,-12.976569304009123]]},"properties":{"NOME_LOGRADOURO":"Avenida Otolina","CODLOG":1141,"HIERARQUIA":"VL","GMLID":null}},{"type":"Feature","geometry":{"type":"LineString","coordinates":[[-38.490466114193872,-12.969665760574598],[-38.490419601891361,-12.969568139852301],[-38.490365119364085,-12.969494264269551],[-38.490227846214268,-12.969389826862338],[-38.489944846687074,-12.969190288749829],[-38.489757029937749,-12.969055215832071],[-38.489607683953864,-12.968960088026527],[-38.489455406696266,-12.968916212214351],[-38.489298168362815,-12.968885798873339],[-38.489153535173848,-12.968862462353512],[-38.489037915712451,-12.968816128169868],[-38.488960349509732,-12.968750340648505],[-38.488917133241706,-12.968654515641653],[-38.48891494608322,-12.968539408664817],[-38.488965850836543,-12.968426137538426],[-38.489034053604826,-12.968371914758622],[-38.48913841479277,-12.968335725673949],[-38.489284415660713,-12.968293200839129],[-38.489537915231161,-12.968228470588556],[-38.489682049561559,-12.968213222829357],[-38.489930561526407,-12.968264960466215],[-38.490004985260029,-12.968266658860692],[-38.490036646593886,-12.96827138044176],[-38.490066733416242,-12.968271439378563],[-38.490107905488458,-12.968271520024528],[-38.490141169803707,-12.968266925620076],[-38.490177601198482,-12.968262338318025],[-38.490209284670421,-12.968256188226221],[-38.490240974464463,-12.968246932073374],[-38.490275834500878,-12.968236128637129],[-38.490310704017475,-12.968220666562457],[-38.490348753255944,-12.968198998568937],[-38.491154648960077,-12.967742718640018],[-38.491346059218039,-12.967643283405497],[-38.491537762180741,-12.967587153635014],[-38.491566739153967,-12.967581605737855],[-38.491595867160576,-12.96757705189402],[-38.491625220699433,-12.967573582673115],[-38.491654572032914,-12.967571199438833],[-38.492171208753874,-12.967517782320828],[-38.492418007981058,-12.967472878820189],[-38.492939300365038,-12.96741042863116],[-38.493144765370864,-12.967390848600395],[-38.493174267525823,-12.967389097552203],[-38.493203766569387,-12.967388883705885],[-38.493233186715003,-12.967390297338088],[-38.493262450151029,-12.967393518241586],[-38.493291481462293,-12.967398908870654],[-38.493319976391042,-12.967406467728996],[-38.493347630126955,-12.967416466400497],[-38.493374062076342,-12.967429264937254],[-38.493398891451605,-12.967444863502987],[-38.493422652810722,-12.967461996295327],[-38.493445576827916,-12.967480122122458],[-38.49346766147633,-12.9674993314049],[-38.493488756654564,-12.967519532522347],[-38.493508937041057,-12.967540727428844],[-38.493528050875007,-12.967562733172436],[-38.493589555589494,-12.967638612922503],[-38.493684908120443,-12.967744573897813],[-38.493768335818345,-12.967844906256021]]},"properties":{"NOME_LOGRADOURO":"Rua Doutor Genésio Salles","CODLOG":3534,"HIERARQUIA":"VL","GMLID":null}},{"type":"Feature","geometry":{"type":"LineString","coordinates":[[-38.494470999755755,-12.975183553657789],[-38.494937170380304,-12.974865234534986],[-38.495033551946833,-12.974801413044705],[-38.495386418729289,-12.974567945117787],[-38.495736214693018,-12.974349025409708],[-38.495769387444177,-12.974337156414396],[-38.495809395814447,-12.974328645449949],[-38.495832880496714,-12.974332939985223],[-38.495867701427521,-12.974370706193239],[-38.496087417118929,-12.974715308808896],[-38.496089027604143,-12.974746140242765],[-38.496066381775769,-12.974778552335938],[-38.495729651509571,-12.975003463978585],[-38.494859102879396,-12.975574138609462],[-38.494683250934592,-12.975684906727754]]},"properties":{"NOME_LOGRADOURO":"Rua Doutor Otaviano Pimenta","CODLOG":1137,"HIERARQUIA":"VL","GMLID":null}},{"type":"Feature","geometry":{"type":"LineString","coordinates":[[-38.495236593816522,-12.974025488379167],[-38.494945403931389,-12.973119505239941]]},"properties":{"NOME_LOGRADOURO":"Rua Doutor Othon Rhem","CODLOG":1745,"HIERARQUIA":"VL","GMLID":null}},{"type":"Feature","geometry":{"type":"LineString","coordinates":[[-38.503926891904818,-12.966489759852761],[-38.503815615711019,-12.966784634046794],[-38.503780995521097,-12.966952542105053],[-38.503744422045678,-12.967262566343884],[-38.50376481018025,-12.967601358233683],[-38.503811751499327,-12.967930256763813],[-38.503824273189778,-12.968018246313298],[-38.503939073609459,-12.968862319305691],[-38.504010121920466,-12.969303095994132],[-38.504033050114124,-12.969476918031168],[-38.504157787218844,-12.970290346026774],[-38.504237039816033,-12.970850113138981],[-38.504267106245599,-12.971062264232661],[-38.504299867401549,-12.97129602734093],[-38.504315967836369,-12.97149712186901],[-38.504332370473506,-12.971660155572351],[-38.504326551781183,-12.971796025992433],[-38.504320797709013,-12.971899258787021],[-38.504276205315264,-12.972035054447971],[-38.504245086897036,-12.972124045021527],[-38.504192635763751,-12.972273929170182],[-38.504070119792765,-12.972599790150408],[-38.503962527208685,-12.972837353054311],[-38.503858600089096,-12.973066696089138],[-38.503585966878916,-12.973642243040221],[-38.50334120022579,-12.974120023657225],[-38.503218563543982,-12.974505643482043],[-38.50310702674664,-12.974853223040423],[-38.5029896693109,-12.975336581524813],[-38.502937947204458,-12.975539715764702],[-38.502732818503752,-12.976346921798099],[-38.502682534313301,-12.976553313074254],[-38.50262809373038,-12.976746588490023],[-38.502587666551157,-12.976890075965519],[-38.50254312094652,-12.977001370856009],[-38.50250693286047,-12.977077333073785],[-38.502448587908972,-12.977169616082206],[-38.502383805157542,-12.977249410929323],[-38.502315230329515,-12.977324406923726],[-38.502248587459562,-12.977383946762885],[-38.502171971379411,-12.977450157988349],[-38.502073860340211,-12.97750584064698],[-38.501840905798602,-12.977622287884817],[-38.501715252644154,-12.977687500820617],[-38.501668903409346,-12.977711549883454],[-38.501133721516311,-12.977987705137826],[-38.500806463859433,-12.97815550150596],[-38.500570674269554,-12.978282791215667],[-38.500470789440804,-12.978350494448334],[-38.500403629896326,-12.978401534726565],[-38.500296057447407,-12.978510538847331],[-38.500153891432923,-12.978657447380836],[-38.500021040484988,-12.978822454956216],[-38.499880412898129,-12.978998025326758]]},"properties":{"NOME_LOGRADOURO":"Avenida Presidente Castelo Branco","CODLOG":4930,"HIERARQUIA":"VA-I","GMLID":null}},{"type":"Feature","geometry":{"type":"LineString","coordinates":[[-38.526898953532076,-12.995374950934551],[-38.527005651869359,-12.99536285109364],[-38.527063676600292,-12.995357533062597],[-38.527513743156803,-12.995305648028005],[-38.52770439980538,-12.995285203379547],[-38.527852547982803,-12.995267211423066],[-38.527915133599073,-12.995261811064028],[-38.527992015854942,-12.99525580369122]]},"properties":{"NOME_LOGRADOURO":"Travessa Hugo Wilson","CODLOG":778,"HIERARQUIA":"VL","GMLID":null}},{"type":"Feature","geometry":{"type":"LineString","coordinates":[[-38.519242570472201,-12.993195327322935],[-38.519129427726128,-12.993198100172689],[-38.518951025961464,-12.993252103248834],[-38.518808382164998,-12.993294238213661],[-38.518698107163964,-12.993347734285313],[-38.518152937632323,-12.993708254864979]]},"properties":{"NOME_LOGRADOURO":"Rua Cônego José Loreto","CODLOG":876,"HIERARQUIA":"VL","GMLID":null}},{"type":"Feature","geometry":{"type":"LineString","coordinates":[[-38.500330225817521,-12.994490271648187],[-38.500267990109919,-12.994547469985273],[-38.500151200628274,-12.994661428364397],[-38.49998498563177,-12.994814347549791],[-38.49994079033047,-12.994861634772443],[-38.499913589005523,-12.994889789310056],[-38.499959606959244,-12.994957411105064],[-38.499992725319515,-12.995012260985412],[-38.500016518112389,-12.995053441592356],[-38.500018325226705,-12.995062304821822],[-38.500017086357111,-12.995073603640265],[-38.50001341839797,-12.995082727606283],[-38.499977466954881,-12.99511375797792],[-38.49992749785315,-12.995158955234112],[-38.499879503173979,-12.995204970097127],[-38.499817508172605,-12.995256020843408],[-38.499786358234303,-12.995281455945154],[-38.499779866424085,-12.995295818163344],[-38.49977722348369,-12.995324923299858],[-38.499813281440154,-12.995392254671959]]},"properties":{"NOME_LOGRADOURO":"Ladeira da Jurema","CODLOG":11272,"HIERARQUIA":"VL","GMLID":null}},{"type":"Feature","geometry":{"type":"LineString","coordinates":[[-38.500321301619849,-12.993781108025233],[-38.500469787159972,-12.993747762981281],[-38.500537432206741,-12.993722127567782],[-38.500596668526185,-12.993680836222724],[-38.500676579031989,-12.99360459769615],[-38.500800593957884,-12.993488031532236],[-38.500806764208363,-12.993482258051211],[-38.500872466301573,-12.993439532274181],[-38.500986941611011,-12.993340667199144]]},"properties":{"NOME_LOGRADOURO":"Rua da Revolução dos Alfaiates","CODLOG":3398,"HIERARQUIA":"VL","GMLID":null}},{"type":"Feature","geometry":{"type":"LineString","coordinates":[[-38.502957902343333,-12.99229258491429],[-38.50307115131455,-12.992159633851863],[-38.503174165409376,-12.992050078501363],[-38.503217528248136,-12.991999353875839],[-38.503274990298628,-12.991932201708526],[-38.503283602483528,-12.99192209247288],[-38.503352643180762,-12.991805329504507],[-38.50341177379223,-12.991713757832533],[-38.503488503643709,-12.991638806270874]]},"properties":{"NOME_LOGRADOURO":"2ª Travessa Alto da Bola","CODLOG":11241,"HIERARQUIA":"VL","GMLID":null}},{"type":"Feature","geometry":{"type":"LineString","coordinates":[[-38.497254799272675,-12.971860454211757],[-38.497738812349297,-12.972004410914936],[-38.498063502615928,-12.972132599677554],[-38.498110806319403,-12.972049697746426],[-38.498163472841881,-12.971946374792758],[-38.498241261058425,-12.971750885635227],[-38.498292431154269,-12.971635535150421],[-38.498326991221802,-12.971576204807176],[-38.498399026054422,-12.97144407922438],[-38.498435014118563,-12.971354917045632],[-38.49848894685973,-12.971226915156892],[-38.49858739988273,-12.971076487912429],[-38.498784180746831,-12.970800675141952]]},"properties":{"NOME_LOGRADOURO":"Rua Durval Neves da Rocha","CODLOG":542,"HIERARQUIA":"VL","GMLID":null}},{"type":"Feature","geometry":{"type":"LineString","coordinates":[[-38.497424149285095,-12.971464348871317],[-38.497254799272675,-12.971860454211757],[-38.497205378996604,-12.971975174883434]]},"properties":{"NOME_LOGRADOURO":"Rua Dom Eduardo","CODLOG":552,"HIERARQUIA":"VL","GMLID":null}},{"type":"Feature","geometry":{"type":"LineString","coordinates":[[-38.50659748368583,-12.993929124300823],[-38.506560377841687,-12.994045587092927],[-38.506441911695617,-12.994125732011192],[-38.506286748347343,-12.994230669274126]]},"properties":{"NOME_LOGRADOURO":"3ª Travessa Ferreira Santos","CODLOG":10277,"HIERARQUIA":"VL","GMLID":null}},{"type":"Feature","geometry":{"type":"LineString","coordinates":[[-38.516705287592863,-12.9973132215592],[-38.516096519329288,-12.997645954603446]]},"properties":{"NOME_LOGRADOURO":"Praça Professor José Silveira - IBIT","CODLOG":12936,"HIERARQUIA":"VL","GMLID":null}},{"type":"Feature","geometry":{"type":"LineString","coordinates":[[-38.508048483224989,-12.995555872156059],[-38.507953794448952,-12.995564792235532]]},"properties":{"NOME_LOGRADOURO":"Praça Pulchéria","CODLOG":12764,"HIERARQUIA":"VP","GMLID":null}},{"type":"Feature","geometry":{"type":"LineString","coordinates":[[-38.501162153474851,-12.998927927682912],[-38.5010850860061,-12.998759533019861],[-38.501188127478081,-12.998523591146403],[-38.50121967112792,-12.998490924530017],[-38.501342789703337,-12.998367666930751],[-38.501481482915551,-12.998211984145454],[-38.501532999266601,-12.998153138257154],[-38.501821549365822,-12.997924876347582],[-38.501972372090371,-12.997825358143343]]},"properties":{"NOME_LOGRADOURO":"Praça Nilton José","CODLOG":12700,"HIERARQUIA":"VL","GMLID":null}},{"type":"Feature","geometry":{"type":"LineString","coordinates":[[-38.499230333172648,-12.995573301916828],[-38.499117566772071,-12.995728221509808],[-38.499001011238995,-12.995876263319802]]},"properties":{"NOME_LOGRADOURO":"Vila Silvestre de Farias","CODLOG":2103,"HIERARQUIA":"VL","GMLID":null}},{"type":"Feature","geometry":{"type":"LineString","coordinates":[[-38.498985417798593,-12.975596033165878],[-38.498986254805672,-12.975595673080777],[-38.499151983734649,-12.975527735436788],[-38.499145171176842,-12.975512352919866],[-38.499441186855009,-12.97538237532123]]},"properties":{"NOME_LOGRADOURO":"Vila Pimentel","CODLOG":6745,"HIERARQUIA":"VL","GMLID":null}},{"type":"Feature","geometry":{"type":"LineString","coordinates":[[-38.498977108546804,-12.975569257025398],[-38.498528978140719,-12.975688905666241]]},"properties":{"NOME_LOGRADOURO":"Vila Rosa","CODLOG":2175,"HIERARQUIA":"VL","GMLID":null}},{"type":"Feature","geometry":{"type":"LineString","coordinates":[[-38.514576008373872,-12.977099238832174],[-38.514493214532656,-12.977098721735484],[-38.514395595918771,-12.977097816148321],[-38.514248969174993,-12.977081086990607],[-38.514144369149498,-12.977073386445385],[-38.514034463096863,-12.977057450040913],[-38.514012350352097,-12.977051441629722],[-38.513795561798112,-12.977028523615889],[-38.513711658702761,-12.977011912275623],[-38.513535341913119,-12.976976412992126],[-38.51351945821667,-12.976973399287147],[-38.513484269155803,-12.977006241628189],[-38.513223324388989,-12.976857575096634],[-38.512947176547215,-12.976707885183192]]},"properties":{"NOME_LOGRADOURO":"Rua do Curriachito","CODLOG":1574,"HIERARQUIA":"VL","GMLID":null}},{"type":"Feature","geometry":{"type":"LineString","coordinates":[[-38.506392476940206,-12.993862826577798],[-38.506365848432608,-12.993909968369323],[-38.506222822935449,-12.994144118574432]]},"properties":{"NOME_LOGRADOURO":"Avenida Maria Felipa","CODLOG":10278,"HIERARQUIA":"VL","GMLID":null}},{"type":"Feature","geometry":{"type":"LineString","coordinates":[[-38.502496654615754,-12.993379104970984],[-38.502376051648326,-12.993615918182474],[-38.502277443125188,-12.993803321406663]]},"properties":{"NOME_LOGRADOURO":"Avenida Sampaio","CODLOG":11303,"HIERARQUIA":"VL","GMLID":null}},{"type":"Feature","geometry":{"type":"LineString","coordinates":[[-38.503164339096898,-12.993972729222202],[-38.502978198674917,-12.994169728434946],[-38.502919433512233,-12.994241760010667],[-38.502880982431698,-12.994307230379597],[-38.502857492975153,-12.994343257432099],[-38.50285070282861,-12.994354725592077]]},"properties":{"NOME_LOGRADOURO":"Avenida Papagaio","CODLOG":11271,"HIERARQUIA":"VL","GMLID":null}},{"type":"Feature","geometry":{"type":"LineString","coordinates":[[-38.505609103959195,-12.993978769358131],[-38.505563291916829,-12.993998842258035],[-38.505424199366395,-12.994051283085527],[-38.505189597082435,-12.994147930293428]]},"properties":{"NOME_LOGRADOURO":"2ª Travessa Ferreira Santos","CODLOG":14820,"HIERARQUIA":"VL","GMLID":null}},{"type":"Feature","geometry":{"type":"LineString","coordinates":[[-38.510342718614012,-12.99730039546319],[-38.510306566161411,-12.997256615356589],[-38.510295086330338,-12.997258230394959],[-38.510244115067167,-12.997220774645625],[-38.510194387534021,-12.99711476702999],[-38.510176627486153,-12.997060729500522],[-38.510100972493511,-12.997022163794574],[-38.510002454093154,-12.996906749536143],[-38.510013204855134,-12.996894618609382],[-38.5099585625115,-12.996843190769939]]},"properties":{"NOME_LOGRADOURO":"1ª Travessa São João","CODLOG":11224,"HIERARQUIA":"VL","GMLID":null}},{"type":"Feature","geometry":{"type":"LineString","coordinates":[[-38.509914658873463,-12.99626167492738],[-38.509817869691517,-12.996532167222151],[-38.509773554727595,-12.996525122751347],[-38.509743633514496,-12.996619804625103],[-38.509719771735895,-12.996716242211988]]},"properties":{"NOME_LOGRADOURO":"Travessa Souza Uzel","CODLOG":6124,"HIERARQUIA":"VL","GMLID":null}},{"type":"Feature","geometry":{"type":"LineString","coordinates":[[-38.508536862795303,-12.991880863638565],[-38.508337528656384,-12.991752379007748],[-38.508130102373606,-12.991602362473545]]},"properties":{"NOME_LOGRADOURO":"Avenida Moreno","CODLOG":7423,"HIERARQUIA":"VL","GMLID":null}},{"type":"Feature","geometry":{"type":"LineString","coordinates":[[-38.509489218007658,-12.992904623867011],[-38.509333051966365,-12.992862831567335],[-38.509139136813118,-12.992762474258004],[-38.509024130835357,-12.992707469873176],[-38.508942046686691,-12.992652437226573],[-38.508916405107293,-12.992584312903059],[-38.508873213492656,-12.992548429620925]]},"properties":{"NOME_LOGRADOURO":"Vila Teiú","CODLOG":6103,"HIERARQUIA":"VL","GMLID":null}},{"type":"Feature","geometry":{"type":"LineString","coordinates":[[-38.509363326031917,-12.993631342642001],[-38.509445540047111,-12.993232444949463],[-38.509482342005583,-12.992998995687376],[-38.509487810042629,-12.99292478219324],[-38.509489218007658,-12.992904623867011],[-38.509489608026691,-12.992899471326952],[-38.509499904801316,-12.992766684711222],[-38.50950653995443,-12.992717967622625],[-38.509509777180121,-12.992695553047268],[-38.509509668804768,-12.992634257880422],[-38.50950008057594,-12.992599613636134],[-38.509476945260531,-12.992571815157628],[-38.509451873983934,-12.992561642128861],[-38.509427093877406,-12.99254688152244],[-38.509382303690742,-12.992522997311628],[-38.509189328248311,-12.992408628778319],[-38.509034409058948,-12.992312955777795],[-38.509075572855458,-12.992220277283161],[-38.508931722362959,-12.992107874952341],[-38.508823110550637,-12.992040204190319],[-38.508778042154383,-12.992011101876372],[-38.508759562899847,-12.992003813116254],[-38.508741065614544,-12.99200522855581],[-38.508718118881795,-12.992012439913253],[-38.508696683483322,-12.992003694251773],[-38.508517181467333,-12.991913734503118]]},"properties":{"NOME_LOGRADOURO":"Travessa Padre Domingos de Brito","CODLOG":2963,"HIERARQUIA":"VL","GMLID":null}},{"type":"Feature","geometry":{"type":"LineString","coordinates":[[-38.50950653995443,-12.992717967622625],[-38.509216565183941,-12.99255888750379]]},"properties":{"NOME_LOGRADOURO":"Avenida Senhora Santana","CODLOG":6125,"HIERARQUIA":"VL","GMLID":null}},{"type":"Feature","geometry":{"type":"LineString","coordinates":[[-38.493469019855752,-12.978974329345149],[-38.493377884151855,-12.978811601858206]]},"properties":{"NOME_LOGRADOURO":"Avenida Jacinto","CODLOG":14529,"HIERARQUIA":"VL","GMLID":null}},{"type":"Feature","geometry":{"type":"LineString","coordinates":[[-38.500526496429643,-12.959516059885976],[-38.500162055830764,-12.95965883531656],[-38.499950922033435,-12.959741152078985],[-38.499841882493648,-12.959789220283019],[-38.499708072838267,-12.959868339600735],[-38.499605993732828,-12.959933688499344],[-38.499486227138483,-12.960023142142431],[-38.499398717163807,-12.960102260733226],[-38.499253814488455,-12.960215713396488],[-38.499200127309123,-12.960260632448408],[-38.499199518642868,-12.960261173824058],[-38.499196091589013,-12.960263970388853],[-38.498949891243747,-12.960469894928416],[-38.498838175383732,-12.960563251080563],[-38.498542385004257,-12.960817898966694],[-38.498502858206244,-12.960852720316543],[-38.498440269725698,-12.960900514734938],[-38.4983838592021,-12.960938286650569],[-38.498323119365452,-12.960974513001473],[-38.498264203725661,-12.961010472482865],[-38.498105946347792,-12.961110880351386],[-38.498041931826457,-12.961149269602029],[-38.497881944666993,-12.9612400013069],[-38.497838180870417,-12.961264868613034],[-38.49767812702764,-12.961351079747953],[-38.497535496945829,-12.961429820082909],[-38.497476356083745,-12.961464421674169],[-38.497452837217864,-12.961478208498262],[-38.497412344113599,-12.961501907428843],[-38.497350599664401,-12.961545635914529],[-38.497271420771938,-12.961601625722595],[-38.497155281999916,-12.961701390883732],[-38.497069526773522,-12.961776534259762],[-38.4970530763363,-12.961790966760615],[-38.49681348547923,-12.962035324989806],[-38.496616192596512,-12.962228052000485],[-38.496507019632453,-12.96234166341695],[-38.496361887011631,-12.962492994450276],[-38.496317780604159,-12.96253675587748],[-38.496242671857914,-12.962610111062936],[-38.496126497476304,-12.962727143979338],[-38.496024262640788,-12.962830370712062],[-38.495957311311635,-12.962892350849895],[-38.495893954485993,-12.962943940945967],[-38.495834039124588,-12.962985140707136],[-38.495767693215655,-12.963010596895375],[-38.495673836421801,-12.963031299538315],[-38.49541895310265,-12.963053497780988],[-38.494926472512809,-12.963083824473907],[-38.494169320007316,-12.963126565136028]]},"properties":{"NOME_LOGRADOURO":"Estrada da Rainha","CODLOG":812,"HIERARQUIA":"VC-I","GMLID":null}},{"type":"Feature","geometry":{"type":"LineString","coordinates":[[-38.497153890249443,-12.984555469658924],[-38.497183796138458,-12.984505261624697],[-38.497201532299201,-12.984457019385253],[-38.497217464410056,-12.984398467114048],[-38.497221117756993,-12.984320904745983]]},"properties":{"NOME_LOGRADOURO":"1ª Travessa Alto de Siena","CODLOG":21908,"HIERARQUIA":"VL","GMLID":null}},{"type":"Feature","geometry":{"type":"LineString","coordinates":[[-38.509070183475693,-12.993532515050294],[-38.509212264606873,-12.993003003345912]]},"properties":{"NOME_LOGRADOURO":"Avenida João Dias da Silva","CODLOG":6120,"HIERARQUIA":"VL","GMLID":null}},{"type":"Feature","geometry":{"type":"LineString","coordinates":[[-38.50839841086637,-12.992111046073928],[-38.508399398284006,-12.992111590487038],[-38.508576461784394,-12.992197157420891],[-38.508968859751818,-12.99240827559704],[-38.509034409058948,-12.992312955777795]]},"properties":{"NOME_LOGRADOURO":"Vila Ana Rios","CODLOG":2093,"HIERARQUIA":"VL","GMLID":null}},{"type":"Feature","geometry":{"type":"LineString","coordinates":[[-38.508696115728355,-12.991627847634529],[-38.509160878609485,-12.99191197246348],[-38.509258370347254,-12.99197334755144]]},"properties":{"NOME_LOGRADOURO":"Vila Carmem","CODLOG":5945,"HIERARQUIA":"VL","GMLID":null}},{"type":"Feature","geometry":{"type":"LineString","coordinates":[[-38.510104502524165,-12.991921535766117],[-38.510040915847092,-12.991972224366217],[-38.509860555899017,-12.992132805942221],[-38.509710424927427,-12.992266567622771],[-38.509627156055728,-12.992343489026794],[-38.509533021716223,-12.992432792482013],[-38.509427093877406,-12.99254688152244]]},"properties":{"NOME_LOGRADOURO":"Avenida Jorge","CODLOG":10275,"HIERARQUIA":"VL","GMLID":null}},{"type":"Feature","geometry":{"type":"LineString","coordinates":[[-38.509499904801316,-12.992766684711222],[-38.509615228655903,-12.992776305572917],[-38.509695426090047,-12.992668873773701],[-38.509790692843481,-12.992553695697984],[-38.50988493485216,-12.992456958576046],[-38.509964985190422,-12.992385869712097],[-38.509986838660566,-12.992369547750725]]},"properties":{"NOME_LOGRADOURO":"Avenida Hipólito","CODLOG":6118,"HIERARQUIA":"VL","GMLID":null}},{"type":"Feature","geometry":{"type":"LineString","coordinates":[[-38.509907447343544,-12.991716663503666],[-38.509811741562189,-12.991823161896438],[-38.509795032417749,-12.991852692773247],[-38.509719445314929,-12.99193545292893],[-38.50969598827399,-12.99195556875704],[-38.509663758278712,-12.991990314042763],[-38.509641277260187,-12.992016308377547],[-38.50962671528945,-12.992036622734984],[-38.509565671962164,-12.992108289007984],[-38.509530700538789,-12.992145380131838],[-38.509459825091184,-12.992229594979781]]},"properties":{"NOME_LOGRADOURO":"Avenida Rogério","CODLOG":6121,"HIERARQUIA":"VL","GMLID":null}},{"type":"Feature","geometry":{"type":"LineString","coordinates":[[-38.509647621621262,-12.993744075831957],[-38.509688807158625,-12.993614956332443],[-38.509762738924138,-12.99319977648106],[-38.509778415965378,-12.993069374542806],[-38.509941941717081,-12.993069682975845]]},"properties":{"NOME_LOGRADOURO":"Avenida Padre Domingos de Brito","CODLOG":10090,"HIERARQUIA":"VL","GMLID":null}},{"type":"Feature","geometry":{"type":"LineString","coordinates":[[-38.509489218007658,-12.992904623867011],[-38.509823452024385,-12.99294729637327],[-38.509899892647283,-12.992858745236822]]},"properties":{"NOME_LOGRADOURO":"Vila Rios","CODLOG":6009,"HIERARQUIA":"VL","GMLID":null}},{"type":"Feature","geometry":{"type":"LineString","coordinates":[[-38.509787250886724,-12.992710577947312],[-38.509899892647283,-12.992858745236822],[-38.509948508696404,-12.992945661356444],[-38.509941941717081,-12.993069682975845],[-38.509986075206434,-12.993138871104684],[-38.509969018963062,-12.993237686180853],[-38.509962262531261,-12.993303614399577]]},"properties":{"NOME_LOGRADOURO":"1ª Vila Rios","CODLOG":13259,"HIERARQUIA":"VL","GMLID":null}},{"type":"Feature","geometry":{"type":"LineString","coordinates":[[-38.502266605889723,-12.966514965385974],[-38.502163148405053,-12.966393712036986]]},"properties":{"NOME_LOGRADOURO":"2ª Vila Domingos Caetano","CODLOG":13241,"HIERARQUIA":"VL","GMLID":null}},{"type":"Feature","geometry":{"type":"LineString","coordinates":[[-38.503545140476945,-12.991699200251244],[-38.503598603572016,-12.991655094909007],[-38.503687046639371,-12.991646584913873],[-38.503838127941982,-12.991567317312025],[-38.503902882626846,-12.991541946740472],[-38.504034178197138,-12.991482770573384],[-38.504121214353233,-12.991443913202337],[-38.504167872760966,-12.991398149937808],[-38.50421712890703,-12.991366687680117],[-38.504265672863333,-12.99132144069859],[-38.504365534104636,-12.991238525923171],[-38.504464873575557,-12.991179228904754],[-38.504532612691364,-12.991143739065819],[-38.504612363369091,-12.991109446713642],[-38.504670750076066,-12.991074209378956],[-38.504756434227779,-12.991037668589046]]},"properties":{"NOME_LOGRADOURO":"Rua Roberto Tadeu","CODLOG":5957,"HIERARQUIA":"VL","GMLID":null}},{"type":"Feature","geometry":{"type":"LineString","coordinates":[[-38.505464327403679,-12.990253120939602],[-38.505425902138683,-12.990459987193805],[-38.505206866197319,-12.990683866588473],[-38.505180672431031,-12.990742038138857],[-38.505136737679784,-12.990812742155772],[-38.50508815148099,-12.990851976022196],[-38.505026365748556,-12.99087572491967],[-38.504989927222951,-12.990885600372922],[-38.504950229891783,-12.990889953739016],[-38.504820884680122,-12.990935361599446],[-38.504773156957548,-12.99096338625059],[-38.504761780338136,-12.990987503306229],[-38.504756434227779,-12.991037668589046],[-38.504878113236138,-12.990985737426836],[-38.504894756089598,-12.990989927739315],[-38.504921523895881,-12.991026050742008],[-38.504944988697815,-12.991079435755422],[-38.505014969280985,-12.991102170567059],[-38.505083100647653,-12.9910990468539],[-38.505133464634362,-12.991083593413467],[-38.505190042309678,-12.991078999981713],[-38.505165677326062,-12.991327028707468],[-38.505126599755769,-12.991325236242577],[-38.505106731011097,-12.991376186793515]]},"properties":{"NOME_LOGRADOURO":"Ladeira da Favela","CODLOG":4400,"HIERARQUIA":"VL","GMLID":null}},{"type":"Feature","geometry":{"type":"LineString","coordinates":[[-38.50341177379223,-12.991713757832533],[-38.503406178931257,-12.991653220831262],[-38.50342225885835,-12.991614021037325],[-38.503434423372518,-12.991532221271928],[-38.503473394023246,-12.99147737300154],[-38.503522864616407,-12.991430380035908],[-38.503740654640843,-12.991337227783953],[-38.503870257966405,-12.99127672284696]]},"properties":{"NOME_LOGRADOURO":"3ª Travessa Alto da Bola","CODLOG":14801,"HIERARQUIA":"VL","GMLID":null}},{"type":"Feature","geometry":{"type":"LineString","coordinates":[[-38.51033845110495,-12.970080149750455],[-38.51023169017374,-12.9701294906017],[-38.509894588956236,-12.970285347232407],[-38.509710590347595,-12.970370524085743]]},"properties":{"NOME_LOGRADOURO":"Rua Francisco Camerino","CODLOG":652,"HIERARQUIA":"VL","GMLID":null}},{"type":"Feature","geometry":{"type":"LineString","coordinates":[[-38.515145903402271,-12.982601721591344],[-38.514825217508402,-12.982871526684738],[-38.514479032914174,-12.983195075383451],[-38.514822817157388,-12.983521364036475],[-38.515081834940993,-12.983765765956814],[-38.515585790404423,-12.983084863990937]]},"properties":{"NOME_LOGRADOURO":"Praça da Piedade","CODLOG":1522,"HIERARQUIA":"VC-I","GMLID":null}},{"type":"Feature","geometry":{"type":"LineString","coordinates":[[-38.501651562673764,-12.964258595678642],[-38.501742970480002,-12.9640540001999],[-38.501782528276195,-12.96392669423869],[-38.501856734630003,-12.963808132573821],[-38.501907076383475,-12.963686632564915],[-38.501922731662106,-12.963612982054132],[-38.50195534524574,-12.963460438004303],[-38.501988446532927,-12.963215138505827],[-38.501989215662753,-12.963172378310501],[-38.501974223958229,-12.962835313740337],[-38.501912772606282,-12.962082201129476]]},"properties":{"NOME_LOGRADOURO":"Rua Vital Rego","CODLOG":1585,"HIERARQUIA":"VC-I","GMLID":null}},{"type":"Feature","geometry":{"type":"LineString","coordinates":[[-38.508330032333085,-12.978695425743311],[-38.508404366865882,-12.978319114478252],[-38.508477496861715,-12.977975709016663],[-38.508520240075882,-12.977774365100036],[-38.508581396420631,-12.977371629464029],[-38.508642595020412,-12.976986704752406],[-38.508690964157658,-12.976746405759419]]},"properties":{"NOME_LOGRADOURO":"Rua do Tingui","CODLOG":1598,"HIERARQUIA":"VC-I","GMLID":null}},{"type":"Feature","geometry":{"type":"LineString","coordinates":[[-38.508554557646598,-12.99072126436954],[-38.508350053294251,-12.990564192321129],[-38.508338361655341,-12.990555039166948],[-38.508296568280592,-12.990519663914469],[-38.508259334018469,-12.990493051250047],[-38.508182291560296,-12.990426908456735],[-38.508036803430841,-12.99030211263843],[-38.507982055866194,-12.990254936871834],[-38.507879202720368,-12.990168493724157],[-38.507842470088512,-12.990134430996797],[-38.507704548710336,-12.990017725115544],[-38.507491601887658,-12.989829307152656],[-38.507436925413465,-12.989781255200574],[-38.507316623591429,-12.989674889063908],[-38.50704726806174,-12.989430188688207],[-38.506920215305357,-12.989316215748278]]},"properties":{"NOME_LOGRADOURO":"Rua Quintino Bocayuva","CODLOG":1282,"HIERARQUIA":"VC-II","GMLID":null}},{"type":"Feature","geometry":{"type":"LineString","coordinates":[[-38.508099353018586,-12.970569889964809],[-38.508148026803006,-12.970561213497625],[-38.508709996134861,-12.970453972670443],[-38.50875374619212,-12.970436426111288],[-38.508767948290853,-12.970404810717058],[-38.508753868597687,-12.970374046189947],[-38.508404488103317,-12.969967638882187],[-38.508185372091269,-12.969700975855606],[-38.508036235598183,-12.969532356422564],[-38.507911274835763,-12.969364505103025],[-38.507826101639232,-12.969260556801961],[-38.507788641711933,-12.969211033793295]]},"properties":{"NOME_LOGRADOURO":"Rua do Passo","CODLOG":1313,"HIERARQUIA":"VC-II","GMLID":null}},{"type":"Feature","geometry":{"type":"LineString","coordinates":[[-38.502132833571622,-12.992616551440255],[-38.502226700703673,-12.992556702291727],[-38.502288763661909,-12.992546877220924],[-38.502350095412936,-12.992522223889715],[-38.502438880509601,-12.992456488264622],[-38.50252042207665,-12.99240068358765],[-38.50258056253994,-12.992363461676881],[-38.502753495369149,-12.992307923164343],[-38.502815008554158,-12.992306503645295],[-38.502893416598369,-12.992335584844065]]},"properties":{"NOME_LOGRADOURO":"1ª Travessa Alto da Bola","CODLOG":11264,"HIERARQUIA":"VL","GMLID":null}},{"type":"Feature","geometry":{"type":"LineString","coordinates":[[-38.510108126387948,-12.980750749608459],[-38.510012007774755,-12.980176848901376],[-38.509960378851098,-12.979868736585173],[-38.509927287639393,-12.979606404844105],[-38.509926617293139,-12.97959935229296],[-38.509915523643862,-12.979479090561297],[-38.509917603042766,-12.979116112277964],[-38.510056037810656,-12.978851484049526],[-38.510071834415591,-12.978821317503108],[-38.510210690534045,-12.978573957398337],[-38.510429146222528,-12.97821138818084],[-38.510507405239402,-12.978081622809416],[-38.510593071600198,-12.97793550634962],[-38.510662608262564,-12.977833840152938]]},"properties":{"NOME_LOGRADOURO":"Rua da Mangueira","CODLOG":1342,"HIERARQUIA":"VC-II","GMLID":null}},{"type":"Feature","geometry":{"type":"LineString","coordinates":[[-38.519358095522598,-12.993060927218815],[-38.519200378726261,-12.992875662533409],[-38.519140365608479,-12.992808559718105],[-38.519126044168168,-12.992783309348779],[-38.519114614445861,-12.992756618444661],[-38.519106227718673,-12.992728938503504],[-38.519101035783784,-12.992700450655132],[-38.519099114304197,-12.992671607161403],[-38.519100310608948,-12.992642679917076],[-38.519104851588452,-12.992614119655151],[-38.519112432425743,-12.992586197988601],[-38.519124502568381,-12.992556567470704],[-38.519195763953448,-12.992468101557204],[-38.519297067885581,-12.992374537911184],[-38.51939838217217,-12.99227555058957],[-38.519464137780389,-12.99220325675339],[-38.519513490413068,-12.992120265212428],[-38.51953826451274,-12.992047805157576],[-38.51954930187614,-12.991962030038309],[-38.519544114178238,-12.991852176567402],[-38.519564085608259,-12.991746799495452],[-38.519715472575427,-12.991585705299203],[-38.51973201781049,-12.991561687518201],[-38.519746588157147,-12.991536581898622],[-38.519759411200823,-12.991510478381484],[-38.519770107614058,-12.991483557114819],[-38.519778828446938,-12.991455908802365],[-38.519785573352543,-12.991427714292392],[-38.519790038613678,-12.991399154776843],[-38.519792526507302,-12.991370319430271],[-38.519792734238429,-12.991341389446204],[-38.519790737070238,-12.991312546716697],[-38.519762623038375,-12.991223896082277],[-38.519599331853705,-12.990853558856863],[-38.519518659678631,-12.990656413040783]]},"properties":{"NOME_LOGRADOURO":"Rua Cláudio Manoel da Costa","CODLOG":426,"HIERARQUIA":"VL","GMLID":null}},{"type":"Feature","geometry":{"type":"LineString","coordinates":[[-38.510783883408934,-12.973314379613724],[-38.510670408449862,-12.973413883544582],[-38.510568814988112,-12.973502379804795],[-38.510436980926897,-12.973620472898268],[-38.510397764832241,-12.973652222164008],[-38.51034088241768,-12.973698221613844],[-38.510162364460292,-12.973856547835835],[-38.51004035125527,-12.97396769833208],[-38.510038752395211,-12.973969141207066],[-38.509898767031999,-12.974095264617683],[-38.509755973731743,-12.974218670830554],[-38.509677829504945,-12.974290305156684],[-38.509624210304402,-12.974339385014966],[-38.509382794584546,-12.974547766782527],[-38.509364898110981,-12.974563192888574]]},"properties":{"NOME_LOGRADOURO":"Rua do Bispo","CODLOG":1067,"HIERARQUIA":"VL","GMLID":null}},{"type":"Feature","geometry":{"type":"LineString","coordinates":[[-38.513108325909172,-12.976137089963999],[-38.513029857019745,-12.976415033331204],[-38.512947176547215,-12.976707885183192],[-38.512886978676271,-12.976972933811416],[-38.513017983650428,-12.977125334344571],[-38.513121997552801,-12.977277865152409],[-38.513203658283892,-12.977431438283526],[-38.513339658064957,-12.977751823034025]]},"properties":{"NOME_LOGRADOURO":"Rua Visconde de Itaparica","CODLOG":806,"HIERARQUIA":"VL","GMLID":null}},{"type":"Feature","geometry":{"type":"LineString","coordinates":[[-38.510450598623656,-12.971611606289196],[-38.510403275321025,-12.971571798363252],[-38.510325259237405,-12.971500682019489],[-38.510224798536349,-12.971399350611913],[-38.510164194862668,-12.971365491087159]]},"properties":{"NOME_LOGRADOURO":"Beco do Frazão","CODLOG":670,"HIERARQUIA":"VL","GMLID":null}},{"type":"Feature","geometry":{"type":"LineString","coordinates":[[-38.492546972455763,-12.997657766674774],[-38.49209768913213,-12.99738829238402],[-38.491889504361097,-12.997312034939585],[-38.491504875641475,-12.997181098074742],[-38.491299960858207,-12.997104936993422],[-38.491210934490887,-12.997061910736685],[-38.491132060341073,-12.996999105105708],[-38.491012994853307,-12.996883423064808],[-38.490727827702308,-12.996563189288963],[-38.490295146913702,-12.996095936708672],[-38.489999502782936,-12.995768448611527],[-38.489974844075164,-12.995742543476281],[-38.489898041900958,-12.995671062665926],[-38.489844981134645,-12.99562810657241],[-38.489761660717399,-12.995620709944918],[-38.489680615866753,-12.995616120902984],[-38.489610448351854,-12.995609655205106],[-38.489412092313131,-12.995599501494901],[-38.489072410792581,-12.995576956564316],[-38.48903567801846,-12.995580409956505],[-38.488992244840524,-12.995588551306037],[-38.488956792646128,-12.995598426401402],[-38.488915548678399,-12.995614166750963],[-38.488869652092745,-12.995637401319531],[-38.48873733346425,-12.995719772182909],[-38.488588844803573,-12.995789906627978],[-38.488538939475561,-12.995802465028708],[-38.488487460007647,-12.995803810465114],[-38.488458271177976,-12.995799503976347],[-38.488409489925971,-12.995783225659293],[-38.488385109392183,-12.995770159317013],[-38.48812013395294,-12.995579875543759],[-38.48809791482374,-12.99555108238218],[-38.488081861103076,-12.995518594889594],[-38.488072428480841,-12.995483679899939],[-38.488070068959473,-12.995447603335297],[-38.488074552736002,-12.99541181062164],[-38.488097513803815,-12.995375512673393],[-38.48812324171179,-12.995361912060284],[-38.48815236950567,-12.995358624662497],[-38.488232105327675,-12.995371076672946],[-38.488348548067123,-12.99542961768887],[-38.488373837745527,-12.995444494302665],[-38.488422236986331,-12.995461766535604],[-38.488466099204217,-12.995467006156082],[-38.488517281714564,-12.995461591963801],[-38.488545735120958,-12.995453963749679],[-38.48858081036348,-12.995442641185116],[-38.488615129674471,-12.995429419129348],[-38.488651127784827,-12.995413216382875],[-38.488777784824158,-12.995347830501538],[-38.488894450544443,-12.995296980444145],[-38.489276436124719,-12.995268530072408],[-38.489326869117896,-12.995258051408195],[-38.489378350877587,-12.995255079078888],[-38.489407849499671,-12.99525667425724],[-38.48943696322867,-12.995260709218392],[-38.489472834484026,-12.995269096899833],[-38.489500720141017,-12.995278463549868],[-38.489527765757934,-12.99529008824114],[-38.489553740807771,-12.995303971425285],[-38.489578268706801,-12.995319840186726],[-38.489636478356189,-12.995373204296287],[-38.489692469802598,-12.995433614392441],[-38.489769013067992,-12.995520283263506],[-38.489844981134645,-12.99562810657241]]},"properties":{"NOME_LOGRADOURO":"Ladeira do Hospital Geral","CODLOG":16846,"HIERARQUIA":"VL","GMLID":null}},{"type":"Feature","geometry":{"type":"LineString","coordinates":[[-38.490379427880541,-12.989847051778799],[-38.490282091811459,-12.989517241017145],[-38.490105756166152,-12.989187997752342],[-38.488963960958031,-12.989409602769003]]},"properties":{"NOME_LOGRADOURO":"Alameda Comendador Pereira da Silva","CODLOG":11900,"HIERARQUIA":"VL","GMLID":null}},{"type":"Feature","geometry":{"type":"LineString","coordinates":[[-38.521697183769682,-12.996716055753307],[-38.521243796889756,-12.99667317784589],[-38.520249068303293,-12.99657893913361],[-38.520219640870508,-12.996579879458006],[-38.520191567842403,-12.996588596963715],[-38.520031817361051,-12.996629615847445],[-38.519551392747985,-12.996768944296443],[-38.519238456749257,-12.996876398019362],[-38.519211139475772,-12.996887196574372],[-38.519186550211792,-12.996903062128133],[-38.519165601220784,-12.996923364303923],[-38.519149132268275,-12.996947291742355],[-38.519137751847701,-12.996973940423297],[-38.51913199393271,-12.997002317572656],[-38.519132014782507,-12.997031247059876],[-38.519174544288902,-12.997452078212975],[-38.51914295703056,-12.997588171621281]]},"properties":{"NOME_LOGRADOURO":"Rua Humberto de Campos","CODLOG":780,"HIERARQUIA":"VC-II","GMLID":null}},{"type":"Feature","geometry":{"type":"LineString","coordinates":[[-38.517983764486686,-12.996625897302378],[-38.518005104253199,-12.996481467803587],[-38.517921088871695,-12.995928385420875],[-38.517884707172556,-12.995750488578578],[-38.517853672664536,-12.995678285960059],[-38.517816897769961,-12.995625329443902],[-38.517760397487699,-12.995550186879342],[-38.517695381573638,-12.995475028495667],[-38.517652914899102,-12.995416637742304],[-38.517607814846954,-12.995344318559432],[-38.517565451634084,-12.995272004450911],[-38.517486383348846,-12.995110662747626],[-38.517449765290664,-12.995016209857978],[-38.517391629747806,-12.994921807421905]]},"properties":{"NOME_LOGRADOURO":"Rua Comendador Horácio Urpia Júnior","CODLOG":775,"HIERARQUIA":"VC-II","GMLID":null}},{"type":"Feature","geometry":{"type":"LineString","coordinates":[[-38.492562800066359,-12.996902635301916],[-38.492449263847739,-12.996834609091863],[-38.492062076750088,-12.996578004056273],[-38.49188111434983,-12.996464552402101],[-38.491445876329394,-12.996206586564581],[-38.491333254732851,-12.996138019131333],[-38.491256126388485,-12.996077024535953],[-38.491176514622246,-12.996003459740271],[-38.491099345179826,-12.995925107234941],[-38.491014694584642,-12.995787071987829],[-38.490893639856033,-12.995528364224],[-38.490780188849143,-12.995269761733898],[-38.490724621792751,-12.995150316694183],[-38.490663001955092,-12.995053551673344],[-38.490622300828193,-12.994989916492779],[-38.490575604575859,-12.994920212954714],[-38.490395610360203,-12.994630921957992],[-38.490322352938804,-12.994498875923021],[-38.490296138916229,-12.994415469879018],[-38.490284145346401,-12.994330826697126],[-38.49028633275227,-12.994264743725441],[-38.4902875855161,-12.99424729797361],[-38.490323045940301,-12.994158679700726],[-38.490406674662232,-12.993902542396814],[-38.490447492526378,-12.993759599745285],[-38.490453912315374,-12.993706181710953],[-38.49045173501878,-12.993655189169724],[-38.490437678723318,-12.993613032171293],[-38.490412513355302,-12.993537222901466],[-38.490376287076018,-12.993441683127095],[-38.490367256411226,-12.993395829502301],[-38.490362367428112,-12.993332083669314],[-38.4903633105247,-12.993279739982489],[-38.490375152211641,-12.993177513579909],[-38.490387073554189,-12.993073751028451],[-38.490401449310404,-12.992959234643243],[-38.490410762427594,-12.992903653008849],[-38.490471101211341,-12.992770512597387],[-38.49054312134605,-12.992613709410401],[-38.490587407018104,-12.992559823052387],[-38.490629967661,-12.992532061315654],[-38.490670057118052,-12.99252237590874],[-38.490711727238661,-12.992520740423886],[-38.490800067646234,-12.992526698861392],[-38.490930969322051,-12.992541691717193],[-38.490975953128164,-12.992555611990669],[-38.491005099470634,-12.992581072795321],[-38.491062218583465,-12.992647271038681],[-38.491085493263398,-12.992680767166489],[-38.491090946193083,-12.992691355643615],[-38.491093362108877,-12.992699948845424],[-38.49109342520083,-12.992706096896134],[-38.491090594034411,-12.992714860670445]]},"properties":{"NOME_LOGRADOURO":"Rua Professor Rômulo Almeida","CODLOG":2844,"HIERARQUIA":"VL","GMLID":null}},{"type":"Feature","geometry":{"type":"LineString","coordinates":[[-38.501523735153256,-12.979712957423569],[-38.501700397074188,-12.97953672997903],[-38.501743913999576,-12.979494219917695],[-38.501798935792763,-12.979545927694476],[-38.501810027572098,-12.979538300858227],[-38.501867925051762,-12.979493336172879],[-38.501893705653082,-12.979460880748849],[-38.501916048036747,-12.979433462601248],[-38.501748946066584,-12.979247707823033],[-38.501635220163791,-12.979126615389019]]},"properties":{"NOME_LOGRADOURO":"Vila Santos de Cima","CODLOG":6746,"HIERARQUIA":"VL","GMLID":null}},{"type":"Feature","geometry":{"type":"LineString","coordinates":[[-38.497173828640761,-12.983486725772105],[-38.49727746436303,-12.983598035702148],[-38.497394330494444,-12.983520060104523],[-38.497560114126209,-12.983389652495033],[-38.497658820178515,-12.983343735922089],[-38.49774597915922,-12.983330433793071],[-38.497768668797249,-12.983428025368424]]},"properties":{"NOME_LOGRADOURO":"Avenida São Cosme","CODLOG":7028,"HIERARQUIA":"VL","GMLID":null}},{"type":"Feature","geometry":{"type":"LineString","coordinates":[[-38.494358220643996,-12.987282489341865],[-38.494403525307973,-12.987325701598577],[-38.494539269030874,-12.987426496331013]]},"properties":{"NOME_LOGRADOURO":"5ª Travessa da Amendoeira","CODLOG":16673,"HIERARQUIA":"VL","GMLID":null}},{"type":"Feature","geometry":{"type":"LineString","coordinates":[[-38.509290888731528,-12.987922858882115],[-38.509355360228568,-12.987924517785302],[-38.509471997627237,-12.987921936556177],[-38.509658905941301,-12.987910447213668]]},"properties":{"NOME_LOGRADOURO":"Beco do Amparo","CODLOG":13229,"HIERARQUIA":"VL","GMLID":null}},{"type":"Feature","geometry":{"type":"LineString","coordinates":[[-38.501486972841342,-12.966474592228359],[-38.501414367274535,-12.966360540280915],[-38.501359685307662,-12.966217864467779],[-38.50133549209523,-12.9660733481285],[-38.501322130032676,-12.96587307249068],[-38.50132231851115,-12.965778417593773],[-38.501322509688897,-12.965682406336786],[-38.501331704419528,-12.965455232876501],[-38.501365622382558,-12.965220240747135],[-38.501411156480287,-12.964993136860667],[-38.501473508351495,-12.964758290475652],[-38.501588099707682,-12.964440822992543],[-38.501651562673764,-12.964258595678642]]},"properties":{"NOME_LOGRADOURO":"Rua Engenheiro João Pimenta Bastos","CODLOG":2608,"HIERARQUIA":"VC-I","GMLID":null}},{"type":"Feature","geometry":{"type":"LineString","coordinates":[[-38.512206669028451,-12.972722729830684],[-38.512348750698607,-12.972573103207091],[-38.51236930622067,-12.972558495684366],[-38.512390166534487,-12.972543618362067],[-38.512511590653467,-12.972422069496945],[-38.512695249006597,-12.972238256931035],[-38.512741827657365,-12.972212307340445],[-38.512779806324147,-12.972191223654656],[-38.512971557290257,-12.97199015858363],[-38.513024337132059,-12.971942071085589]]},"properties":{"NOME_LOGRADOURO":"Rua Frederico de Castro Rebelo","CODLOG":671,"HIERARQUIA":"VL","GMLID":null}},{"type":"Feature","geometry":{"type":"LineString","coordinates":[[-38.515022663310482,-12.98236390269636],[-38.515134891900388,-12.982320266093165],[-38.515212351559001,-12.98228840660385],[-38.51527139391068,-12.982266548963819],[-38.515308231072432,-12.982246637453905],[-38.515434089943327,-12.982191816211998]]},"properties":{"NOME_LOGRADOURO":"Travessa do Mucambinho","CODLOG":44,"HIERARQUIA":"VL","GMLID":null}},{"type":"Feature","geometry":{"type":"LineString","coordinates":[[-38.51126581017941,-12.996604269485676],[-38.511248636100056,-12.996670573285153],[-38.511205170913613,-12.996830067641529],[-38.511177114624374,-12.996896520052436],[-38.511119991770812,-12.997052775013731],[-38.511195120514053,-12.997073380285716],[-38.511254131250531,-12.997089922293865],[-38.511173343591189,-12.997225708625878],[-38.511121227283532,-12.997322831952449],[-38.511034780095642,-12.997463504054137]]},"properties":{"NOME_LOGRADOURO":"Avenida São Lázaro","CODLOG":11199,"HIERARQUIA":"VL","GMLID":null}},{"type":"Feature","geometry":{"type":"LineString","coordinates":[[-38.49322023806792,-12.977438295871039],[-38.493255088749954,-12.977123569348214],[-38.493271196642596,-12.976978407607332],[-38.493292570481444,-12.976785793398632],[-38.493315269742773,-12.976614337394961],[-38.493370914462076,-12.976205537885821],[-38.4934061433623,-12.975966572995109],[-38.49341360434731,-12.975923825044015]]},"properties":{"NOME_LOGRADOURO":"Baixa do Coqueiro","CODLOG":1627,"HIERARQUIA":"VL","GMLID":null}},{"type":"Feature","geometry":{"type":"LineString","coordinates":[[-38.512921952837857,-12.977988806738004],[-38.512641121098525,-12.977744814086993],[-38.512596871207165,-12.977706488915258],[-38.512434521883954,-12.977565148916572],[-38.512003041697362,-12.977184267338433],[-38.51181102803168,-12.977010868334991],[-38.511808675534482,-12.977008693736007],[-38.511494619445216,-12.976726847410227],[-38.511490900944331,-12.97672349472702],[-38.511485967470378,-12.976719055574403],[-38.511220245352774,-12.976487294406118],[-38.511161408991725,-12.976443426616468],[-38.51100572703276,-12.976353359859392],[-38.510966844144789,-12.976330955579011],[-38.510881312047658,-12.976292281256978],[-38.510574279487393,-12.976191802146042],[-38.510274379159263,-12.976098387395497],[-38.510273466875205,-12.976098114405289],[-38.510252420681283,-12.976091385196989],[-38.509579917027082,-12.975876391482723],[-38.509488742757902,-12.975846023309511],[-38.509398179059453,-12.975814633557086],[-38.508767099906244,-12.975605983202547],[-38.508758894525023,-12.975603254980879],[-38.508178715702222,-12.975414741877454],[-38.507929198443378,-12.975334348578849],[-38.507911570990338,-12.975328709838083],[-38.507865869442284,-12.975294449338227],[-38.507768393731723,-12.97522130609142],[-38.507611410089545,-12.975098417201442],[-38.507540157854095,-12.975028216169788],[-38.507467057128544,-12.974931704473809],[-38.507436375705147,-12.974875865442224],[-38.507420845400119,-12.974847538656816],[-38.507376348652109,-12.974742310829837],[-38.507346374934976,-12.974558367187516],[-38.507332860376934,-12.97431731828857],[-38.507331209737075,-12.97422889735823],[-38.507329342356975,-12.974134419395918],[-38.507334726054445,-12.974103058678891],[-38.507334726410448,-12.974102877830925],[-38.507353629020223,-12.974001206148765],[-38.507388897060558,-12.97381223363257],[-38.5075114701853,-12.97326243344105],[-38.507679927887004,-12.972459221659488],[-38.507688139699738,-12.972420181113987],[-38.507570682385904,-12.971721658744466],[-38.507513343411432,-12.971381079092298],[-38.507509825731226,-12.971353046315134],[-38.507509524665863,-12.971351419011507],[-38.507483343255387,-12.97121114843948],[-38.507483117829977,-12.971209972496426],[-38.507402040901965,-12.970762488020069],[-38.507331399067709,-12.970382284511562],[-38.507301478483107,-12.970172032862491],[-38.50728739539548,-12.970142623716635],[-38.507228357838791,-12.970047494050601],[-38.507185658644254,-12.969994886611561],[-38.507096424499245,-12.969907113636646],[-38.506851647559479,-12.969699888407288],[-38.506830775325788,-12.969682399676941],[-38.506776806244098,-12.969638811448061],[-38.506656115505365,-12.969541938096674],[-38.506372105697722,-12.969298745941614],[-38.506074815012234,-12.969043323718248],[-38.505964225621341,-12.968951983303358],[-38.505835269581581,-12.968844424734055],[-38.505755649113453,-12.968778186043112],[-38.505616505102459,-12.96867106014855],[-38.505561307113709,-12.968634159841807],[-38.505402410565736,-12.968558548083301],[-38.50518104487108,-12.96850921507267],[-38.505075587552952,-12.968514166976187],[-38.504882111362392,-12.968547609626908],[-38.504711197396219,-12.968590497381816],[-38.504571803631883,-12.968648091040306],[-38.504439380919358,-12.968717902463354],[-38.504266025811404,-12.968803366988585],[-38.504153431422708,-12.968841665165929],[-38.504076603977204,-12.968862582254596],[-38.503939073609459,-12.968862319305691],[-38.503756864990883,-12.968849675218605],[-38.503590821662399,-12.968812562268438],[-38.503567714027746,-12.968810800140298],[-38.503438297774203,-12.968821038908914],[-38.503415789827045,-12.968822804459299],[-38.503150273764163,-12.968878528173164],[-38.503060221213325,-12.968897431285511],[-38.502652105507622,-12.968978827666332],[-38.502640164343717,-12.968981245403334],[-38.50260023573361,-12.968989124641311],[-38.502599246802056,-12.968989394024574],[-38.501948885173313,-12.969122218083371],[-38.501945158640275,-12.969123024771957],[-38.501497782222089,-12.969219622281651],[-38.501494967913111,-12.969220249862071],[-38.501133860394219,-12.969288986734018],[-38.501130437557784,-12.969289613144221],[-38.500863550510992,-12.969346236104167],[-38.50086065967249,-12.969346863530889],[-38.500342489956189,-12.969449199940277],[-38.500008288247891,-12.969516906302285],[-38.49983134009846,-12.969570901391611],[-38.499681266126622,-12.969644113435107]]},"properties":{"NOME_LOGRADOURO":"Avenida José Joaquim Seabra","CODLOG":875,"HIERARQUIA":"VA-II / VC-I","GMLID":null}},{"type":"Feature","geometry":{"type":"LineString","coordinates":[[-38.507095093527319,-12.993789309889722],[-38.506945059362231,-12.993722756983356],[-38.506692654358716,-12.993555295219352],[-38.506407027041249,-12.993347809863971],[-38.506350224788292,-12.993312262919936],[-38.506213411931455,-12.993288315465573],[-38.506111847842156,-12.993279984277152],[-38.505990154861976,-12.993262032534062],[-38.505905016217547,-12.993252286608156],[-38.505863653340093,-12.993252840927122],[-38.505816435885812,-12.99325347362568],[-38.505784498738592,-12.993331885695968],[-38.505755366312094,-12.993414641647384],[-38.505711993810017,-12.993585517795339],[-38.505668467939479,-12.993641847922866],[-38.505646226075001,-12.993739172543846],[-38.505650864892658,-12.993815756169434]]},"properties":{"NOME_LOGRADOURO":"Rua 23 de Fevereiro","CODLOG":10276,"HIERARQUIA":"VL","GMLID":null}},{"type":"Feature","geometry":{"type":"LineString","coordinates":[[-38.497449158222892,-12.968054270704357],[-38.497356013466835,-12.967983935230412],[-38.497273865929358,-12.967927182788959],[-38.497222504078962,-12.96787831418991]]},"properties":{"NOME_LOGRADOURO":"1ª Travessa Esperança","CODLOG":10922,"HIERARQUIA":"VL","GMLID":null}},{"type":"Feature","geometry":{"type":"LineString","coordinates":[[-38.497222504078962,-12.96787831418991],[-38.497293433155598,-12.967807581166348],[-38.497292480304942,-12.967792634007877],[-38.497388675126174,-12.967695692351704],[-38.497449112849125,-12.967637697887131]]},"properties":{"NOME_LOGRADOURO":"3ª Travessa Pantaleão","CODLOG":10923,"HIERARQUIA":"VL","GMLID":null}},{"type":"Feature","geometry":{"type":"LineString","coordinates":[[-38.497050141756553,-12.968900336626328],[-38.497115303279429,-12.968935088667033],[-38.497221931149504,-12.968992430993376],[-38.497271520555529,-12.969020914551383],[-38.497336757399665,-12.969056298749331],[-38.497370628125445,-12.969074807078524],[-38.497410043899137,-12.969096037932305],[-38.497440500882355,-12.969111104445032],[-38.497463971140668,-12.969122359648468],[-38.497498989484974,-12.969137344536126],[-38.497534539304283,-12.969153052934745],[-38.497579054096668,-12.969171853056043],[-38.497613998120698,-12.969186204815577],[-38.497652210304864,-12.969200743725997],[-38.497718495860454,-12.969206114434078],[-38.497773981996097,-12.969213273678687],[-38.497843750591834,-12.969225703261403],[-38.498243038662515,-12.969268601872212]]},"properties":{"NOME_LOGRADOURO":"Vila Regina","CODLOG":10826,"HIERARQUIA":"VL","GMLID":null}},{"type":"Feature","geometry":{"type":"LineString","coordinates":[[-38.497385036299313,-12.968183337832542],[-38.497463587814302,-12.968213594422956],[-38.497502446972447,-12.968247029649167],[-38.497495290316259,-12.968290229579178],[-38.497598622820483,-12.968360403820135]]},"properties":{"NOME_LOGRADOURO":"Travessa Esperança","CODLOG":10825,"HIERARQUIA":"VL","GMLID":null}},{"type":"Feature","geometry":{"type":"LineString","coordinates":[[-38.505178089801646,-12.990150432101194],[-38.505464327403679,-12.990253120939602],[-38.505523213093156,-12.990273122677841],[-38.505625243787776,-12.990313909993551],[-38.505878131771965,-12.990426768257541],[-38.506030739569788,-12.990498208613177],[-38.506098270482411,-12.99052961829458],[-38.506143075726811,-12.990556735745834],[-38.506165392753786,-12.99057558276504],[-38.506184585030887,-12.990597587788107],[-38.506201646094624,-12.990621125972083],[-38.506216423056664,-12.990646106602723],[-38.506226948069255,-12.990667914307926],[-38.506268355253027,-12.990760478836062],[-38.506426376678725,-12.991094018355165],[-38.506462285175594,-12.991160626093542],[-38.506483496921902,-12.991199902334914],[-38.506523180423756,-12.991279626029055],[-38.506547258787386,-12.991330208924236],[-38.506575804392824,-12.9913902930305],[-38.506602908335289,-12.991449199786619],[-38.506659233741075,-12.991572440049362],[-38.506698602714245,-12.991657406820263],[-38.50674973485183,-12.991753606703009],[-38.506900335722193,-12.991995458916463],[-38.507120213569955,-12.991961252592368]]},"properties":{"NOME_LOGRADOURO":"Rua Padre Domingos de Brito de Cima","CODLOG":525,"HIERARQUIA":"VL","GMLID":null}},{"type":"Feature","geometry":{"type":"LineString","coordinates":[[-38.506834051096938,-12.967503419485611],[-38.506815059470298,-12.96753391619848],[-38.50678399058831,-12.967565289751843],[-38.50669688949997,-12.967598999496177],[-38.506408449873156,-12.967675658003419],[-38.50636806425581,-12.967683536964884],[-38.506265191165518,-12.967689216753921],[-38.506051467908947,-12.967696765964433],[-38.505831687585037,-12.967692368391932],[-38.505732938697356,-12.96768820225758],[-38.505680534987086,-12.967660438335731],[-38.505636306136594,-12.967612890612596],[-38.505543848309806,-12.967464357610424],[-38.50544742901203,-12.96731988433927],[-38.505411182959449,-12.967272351744311],[-38.505276877455167,-12.967179338366355]]},"properties":{"NOME_LOGRADOURO":"Rua dos Marchantes","CODLOG":502,"HIERARQUIA":"VC-II","GMLID":null}},{"type":"Feature","geometry":{"type":"LineString","coordinates":[[-38.509715148060742,-12.996144039112218],[-38.509609525699702,-12.996149625109195],[-38.50951629772544,-12.996154601493169],[-38.509400485908792,-12.996160710713305],[-38.50914772493477,-12.996172797735664],[-38.509100732187981,-12.996174697375768],[-38.509072077543927,-12.996162963138859],[-38.508930837953315,-12.996133679092425],[-38.508842858819222,-12.996106671268942],[-38.508804076266848,-12.99608246192442],[-38.508777157676661,-12.996036179855516],[-38.508741743766002,-12.995987508990117],[-38.508688535148686,-12.995959841657625],[-38.508673787503916,-12.995935148763024],[-38.508685687376556,-12.995903252432356],[-38.508697386180877,-12.995857780337266],[-38.508592640165411,-12.995819651103666]]},"properties":{"NOME_LOGRADOURO":"Vila Souza Uzel","CODLOG":6126,"HIERARQUIA":"VL","GMLID":null}},{"type":"Feature","geometry":{"type":"LineString","coordinates":[[-38.503784069060877,-12.98278686447356],[-38.50378391692113,-12.982786864183259],[-38.50368112485765,-12.982786667118903],[-38.50345119786752,-12.982831067756941],[-38.503337382575744,-12.982868457842233],[-38.503163825086482,-12.98292759470143],[-38.503090653679656,-12.982950887424739],[-38.502964064663786,-12.982950373329457],[-38.502896703043056,-12.982950062820008],[-38.502803734329653,-12.982942109511047],[-38.50271765152511,-12.982911929503643],[-38.502613885268431,-12.982866527093567],[-38.502590944109151,-12.982856447936483],[-38.50261918724761,-12.982685182450528],[-38.502641649637923,-12.982629987072384],[-38.502643101694233,-12.982626373785449],[-38.502725260211136,-12.982411635058504],[-38.502753510429464,-12.982351750484575],[-38.5027087898101,-12.982321016592655],[-38.502680483869447,-12.982294383172977],[-38.502573216352872,-12.982250600789591],[-38.502377201734426,-12.982178893759375],[-38.502303880415965,-12.98212468882063],[-38.502257750305333,-12.982084104056442],[-38.502233000698126,-12.982045488051307],[-38.502214415790945,-12.981997241910681],[-38.502210807168019,-12.981957702445602],[-38.5022091988738,-12.98190129274824],[-38.502204060624962,-12.981845503838112],[-38.502167085225977,-12.981743544876052],[-38.502163895692973,-12.981703308137304],[-38.502145042161793,-12.981664035175783],[-38.502101482273538,-12.981585298099974],[-38.502017409720743,-12.981439067682805],[-38.501990787502073,-12.981353683384071],[-38.501918179865001,-12.981278335818914],[-38.501780800024868,-12.981143082914263],[-38.501741632594268,-12.981089088833238],[-38.501712576680049,-12.981019239245549]]},"properties":{"NOME_LOGRADOURO":"Rua Dique Pequeno","CODLOG":2951,"HIERARQUIA":"VL","GMLID":null}},{"type":"Feature","geometry":{"type":"LineString","coordinates":[[-38.499090977654134,-12.995010758309601],[-38.499124304139741,-12.995062889643368],[-38.499162477716141,-12.995149742310669],[-38.499254405645551,-12.995153294121147],[-38.499293006435735,-12.995145710496384],[-38.499301226846576,-12.995141658158538],[-38.499341350860291,-12.995114794527133],[-38.499353173950006,-12.99509601271747],[-38.499365808674781,-12.995051828730324],[-38.499375857456002,-12.995007819703714],[-38.499389479563277,-12.994963728041334],[-38.49939877051424,-12.994918723792514],[-38.499412092847123,-12.994872370948771],[-38.499412311830241,-12.994839011214486],[-38.499395042413688,-12.99465409776997]]},"properties":{"NOME_LOGRADOURO":"Vila Juruá","CODLOG":11361,"HIERARQUIA":"VL","GMLID":null}},{"type":"Feature","geometry":{"type":"LineString","coordinates":[[-38.499399156092807,-12.99540972004859],[-38.49937948970107,-12.995320270828763],[-38.499355956107813,-12.995263902134235],[-38.499312443129973,-12.995197912698121],[-38.499301226846576,-12.995141658158538]]},"properties":{"NOME_LOGRADOURO":"1ª Travessa Silvestre de Farias","CODLOG":11289,"HIERARQUIA":"VL","GMLID":null}},{"type":"Feature","geometry":{"type":"LineString","coordinates":[[-38.499355956107813,-12.995263902134235],[-38.499372411410008,-12.995248113244319],[-38.499424881521691,-12.995206989097037],[-38.499462424498603,-12.995178311992749],[-38.499486794274311,-12.995159283074862],[-38.499511698636191,-12.995138989247177],[-38.499525279456869,-12.995115961787615],[-38.49954158820622,-12.995097369457282],[-38.499562395300075,-12.995072638760869],[-38.49957643072603,-12.995050064294213],[-38.499600919547127,-12.995009338335485],[-38.499628136310065,-12.994973498719462]]},"properties":{"NOME_LOGRADOURO":"Avenida Vinte e Cinco de Maio","CODLOG":11290,"HIERARQUIA":"VL","GMLID":null}},{"type":"Feature","geometry":{"type":"LineString","coordinates":[[-38.499786358234303,-12.995281455945154],[-38.499742426364882,-12.995197112394619],[-38.499686836375993,-12.995049191822183],[-38.499664544592328,-12.995056019318705],[-38.499650682186719,-12.9950299559138]]},"properties":{"NOME_LOGRADOURO":"Avenida Santa Maria","CODLOG":14941,"HIERARQUIA":"VL","GMLID":null}},{"type":"Feature","geometry":{"type":"LineString","coordinates":[[-38.491569361672248,-12.987226155802649],[-38.491552865760298,-12.987074694026029],[-38.491553277226934,-12.986872365623826],[-38.491574773962924,-12.986770157971291],[-38.491641443428954,-12.986626090936371],[-38.491660372581421,-12.986590326358622],[-38.491927505657387,-12.986088642433845]]},"properties":{"NOME_LOGRADOURO":"Rua Tranquilino Torres","CODLOG":1515,"HIERARQUIA":"VC-II","GMLID":null}},{"type":"Feature","geometry":{"type":"LineString","coordinates":[[-38.494823450353437,-12.999300991181084],[-38.494814584837982,-12.999285604572544],[-38.494766202943957,-12.999221774214355],[-38.494738888013543,-12.999192972583128],[-38.494716124933873,-12.999169060890916],[-38.494688908491725,-12.999128958255724],[-38.494670806181361,-12.999094387404053],[-38.494646304396035,-12.999027891665559],[-38.494619062853154,-12.998962836474007],[-38.494546889510076,-12.998819222102467],[-38.49449110805174,-12.998691912314182],[-38.494438021178297,-12.99854815330503],[-38.494369348347846,-12.998365851464948],[-38.494349239249019,-12.998308223993195],[-38.494317160008329,-12.998191446777074],[-38.494285588511644,-12.99808669512826],[-38.494250635343164,-12.997962048134291],[-38.494222370162902,-12.997877101248642],[-38.494208533268456,-12.997838652248225],[-38.49418739931297,-12.997799012622801],[-38.494155641727204,-12.997748865838576],[-38.494113781954823,-12.997693004474868],[-38.494085194969706,-12.997654073719618],[-38.494017961139569,-12.997550066401699],[-38.494166199722713,-12.997453439553185],[-38.494140576618314,-12.997415328391037],[-38.494227046890074,-12.997294262587603]]},"properties":{"NOME_LOGRADOURO":"Rua São Romão","CODLOG":5369,"HIERARQUIA":"VL","GMLID":null}},{"type":"Feature","geometry":{"type":"LineString","coordinates":[[-38.497282323255767,-12.997602957913918],[-38.497118498234812,-12.997662037666757],[-38.497088269451837,-12.99756949435112],[-38.49704906063775,-12.997443301331405]]},"properties":{"NOME_LOGRADOURO":"5ª Travessa Sérgio de Carvalho","CODLOG":15298,"HIERARQUIA":"VL","GMLID":null}},{"type":"Feature","geometry":{"type":"LineString","coordinates":[[-38.496274575273702,-12.998225894548092],[-38.496239983179649,-12.998072589499579],[-38.49622158503341,-12.997995799200149],[-38.496221996487591,-12.997980159355432],[-38.496224467687973,-12.997961449992765],[-38.496241857080832,-12.997897385744515],[-38.496234310705759,-12.997755523853279]]},"properties":{"NOME_LOGRADOURO":"Travessa Dinorá","CODLOG":15299,"HIERARQUIA":"VL","GMLID":null}},{"type":"Feature","geometry":{"type":"LineString","coordinates":[[-38.512400538739797,-12.974557713534177],[-38.512309467888414,-12.97466973691091],[-38.512147686315465,-12.974862088201251],[-38.512109818076411,-12.974904327668893],[-38.512106615390181,-12.974909293195806],[-38.512084194063696,-12.974944871123126],[-38.51204967304708,-12.974986031765011],[-38.511938333250775,-12.975120979351308],[-38.51181564411894,-12.975267206828532],[-38.511811985367061,-12.975271991551164],[-38.511564045673872,-12.975590207018543],[-38.511530033593772,-12.975643573115216],[-38.511527898088701,-12.975646913903228],[-38.5114587745867,-12.975732037115181],[-38.511353819302279,-12.975867900653318],[-38.511095240095116,-12.9761832029623],[-38.510966844144789,-12.976330955579011]]},"properties":{"NOME_LOGRADOURO":"Ladeira Revolta dos Malês","CODLOG":1318,"HIERARQUIA":"VC-I","GMLID":null}},{"type":"Feature","geometry":{"type":"LineString","coordinates":[[-38.490116433361372,-12.961980001215506],[-38.490040484183751,-12.961905176601645],[-38.490002638935735,-12.961860170716683],[-38.489982076122914,-12.961840151225573],[-38.48989838550969,-12.961758802679539],[-38.489379400074704,-12.961254042513222],[-38.489180308998939,-12.961057922645974],[-38.489092342585195,-12.960948629821223],[-38.489029190495579,-12.960824377947963],[-38.48902141159531,-12.960799139765466],[-38.48898636673654,-12.96068588253951],[-38.488970894333256,-12.960593095054721],[-38.488955497357416,-12.960500850261862],[-38.488890602624281,-12.960112789607887],[-38.488877141652473,-12.960040528736457],[-38.488848940035631,-12.959889223570107],[-38.488837809826059,-12.959829623943639],[-38.48881122126128,-12.959678990172586],[-38.48880151613789,-12.959620895286694],[-38.488767330701236,-12.959384325535821],[-38.488716224269496,-12.959094472665168],[-38.488698206466495,-12.959020214410788]]},"properties":{"NOME_LOGRADOURO":"Rua Rodrigo de Menezes","CODLOG":1350,"HIERARQUIA":"VC-I","GMLID":null}},{"type":"Feature","geometry":{"type":"LineString","coordinates":[[-38.493833561845221,-12.978723437446176],[-38.493469019855752,-12.978974329345149],[-38.493394481695255,-12.979025715988229],[-38.493245612159541,-12.979139247365948],[-38.493134428861865,-12.979227086644368],[-38.493024468704455,-12.979386981801717]]},"properties":{"NOME_LOGRADOURO":"Travessa Vereador Aurélio Lisboa","CODLOG":1836,"HIERARQUIA":"VL","GMLID":null}},{"type":"Feature","geometry":{"type":"LineString","coordinates":[[-38.508046740520498,-12.995434069289848],[-38.508101649786163,-12.995437614796044],[-38.508428570271974,-12.995452931978454]]},"properties":{"NOME_LOGRADOURO":"Avenida Rosário","CODLOG":6122,"HIERARQUIA":"VL","GMLID":null}},{"type":"Feature","geometry":{"type":"LineString","coordinates":[[-38.491870260812973,-12.97653151194657],[-38.491932340549958,-12.976699607728875],[-38.492061055713421,-12.976851108759149],[-38.492182659197084,-12.976985870099876],[-38.492260392286965,-12.977083299174735],[-38.492323460583172,-12.977176540101912],[-38.492354522157058,-12.977193415982136],[-38.492479527844914,-12.977225211561315],[-38.492552424359225,-12.977232948480321],[-38.492630963289606,-12.97723319118143],[-38.492686090009997,-12.977231038986941],[-38.492777088194181,-12.977198217945791],[-38.492817880331238,-12.977178588632571],[-38.492887843341428,-12.977133341150381],[-38.492946789969196,-12.977084365692869],[-38.492983731102107,-12.977051348789292],[-38.493014217779589,-12.976977003615806]]},"properties":{"NOME_LOGRADOURO":"4ª Travessa Professor João Prisco Paraíso","CODLOG":1626,"HIERARQUIA":"VL","GMLID":null}},{"type":"Feature","geometry":{"type":"LineString","coordinates":[[-38.493292570481444,-12.976785793398632],[-38.493123123441528,-12.976774072596196],[-38.492927307175158,-12.97679321901159],[-38.492912556641393,-12.976793551958352],[-38.492797974044478,-12.976796222173105],[-38.492659284314904,-12.976801828419656],[-38.492549708066534,-12.976810112774382],[-38.492410333439878,-12.976815627127722],[-38.492346094645676,-12.976812609120842],[-38.492338491174714,-12.976812775132522],[-38.492126814396492,-12.976817605695741]]},"properties":{"NOME_LOGRADOURO":"3ª Travessa Alto dos Coqueiros","CODLOG":1625,"HIERARQUIA":"VL","GMLID":null}},{"type":"Feature","geometry":{"type":"LineString","coordinates":[[-38.508760826455983,-12.9801217715268],[-38.508825719805728,-12.979868575827521],[-38.508892834847579,-12.979606614948466],[-38.508986972391625,-12.979134600558378],[-38.509015451474646,-12.979034665827083],[-38.50901736476434,-12.979028069368114],[-38.509110312187595,-12.978620060405133],[-38.509181679138266,-12.978321854512092],[-38.509241158467489,-12.978076513536569],[-38.509272125694451,-12.977948014796029],[-38.509291825862924,-12.9778658725266],[-38.509424023509069,-12.977331006983826],[-38.509461325786468,-12.977189863459914]]},"properties":{"NOME_LOGRADOURO":"Ladeira da Independência","CODLOG":791,"HIERARQUIA":"VC-I / VC-II","GMLID":null}},{"type":"Feature","geometry":{"type":"LineString","coordinates":[[-38.51023169017374,-12.9701294906017],[-38.510079753943153,-12.969836829180684],[-38.509988196242503,-12.969614798801761],[-38.50980101200971,-12.969230307301292],[-38.509736263776674,-12.969100270839384]]},"properties":{"NOME_LOGRADOURO":"Rua Torquato Bahia","CODLOG":1514,"HIERARQUIA":"VL","GMLID":null}},{"type":"Feature","geometry":{"type":"LineString","coordinates":[[-38.510556898260042,-12.969951281756508],[-38.50991815338854,-12.969004422592086]]},"properties":{"NOME_LOGRADOURO":"Rua Riachuelo","CODLOG":1312,"HIERARQUIA":"VL","GMLID":null}},{"type":"Feature","geometry":{"type":"LineString","coordinates":[[-38.509057875868137,-12.969298423254015],[-38.509338846702555,-12.969154395178474]]},"properties":{"NOME_LOGRADOURO":"Travessa Campos Sales","CODLOG":13199,"HIERARQUIA":"VL","GMLID":null}},{"type":"Feature","geometry":{"type":"LineString","coordinates":[[-38.510963141645249,-12.993826666304875],[-38.510843673608406,-12.99371985116529],[-38.510717508758482,-12.993616639428796]]},"properties":{"NOME_LOGRADOURO":"Vila do Carvão","CODLOG":11384,"HIERARQUIA":"VL","GMLID":null}},{"type":"Feature","geometry":{"type":"LineString","coordinates":[[-38.513152125625183,-12.97542947092963],[-38.513434279497226,-12.975187349392996],[-38.513473878687002,-12.975153883225584],[-38.513533284352434,-12.975218003010765],[-38.513583968377887,-12.975270805238436],[-38.513623465746683,-12.975329100625309],[-38.513668577562662,-12.975393012812843],[-38.513741940629799,-12.975473521838355],[-38.513778660775863,-12.975513369054044],[-38.513852024570639,-12.975593065136241],[-38.513939518106611,-12.975679205918537],[-38.514055185360839,-12.975782033765224],[-38.514162515959406,-12.975870924256517],[-38.514467512684405,-12.976120746632647]]},"properties":{"NOME_LOGRADOURO":"Rua do Pau da Bandeira","CODLOG":251,"HIERARQUIA":"VL","GMLID":null}},{"type":"Feature","geometry":{"type":"LineString","coordinates":[[-38.505276877455167,-12.967179338366355],[-38.505134060762416,-12.967084591585767],[-38.504909306288354,-12.966827227128871],[-38.504865844997809,-12.96689151304596],[-38.504640818116144,-12.967195301400952]]},"properties":{"NOME_LOGRADOURO":"Praça dos Quinze Mistérios","CODLOG":1286,"HIERARQUIA":"VL","GMLID":null}},{"type":"Feature","geometry":{"type":"LineString","coordinates":[[-38.515972327911776,-12.977737590898846],[-38.516560690646635,-12.978536888291792],[-38.516634457598904,-12.978645062641231],[-38.516716015958259,-12.978774224482699],[-38.516783236958148,-12.978886453920628],[-38.516845145914694,-12.978993520188979],[-38.516916657355523,-12.979128179198751],[-38.516945161894483,-12.97917054261686],[-38.516958874229168,-12.979196062337182],[-38.516975903652295,-12.979236143832729],[-38.516992689400389,-12.979284000469235],[-38.517002125398648,-12.979319005904973],[-38.517016966134385,-12.979390002150195],[-38.517027087745277,-12.979424737584823],[-38.517041453319017,-12.979465808798565],[-38.517057570167843,-12.979506250292211],[-38.517073092381217,-12.979539006415168],[-38.517111443837706,-12.979600825727386],[-38.517159530511115,-12.979661125890818],[-38.517196603076712,-12.979715801097877],[-38.517233585048167,-12.979778249917793],[-38.517265275037275,-12.979864286063737],[-38.517302337538652,-12.979924204044861],[-38.517356593507806,-12.979978911118144],[-38.517400025165017,-12.9800084646345],[-38.517467830857903,-12.980054516986751],[-38.517560551651862,-12.980111916777529],[-38.517626743498568,-12.980166736359635],[-38.51763462154846,-12.98018202998146],[-38.51764810516336,-12.980207639667917],[-38.517682343295732,-12.980273429042443],[-38.517753681786822,-12.980419297428925],[-38.517872626241598,-12.980599066443981],[-38.518007718325464,-12.980763315047398],[-38.518120799623681,-12.980868487422958],[-38.51812292533657,-12.980870209425067],[-38.518182518015337,-12.980917060203176],[-38.518293821147907,-12.980958854362562],[-38.518421018957078,-12.980998146927258],[-38.518545727909398,-12.981027037825049],[-38.518633188335642,-12.981053146995089],[-38.51870745960823,-12.981097493844249],[-38.518770890264399,-12.981165326441033],[-38.518815820862507,-12.981246051870617],[-38.518832385426428,-12.981290744037842],[-38.518837074801709,-12.981303318993962],[-38.518847512225882,-12.98137105262427],[-38.518844712098108,-12.981443824627309],[-38.518764773790103,-12.981617979723229],[-38.518698134980447,-12.981755816927986],[-38.518614050977796,-12.98187147145941]]},"properties":{"NOME_LOGRADOURO":"Rua Visconde de Mauá","CODLOG":1038,"HIERARQUIA":"VL","GMLID":null}},{"type":"Feature","geometry":{"type":"LineString","coordinates":[[-38.504247436294349,-12.96155752570777],[-38.504383461138382,-12.961470904850533],[-38.504518346856905,-12.961384011382522],[-38.504769892594396,-12.961199790768497],[-38.504963212925119,-12.961049633325491],[-38.505259779267547,-12.960819210433247],[-38.505439250225294,-12.96067544462943],[-38.505673482816107,-12.960441558069698]]},"properties":{"NOME_LOGRADOURO":"Rua dos Estivadores","CODLOG":10906,"HIERARQUIA":"VL","GMLID":null}},{"type":"Feature","geometry":{"type":"LineString","coordinates":[[-38.499107247018379,-12.96123928437405],[-38.499174727642561,-12.961063664546268],[-38.499393124807625,-12.961113535648048]]},"properties":{"NOME_LOGRADOURO":"1ª Vila Toni","CODLOG":11695,"HIERARQUIA":"VL","GMLID":null}},{"type":"Feature","geometry":{"type":"LineString","coordinates":[[-38.498358414231113,-12.994331067728949],[-38.498342104571435,-12.994425419982257],[-38.498312051606263,-12.994510705099962],[-38.498290627153516,-12.994540226978252],[-38.49830189274266,-12.994571800400855],[-38.498314165524356,-12.994594063897049],[-38.498318238177994,-12.994648857895303],[-38.49832945266666,-12.994668226681519],[-38.498338460399296,-12.994688133751106],[-38.498337978121462,-12.994739121143729],[-38.498335490781933,-12.994765967768421]]},"properties":{"NOME_LOGRADOURO":"Avenida das Esmeraldas","CODLOG":14942,"HIERARQUIA":"VL","GMLID":null}},{"type":"Feature","geometry":{"type":"LineString","coordinates":[[-38.498474426882154,-12.998623595117095],[-38.498632856083439,-12.99863935984712],[-38.498695776428761,-12.99865846671595],[-38.498699226993445,-12.99864652564592],[-38.498734621389744,-12.998648040734654],[-38.498752395962697,-12.998610470385854],[-38.498818831000563,-12.998578780160152],[-38.498846418738964,-12.998550870653641]]},"properties":{"NOME_LOGRADOURO":"Travessa Edith","CODLOG":14948,"HIERARQUIA":"VL","GMLID":null}},{"type":"Feature","geometry":{"type":"LineString","coordinates":[[-38.511498719633316,-12.999002536032499],[-38.511504369687714,-12.999029306796276],[-38.511510854022028,-12.999057616340274],[-38.511517489585387,-12.999085926168497],[-38.511523820673595,-12.999114325848161],[-38.511529239785972,-12.999142723812652],[-38.51153329012061,-12.999171299147159],[-38.511535515223777,-12.999200052801825],[-38.511537055191582,-12.999228805168029],[-38.511538215991095,-12.999257647245335],[-38.511538919066808,-12.999286668405974],[-38.511539166789824,-12.999315599190286],[-38.511539262185913,-12.999344620112291],[-38.511538901310466,-12.999373548847762],[-38.511538389028281,-12.999402568626882],[-38.511537648061484,-12.999431587071642],[-38.511536830733348,-12.999460515852771],[-38.511535709850016,-12.999489534487168],[-38.511534664935724,-12.999518371511705],[-38.511533392078341,-12.999547299435955],[-38.511532270448569,-12.999576227644512],[-38.511530997415278,-12.999605245088237],[-38.51152964802052,-12.999634172868312],[-38.511528070684228,-12.999663190643819],[-38.511526569140109,-12.99969211723336],[-38.511524763861722,-12.999721225004221],[-38.51152273025005,-12.999750151497194],[-38.511520469052066,-12.99977898623361],[-38.511517979165184,-12.999807821444088],[-38.511515033748815,-12.999836655797756],[-38.51151186092271,-12.999865307970969],[-38.511508307433942,-12.999893869908185],[-38.51150414551968,-12.9999223402768],[-38.511497475390733,-12.999950353806893],[-38.511496750831036,-13.000010110177394],[-38.51149485982296,-13.000160362695222],[-38.511497084397469,-13.00018938671554],[-38.511497407373135,-13.000218498487706],[-38.511496590781441,-13.000247516788056],[-38.511495089402771,-13.000276353856233],[-38.511492904729188,-13.000305189639153],[-38.511490339217389,-13.00033402470569],[-38.511487545019655,-13.000362858437752],[-38.51148482735578,-13.00039169321788],[-38.511482338379963,-13.000420527523795],[-38.511415364210407,-13.001103970428687],[-38.511398477696275,-13.001413854893739],[-38.511375191037466,-13.001538301671822],[-38.511344772112558,-13.001732258561695],[-38.511340150678947,-13.001762265268431],[-38.511332984816143,-13.00188665194613],[-38.51132810966886,-13.002043951003868],[-38.511297447348504,-13.002322167379592],[-38.511248406543295,-13.002665983540433],[-38.511213477760329,-13.00283326129281],[-38.511203928586504,-13.003008724081372],[-38.511221731599598,-13.003309633163978],[-38.511253530244815,-13.003569885845986],[-38.51126935869069,-13.003716917301031],[-38.511287633359458,-13.003818840741996],[-38.511331265288852,-13.003939979113847],[-38.511372632882811,-13.004014733759155],[-38.511464631338576,-13.004132527003252],[-38.511759376854513,-13.004463432521147],[-38.511833033634517,-13.004551808723503],[-38.511934215027168,-13.004678660587599],[-38.512012556598037,-13.00474335984137],[-38.51207255310338,-13.004779726355519],[-38.512218731899203,-13.004838043384488],[-38.512436785548125,-13.004925155252169],[-38.51250587935418,-13.004975100569567],[-38.512556484084961,-13.005031699835163],[-38.512653161991679,-13.005167674011423],[-38.512680788056187,-13.005232186544761],[-38.512715258556192,-13.005295626830957],[-38.512772729129686,-13.005379453001632],[-38.512791098416621,-13.005433732029598],[-38.512800254071685,-13.005494864195761],[-38.512795494572686,-13.005555970249732],[-38.512779115154835,-13.005648697532097],[-38.512723366547533,-13.005847668951885],[-38.512653702659101,-13.006046615137478],[-38.512623559939229,-13.006139406087527],[-38.512539907435034,-13.006414086952528],[-38.512381859752203,-13.007049622994973],[-38.512291345156498,-13.007294907523359],[-38.512212551592931,-13.007457763484389],[-38.512097827835923,-13.007640983224661]]},"properties":{"NOME_LOGRADOURO":"Rua Professor Aristides Novis","CODLOG":158,"HIERARQUIA":"VC-II","GMLID":null}},{"type":"Feature","geometry":{"type":"LineString","coordinates":[[-38.501282356683809,-12.970540678153426],[-38.501308703016385,-12.970443631953787],[-38.501374083123594,-12.970101117931536],[-38.501379768479076,-12.970071385565477],[-38.501390550264247,-12.970001612241219],[-38.501483958635106,-12.970015533836467],[-38.501539820435276,-12.970024500588503]]},"properties":{"NOME_LOGRADOURO":"Travessa Prado Valadares","CODLOG":3621,"HIERARQUIA":"VL","GMLID":null}},{"type":"Feature","geometry":{"type":"LineString","coordinates":[[-38.512102385733435,-12.979772249366968],[-38.512108844254421,-12.979345091460432],[-38.512128307419808,-12.979150030207]]},"properties":{"NOME_LOGRADOURO":"Travessa Antonio Bacellar","CODLOG":110,"HIERARQUIA":"VL","GMLID":null}},{"type":"Feature","geometry":{"type":"LineString","coordinates":[[-38.509398179059453,-12.975814633557086],[-38.509364846287731,-12.975930416935192],[-38.509304245469785,-12.976139121371496],[-38.509249555062091,-12.976403177529541]]},"properties":{"NOME_LOGRADOURO":"Vila Soares","CODLOG":2875,"HIERARQUIA":"VL","GMLID":null}},{"type":"Feature","geometry":{"type":"LineString","coordinates":[[-38.509880776602735,-12.976683477486107],[-38.50978093860212,-12.976534931085137],[-38.509764712620118,-12.976512298948812],[-38.509704661980848,-12.976429011678345],[-38.509655824191462,-12.976365543935755],[-38.509612799150474,-12.976323152393658],[-38.509499265129747,-12.976257573338184]]},"properties":{"NOME_LOGRADOURO":"Beco dos Cravos","CODLOG":470,"HIERARQUIA":"VL","GMLID":null}},{"type":"Feature","geometry":{"type":"LineString","coordinates":[[-38.490007129698355,-12.971461325130175],[-38.489696018639805,-12.970827962579921],[-38.489603779042639,-12.970687381085087],[-38.489324071686546,-12.97038903416259],[-38.489251240570887,-12.970312317400021],[-38.489013095371718,-12.970101294714796],[-38.488905905187465,-12.970022068955492],[-38.488792725816282,-12.969972123380424],[-38.488661449922141,-12.96996020352748],[-38.48854516803933,-12.969977513730688],[-38.488461524086254,-12.970021196920767],[-38.488386862019439,-12.97009708148731],[-38.48834771325069,-12.970243281812147],[-38.488342879778287,-12.9704509358008],[-38.488372901880219,-12.970790470429161],[-38.488393934266853,-12.971027195062744],[-38.488450843738917,-12.971603465805778],[-38.488506456967905,-12.97210668486375],[-38.488516332641495,-12.972222695786844]]},"properties":{"NOME_LOGRADOURO":"Rua Bernardo Spector","CODLOG":3541,"HIERARQUIA":"VL","GMLID":null}},{"type":"Feature","geometry":{"type":"LineString","coordinates":[[-38.494309234614974,-12.979162651943311],[-38.494274241609368,-12.979203425777021],[-38.494205642784038,-12.979369571509741],[-38.494163556342976,-12.979483795706221],[-38.494114784938695,-12.979595771608068],[-38.494088470163391,-12.979662993260032],[-38.494067713581437,-12.979716948746304],[-38.494052820114277,-12.979789235561149],[-38.494040840240274,-12.979878884046903],[-38.494026336162804,-12.97994691806576],[-38.494010608613159,-12.979978891278577],[-38.493984468170396,-12.980009579199612],[-38.493930949243421,-12.980043919430997],[-38.493846250085198,-12.980080146712519],[-38.493801994842833,-12.980085845924522],[-38.493739036526179,-12.980102114570419],[-38.493701649782501,-12.980114576389338],[-38.493650489975181,-12.980130868883332]]},"properties":{"NOME_LOGRADOURO":"1ª Travessa Gandarela","CODLOG":9946,"HIERARQUIA":"VL","GMLID":null}},{"type":"Feature","geometry":{"type":"LineString","coordinates":[[-38.499491484292463,-12.973192197544822],[-38.498875366331468,-12.972915635707537]]},"properties":{"NOME_LOGRADOURO":"Vila São Salvador","CODLOG":3677,"HIERARQUIA":"VL","GMLID":null}},{"type":"Feature","geometry":{"type":"LineString","coordinates":[[-38.499552890479343,-12.97335721688575],[-38.499421407093649,-12.973295669029682],[-38.498641745893792,-12.972945742792334],[-38.498510355956533,-12.972875515752486]]},"properties":{"NOME_LOGRADOURO":"Vila Operária São Salvador","CODLOG":1124,"HIERARQUIA":"VL","GMLID":null}},{"type":"Feature","geometry":{"type":"LineString","coordinates":[[-38.494292264515359,-12.98718716349329],[-38.494241940504871,-12.987144665750362],[-38.494189245237322,-12.987108852052993],[-38.494095559346349,-12.987228277289557]]},"properties":{"NOME_LOGRADOURO":"6ª Travessa da Amendoeira","CODLOG":16674,"HIERARQUIA":"VL","GMLID":null}},{"type":"Feature","geometry":{"type":"LineString","coordinates":[[-38.490594444388798,-12.976885219282897],[-38.490494142454828,-12.976894154799993],[-38.490350715466775,-12.976910960408986],[-38.490232657745516,-12.976939840243574],[-38.490111095533834,-12.976972690910774],[-38.489972188330476,-12.977010299089264],[-38.489702804905555,-12.977089147815276],[-38.489672532618371,-12.977095417216718],[-38.489647431477351,-12.977100611669817],[-38.489443902683675,-12.97713610345561],[-38.488937539577492,-12.977211955231333],[-38.488637429271989,-12.977258919529158],[-38.487928141788856,-12.977371890028254],[-38.487697853604558,-12.977405791453217],[-38.487556264051911,-12.9774161799187],[-38.487415054553104,-12.977426479535715],[-38.48712825710637,-12.977432514348134],[-38.486938976191908,-12.977415777992995],[-38.486572019970403,-12.977395436549537],[-38.486404058362083,-12.977401252945148],[-38.486262697455182,-12.977411189940183],[-38.486191581311139,-12.97742470081096],[-38.486100766527137,-12.977441880136039],[-38.485986122387558,-12.977474380816076],[-38.485911341188356,-12.977495478177545],[-38.485514200209728,-12.97762397502323],[-38.48539807743213,-12.977672835644764],[-38.485259518501124,-12.977762516243548],[-38.485150907952999,-12.977855510396633],[-38.485059784709563,-12.977948538212267],[-38.485012978141995,-12.978009017892109],[-38.484927644790943,-12.978133157553376],[-38.48487650628126,-12.978229519726918],[-38.484591831916582,-12.97879164365415],[-38.484518206905342,-12.978915896779167],[-38.484454722032233,-12.978989361635005],[-38.484351989282722,-12.979070885930414],[-38.484257277350224,-12.979134072726605],[-38.48394359983174,-12.979343284006784],[-38.483776608346915,-12.979467261224526],[-38.483685029227452,-12.979522860210819],[-38.483564445807779,-12.979596030639234],[-38.483212892223321,-12.979737360460387],[-38.483156024178655,-12.979772506491075],[-38.483000393898713,-12.979880684274079],[-38.482742947137339,-12.980067766009427],[-38.482539445204857,-12.98019926358266],[-38.482308939820236,-12.980336583896067],[-38.482081416724675,-12.980465141521789],[-38.481790442278388,-12.980577298023496]]},"properties":{"NOME_LOGRADOURO":"Rua Edson Saldanha","CODLOG":2474,"HIERARQUIA":"VC-II","GMLID":null}},{"type":"Feature","geometry":{"type":"LineString","coordinates":[[-38.497873242979018,-12.97412279960521],[-38.497675423280285,-12.973815488221208]]},"properties":{"NOME_LOGRADOURO":"Vila Alegria do Castro Neves","CODLOG":14525,"HIERARQUIA":"VL","GMLID":null}},{"type":"Feature","geometry":{"type":"LineString","coordinates":[[-38.498361275642509,-12.972945384057457],[-38.498272246209844,-12.97286927145683],[-38.498214783130557,-12.972824048022574],[-38.498056271403904,-12.972705852670529],[-38.497807564929794,-12.972524560599572],[-38.497758819215242,-12.97249201056793],[-38.497702398375637,-12.972457728558222],[-38.497651365638475,-12.97242860930896],[-38.49759895955409,-12.972402019276775],[-38.49757344310521,-12.972387504855506],[-38.497434642142849,-12.972297734969803]]},"properties":{"NOME_LOGRADOURO":"Rua dos Tupys","CODLOG":1532,"HIERARQUIA":"VL","GMLID":null}},{"type":"Feature","geometry":{"type":"LineString","coordinates":[[-38.496696544392485,-12.97222751024235],[-38.496650163001149,-12.972683701961492],[-38.496664877663228,-12.972701088250794],[-38.496686440112562,-12.972716227178163],[-38.49702452588204,-12.972760908367681]]},"properties":{"NOME_LOGRADOURO":"Travessa Júlia Leite","CODLOG":6411,"HIERARQUIA":"VL","GMLID":null}},{"type":"Feature","geometry":{"type":"LineString","coordinates":[[-38.527343664143523,-12.996432137184993],[-38.527242227685861,-12.996557874938802],[-38.527211564609019,-12.996583670572758],[-38.52713834947064,-12.996626067538349],[-38.526985975428339,-12.996705847400753],[-38.52653450617602,-12.996948622912448],[-38.526462357446768,-12.996984834785538],[-38.526349254882909,-12.997045741927838],[-38.525980492078745,-12.997243779640547],[-38.525851095839499,-12.997316138914591],[-38.525728777520364,-12.997384714123299],[-38.525343632793842,-12.997600440546924],[-38.525020609783489,-12.997775417192569],[-38.524918612649287,-12.997833360890315],[-38.524875145756681,-12.997860493703611],[-38.524823439820629,-12.997901623598841],[-38.524790385882127,-12.99793049260294],[-38.524758620896947,-12.997960902079098],[-38.524703612985427,-12.998019383769472],[-38.52462245715865,-12.998113348043841],[-38.524387832794496,-12.998382960985573],[-38.524250341864111,-12.998553214286853],[-38.52420332200699,-12.998608817815219],[-38.524144235002296,-12.998652918048093],[-38.52378714264492,-12.998829457392871]]},"properties":{"NOME_LOGRADOURO":"Rua da Graça","CODLOG":737,"HIERARQUIA":"VC-I","GMLID":null}},{"type":"Feature","geometry":{"type":"LineString","coordinates":[[-38.514381996213274,-12.976779288035704],[-38.513846040918239,-12.976638876200193],[-38.513618907345148,-12.976579956145857],[-38.513398159738585,-12.976521139168971],[-38.513085782278225,-12.976431230827394],[-38.513029857019745,-12.976415033331204],[-38.512990116527426,-12.97640347685825],[-38.512889341805568,-12.976383759250208],[-38.512395532879061,-12.976269370655544],[-38.512316804273212,-12.976251050510708],[-38.512146133507613,-12.976205344746367],[-38.511918016764625,-12.976144161683326],[-38.511798408840946,-12.976113017570897],[-38.511721659606998,-12.976092983804318],[-38.511634979674369,-12.976058013164399],[-38.511497018829346,-12.97596490553493],[-38.511353819302279,-12.975867900653318]]},"properties":{"NOME_LOGRADOURO":"Rua Ruy Barbosa","CODLOG":1367,"HIERARQUIA":"VL","GMLID":null}},{"type":"Feature","geometry":{"type":"LineString","coordinates":[[-38.508178715702222,-12.975414741877454],[-38.508134751373028,-12.975618705775407],[-38.508105559570801,-12.975849548186531],[-38.508121920471162,-12.976035635291886],[-38.508128979196897,-12.976080400535873],[-38.50811911075013,-12.976188688510055],[-38.50810447713917,-12.976400663366441],[-38.508091590182602,-12.976574942719365]]},"properties":{"NOME_LOGRADOURO":"Rua Barão do Desterro","CODLOG":503,"HIERARQUIA":"VL","GMLID":null}},{"type":"Feature","geometry":{"type":"LineString","coordinates":[[-38.512003041697362,-12.977184267338433],[-38.512070947318811,-12.976982879498212],[-38.512212460978169,-12.976579662313879]]},"properties":{"NOME_LOGRADOURO":"Avenida Baltazar","CODLOG":204,"HIERARQUIA":"VL","GMLID":null}},{"type":"Feature","geometry":{"type":"LineString","coordinates":[[-38.511099602532596,-12.973675968747056],[-38.51071031643459,-12.974000696976182],[-38.510709783540747,-12.974001148095994],[-38.510602922330314,-12.974100935689679],[-38.510407646803728,-12.974275503321218],[-38.510351367616025,-12.974323674085998],[-38.510226626344661,-12.974430388733836],[-38.51001037951611,-12.974637010886362],[-38.509830156053511,-12.974811696817719]]},"properties":{"NOME_LOGRADOURO":"Rua 3 de Maio","CODLOG":1518,"HIERARQUIA":"VL","GMLID":null}},{"type":"Feature","geometry":{"type":"LineString","coordinates":[[-38.51001037951611,-12.974637010886362],[-38.509794904390631,-12.974410405818251],[-38.509677829504945,-12.974290305156684]]},"properties":{"NOME_LOGRADOURO":"Beco do Seminário","CODLOG":1279,"HIERARQUIA":"VL","GMLID":null}},{"type":"Feature","geometry":{"type":"LineString","coordinates":[[-38.48994728275715,-12.984198173622195],[-38.490188355199344,-12.984509280980239],[-38.490273040394776,-12.984591264481192],[-38.490316772639588,-12.984621816778047],[-38.490329679705326,-12.984630882672958],[-38.490369767777004,-12.984658806425392],[-38.490391408462742,-12.9846729522767],[-38.490437044060002,-12.984702513620091],[-38.490651993738979,-12.984923435601459],[-38.491125406874197,-12.985430002949174],[-38.491197168989103,-12.985511056631529]]},"properties":{"NOME_LOGRADOURO":"Rua Levino Amorim","CODLOG":2259,"HIERARQUIA":"VL","GMLID":null}},{"type":"Feature","geometry":{"type":"LineString","coordinates":[[-38.490329679705326,-12.984630882672958],[-38.490366976969881,-12.984610705314177],[-38.490394756146458,-12.984597108442125],[-38.49055032130525,-12.984483771965186],[-38.490626968264152,-12.984442968171642]]},"properties":{"NOME_LOGRADOURO":"Avenida Levino Amorim","CODLOG":16682,"HIERARQUIA":"VL","GMLID":null}},{"type":"Feature","geometry":{"type":"LineString","coordinates":[[-38.511344772112558,-13.001732258561695],[-38.511211338854423,-13.001574245298094],[-38.511001828037315,-13.001361120782347],[-38.510840107358661,-13.001204320013628],[-38.510815668955637,-13.001181762884416],[-38.510776430585317,-13.001145435208127],[-38.510733189450661,-13.001095358223273],[-38.510693743179573,-13.001048904444078],[-38.510653115570982,-13.000985090608294],[-38.510630277020702,-13.000922575320221],[-38.510617650124942,-13.000848778962531],[-38.510621575390275,-13.000786315006847],[-38.510635685363546,-13.000726311693699],[-38.510656307199568,-13.000680062410943],[-38.510675458513361,-13.00064637660393],[-38.510712481432755,-13.000611368101119],[-38.510819325218336,-13.000527853747815],[-38.510840190673463,-13.000511619405971],[-38.510971684032555,-13.000420918378834],[-38.511311047857312,-13.00017809632817],[-38.511371896389754,-13.00012902999487],[-38.511496750831036,-13.000010110177394]]},"properties":{"NOME_LOGRADOURO":"Rua Padre Camilo Torrend","CODLOG":5983,"HIERARQUIA":"VL","GMLID":null}},{"type":"Feature","geometry":{"type":"LineString","coordinates":[[-38.52706980785716,-12.995813916227672],[-38.52698687309087,-12.995844050193584],[-38.526911467441188,-12.995873656199915],[-38.526850212231452,-12.995899038910988],[-38.526810259133804,-12.995917409110094],[-38.526781323833141,-12.995939957085014],[-38.526719618059587,-12.996002134442273],[-38.526688407601959,-12.996021424791538],[-38.52652397615757,-12.996085673738682],[-38.526441495285837,-12.996117074293569],[-38.526411442925337,-12.996127145238789]]},"properties":{"NOME_LOGRADOURO":"Rua Bráulio Xavier","CODLOG":292,"HIERARQUIA":"VL","GMLID":null}},{"type":"Feature","geometry":{"type":"LineString","coordinates":[[-38.500754909629826,-12.965681403627881],[-38.50132231851115,-12.965778417593773]]},"properties":{"NOME_LOGRADOURO":"Travessa Emídio dos Santos","CODLOG":2981,"HIERARQUIA":"VC-II","GMLID":null}},{"type":"Feature","geometry":{"type":"LineString","coordinates":[[-38.497965888417802,-12.97008009794021],[-38.497962857111077,-12.970264791727358],[-38.497938870348584,-12.970359763243708],[-38.497916194720823,-12.97048321458853],[-38.497884688210554,-12.970612072538962],[-38.497830633295116,-12.970725519382993],[-38.49780574599523,-12.970776640627063]]},"properties":{"NOME_LOGRADOURO":"Vila Curva do Machado","CODLOG":1940,"HIERARQUIA":"VL","GMLID":null}},{"type":"Feature","geometry":{"type":"LineString","coordinates":[[-38.522497246865633,-12.998053289480916],[-38.522408434633654,-12.998055205069582],[-38.522379320025578,-12.998052078017201],[-38.522343522772729,-12.998044146183956],[-38.522301043798272,-12.998031410473104],[-38.522189192245065,-12.997993865841588],[-38.52189574234427,-12.997891074083444],[-38.521222903203558,-12.997657304199565]]},"properties":{"NOME_LOGRADOURO":"Rua Barão de Capanema","CODLOG":363,"HIERARQUIA":"VL","GMLID":null}},{"type":"Feature","geometry":{"type":"LineString","coordinates":[[-38.518808382164998,-12.993294238213661],[-38.518654599494674,-12.993079689340954],[-38.518615048344252,-12.993047792139214],[-38.518575926368783,-12.993029095870199],[-38.518535807251368,-12.993015370181809],[-38.518499247561635,-12.9930092449176],[-38.518452871669965,-12.993007169648886],[-38.51840083824402,-12.993020633254154],[-38.518352696266433,-12.993067013090425],[-38.518270873379535,-12.993151751777281],[-38.518157005282788,-12.993254784443106],[-38.518092470676272,-12.993324277031411],[-38.518054715682737,-12.993385682890072],[-38.518025042021826,-12.99343607467736],[-38.518022249778639,-12.993464818101979],[-38.518025692028964,-12.99349348357006],[-38.518034991312895,-12.99352080353666],[-38.518049997576668,-12.993545693535307],[-38.518152937632323,-12.993708254864979],[-38.518172950364722,-12.993739663787167],[-38.518420547610376,-12.994156807987148]]},"properties":{"NOME_LOGRADOURO":"Rua Doutor Clemente Ferreira","CODLOG":428,"HIERARQUIA":"VL","GMLID":null}},{"type":"Feature","geometry":{"type":"LineString","coordinates":[[-38.513845586422917,-12.973779227405469],[-38.513517539542157,-12.97400806262922],[-38.51325782315125,-12.973816275104545],[-38.513154015919362,-12.973714101184864],[-38.512964722494317,-12.973511144787347],[-38.513143104650474,-12.973343413987465],[-38.513512283270821,-12.972996133217864]]},"properties":{"NOME_LOGRADOURO":"Praça Maria Felipa","CODLOG":405,"HIERARQUIA":"VA-II","GMLID":null}},{"type":"Feature","geometry":{"type":"LineString","coordinates":[[-38.511091113848835,-12.996583487733741],[-38.511081510636025,-12.996672700274507],[-38.510989904525893,-12.9966993214602],[-38.510878455882889,-12.99675678421902]]},"properties":{"NOME_LOGRADOURO":"Avenida Raul","CODLOG":11251,"HIERARQUIA":"VL","GMLID":null}},{"type":"Feature","geometry":{"type":"LineString","coordinates":[[-38.511439840474118,-12.996565793974787],[-38.511448846473748,-12.996665435792014],[-38.511440622018853,-12.996791389397199],[-38.511408939777915,-12.997080041672374]]},"properties":{"NOME_LOGRADOURO":"1ª Travessa Miguel Lemos","CODLOG":11200,"HIERARQUIA":"VL","GMLID":null}},{"type":"Feature","geometry":{"type":"LineString","coordinates":[[-38.506393514357981,-12.9968807711882],[-38.506377165655621,-12.996727501024351],[-38.506348381872854,-12.996633695473335],[-38.506334069690247,-12.99656559154864],[-38.506328504308371,-12.996457545809593],[-38.506309460352043,-12.99620627062475],[-38.506295162313144,-12.996131025023812],[-38.506270701455165,-12.996042832167257],[-38.506234713465837,-12.995939157583209],[-38.506150572522941,-12.995655121867848],[-38.506117404799681,-12.995548469535672],[-38.506104730581562,-12.99549799870891],[-38.506049879026584,-12.995282907378087],[-38.505971674621108,-12.994957567187351],[-38.505958795759305,-12.994895433055733],[-38.505948779217476,-12.994846775757587],[-38.505942663924998,-12.994824795579493],[-38.505913980426385,-12.994718694292814],[-38.505896333432538,-12.994645340303308],[-38.505865371042162,-12.99453851128432],[-38.505843089846891,-12.99442491876783],[-38.505824849866869,-12.994382392859919],[-38.505759603929199,-12.994233007405549],[-38.505669129859513,-12.994076341818074],[-38.505642682712093,-12.994031268408053],[-38.505609103959195,-12.993978769358131],[-38.505531555472608,-12.993860640873651],[-38.50550356889206,-12.993825599794638],[-38.505486048027741,-12.993803688325269],[-38.50538779076583,-12.993661019962239],[-38.505322209589131,-12.993566148686613],[-38.505255108994966,-12.993470731957617],[-38.505194380608991,-12.99338301249562],[-38.505081644043941,-12.99325704130583],[-38.505047455387974,-12.993243957822685],[-38.50501840593239,-12.993246071766537],[-38.504940965462055,-12.993265903464639],[-38.504863088246552,-12.993275789457964],[-38.504485854740594,-12.993292063813957],[-38.504450805031027,-12.993291454431906],[-38.504316459854657,-12.993288936694068],[-38.504197786022274,-12.993281657211917],[-38.504135608488582,-12.993272950086206],[-38.504102325740092,-12.993262941725845],[-38.50406107346835,-12.993245865972254],[-38.503971447246371,-12.993198863335609],[-38.503893068948948,-12.993154594867313],[-38.503802136752228,-12.993114732284276],[-38.503680017582887,-12.993081228413212],[-38.503629331566522,-12.993067299420032],[-38.503548921080423,-12.993050872180419],[-38.503467978198387,-12.993034623843068],[-38.503313696050697,-12.993001691314594],[-38.503141343891116,-12.992956066575676],[-38.502882521206644,-12.992882973658809],[-38.502686423894083,-12.992810181383236],[-38.502482431992568,-12.992731678033019],[-38.502289517539054,-12.992664677798818],[-38.502132833571622,-12.992616551440255],[-38.501986257576085,-12.992570343266673],[-38.50193558942847,-12.992547553323254],[-38.50189655351334,-12.992524786570408],[-38.501845983701187,-12.992490606071186],[-38.501623813712307,-12.992300867244021]]},"properties":{"NOME_LOGRADOURO":"Rua Ferreira Santos","CODLOG":616,"HIERARQUIA":"VL","GMLID":null}},{"type":"Feature","geometry":{"type":"LineString","coordinates":[[-38.505482622923715,-12.991305755647819],[-38.505543144685738,-12.991344385170105],[-38.50562230993016,-12.991375274568124],[-38.505736444373461,-12.991447365314034]]},"properties":{"NOME_LOGRADOURO":"Vila Regina","CODLOG":2023,"HIERARQUIA":"VL","GMLID":null}},{"type":"Feature","geometry":{"type":"LineString","coordinates":[[-38.505489707930565,-12.991222053517625],[-38.505554910687742,-12.991238541635687],[-38.505652918321111,-12.991276246875145],[-38.50576458733989,-12.991326274843061]]},"properties":{"NOME_LOGRADOURO":"Avenida Major","CODLOG":11151,"HIERARQUIA":"VL","GMLID":null}},{"type":"Feature","geometry":{"type":"LineString","coordinates":[[-38.505878131771965,-12.990426768257541],[-38.505775451013463,-12.990676454852295],[-38.505697681542514,-12.990824844058665],[-38.505883711509576,-12.990989196528],[-38.505851424645748,-12.991014267642036],[-38.50583414030416,-12.991026710603961],[-38.505915844258396,-12.991158226965393],[-38.50583691296184,-12.991278587925029],[-38.505761272918683,-12.991233692260204],[-38.505743945112783,-12.991191168079311],[-38.505643465686212,-12.991134652655511],[-38.505531388972884,-12.99109872822695]]},"properties":{"NOME_LOGRADOURO":"Vila do Major","CODLOG":11089,"HIERARQUIA":"VL","GMLID":null}},{"type":"Feature","geometry":{"type":"LineString","coordinates":[[-38.506547258787386,-12.991330208924236],[-38.506491083136396,-12.991324044743205],[-38.506466719819038,-12.991340723337911],[-38.506448256680017,-12.991372963383295],[-38.506390887872982,-12.991392924080387],[-38.506272963338652,-12.991430579680793],[-38.506124237490795,-12.991472243976329],[-38.506026038304881,-12.991493121663696]]},"properties":{"NOME_LOGRADOURO":"2ª Travessa Nipônica","CODLOG":2107,"HIERARQUIA":"VL","GMLID":null}},{"type":"Feature","geometry":{"type":"LineString","coordinates":[[-38.506900335722193,-12.991995458916463],[-38.506733070531027,-12.991991975744677],[-38.506569215783429,-12.991993833063622],[-38.506405415168594,-12.991968749399584],[-38.506344920690402,-12.991954440611428],[-38.50624916446953,-12.991931656273454],[-38.506158174603037,-12.991920995086035],[-38.506102683204269,-12.991914741693181]]},"properties":{"NOME_LOGRADOURO":"Avenida Raquel","CODLOG":5955,"HIERARQUIA":"VL","GMLID":null}},{"type":"Feature","geometry":{"type":"LineString","coordinates":[[-38.505201221401094,-12.99276889533664],[-38.505166869285738,-12.992722903492478],[-38.50505259005174,-12.99257007880488],[-38.505031963911335,-12.992542465574656],[-38.504915556940333,-12.99265805367857],[-38.504818943374978,-12.992760750596084],[-38.504732177691075,-12.99284393914539]]},"properties":{"NOME_LOGRADOURO":"1ª Travessa Maria Eugênia","CODLOG":11149,"HIERARQUIA":"VL","GMLID":null}},{"type":"Feature","geometry":{"type":"LineString","coordinates":[[-38.506327244005519,-12.992666808543275],[-38.506322530077441,-12.992512384925046],[-38.506217340527833,-12.99245369148243],[-38.506195489089315,-12.992430596316943],[-38.506021127973909,-12.992247100820769],[-38.505993281459411,-12.992217755879398],[-38.505922493935422,-12.992102985150373],[-38.505912226149064,-12.992104502840476],[-38.505905383291548,-12.992104489830702],[-38.505776328468784,-12.992117984389511],[-38.505705404260482,-12.992149310785278],[-38.505570323372595,-12.992211342518797],[-38.505465974609187,-12.992265657992425],[-38.5052940822195,-12.99237209917427],[-38.505164046818301,-12.99245882156954],[-38.505112856299171,-12.992507362346705],[-38.50505259005174,-12.99257007880488]]},"properties":{"NOME_LOGRADOURO":"2ª Travessa Maria Eugênia","CODLOG":5956,"HIERARQUIA":"VL","GMLID":null}},{"type":"Feature","geometry":{"type":"LineString","coordinates":[[-38.5052940822195,-12.99237209917427],[-38.505426709614611,-12.992589599302676],[-38.505166869285738,-12.992722903492478]]},"properties":{"NOME_LOGRADOURO":"3ª Travessa Maria Eugênia","CODLOG":11078,"HIERARQUIA":"VL","GMLID":null}},{"type":"Feature","geometry":{"type":"LineString","coordinates":[[-38.505543868209791,-12.992747852954016],[-38.505602905293657,-12.992614255053597],[-38.505656444399619,-12.992531183844763],[-38.505719503062245,-12.992478959043691],[-38.505811265288749,-12.992445593423401],[-38.505912603206404,-12.992452477501107]]},"properties":{"NOME_LOGRADOURO":"1ª Avenida Padre Domingos de Brito","CODLOG":11152,"HIERARQUIA":"VL","GMLID":null}},{"type":"Feature","geometry":{"type":"LineString","coordinates":[[-38.506322530077441,-12.992512384925046],[-38.506371085812532,-12.992450368406235],[-38.506417893736348,-12.992387626068409],[-38.506427736144559,-12.992293350421551],[-38.50644693907828,-12.992232996195105]]},"properties":{"NOME_LOGRADOURO":"Avenida da Ribanceira","CODLOG":11156,"HIERARQUIA":"VL","GMLID":null}},{"type":"Feature","geometry":{"type":"LineString","coordinates":[[-38.506344920690402,-12.991954440611428],[-38.506344498108582,-12.991976046668153],[-38.506352917670753,-12.992063395244772],[-38.506344180953292,-12.992136607771851],[-38.506320883703829,-12.992190988025108],[-38.506303915116732,-12.992236339688509],[-38.506281423290666,-12.992306361234093],[-38.506264337074185,-12.992372505711426],[-38.50622061716291,-12.992411477753448],[-38.506195489089315,-12.992430596316943]]},"properties":{"NOME_LOGRADOURO":"Avenida da Serpente","CODLOG":11090,"HIERARQUIA":"VL","GMLID":null}},{"type":"Feature","geometry":{"type":"LineString","coordinates":[[-38.505372269252618,-12.99274408937154],[-38.505368214918548,-12.992794799666875],[-38.505374255542961,-12.992931325436128],[-38.505389201840046,-12.9931782534567]]},"properties":{"NOME_LOGRADOURO":"3ª Travessa Padre Domingos de Brito","CODLOG":11150,"HIERARQUIA":"VL","GMLID":null}},{"type":"Feature","geometry":{"type":"LineString","coordinates":[[-38.502257750305333,-12.982084104056442],[-38.502087193206982,-12.982156367408841],[-38.502039491823517,-12.982076936978705],[-38.501932536904619,-12.981856372909634],[-38.501887484109524,-12.981763348630041],[-38.501809245486363,-12.981650913613525],[-38.501764856762122,-12.981606438435772],[-38.50172256592964,-12.98153918579685],[-38.501602140441037,-12.98130742297811],[-38.501548539554847,-12.981231016698809],[-38.501522400654672,-12.981223372777768],[-38.501427225677133,-12.981101864580951]]},"properties":{"NOME_LOGRADOURO":"Rua Monte Belo de Baixo","CODLOG":16697,"HIERARQUIA":"VL","GMLID":null}},{"type":"Feature","geometry":{"type":"LineString","coordinates":[[-38.510429146222528,-12.97821138818084],[-38.510240171997765,-12.978116646652532],[-38.50994393260595,-12.978016277488516]]},"properties":{"NOME_LOGRADOURO":"Travessa Sebastião Tourinho","CODLOG":1411,"HIERARQUIA":"VL","GMLID":null}},{"type":"Feature","geometry":{"type":"LineString","coordinates":[[-38.503455025246083,-12.981706239388952],[-38.50335557720237,-12.981822040264046],[-38.503286244809345,-12.981895407372747],[-38.503222044060045,-12.981949527522232],[-38.503192880617597,-12.981971621225435],[-38.503162520014321,-12.981984129479642],[-38.503133919683791,-12.981991035696081],[-38.503097191389216,-12.981993768674299],[-38.503046266032293,-12.981986347911397],[-38.502953338992121,-12.981957600794905],[-38.502892962729327,-12.98193152731776],[-38.502819562727375,-12.981901111173519],[-38.502737272803913,-12.981856503112093],[-38.502656789119527,-12.981786443159892],[-38.502603308381346,-12.981733791756227],[-38.502573910560308,-12.981684560132107],[-38.502448341248247,-12.98154258089],[-38.502391939691726,-12.981475942466028],[-38.502340445001686,-12.981413651973375],[-38.502302157665746,-12.981360738417127],[-38.502243710480371,-12.981299954632817],[-38.502185417814957,-12.981252814336507],[-38.5021539986977,-12.981231058716132],[-38.502102467648569,-12.981187088958279],[-38.502046970472406,-12.981159984754505],[-38.501973294534054,-12.981127542350379],[-38.501874568244695,-12.981083963229473],[-38.501832334421806,-12.981062187763014],[-38.501791573086166,-12.981040897071528],[-38.501753245903274,-12.981032145640315],[-38.501712576680049,-12.981019239245549],[-38.501666279643217,-12.98094040643338],[-38.501617364463613,-12.980840052157086],[-38.501573758792837,-12.980746035932922],[-38.501567447945391,-12.980707781634274],[-38.501573387433382,-12.980664940985415],[-38.501588278839911,-12.980631971016383],[-38.501606039212817,-12.980608951398036],[-38.501702279340954,-12.980539161926378],[-38.501760710185565,-12.980480691634632],[-38.501933459996089,-12.980284208771367]]},"properties":{"NOME_LOGRADOURO":"Rua Jornalista Archimedes Gonzaga","CODLOG":1073,"HIERARQUIA":"VL","GMLID":null}},{"type":"Feature","geometry":{"type":"LineString","coordinates":[[-38.524260870061099,-12.99477993850903],[-38.524236772053989,-12.994817502791014],[-38.524158358572997,-12.994869342369295],[-38.524031015874819,-12.994941614109244],[-38.523876581287183,-12.995026583265105],[-38.5234558336562,-12.9952537229334],[-38.523295545604768,-12.995337957598124],[-38.523182166731665,-12.995384217730926],[-38.523073108699677,-12.995397215907339],[-38.522963652788313,-12.995380017899141],[-38.522842599490787,-12.995343993896597],[-38.52269474961556,-12.995285318140088],[-38.5225142730634,-12.99519078153185],[-38.522351144073809,-12.99509058086297],[-38.522207272892395,-12.994979115176694],[-38.521910758605721,-12.994612240794988],[-38.521883734494494,-12.994589046955864],[-38.521849701171064,-12.994573705326319],[-38.521821960687888,-12.994567325476053],[-38.521783178735653,-12.994569694655791],[-38.521693516687584,-12.99457929273875],[-38.52163922867841,-12.99457919189528],[-38.521578412754103,-12.994573474519635],[-38.521514892574324,-12.994550755084406],[-38.521461975449817,-12.99450988438813],[-38.521416604876656,-12.994458901862313],[-38.521305135745088,-12.994341528271161],[-38.521248929866452,-12.99431059544056],[-38.521198990530586,-12.994302819162256],[-38.521156153437339,-12.994319012990148],[-38.521133136108368,-12.994347719185427],[-38.521115249679781,-12.994396957545046],[-38.521127389947139,-12.994449506519427],[-38.521152677861217,-12.99450578621707],[-38.521236411888978,-12.994613976814861],[-38.521388236672564,-12.994780243976425],[-38.52165655756616,-12.994980086708866],[-38.521847057786502,-12.995120930571591],[-38.522218121662377,-12.995389400379405],[-38.522403356802002,-12.995579686344749],[-38.522608134554297,-12.995809064181987]]},"properties":{"NOME_LOGRADOURO":"Rua Basílio da Gama","CODLOG":227,"HIERARQUIA":"VC-II","GMLID":null}},{"type":"Feature","geometry":{"type":"LineString","coordinates":[[-38.52462245715865,-12.998113348043841],[-38.525028009772157,-12.998482499561355],[-38.525543707665108,-12.99894777385523],[-38.525591065953698,-12.998993516522471],[-38.525624600805358,-12.999031910466936],[-38.525730008119517,-12.999180460403853],[-38.525775852411321,-12.999263085279926],[-38.525810844230371,-12.999335022973542],[-38.525848150625563,-12.999429295186163],[-38.525887238858331,-12.999546261737571],[-38.525918900147623,-12.999650197235374],[-38.525972361364104,-12.999846025589859],[-38.525999288439039,-12.999880519181763],[-38.526025015363338,-12.999906513402966],[-38.526189219701244,-13.000003729836502],[-38.526244275947434,-13.000039903259106],[-38.526290132740201,-13.000076239836886],[-38.526384034024211,-13.000157958491339],[-38.526423815303758,-13.000190216679638],[-38.526494428572448,-13.000242600762066],[-38.526602636450832,-13.000318197469115],[-38.526636063348285,-13.000333446974794],[-38.5266790034553,-13.000343561432187],[-38.52670857885834,-13.000345062117727],[-38.526833958578841,-13.00034628613345],[-38.526862995066075,-13.000351401890446],[-38.526890041945862,-13.000362661973437],[-38.527001523393004,-13.000435914352646],[-38.527100111719349,-13.000530570171204],[-38.527130230297153,-13.000566155459291],[-38.527133180685453,-13.000613624586785],[-38.527123953045511,-13.000667129070937],[-38.527081466556304,-13.000776806107581],[-38.527060964931728,-13.000841499969235],[-38.526889683813756,-13.001381642728235],[-38.526856130201473,-13.001512039550967],[-38.526822597728525,-13.001630773470598],[-38.526819572027669,-13.0017019192749],[-38.526828389832573,-13.001782035957087],[-38.526865713089087,-13.001866816215429],[-38.527146716238576,-13.002236555116184],[-38.527197986000424,-13.002304815776951],[-38.52724024700067,-13.00235235736935],[-38.527282561212679,-13.002411741931439],[-38.527315756225796,-13.002468306733096],[-38.527363915612618,-13.002572182572264],[-38.52740908231074,-13.002690879840108],[-38.527553627552713,-13.003047168903569],[-38.527603251474972,-13.003180791555879],[-38.527669636894025,-13.003296544280419],[-38.527708752353689,-13.003358906962967],[-38.527760114522493,-13.003418488756857],[-38.527844736226307,-13.003501637736781],[-38.527920202590323,-13.003561082479068],[-38.527992626682249,-13.00362061209467],[-38.528068208956682,-13.003659263923124],[-38.528164923821144,-13.003700938134859],[-38.528250803862974,-13.003722430705894],[-38.528385947835027,-13.003748172249626],[-38.528706409582391,-13.003805080333173]]},"properties":{"NOME_LOGRADOURO":"Rua Oito de Dezembro","CODLOG":1108,"HIERARQUIA":"VC-II","GMLID":null}},{"type":"Feature","geometry":{"type":"LineString","coordinates":[[-38.525999288439039,-12.999880519181763],[-38.525972016181328,-12.999947731577178],[-38.525951977620188,-13.000009804790931],[-38.525936878319953,-13.000073152054533],[-38.525925413342499,-13.000144642334744],[-38.525918191807975,-13.000224005470702],[-38.525917079900417,-13.000289005900658],[-38.525920197822018,-13.000368569660985],[-38.525929127558634,-13.00043132780997],[-38.525947436479875,-13.00055811267649],[-38.52598045225195,-13.000668018643999],[-38.526058892506136,-13.000801603740102],[-38.526134243257175,-13.000920356294076],[-38.526200638567531,-13.001030232711043],[-38.526251907654938,-13.001098584875777],[-38.52628809047151,-13.001143221947972],[-38.526339509362522,-13.001172969495794],[-38.526390892835039,-13.001182014310857],[-38.526442310256876,-13.001173157866123],[-38.526560361981204,-13.001149687334509],[-38.526590653469952,-13.00113491566843],[-38.526651291139288,-13.001075538713028],[-38.526721040987802,-13.000983722328336],[-38.526766559087555,-13.000918621959466],[-38.526815090423106,-13.000868263531284],[-38.526863522766,-13.000829747792972],[-38.526917987683774,-13.000818004126883],[-38.526981464946935,-13.00082408684796],[-38.527060964931728,-13.000841499969235]]},"properties":{"NOME_LOGRADOURO":"Rua Santa Rita de Cássia","CODLOG":1335,"HIERARQUIA":"VC-II","GMLID":null}},{"type":"Feature","geometry":{"type":"LineString","coordinates":[[-38.516211430440542,-12.981478696540711],[-38.516273165753098,-12.98159706385322],[-38.516321104375912,-12.981694430654715],[-38.516415089060501,-12.98188518294528],[-38.51655406063292,-12.98212682829339],[-38.516750355411084,-12.982468609353106],[-38.516858762460927,-12.982494808687854]]},"properties":{"NOME_LOGRADOURO":"Largo Dois de Julho","CODLOG":795,"HIERARQUIA":"VC-II","GMLID":null}},{"type":"Feature","geometry":{"type":"LineString","coordinates":[[-38.511036439288532,-12.997868962078053],[-38.511090684185945,-12.997775041991948],[-38.511121277965159,-12.997721940987049],[-38.511164195538939,-12.997743447766419],[-38.511251260950772,-12.997779322819568],[-38.511284536653854,-12.997793399366765],[-38.511330053092337,-12.997807678880621],[-38.511286764739445,-12.997915347835111],[-38.51127369688205,-12.997977347925678]]},"properties":{"NOME_LOGRADOURO":"Avenida Melo","CODLOG":14344,"HIERARQUIA":"VL","GMLID":null}},{"type":"Feature","geometry":{"type":"LineString","coordinates":[[-38.51198437317494,-12.997396480443864],[-38.511902911188592,-12.997392378575064],[-38.511779476862323,-12.997337014080738],[-38.511623467377085,-12.997294645549161],[-38.511524377109595,-12.997274147256819]]},"properties":{"NOME_LOGRADOURO":"1ª Avenida Alice","CODLOG":14345,"HIERARQUIA":"VL","GMLID":null}},{"type":"Feature","geometry":{"type":"LineString","coordinates":[[-38.513284569785583,-12.995791596262457],[-38.513165777048698,-12.995961879458694],[-38.513164602400188,-12.995979325519464]]},"properties":{"NOME_LOGRADOURO":"Avenida Ângelo Queiroz","CODLOG":10307,"HIERARQUIA":"VL","GMLID":null}},{"type":"Feature","geometry":{"type":"LineString","coordinates":[[-38.513000254117188,-12.996819071335176],[-38.512919218307353,-12.996810240497922],[-38.512900842634018,-12.996797819733684],[-38.512895512743619,-12.996684349932883],[-38.512899872553618,-12.996593047715086],[-38.512908425977187,-12.99653493272376],[-38.512921306759083,-12.996440933752753],[-38.512935975641099,-12.996318487954582]]},"properties":{"NOME_LOGRADOURO":"1ª Avenida São Tiago","CODLOG":14346,"HIERARQUIA":"VL","GMLID":null}},{"type":"Feature","geometry":{"type":"LineString","coordinates":[[-38.49039011296469,-12.984674306098242],[-38.490224760533849,-12.984852443751794],[-38.490186888466297,-12.984930661339655],[-38.49018490057761,-12.985010666434709],[-38.490196545927709,-12.985042060077467],[-38.49024595564228,-12.985122257270923],[-38.490309724916465,-12.985207815814167],[-38.490378293028535,-12.98528913472332],[-38.49043519054959,-12.985351445313428],[-38.490474000536409,-12.985446899737314],[-38.490562695767572,-12.985576173738107],[-38.490523727580786,-12.985595444508704],[-38.49020980891806,-12.985734959309593]]},"properties":{"NOME_LOGRADOURO":"Travessa Levino Amorim","CODLOG":11911,"HIERARQUIA":"VL","GMLID":null}},{"type":"Feature","geometry":{"type":"LineString","coordinates":[[-38.490134125000566,-12.985452020605992],[-38.490373314150389,-12.985344634469845]]},"properties":{"NOME_LOGRADOURO":"1ª Travessa Wilson Sanches","CODLOG":16719,"HIERARQUIA":"VL","GMLID":null}},{"type":"Feature","geometry":{"type":"LineString","coordinates":[[-38.490273646243622,-12.985861833638811],[-38.490233519329266,-12.98588996183763],[-38.490116186338632,-12.985971910923018],[-38.489996211883039,-12.985819973937456],[-38.48988322383633,-12.985620712726186]]},"properties":{"NOME_LOGRADOURO":"Vila Consuelo","CODLOG":11906,"HIERARQUIA":"VL","GMLID":null}},{"type":"Feature","geometry":{"type":"LineString","coordinates":[[-38.517399978173614,-12.98125535100565],[-38.517490643227539,-12.981314645928132],[-38.518078802561917,-12.981633790695739],[-38.518378148519417,-12.981783157556322],[-38.518492085454731,-12.981839330382739],[-38.518557507083095,-12.981860155070201],[-38.518614050977796,-12.98187147145941],[-38.518651917315033,-12.981870004331238],[-38.518715331295731,-12.981867048166112],[-38.518797683972238,-12.981860963981958],[-38.518823231929744,-12.982017956374053],[-38.518892416973294,-12.98221688966307]]},"properties":{"NOME_LOGRADOURO":"Rua Democrata","CODLOG":497,"HIERARQUIA":"VL","GMLID":null}},{"type":"Feature","geometry":{"type":"LineString","coordinates":[[-38.501117113379983,-12.967236910214771],[-38.501599775823173,-12.967324810179989],[-38.50201038714858,-12.96740226398332],[-38.502022545190307,-12.967405270337069],[-38.502027103637573,-12.9674066354209],[-38.502035764883395,-12.967409455141102],[-38.502047311909912,-12.967414178386736],[-38.502056425750133,-12.967418444856531],[-38.502063184774059,-12.967422254700617],[-38.502079508276687,-12.96743322545314],[-38.502088615670168,-12.967441198401707],[-38.502098861962928,-12.967449987346821],[-38.502218243751621,-12.967553642051922],[-38.502330332634138,-12.967654479610125],[-38.502379661378285,-12.967698783251086],[-38.502625399943582,-12.967916591292431],[-38.502807870937268,-12.968103178655738],[-38.502873796650746,-12.968174093226107],[-38.503024091192991,-12.968331688646121],[-38.503084030431623,-12.968392376503282],[-38.503194496421997,-12.968507133240841],[-38.503204667347376,-12.968515379454878],[-38.503386541607092,-12.968735505480213],[-38.503438297774203,-12.968821038908914],[-38.503473230919916,-12.968878694977864],[-38.503506509105186,-12.968966091154313],[-38.503547576699205,-12.969074296156775],[-38.503646723575379,-12.969338382246166],[-38.503764984321371,-12.96966371024077],[-38.50383987438709,-12.969930100143138],[-38.503919132839748,-12.970179412676899],[-38.50404360273351,-12.970478895553514],[-38.504237039816033,-12.970850113138981]]},"properties":{"NOME_LOGRADOURO":"Ladeira do Arco","CODLOG":680,"HIERARQUIA":"VC-I","GMLID":null}},{"type":"Feature","geometry":{"type":"LineString","coordinates":[[-38.495067563897329,-12.999509399431066],[-38.495037636703273,-12.999682107142217],[-38.495003205559399,-12.999901455826402],[-38.494982436658077,-13.000057366084031],[-38.494969768458915,-13.000155432491137],[-38.494973038714051,-13.000230023268369],[-38.494989648652151,-13.000401646836822],[-38.49500068530913,-13.000471100354719],[-38.495076335418069,-13.000585702501004],[-38.495188893559167,-13.000648392519716],[-38.495219889342067,-13.0006619232246],[-38.495244213525886,-13.000702834003175],[-38.495298922139206,-13.000795607728925],[-38.495373883879317,-13.000912378631888],[-38.495429591149176,-13.001000181857151],[-38.495449963518176,-13.001039999852299],[-38.495478225400809,-13.001088603394942],[-38.495505490383508,-13.001141815717393],[-38.49559278197264,-13.001327139235896]]},"properties":{"NOME_LOGRADOURO":"Ladeira da Paz","CODLOG":5375,"HIERARQUIA":"VL","GMLID":null}},{"type":"Feature","geometry":{"type":"LineString","coordinates":[[-38.521686293394154,-12.998512954391554],[-38.52189574234427,-12.997891074083444],[-38.521996763326662,-12.997588489470349],[-38.522033256122327,-12.997470938061795],[-38.522035468315416,-12.997427547491672],[-38.52202510737272,-12.997358638645903]]},"properties":{"NOME_LOGRADOURO":"Rua Amélia Rodrigues","CODLOG":86,"HIERARQUIA":"VC-II","GMLID":null}},{"type":"Feature","geometry":{"type":"LineString","coordinates":[[-38.510086830924529,-12.987869746574344],[-38.509790952203048,-12.987921057059992]]},"properties":{"NOME_LOGRADOURO":"Avenida Martins Biscaia","CODLOG":1871,"HIERARQUIA":"VL","GMLID":null}},{"type":"Feature","geometry":{"type":"LineString","coordinates":[[-38.502827923920819,-12.965674727267031],[-38.50279459477516,-12.965630966974006],[-38.50276742997525,-12.965599357010216],[-38.502706931246671,-12.965526413719889],[-38.502638780142313,-12.965464523736427],[-38.502499339076316,-12.96536094213192],[-38.502289284611585,-12.965189396398758],[-38.502009100604567,-12.964911654993189],[-38.501937947111621,-12.964832503420206],[-38.501897402679184,-12.96476742343952],[-38.501855014861832,-12.964673771267037],[-38.501735522943598,-12.964396807155966],[-38.501730219196389,-12.96438775638387],[-38.501688775089434,-12.964316617126146],[-38.501651562673764,-12.964258595678642],[-38.501632160638316,-12.964228271825178],[-38.501583316602137,-12.964170136778542],[-38.501528496109721,-12.964135224811795],[-38.501283614796229,-12.964061977021423],[-38.501114783861716,-12.96401436984946],[-38.500965784139929,-12.963972315553633],[-38.500772093360318,-12.963924388344342]]},"properties":{"NOME_LOGRADOURO":"Rua Professor Palma","CODLOG":1151,"HIERARQUIA":"VL","GMLID":null}},{"type":"Feature","geometry":{"type":"LineString","coordinates":[[-38.51546471970024,-12.985220580081281],[-38.515627559745305,-12.984994416613889]]},"properties":{"NOME_LOGRADOURO":"Avenida Machado","CODLOG":1934,"HIERARQUIA":"VL","GMLID":null}},{"type":"Feature","geometry":{"type":"LineString","coordinates":[[-38.492039878840217,-12.958000724412196],[-38.492049180308634,-12.958024971723829],[-38.492060149834209,-12.958051843686201],[-38.492071042838809,-12.958078715498953],[-38.492081935662391,-12.958105677735151],[-38.492092905194703,-12.958132549696231],[-38.49210379820606,-12.958159421507702],[-38.492114691219655,-12.95818629331877],[-38.492125584233655,-12.958213166033628],[-38.492136477251734,-12.958240037843826],[-38.492147370088794,-12.958267000077479],[-38.49215818751005,-12.958293871739455],[-38.492169003828323,-12.958320833823089],[-38.492178527189765,-12.958348426355613],[-38.492188963478533,-12.958375478121914],[-38.492203510794134,-12.958400277295201],[-38.492222395382335,-12.958422645275842],[-38.492242269974177,-12.958444200462397],[-38.492261992444739,-12.958465755351053],[-38.492282019717727,-12.958487039559591],[-38.492301971390901,-12.958508324523594],[-38.492322075377224,-12.958529518454506],[-38.492342178444964,-12.958550712382143],[-38.492362205729684,-12.958571997489138],[-38.492382233202797,-12.958593191266557],[-38.492401805776417,-12.95861411288341],[-38.492437003743426,-12.95865197156418],[-38.492456879660082,-12.958673345889366],[-38.492476754656288,-12.958694721115583],[-38.492496629657722,-12.958716095436118],[-38.492516504662539,-12.958737469755237],[-38.492536379668884,-12.958758844977163],[-38.492594554867551,-12.958825949097715],[-38.492618194923438,-12.958865231126266],[-38.492641798566154,-12.958922956010563],[-38.49265389420006,-12.958956520632706],[-38.492671278878142,-12.959043977552838],[-38.492680923159199,-12.959124819331805],[-38.492688130147663,-12.95920728399989],[-38.492698022673125,-12.959315338532276],[-38.492713474672854,-12.959569139734137],[-38.492711941002618,-12.959650863983445],[-38.492715580116368,-12.95969363359735],[-38.49271728516355,-12.959714882092749],[-38.492726841620204,-12.959839119192425],[-38.492731967943612,-12.95989825487198],[-38.492736856817892,-12.95992393945069],[-38.492754935756935,-12.96000687740657],[-38.492773640406682,-12.960080866388582],[-38.492780925224721,-12.960124908135063],[-38.492802429474466,-12.960205501727291],[-38.492812557439599,-12.960234632626918],[-38.492839743229432,-12.960287753736573],[-38.492839819570285,-12.960287844309448],[-38.492878136710296,-12.960362685288361],[-38.492915431116501,-12.9604545204104],[-38.492964766003631,-12.960569883841856],[-38.492987239815285,-12.960622454123472],[-38.49300690031577,-12.96067474675027],[-38.493029509434066,-12.960735182391851],[-38.493029736986358,-12.960735725380184],[-38.493047734183158,-12.960783495363325],[-38.493074883860366,-12.960854516761417],[-38.493091974902711,-12.960899029705581],[-38.49312018363333,-12.960972946735872],[-38.493151265016408,-12.961054282332173],[-38.493161551406402,-12.961080791224459],[-38.493174030351447,-12.961112728932704],[-38.493209505135596,-12.961202662469585],[-38.493221077194505,-12.961232156956788],[-38.493238624665658,-12.961276670779954],[-38.493258063751675,-12.961325890342543],[-38.493294633180092,-12.961438064934436],[-38.49331293272423,-12.961487281371944],[-38.493318301100395,-12.961501576131873],[-38.493328660566917,-12.961529351099356],[-38.493359917069704,-12.961599837913194],[-38.493385213691859,-12.961647169952229],[-38.493416606519325,-12.96168764250892],[-38.493416681938825,-12.961687733079854],[-38.493461281043935,-12.96173926126602],[-38.49353733638992,-12.961837318726552],[-38.493563881153001,-12.961869283769397],[-38.493589202146957,-12.961904591222618],[-38.493622520780193,-12.961970291340826],[-38.493654978890966,-12.962048013492508],[-38.493690296536606,-12.96214011594005],[-38.493710564521557,-12.962193042667661],[-38.493721905662646,-12.962224164321338],[-38.493743831518771,-12.962284327303783],[-38.493760052739674,-12.962346016407723],[-38.493760373194476,-12.962413279096793],[-38.493759473925557,-12.962444467379553],[-38.49375022261269,-12.96254534294672],[-38.493742572588836,-12.962606623950014],[-38.493726758850038,-12.962682262918394],[-38.493672695710643,-12.962950302728808],[-38.493665014812166,-12.962988982130989],[-38.493659270261389,-12.963047644530729],[-38.493681290366197,-12.963136466754579]]},"properties":{"NOME_LOGRADOURO":"Rua Freitas Henrique","CODLOG":681,"HIERARQUIA":"VC-II","GMLID":null}},{"type":"Feature","geometry":{"type":"LineString","coordinates":[[-38.516312591579563,-12.984603785437898],[-38.51601719875142,-12.985004005564358],[-38.51595361578844,-12.985093840445595],[-38.515878593217401,-12.985201464893779],[-38.515813947436705,-12.985290123144976],[-38.515756000555285,-12.985374454389861],[-38.515692596636569,-12.985449825253593],[-38.515672021126157,-12.985474286499263],[-38.515592525400912,-12.985575212928451],[-38.515539853514525,-12.985644817491311],[-38.515299584801106,-12.985964497165625],[-38.515159877648806,-12.986140799233942],[-38.514943046864047,-12.986410256261346],[-38.514813946622787,-12.986566688175269],[-38.514749015295486,-12.98664531030343],[-38.514510621516585,-12.986938142059937],[-38.514452772810678,-12.987010900655159],[-38.514249501047864,-12.987266369303017],[-38.514148543778013,-12.987377199098816],[-38.514086081761832,-12.987437112345882]]},"properties":{"NOME_LOGRADOURO":"Rua do Salete","CODLOG":189,"HIERARQUIA":"VC-I / VC-II","GMLID":null}},{"type":"Feature","geometry":{"type":"LineString","coordinates":[[-38.517222675426197,-12.981374356829173],[-38.517548813399529,-12.981744275141779],[-38.517680110363081,-12.981905805046724],[-38.517867651825,-12.982155133647307],[-38.517970803597031,-12.982284426479698],[-38.518116287457715,-12.982422295801138],[-38.518144524211408,-12.982446486913608],[-38.518215418868621,-12.982507281276208],[-38.518231823218386,-12.982516895747969],[-38.518267914160511,-12.982528624639357],[-38.518325292113417,-12.98254165979967],[-38.518356680510564,-12.982548137162418],[-38.51846072470029,-12.982569485529051],[-38.518646026346445,-12.982600116230497],[-38.518729256218009,-12.982612204483589],[-38.51882185224639,-12.98261671619907],[-38.518938043031007,-12.982608253127443],[-38.519043303987345,-12.982589553640679],[-38.519316819193044,-12.982532111761733],[-38.519786877260202,-12.982431637912336]]},"properties":{"NOME_LOGRADOURO":"Ladeira do Gabriel","CODLOG":685,"HIERARQUIA":"VC-II","GMLID":null}},{"type":"Feature","geometry":{"type":"LineString","coordinates":[[-38.500755395392218,-12.965666669015571],[-38.500410356137806,-12.96560959058227],[-38.499914661364222,-12.965534144763488],[-38.499680115417235,-12.965497983823948],[-38.499536320679276,-12.965473931318266]]},"properties":{"NOME_LOGRADOURO":"Rua Marechal Gabriel Botafogo","CODLOG":686,"HIERARQUIA":"VC-II","GMLID":null}},{"type":"Feature","geometry":{"type":"LineString","coordinates":[[-38.519043303987345,-12.982589553640679],[-38.519137567687807,-12.982754901697996],[-38.51934207847227,-12.983116817349616],[-38.519388076598766,-12.983196008348573],[-38.51954979122555,-12.983473947176714],[-38.519746198345246,-12.983819935574532],[-38.519799419782487,-12.983898868572311]]},"properties":{"NOME_LOGRADOURO":"Ladeira dos Aflitos","CODLOG":687,"HIERARQUIA":"VC-II","GMLID":null}},{"type":"Feature","geometry":{"type":"LineString","coordinates":[[-38.514016174269294,-12.985928549439453],[-38.513686207715175,-12.986315411506734],[-38.51365321337687,-12.986352687796334],[-38.513484433096714,-12.986543941343754],[-38.513327965543795,-12.986736845456779],[-38.513294594545364,-12.986772402929082],[-38.513234328369926,-12.986836840394309],[-38.51302173772482,-12.987113716638396],[-38.512984921602268,-12.987161653029904]]},"properties":{"NOME_LOGRADOURO":"Rua Comendador Gomes Costa","CODLOG":725,"HIERARQUIA":"VC-II","GMLID":null}},{"type":"Feature","geometry":{"type":"LineString","coordinates":[[-38.513339658064957,-12.977751823034025],[-38.513451006402519,-12.978003904777159],[-38.513526162706391,-12.978139836512641],[-38.513588344609097,-12.978223307780556],[-38.51368304070327,-12.978319587848048],[-38.513890106341265,-12.978495365595407],[-38.514007485355528,-12.978578669539717]]},"properties":{"NOME_LOGRADOURO":"Rua Visconde de Ouro Preto","CODLOG":1143,"HIERARQUIA":"VL","GMLID":null}},{"type":"Feature","geometry":{"type":"LineString","coordinates":[[-38.511486269737837,-12.972120711952376],[-38.511472823383073,-12.972154498198798],[-38.511462864367481,-12.972193354756252],[-38.51146001166606,-12.972252384769758],[-38.511489981863853,-12.972322415938253],[-38.511543358257192,-12.972397825169772],[-38.511732040785212,-12.972640198299285],[-38.511893106986037,-12.972814082711359],[-38.51201599271112,-12.972917738772706],[-38.512096628911948,-12.972971501679796],[-38.512180133803518,-12.973036028634041],[-38.51227273676254,-12.973113138891559],[-38.512333210066181,-12.973175000325273],[-38.512411038831956,-12.973264739551198],[-38.512569895999697,-12.973480658629779],[-38.512673013733767,-12.973624236810322],[-38.51291125993248,-12.973948701496239],[-38.513042834653383,-12.974120269419808],[-38.513128071436505,-12.974232352609835],[-38.513348688603998,-12.974513660540666],[-38.513522956272432,-12.974742445442976],[-38.513716164393735,-12.975005077122709],[-38.513776655270341,-12.97509722411449],[-38.513905646205167,-12.975346898102808],[-38.514006372018301,-12.975548784200409],[-38.514084395258976,-12.975695750203718],[-38.514111764392531,-12.975735490390674],[-38.514210164145481,-12.97584289666389],[-38.514322846142079,-12.97595611672385],[-38.514467512684405,-12.976120746632647],[-38.515060086100661,-12.976704074606564],[-38.515078862156777,-12.976784210248125],[-38.515059787714982,-12.976858036055422],[-38.514994784218388,-12.97701476956116],[-38.514987675817508,-12.977034465210469],[-38.514962155923968,-12.977099420113564],[-38.514818870682369,-12.977477322208978],[-38.514790485084276,-12.977530337534654],[-38.514755926958031,-12.977590663910444],[-38.514695726474017,-12.977662062838087]]},"properties":{"NOME_LOGRADOURO":"Ladeira da Montanha","CODLOG":773,"HIERARQUIA":"VC-I","GMLID":null}},{"type":"Feature","geometry":{"type":"LineString","coordinates":[[-38.514556701046082,-12.982664083126449],[-38.514319122997307,-12.982891100173619]]},"properties":{"NOME_LOGRADOURO":"Praça Henrique José de Souza","CODLOG":13150,"HIERARQUIA":"VL","GMLID":null}},{"type":"Feature","geometry":{"type":"LineString","coordinates":[[-38.494581896072361,-12.996434648349975],[-38.494486383194584,-12.996177437700192],[-38.494406461735522,-12.995993034219326],[-38.494392228897958,-12.99596253995974],[-38.494385822389788,-12.995934591898372],[-38.494380746357074,-12.995887571481019],[-38.494384909030195,-12.995859643988073],[-38.494381627848959,-12.995827905104385],[-38.494374276027948,-12.995778618753214],[-38.494367173430192,-12.995756545993055],[-38.494355513011961,-12.995732114242333],[-38.494345372234527,-12.995708136664522],[-38.494340832170671,-12.99569745960364],[-38.494330313133858,-12.995672668377209],[-38.494307885622298,-12.995633478363201],[-38.494231481864098,-12.995552235581942],[-38.49418512504532,-12.995502422078754],[-38.494162214045481,-12.99547706417691],[-38.494127553872097,-12.995433330036114],[-38.494083724813635,-12.995374299996847],[-38.493985657992056,-12.995252151450122],[-38.493904132742593,-12.995146488642209],[-38.493856434583968,-12.995083382854315],[-38.493842335145295,-12.995062200691025],[-38.49380170513669,-12.995000374598961],[-38.49377782055867,-12.994967239207911],[-38.493727261539881,-12.994889843543206],[-38.49367331305907,-12.994796438927414],[-38.493654323765853,-12.994749300960512],[-38.493586891619408,-12.994668526699972],[-38.493416358255153,-12.994511701967182],[-38.493262181341571,-12.994387635283532],[-38.493199403235977,-12.994336886253247],[-38.493092044100962,-12.994260283921289],[-38.493048988737513,-12.994232354755425],[-38.493029777023182,-12.994219930992418],[-38.492911113295484,-12.994131373276511],[-38.492799052680923,-12.994048794573471],[-38.492756838869155,-12.994018336035964],[-38.492694018930045,-12.993988289382685],[-38.49261758607765,-12.993959571589899],[-38.492436054045641,-12.993902171274049],[-38.492220159356592,-12.993842352662986],[-38.492145066887375,-12.993827470416667],[-38.492105921380428,-12.993821336403295]]},"properties":{"NOME_LOGRADOURO":"Rua Arthur Silva","CODLOG":2786,"HIERARQUIA":"VL","GMLID":null}},{"type":"Feature","geometry":{"type":"LineString","coordinates":[[-38.492208503460681,-12.993366612843532],[-38.491628100731148,-12.993192893882414],[-38.491188729028565,-12.993064110235208],[-38.49108241431027,-12.993035333494529],[-38.490987353048098,-12.993006941354466]]},"properties":{"NOME_LOGRADOURO":"Rua Doutor José Carlos","CODLOG":867,"HIERARQUIA":"VL","GMLID":null}},{"type":"Feature","geometry":{"type":"LineString","coordinates":[[-38.513551998695057,-12.970631896590778],[-38.513031932621587,-12.971007010093896],[-38.512928010676546,-12.971081942951166],[-38.512474647812219,-12.971402846776085]]},"properties":{"NOME_LOGRADOURO":"Praça da Inglaterra","CODLOG":793,"HIERARQUIA":"VC-I","GMLID":null}},{"type":"Feature","geometry":{"type":"LineString","coordinates":[[-38.500752701864151,-12.963812518901298],[-38.500593428664011,-12.963699203909226],[-38.500415768650782,-12.963542277171802],[-38.500394669609882,-12.963523884176261],[-38.500321431633239,-12.963460368877911],[-38.500272406123663,-12.963416247208693],[-38.500096487841077,-12.963260862627886],[-38.500023949649574,-12.963189573911263],[-38.499953022257174,-12.963110874379597],[-38.49988703693144,-12.963032094800328],[-38.499843368845454,-12.96297017246715],[-38.499725629468337,-12.962805588387269],[-38.499693648798072,-12.962754175892487],[-38.499545749532281,-12.962502381040805],[-38.499521753455113,-12.962449990106444],[-38.499478509049268,-12.962328852365196],[-38.499438968176364,-12.9622183899949],[-38.499433613684111,-12.962196501542703],[-38.499425168724478,-12.962161679187343],[-38.499418384030577,-12.962094675299429],[-38.49941100467133,-12.962059040268656],[-38.499402623022398,-12.961954243184085],[-38.499395074783656,-12.961736439921127],[-38.499390982556719,-12.961653619664762],[-38.49938957909427,-12.961595124194098],[-38.499389031647958,-12.961564566054847],[-38.49939665180306,-12.961479688550426],[-38.499398444476576,-12.961381239814779],[-38.499401712622209,-12.961343546392335],[-38.499415788591634,-12.961261846144504],[-38.499434037416115,-12.961184312528969],[-38.499449186659795,-12.961136244951101],[-38.499491524294335,-12.961026301623495],[-38.499518021396646,-12.960929707935517],[-38.499522693981298,-12.960912178213579],[-38.499551752625244,-12.960827433219487],[-38.499589786422014,-12.960740535280632],[-38.499612392602671,-12.960689227644668],[-38.499658631775219,-12.960529025800911],[-38.499684410527536,-12.960449517288186],[-38.499737443897764,-12.960351076531824],[-38.499796427066364,-12.960243243962795],[-38.499869234691694,-12.960140772957072],[-38.499958181150831,-12.960027844592608],[-38.499987133090727,-12.959996438833562],[-38.500076919345474,-12.959957916791257],[-38.500124937513903,-12.959934955261922],[-38.500164565211939,-12.959925628984365],[-38.500262838979189,-12.959900594579407],[-38.500352596134441,-12.959876627988287],[-38.500385765846097,-12.959865209529188],[-38.500402605197586,-12.95984607548521],[-38.500600179181021,-12.95981291596423]]},"properties":{"NOME_LOGRADOURO":"Rua Professor Viegas","CODLOG":1556,"HIERARQUIA":"VL","GMLID":null}},{"type":"Feature","geometry":{"type":"LineString","coordinates":[[-38.513258573181623,-12.981721238151884],[-38.512837033190237,-12.982205565490716]]},"properties":{"NOME_LOGRADOURO":"Rua Vinte e Quatro de Fevereiro","CODLOG":1573,"HIERARQUIA":"VL","GMLID":null}},{"type":"Feature","geometry":{"type":"LineString","coordinates":[[-38.512569025241739,-12.986851680363284],[-38.512517551197107,-12.986930146288248],[-38.512436763508148,-12.98703025544182],[-38.512297675568597,-12.98719977611357]]},"properties":{"NOME_LOGRADOURO":"1ª Travessa Almeida Sande","CODLOG":1616,"HIERARQUIA":"VL","GMLID":null}},{"type":"Feature","geometry":{"type":"LineString","coordinates":[[-38.512864195492014,-12.987077438040041],[-38.512670495425297,-12.987336540302843],[-38.512589616499341,-12.987444151831136]]},"properties":{"NOME_LOGRADOURO":"2ª Travessa Almeida Sande","CODLOG":1834,"HIERARQUIA":"VL","GMLID":null}},{"type":"Feature","geometry":{"type":"LineString","coordinates":[[-38.51032181201829,-12.982011058307954],[-38.509838338380113,-12.982205601465488]]},"properties":{"NOME_LOGRADOURO":"Rua Cruzador Bahia","CODLOG":480,"HIERARQUIA":"VL","GMLID":null}},{"type":"Feature","geometry":{"type":"LineString","coordinates":[[-38.502330332634138,-12.967654479610125],[-38.502590674436647,-12.967447768047521],[-38.502610026876503,-12.967426649350269],[-38.502602088177113,-12.967404484748371],[-38.502577302197686,-12.967366737688995],[-38.502297411325337,-12.966966604186513],[-38.502076729055368,-12.966650661973308]]},"properties":{"NOME_LOGRADOURO":"Rua Domingos Caetano","CODLOG":526,"HIERARQUIA":"VL","GMLID":null}},{"type":"Feature","geometry":{"type":"LineString","coordinates":[[-38.509685155132708,-12.98553398430535],[-38.509451961663409,-12.985498826950643],[-38.508945509433772,-12.985426897837955],[-38.508916549689467,-12.985422774050248],[-38.50882845407228,-12.985410492602872],[-38.508609469014104,-12.985380062497724],[-38.508537418257326,-12.98536645491172]]},"properties":{"NOME_LOGRADOURO":"Travessa Eloy Guimarães","CODLOG":558,"HIERARQUIA":"VL","GMLID":null}},{"type":"Feature","geometry":{"type":"LineString","coordinates":[[-38.502283881464855,-12.974352599262172],[-38.502149838450975,-12.974394290651398],[-38.50188184589836,-12.974468631875689],[-38.501718210353133,-12.974557457898703],[-38.501585956176825,-12.974655022845017],[-38.50143907085414,-12.974769828004426],[-38.501340569819043,-12.974868994699506],[-38.501243421995994,-12.975014090419545],[-38.501225623014555,-12.975094608927098],[-38.501216186554082,-12.975137352460965],[-38.50121212520569,-12.975153437477395],[-38.50117840883609,-12.975285907648161],[-38.501070006230776,-12.975699308394814],[-38.501062891742926,-12.975721534592294],[-38.501059063164099,-12.975735088172792],[-38.501033496249171,-12.975822370867435],[-38.500945126162684,-12.975987553842248],[-38.500907408669242,-12.976067852356916]]},"properties":{"NOME_LOGRADOURO":"Ladeira de Nazaré","CODLOG":1581,"HIERARQUIA":"VC-II","GMLID":null}},{"type":"Feature","geometry":{"type":"LineString","coordinates":[[-38.506987917533756,-12.979147528021146],[-38.506932740392244,-12.979175991181174],[-38.506857897222076,-12.979230454718305],[-38.50678919932782,-12.979291076927181],[-38.506709318906886,-12.979393717061214],[-38.506615497803814,-12.979509981174267],[-38.506563647213326,-12.979586637656913],[-38.506530010545738,-12.979641450529575],[-38.506471062689492,-12.979770076632347],[-38.506388168658866,-12.979974146170036],[-38.506327814320166,-12.980122027219196],[-38.50623510393315,-12.980368569329595],[-38.506188480530049,-12.980493150558823],[-38.506149440362762,-12.980589088013993],[-38.506129667749128,-12.980668517120597],[-38.506113997176357,-12.98082742156741],[-38.506111113408842,-12.980901459092815],[-38.506123504630146,-12.980979593810954],[-38.506140069083429,-12.981100227716269],[-38.506162278170216,-12.981172866098863],[-38.506201254515851,-12.981263436701008],[-38.506314397277052,-12.981527910963582]]},"properties":{"NOME_LOGRADOURO":"Rua Professor Hugo Balthazar da Silveira","CODLOG":2487,"HIERARQUIA":"VC-II","GMLID":null}},{"type":"Feature","geometry":{"type":"LineString","coordinates":[[-38.51202353505947,-12.974119797700689],[-38.512068545731935,-12.974079200175494],[-38.512245915276807,-12.973924396107149],[-38.51235896592182,-12.973808708336584],[-38.512322416982329,-12.973720041126509],[-38.512274501344287,-12.973534346230846],[-38.512234631301112,-12.973394592952703],[-38.512194787569491,-12.973280154024966],[-38.512143323642725,-12.973198781399189],[-38.512104001992661,-12.973167517596737],[-38.512054847791994,-12.973149524120387],[-38.512007562339292,-12.973147717391555],[-38.5119638569603,-12.973142210872606],[-38.511936124984345,-12.973133298177965],[-38.511920788896596,-12.973122421201603],[-38.511306313379805,-12.972666789653628],[-38.511287494240413,-12.972648672150422],[-38.511283025368805,-12.972640075250633],[-38.511280612627615,-12.972629583300055],[-38.51128200985697,-12.97261475994252],[-38.511287358072373,-12.972601299465982],[-38.511315315566165,-12.972573054559914],[-38.511374701957642,-12.97252931928511],[-38.511416427455757,-12.972497123352765],[-38.51143607220218,-12.972481971649128],[-38.511446265094413,-12.972479188532485],[-38.51145827914025,-12.972478216417587],[-38.511473559146886,-12.972479058920561],[-38.511487761689949,-12.97248631862715],[-38.511760337263972,-12.9727888801417],[-38.511804495544617,-12.97283443831121],[-38.511831857172503,-12.972838919529213],[-38.511893106986037,-12.972814082711359]]},"properties":{"NOME_LOGRADOURO":"Ladeira da Misericórdia","CODLOG":1095,"HIERARQUIA":"VL","GMLID":null}},{"type":"Feature","geometry":{"type":"LineString","coordinates":[[-38.508106550930748,-12.970660129894005],[-38.507988268873511,-12.970691095499133],[-38.507402040901965,-12.970762488020069]]},"properties":{"NOME_LOGRADOURO":"Baixa dos Sapateiros","CODLOG":17,"HIERARQUIA":"VC-II","GMLID":null}},{"type":"Feature","geometry":{"type":"LineString","coordinates":[[-38.497776391783368,-12.973245761935155],[-38.497706074771934,-12.973127013168787],[-38.497672424328044,-12.973111940509968],[-38.497496056241431,-12.973102379453113],[-38.497282127789084,-12.973094101180243],[-38.496625880298495,-12.973076741639552],[-38.49616551731522,-12.973080913601631],[-38.495789987934081,-12.973092030038639],[-38.495228935482452,-12.973109747901809],[-38.494945403931389,-12.973119505239941],[-38.494399021933368,-12.973138514815036],[-38.494357551554138,-12.973155612119257],[-38.494334990945326,-12.97318323265187],[-38.494328760429049,-12.973219021281089],[-38.494440953368525,-12.97353312957814],[-38.494450589292732,-12.973656010324213],[-38.494419667539013,-12.973720681291526],[-38.493809366662596,-12.974367798950727]]},"properties":{"NOME_LOGRADOURO":"Rua Santo Agostinho","CODLOG":18,"HIERARQUIA":"VC-II","GMLID":null}},{"type":"Feature","geometry":{"type":"LineString","coordinates":[[-38.492961207112309,-12.979764485835339],[-38.493300202565408,-12.979927877265808],[-38.493524408916592,-12.980007780447815],[-38.493435175022782,-12.980257579600908],[-38.493401240948856,-12.980377221462124]]},"properties":{"NOME_LOGRADOURO":"Rua Tenente Osvaldo Gomes","CODLOG":14509,"HIERARQUIA":"VL","GMLID":null}},{"type":"Feature","geometry":{"type":"LineString","coordinates":[[-38.514758722064521,-12.971832677904139],[-38.51483535095177,-12.971914277802094],[-38.514861463896359,-12.97205255830341],[-38.514802768848952,-12.972171423919319],[-38.514706229762545,-12.972281448688465],[-38.514598869476735,-12.972443888549126],[-38.514521073993556,-12.972610995158181],[-38.514426178062635,-12.9727749954017],[-38.514218346409514,-12.973231701136534],[-38.514077340598,-12.973532309729949],[-38.513947073744298,-12.973705465195353],[-38.513845586422917,-12.973779227405469]]},"properties":{"NOME_LOGRADOURO":"Praça do Mercado","CODLOG":12369,"HIERARQUIA":"VA-II","GMLID":null}},{"type":"Feature","geometry":{"type":"LineString","coordinates":[[-38.528856601900216,-12.998963686399033],[-38.528716379350861,-12.999091988404667],[-38.528618128593209,-12.999179503712027],[-38.528442271389302,-12.99933404986839],[-38.528308918307395,-12.999448170189948],[-38.528238866164912,-12.999501382511728],[-38.52812542113805,-12.999582089096611],[-38.528058803940993,-12.999627442493141],[-38.527977882273809,-12.999678374380771],[-38.527941795135355,-12.999703079656193],[-38.527922560486658,-12.99974209989759],[-38.527915193790349,-12.999777616060868],[-38.527917697747711,-12.999820835333264],[-38.527926451575574,-12.999855928673691],[-38.527936816810573,-12.999882979884335],[-38.527961782508193,-12.999909333330075],[-38.527988982638185,-12.999920503153154],[-38.528039143254027,-12.999932438090591],[-38.528075862362186,-12.99993539839001],[-38.528281349317744,-12.999914527357687],[-38.528340284344196,-12.999910656616141],[-38.528391839428053,-12.999909304344515],[-38.528441694054983,-12.99992214289315],[-38.528479441358321,-12.999944632151086],[-38.528510862448726,-12.999975156787245],[-38.528535582362657,-13.000011092911462],[-38.528729864989415,-13.000407337983068],[-38.528730774314155,-13.000409237641112],[-38.528775027407981,-13.000488876935819],[-38.528981838589132,-13.000929267144578]]},"properties":{"NOME_LOGRADOURO":"Rua Tenente Pires Ferreira","CODLOG":1240,"HIERARQUIA":"VL","GMLID":null}},{"type":"Feature","geometry":{"type":"LineString","coordinates":[[-38.491774281494862,-12.980517515280127],[-38.491774281127427,-12.980517696127572],[-38.491757885561604,-12.98057923023166],[-38.491748416871609,-12.980674138026783],[-38.491741227783216,-12.980807473275975],[-38.491739613672834,-12.980928434031636],[-38.491739433979774,-12.980941994579826],[-38.491748857868771,-12.98105610557864],[-38.491763712779644,-12.981117067777406],[-38.491793538151846,-12.981181676191282],[-38.49182794256086,-12.981237614645751],[-38.491845461537963,-12.981259436557172],[-38.491890585932133,-12.981315757644886],[-38.491946340377979,-12.981379060336387],[-38.491992403718882,-12.981422092710362],[-38.492068289873906,-12.981492914579071],[-38.492211965818839,-12.981655407802485],[-38.492241910838807,-12.981698409567942],[-38.492280976286942,-12.98174305586458],[-38.492410051910944,-12.981889101276833],[-38.492454259503717,-12.981907507473773]]},"properties":{"NOME_LOGRADOURO":"1ª Travessa Baixa da Paz","CODLOG":1721,"HIERARQUIA":"VL","GMLID":null}},{"type":"Feature","geometry":{"type":"LineString","coordinates":[[-38.49161217268847,-12.982133416704835],[-38.491516740901623,-12.981920983139551],[-38.491479649796219,-12.981787849788715],[-38.491441498439798,-12.981692318113783],[-38.491470092389648,-12.98165284152576],[-38.491439767879378,-12.981576608991812],[-38.491396649393593,-12.981521009718731],[-38.49137030066084,-12.981466623269808],[-38.491369545116946,-12.98146454294279],[-38.491345815394759,-12.981362370682785],[-38.491304875594764,-12.981298249570784],[-38.491253641534925,-12.981240699327072],[-38.491241891992054,-12.981216571094508],[-38.491251951316464,-12.981104742523526],[-38.491278784394801,-12.980964020098869],[-38.491288777016464,-12.98088497464135],[-38.491299774106665,-12.980795324403259]]},"properties":{"NOME_LOGRADOURO":"Travessa Santa Efigênia","CODLOG":11847,"HIERARQUIA":"VL","GMLID":null}},{"type":"Feature","geometry":{"type":"LineString","coordinates":[[-38.50010655278053,-12.973652372306903],[-38.500208293318529,-12.973912666716449],[-38.500390681019915,-12.974335214042984],[-38.500415200931016,-12.974391855840214],[-38.500531066358732,-12.97465877731398],[-38.500577829035024,-12.974808490242998],[-38.500596550502252,-12.974913578337144],[-38.50059939234788,-12.974975422211646],[-38.500589032544205,-12.97506174028916],[-38.500559447826241,-12.975181109499053],[-38.500493148943164,-12.975334943950017],[-38.500436155587757,-12.975435908019852]]},"properties":{"NOME_LOGRADOURO":"Rua Desembargador Adolfo Ribeiro Santos Souza","CODLOG":1399,"HIERARQUIA":"VL","GMLID":null}},{"type":"Feature","geometry":{"type":"LineString","coordinates":[[-38.502753510429464,-12.982351750484575],[-38.502799707602321,-12.982350781751597],[-38.50285444740998,-12.982264589150704],[-38.502911142463866,-12.982183703653712],[-38.502829074086748,-12.982168601462055],[-38.502730291600876,-12.982153467286533],[-38.502656623905857,-12.982116686527581],[-38.502578023530674,-12.982088091459884],[-38.502531330968111,-12.982083180729779],[-38.5024204080703,-12.981992814689763],[-38.502378644437734,-12.981981164100389],[-38.502310923166782,-12.981920771300583]]},"properties":{"NOME_LOGRADOURO":"Travessa Dique Pequeno","CODLOG":16696,"HIERARQUIA":"VL","GMLID":null}},{"type":"Feature","geometry":{"type":"LineString","coordinates":[[-38.515704673668232,-12.976143675509991],[-38.515932267887258,-12.975964553242237],[-38.515972184269842,-12.975924307257001],[-38.515970972016852,-12.975882717909206],[-38.515954314324553,-12.975847518152097],[-38.51533196096868,-12.975055569181745],[-38.515211555955666,-12.974886644573399],[-38.514913136472821,-12.974499507779848],[-38.51467750338319,-12.974198103413169],[-38.514612567068838,-12.974124119113903],[-38.514272270629398,-12.974436378794849]]},"properties":{"NOME_LOGRADOURO":"Avenida das Naus","CODLOG":2267,"HIERARQUIA":"VL","GMLID":null}},{"type":"Feature","geometry":{"type":"LineString","coordinates":[[-38.505755649113453,-12.968778186043112],[-38.506086047866049,-12.968397391498449]]},"properties":{"NOME_LOGRADOURO":"Beco do Tucano","CODLOG":47,"HIERARQUIA":"VL","GMLID":null}},{"type":"Feature","geometry":{"type":"LineString","coordinates":[[-38.519536515445573,-12.985675682589276],[-38.519852507369158,-12.985117466166004]]},"properties":{"NOME_LOGRADOURO":"Rua Horácio César","CODLOG":774,"HIERARQUIA":"VC-I","GMLID":null}},{"type":"Feature","geometry":{"type":"LineString","coordinates":[[-38.492835019652325,-12.973820391868113],[-38.492710247137381,-12.974200216693733],[-38.492629638253938,-12.97443421193273],[-38.492601987180599,-12.974610360294641],[-38.492516165036285,-12.975165738901698],[-38.492432160073889,-12.975762347155589],[-38.492398709795452,-12.976098592723197]]},"properties":{"NOME_LOGRADOURO":"Rua Alberto Torres","CODLOG":32,"HIERARQUIA":"VL","GMLID":null}},{"type":"Feature","geometry":{"type":"LineString","coordinates":[[-38.492601987180599,-12.974610360294641],[-38.493067857779359,-12.974666053589919],[-38.493118716306633,-12.974668683639106],[-38.493045074579804,-12.975292253324884],[-38.492982203429293,-12.975740274634525],[-38.493046746782376,-12.975743021796216],[-38.493052379946761,-12.976002679336865]]},"properties":{"NOME_LOGRADOURO":"Rua Adelaide Guimarães","CODLOG":8,"HIERARQUIA":"VL","GMLID":null}},{"type":"Feature","geometry":{"type":"LineString","coordinates":[[-38.490925324392208,-12.976399933254653],[-38.490985489602451,-12.976387484733973],[-38.491112259739893,-12.976373358001716],[-38.491162913998807,-12.976364597320346],[-38.491204605138904,-12.976351297895665],[-38.491438518893851,-12.976291273257615],[-38.491474892990205,-12.976275523752932],[-38.491589172242968,-12.976235063475903],[-38.491675582072936,-12.976214981835104],[-38.49189447073946,-12.976178251418494],[-38.492144680267643,-12.976143210492422],[-38.492177989949262,-12.976138574359252],[-38.492398709795452,-12.976098592723197],[-38.492626901603053,-12.976048229406683],[-38.492883105314959,-12.976018532666092],[-38.493052379946761,-12.976002679336865],[-38.493100515697051,-12.975998162395729],[-38.493209141061499,-12.975971161764646],[-38.4934061433623,-12.975966572995109]]},"properties":{"NOME_LOGRADOURO":"Rua Professor Fernando Tude de Souza","CODLOG":449,"HIERARQUIA":"VL","GMLID":null}},{"type":"Feature","geometry":{"type":"LineString","coordinates":[[-38.492601987180599,-12.974610360294641],[-38.492143887214183,-12.97454672491936],[-38.491998251209715,-12.974528721124154],[-38.491912480404146,-12.975170800046957],[-38.491820749065745,-12.975790174416591],[-38.491781556971205,-12.975995411245648]]},"properties":{"NOME_LOGRADOURO":"Rua São Geraldo","CODLOG":713,"HIERARQUIA":"VL","GMLID":null}},{"type":"Feature","geometry":{"type":"LineString","coordinates":[[-38.510584824511341,-12.970483647269367],[-38.510484941589148,-12.970319913373444],[-38.510407490242628,-12.970193107550948],[-38.51033845110495,-12.970080149750455]]},"properties":{"NOME_LOGRADOURO":"Praça Conde dos Arcos","CODLOG":148,"HIERARQUIA":"VL","GMLID":null}},{"type":"Feature","geometry":{"type":"LineString","coordinates":[[-38.499402841570003,-12.99041451391057],[-38.499463668694411,-12.990528903624863],[-38.499531814828487,-12.990633002687337],[-38.499533785991851,-12.990635899150227],[-38.499604586469978,-12.990743889734205],[-38.49964449797811,-12.990822801025896],[-38.499677267126756,-12.990899799656304],[-38.499682737042235,-12.990902069884561],[-38.499686991807415,-12.990903796133114],[-38.499720647088743,-12.990917693093609],[-38.499748303850751,-12.990927600747495],[-38.499777417289266,-12.990931634539043],[-38.49980699619173,-12.990930696801188],[-38.499835899226397,-12.99092559915433],[-38.499864352536612,-12.990917607971417],[-38.499892352831594,-12.990907445734873],[-38.499945082639144,-12.990888561745367],[-38.500006871906749,-12.990863728085829],[-38.500077659678482,-12.990826075112121],[-38.500147482440148,-12.990776213910651],[-38.50018775925821,-12.990749079133824],[-38.500232219345115,-12.990720686456642],[-38.500248278657892,-12.990712761822087],[-38.500258477850792,-12.990707718586506],[-38.50028715506518,-12.990701174572289],[-38.500321292817191,-12.990702053118129],[-38.500333755521574,-12.990705422770185],[-38.500345079069916,-12.990708518055097],[-38.500370671864729,-12.990723665369918],[-38.500403023031389,-12.990743706767539],[-38.500423298600417,-12.990756312885281],[-38.500469069125742,-12.990794733452597],[-38.500525221989697,-12.990850441355226],[-38.500583502697694,-12.990906334183361],[-38.50084475728876,-12.991169468414997],[-38.500985689739103,-12.991299834950517],[-38.500997681789741,-12.991310345365649],[-38.50148981980238,-12.99174072304333],[-38.501554886556924,-12.991787408132746],[-38.501792485335073,-12.991903676236493]]},"properties":{"NOME_LOGRADOURO":"Rua Vila América","CODLOG":1560,"HIERARQUIA":"VC-II","GMLID":null}},{"type":"Feature","geometry":{"type":"LineString","coordinates":[[-38.512106615390181,-12.974909293195806],[-38.511659819303382,-12.974392501720001],[-38.511367848674382,-12.974054734912436]]},"properties":{"NOME_LOGRADOURO":"Rua José Gonçalves","CODLOG":872,"HIERARQUIA":"VC-I","GMLID":null}},{"type":"Feature","geometry":{"type":"LineString","coordinates":[[-38.501301039244147,-12.960423242253421],[-38.501663743481423,-12.960348088491861]]},"properties":{"NOME_LOGRADOURO":"Travessa Militão Lisboa","CODLOG":10909,"HIERARQUIA":"VL","GMLID":null}},{"type":"Feature","geometry":{"type":"LineString","coordinates":[[-38.501467820351898,-12.963642484196777],[-38.501393562865374,-12.96328921334926],[-38.50135138855115,-12.963088520810965],[-38.501321739408489,-12.96293558634609],[-38.501262405734501,-12.962609105111721],[-38.501188633004034,-12.962012190390947],[-38.501169068595303,-12.961834323528674],[-38.501153542114487,-12.961766849899403],[-38.501083926471686,-12.961717444334584],[-38.501095638489971,-12.96114193940654],[-38.501089256648335,-12.960987241890047],[-38.501080307586534,-12.960899892020855],[-38.500930568254972,-12.960695466790206],[-38.500819526293654,-12.960528633604213],[-38.500795466047684,-12.960470455496253],[-38.500786917423234,-12.960449646036482],[-38.500729851988773,-12.960282826739331],[-38.500676149569209,-12.960106973251849],[-38.500644260447835,-12.959971753960625],[-38.500608910471165,-12.959856779464761],[-38.500600179181021,-12.95981291596423],[-38.500594082223607,-12.959782346274576],[-38.500596512848375,-12.959745193765919],[-38.500603568926188,-12.959714107651337]]},"properties":{"NOME_LOGRADOURO":"Rua São José de Cima","CODLOG":183,"HIERARQUIA":"VC-II","GMLID":null}},{"type":"Feature","geometry":{"type":"LineString","coordinates":[[-38.497695295676849,-12.961774847406089],[-38.497859451885986,-12.961652663452677],[-38.497862955844781,-12.961649234085181],[-38.498091466578941,-12.961963655719552]]},"properties":{"NOME_LOGRADOURO":"Avenida Francisco Chagas","CODLOG":9945,"HIERARQUIA":"VL","GMLID":null}},{"type":"Feature","geometry":{"type":"LineString","coordinates":[[-38.498008537262351,-12.962184268600884],[-38.497713904349055,-12.962429064115922]]},"properties":{"NOME_LOGRADOURO":"Praça da Pedreira","CODLOG":3600,"HIERARQUIA":"VL","GMLID":null}},{"type":"Feature","geometry":{"type":"LineString","coordinates":[[-38.510597009515962,-12.99349972185305],[-38.510537273436881,-12.993554538442451],[-38.51042915768474,-12.99363318108054],[-38.5103480989739,-12.993734032209069],[-38.510187233605656,-12.993897613890109],[-38.510084882173551,-12.994019739587229]]},"properties":{"NOME_LOGRADOURO":"3ª Avenida Padre Domingos de Brito","CODLOG":13262,"HIERARQUIA":"VL","GMLID":null}},{"type":"Feature","geometry":{"type":"LineString","coordinates":[[-38.520043061613286,-12.987880642101771],[-38.519776950979825,-12.987880239269302],[-38.519769683214776,-12.987784665360577],[-38.519654719162681,-12.987786893514935],[-38.519581969836459,-12.987791080463001]]},"properties":{"NOME_LOGRADOURO":"Avenida Lourdes","CODLOG":10575,"HIERARQUIA":"VL","GMLID":null}},{"type":"Feature","geometry":{"type":"LineString","coordinates":[[-38.501635747900728,-12.985048771926209],[-38.501508012504864,-12.985089028052991],[-38.501188830246925,-12.985206483667],[-38.501117240627224,-12.985228675661382],[-38.500826154917071,-12.98532512041549],[-38.500751582733479,-12.985356348092692],[-38.500680039057343,-12.985393819022491],[-38.500630177146036,-12.985424732419682],[-38.500588301200288,-12.985454304783801],[-38.500548017934506,-12.985486049475782],[-38.500488605812286,-12.985540178986392],[-38.500416796106968,-12.985634605697125],[-38.500394079234887,-12.98566448611267],[-38.500367234324166,-12.985704936411089],[-38.500354545293121,-12.985738814755416],[-38.50034237349788,-12.98578055918594],[-38.50031055270253,-12.98591438907696],[-38.500307820059909,-12.985950185460178],[-38.500313011985703,-12.986015377689561],[-38.500322679125922,-12.986085913544491],[-38.500326637771629,-12.986121812307214],[-38.500329349654351,-12.986172535521932],[-38.500332850773894,-12.986208523829241],[-38.500351418156633,-12.986315329638384],[-38.5003513314389,-12.986358724021958],[-38.500345099390273,-12.986395507440584],[-38.500334005341891,-12.986429930486789],[-38.500321635545205,-12.986456306043785],[-38.500302414196391,-12.986487097406158],[-38.500279926587893,-12.986515713213462],[-38.500250816636537,-12.986548474895619],[-38.500224611272493,-12.986573828281863],[-38.500201006375754,-12.98659123114793],[-38.500168657639819,-12.986608527681474],[-38.500092417720268,-12.986635683761882],[-38.500014741954224,-12.986658768875685],[-38.49997101087844,-12.986665103980602],[-38.499926837100254,-12.986664114775156],[-38.499883439041653,-12.986655623659018],[-38.499820142230746,-12.986636245164716],[-38.499763300278644,-12.986620856833264],[-38.499716048253788,-12.986600696272557],[-38.499691750449621,-12.986584195938626],[-38.49965570690096,-12.986548054576202],[-38.499630992503839,-12.986512114957483],[-38.499612730946382,-12.986480708963283],[-38.499593497233619,-12.98644161685322],[-38.499580487160941,-12.986407779512795],[-38.499573091809303,-12.986379830548252],[-38.499568663110189,-12.986351253420581],[-38.499566682035571,-12.986315087184629],[-38.499566829843069,-12.986279015470458],[-38.499569654146569,-12.986235715880806],[-38.499575366935368,-12.98619260269891],[-38.499583891872504,-12.986150038378458],[-38.499596063813357,-12.986108293989883],[-38.499609133781561,-12.986074416420884],[-38.499624861385989,-12.986041809903838],[-38.499643172119107,-12.986010383870726],[-38.499675742234807,-12.985958463516832],[-38.499729728069418,-12.985843118370061],[-38.499749861019041,-12.985812960867984],[-38.49976458511594,-12.985787856709887],[-38.499777562775108,-12.98576184494927],[-38.499791543721294,-12.985728421242134],[-38.499805615645116,-12.985687313464863],[-38.499817028281662,-12.985645296329217],[-38.499825629689276,-12.985602731239855],[-38.499833029152931,-12.985552570017669],[-38.49983706850113,-12.985509364086582],[-38.499839375176904,-12.985458831370192],[-38.4998390811649,-12.985415435350216],[-38.499836886587815,-12.985372127002474],[-38.49981773511319,-12.985177625788033],[-38.499803966697122,-12.98510482232618],[-38.499788015114433,-12.984983014718974],[-38.499771079114005,-12.984935247226412],[-38.499757977561359,-12.984909366138153],[-38.499726673701261,-12.984860305966288],[-38.499708852768016,-12.984837308464217],[-38.499689355755478,-12.984815573674133],[-38.49966279393643,-12.984790570018797],[-38.499633565431843,-12.984768364378004],[-38.49960850567247,-12.984753038088028],[-38.499569160921347,-12.984733253519746],[-38.499537263027953,-12.984715201337822],[-38.499512660230039,-12.984699151620987],[-38.499483279626133,-12.984677397791982],[-38.49944965413912,-12.984649036633616],[-38.499418237482793,-12.984618599063756],[-38.499377281661872,-12.984567621363405],[-38.499366158886019,-12.984540839824986],[-38.499360527226614,-12.984505209100242],[-38.4993647776136,-12.984433073278376],[-38.499364226969419,-12.984404141914929],[-38.499361467173244,-12.984339224719207],[-38.499367013140187,-12.984303434666391],[-38.499375432746199,-12.984275696087039],[-38.499396053677287,-12.984229267718888],[-38.499420473574226,-12.984184653336689],[-38.499441137904959,-12.984154769051047],[-38.499461025261873,-12.984133470849965],[-38.499495597910283,-12.984106415576312],[-38.499539522133809,-12.98407983041694],[-38.499586248509715,-12.984058313490937],[-38.499628321361747,-12.984045014391519],[-38.499693879498388,-12.984035737326922],[-38.499723379984935,-12.984035794084843],[-38.499936384322432,-12.984054917983157],[-38.500068345825468,-12.984070178518021],[-38.50009776743665,-12.984071410596103],[-38.500223221504839,-12.984071199627209],[-38.500267326968803,-12.984067849179743],[-38.500310832904198,-12.984059976364321],[-38.500360132035759,-12.984044793028193],[-38.50039399367887,-12.984031115424814],[-38.500426484967228,-12.984017979537658],[-38.500470424212637,-12.983982896182342],[-38.500507370140689,-12.983947528113347],[-38.500572743067153,-12.983877679838439],[-38.500664620053207,-12.983747219576584],[-38.500729962211715,-12.983616527484317],[-38.500822321032338,-12.983407647715461]]},"properties":{"NOME_LOGRADOURO":"Avenida Laurindo Régis","CODLOG":5299,"HIERARQUIA":"VC-II","GMLID":null}},{"type":"Feature","geometry":{"type":"LineString","coordinates":[[-38.490116433361372,-12.961980001215506],[-38.489990365615306,-12.96202586166847],[-38.4898855197766,-12.96206642950318],[-38.489798688494808,-12.962108841069142],[-38.489665454004609,-12.962202241398163],[-38.489440401955434,-12.962359740604006],[-38.48933046419728,-12.962436731933291],[-38.489080895848161,-12.962611540560724],[-38.488979269920385,-12.962676162640079],[-38.488842899527022,-12.962778416129396],[-38.488742401971585,-12.962848916992272],[-38.488710348999049,-12.962871546009787],[-38.488708217003278,-12.962873078130658],[-38.488651800576726,-12.962912837185591],[-38.488634746808088,-12.962924917825093],[-38.488574295198518,-12.962967652031958],[-38.488346040283872,-12.963128940854871],[-38.48815760460927,-12.963262372092826],[-38.488106821723761,-12.963298344280267],[-38.488018656082652,-12.963360823145296],[-38.487585898520805,-12.963667263073537],[-38.487540749572524,-12.963699268471439],[-38.487417105069703,-12.963786719361879],[-38.486912854302197,-12.964143826692119],[-38.486430597959419,-12.96448886134055],[-38.486385677187037,-12.964520957399831],[-38.486322301469343,-12.964554557872674],[-38.486256900681063,-12.964589231285396],[-38.486144465979514,-12.964632564019878]]},"properties":{"NOME_LOGRADOURO":"Ladeira do Ypiranga","CODLOG":796,"HIERARQUIA":"VC-II","GMLID":null}},{"type":"Feature","geometry":{"type":"LineString","coordinates":[[-38.528578133743359,-12.996882743286982],[-38.528460777118788,-12.996901605335674],[-38.528352734159647,-12.996940826116601],[-38.528257290829949,-12.996951319287694]]},"properties":{"NOME_LOGRADOURO":"Avenida Brandão","CODLOG":10233,"HIERARQUIA":"VL","GMLID":null}},{"type":"Feature","geometry":{"type":"LineString","coordinates":[[-38.526239236336856,-12.996442167370407],[-38.526282778342029,-12.996415577900603],[-38.526364844193729,-12.996362387981209],[-38.526326530060302,-12.996318741708116],[-38.526137187485276,-12.996086863859128]]},"properties":{"NOME_LOGRADOURO":"Avenida Pernambuco","CODLOG":10234,"HIERARQUIA":"VL","GMLID":null}},{"type":"Feature","geometry":{"type":"LineString","coordinates":[[-38.505529257810259,-12.99656061946475],[-38.505381093979928,-12.996816546997779],[-38.505159815361623,-12.997287049998061],[-38.504921592226289,-12.997713220787153],[-38.504890228710025,-12.997732056039267],[-38.504855684451442,-12.997744556440026],[-38.50481202877144,-12.997750529834974],[-38.504775233306361,-12.997747837392833],[-38.504746658230857,-12.997740641219577],[-38.504708989336578,-12.997718509532652],[-38.504682825864876,-12.997683744017277],[-38.504628190674943,-12.997552007629114],[-38.504219266742972,-12.996330016252269]]},"properties":{"NOME_LOGRADOURO":"Rua Engenheiro Rubens Pires Ferreira","CODLOG":6043,"HIERARQUIA":"VC-II","GMLID":null}},{"type":"Feature","geometry":{"type":"LineString","coordinates":[[-38.50225950294211,-12.996093999358438],[-38.502516492586892,-12.996860867541209],[-38.503369139007624,-12.996593456402357],[-38.504219266742972,-12.996330016252269],[-38.504958771694227,-12.996100987707045]]},"properties":{"NOME_LOGRADOURO":"Rua Engenheiro Jaime Zaverucha","CODLOG":6042,"HIERARQUIA":"VC-II","GMLID":null}},{"type":"Feature","geometry":{"type":"LineString","coordinates":[[-38.514695726474017,-12.977662062838087],[-38.514779351618202,-12.977822148822868],[-38.514844408309713,-12.977952003834108],[-38.515037737624027,-12.978350516454455],[-38.515131632057631,-12.978547235215517],[-38.515148799088031,-12.978594640548971],[-38.515157050783124,-12.978652064563159],[-38.515169943047077,-12.978708592077931],[-38.515174572974061,-12.978751725000906],[-38.515174584952973,-12.978824050063562],[-38.51516870910644,-12.978992285434494],[-38.515157322663683,-12.979257788177835],[-38.51514029158146,-12.979572190035567],[-38.515139343007704,-12.979590631223841],[-38.515082628157572,-12.980688149912211],[-38.515088910676148,-12.980859572774815],[-38.515095466968475,-12.98096825338874],[-38.515168563245616,-12.981383446552798],[-38.515230050762831,-12.981668884407245],[-38.515233667322121,-12.981685887312171],[-38.515234345179024,-12.981689143852829],[-38.515255142743598,-12.981785465578088],[-38.515271474879967,-12.981841295990423],[-38.51527175059141,-12.981842239630421],[-38.515316850410407,-12.981996408611629],[-38.515373738102859,-12.982105274338819],[-38.515434089943327,-12.982191816211998],[-38.515434848365899,-12.98219299223762],[-38.515454106364245,-12.982220692549431],[-38.515658725605505,-12.982405505056143],[-38.515700867361701,-12.982433700090363],[-38.515752577072384,-12.98246824173566],[-38.51602283468867,-12.982640700331833],[-38.516457114976859,-12.982917613579394],[-38.517329159046845,-12.983481117138862],[-38.517359001525421,-12.983500338879972],[-38.517515581654173,-12.983601524067398],[-38.517617711796674,-12.983669338319967],[-38.517978470254818,-12.983908773783282],[-38.518009528393463,-12.983928811525372],[-38.518806327145228,-12.984443169854972],[-38.51963145486674,-12.984975027365374],[-38.519642921309789,-12.984982462445283],[-38.519645883038777,-12.984984365924914],[-38.519852507369158,-12.985117466166004],[-38.519931014913425,-12.985173934678611],[-38.520004777805092,-12.985246577664228],[-38.520032024862694,-12.985271671000103],[-38.520037713930762,-12.985278462427566],[-38.520044388683459,-12.985286701560552],[-38.520056139135491,-12.98530471408916],[-38.520060452738022,-12.985315209473322],[-38.52006476130952,-12.985328326251457],[-38.520081638739079,-12.985408186776255],[-38.520091630804984,-12.985510273567613],[-38.52008816827508,-12.985531965415086],[-38.52004344952902,-12.985815848931731],[-38.520035896567897,-12.985868812833502],[-38.520021485278605,-12.98596977038464]]},"properties":{"NOME_LOGRADOURO":"Rua Carlos Gomes","CODLOG":376,"HIERARQUIA":"VC-I","GMLID":null}},{"type":"Feature","geometry":{"type":"LineString","coordinates":[[-38.507788641711933,-12.969211033793295],[-38.507694023009037,-12.96903935330816],[-38.507569201834549,-12.968761386928044],[-38.50743495016777,-12.96840818495075],[-38.507334837509546,-12.968130718241078],[-38.507268321171949,-12.967934319038054],[-38.507229388318791,-12.967822412110788],[-38.507186799444398,-12.967713934382971],[-38.507165519174023,-12.967671945332023],[-38.507137084598568,-12.96763346838121],[-38.507105057546582,-12.967605472043633],[-38.507073036521874,-12.967573949163501],[-38.507026611776844,-12.96754811653793],[-38.506952407716867,-12.96751909989989],[-38.506860416269205,-12.967488238348755]]},"properties":{"NOME_LOGRADOURO":"Rua do Carmo","CODLOG":381,"HIERARQUIA":"VC-II","GMLID":null}},{"type":"Feature","geometry":{"type":"LineString","coordinates":[[-38.504909306288354,-12.966827227128871],[-38.504892960505487,-12.966788772933441],[-38.504864900027144,-12.966715671169426],[-38.504821028300903,-12.966602850278656],[-38.504688052796084,-12.966221804153102],[-38.504634758271699,-12.96610670560222],[-38.504548795153596,-12.965942363077923],[-38.504499027543389,-12.965850957869169],[-38.504449044514402,-12.965791555225259],[-38.504419445758217,-12.965765822897612],[-38.504406012119013,-12.965754225725078],[-38.504314127167902,-12.965700800823617],[-38.504301288456006,-12.965696075220043],[-38.504211189907657,-12.965662452094053],[-38.504109991475914,-12.965628807797867],[-38.504006893348276,-12.965594437353968],[-38.503863753778369,-12.965548418069044],[-38.503784454188207,-12.965512736520003],[-38.503713956128848,-12.965485841075759]]},"properties":{"NOME_LOGRADOURO":"Rua dos Adôbes","CODLOG":391,"HIERARQUIA":"VC-II","GMLID":null}},{"type":"Feature","geometry":{"type":"LineString","coordinates":[[-38.514695726474017,-12.977662062838087],[-38.5146733004228,-12.97750380906799],[-38.514654926578721,-12.977373228196543],[-38.514631164971632,-12.977276539183462],[-38.51460208119191,-12.977179930662603],[-38.514576008373872,-12.977099238832174],[-38.514562405021735,-12.977057174246861],[-38.514514602643708,-12.976968305477797],[-38.514488410365082,-12.976909763774639],[-38.514381996213274,-12.976779288035704],[-38.514491580252262,-12.976608535299432],[-38.514561158667306,-12.976523321685205]]},"properties":{"NOME_LOGRADOURO":"Praça Castro Alves","CODLOG":395,"HIERARQUIA":"VC-I","GMLID":null}},{"type":"Feature","geometry":{"type":"LineString","coordinates":[[-38.500308407007317,-12.977313130834927],[-38.499835793259976,-12.976975008161773],[-38.499726022271659,-12.976890718866047],[-38.499595792020834,-12.97677194669045],[-38.499508932175779,-12.976674683000523],[-38.499433036924728,-12.976569304009123],[-38.499187226037037,-12.976229717577885],[-38.499162964746169,-12.976157707675913],[-38.499117539496979,-12.976023276081451],[-38.498985645014194,-12.975596756997069],[-38.498985417798593,-12.975596033165878],[-38.498977108546804,-12.975569257025398],[-38.498909442428129,-12.97534076037989],[-38.498843966714404,-12.975119861761053],[-38.498686775228073,-12.974607317560965],[-38.498562950526832,-12.974214082690425],[-38.498458279037244,-12.973861567436575]]},"properties":{"NOME_LOGRADOURO":"Rua Castro Neves","CODLOG":398,"HIERARQUIA":"VC-II","GMLID":null}},{"type":"Feature","geometry":{"type":"LineString","coordinates":[[-38.520995801190509,-12.998284665451298],[-38.521222903203558,-12.997657304199565],[-38.521233749589079,-12.997631106559773],[-38.521286763184257,-12.997503098301394],[-38.521327118949834,-12.997393780925922],[-38.521343542603098,-12.997353942195485]]},"properties":{"NOME_LOGRADOURO":"Rua Catharina Paraguassú","CODLOG":401,"HIERARQUIA":"VC-II","GMLID":null}},{"type":"Feature","geometry":{"type":"LineString","coordinates":[[-38.510810384873935,-12.979168609446761],[-38.510301940498373,-12.978954830977031],[-38.510056037810656,-12.978851484049526]]},"properties":{"NOME_LOGRADOURO":"Praça Duque de Caxias","CODLOG":403,"HIERARQUIA":"VC-II","GMLID":null}},{"type":"Feature","geometry":{"type":"LineString","coordinates":[[-38.491229528682581,-12.981784759106514],[-38.491452981555121,-12.981674267508792],[-38.491509170293831,-12.981635954376486],[-38.49154840430424,-12.981597608989484],[-38.491743440142599,-12.981440321367861],[-38.491890585932133,-12.981315757644886]]},"properties":{"NOME_LOGRADOURO":"Travessa 22 de Julho","CODLOG":7466,"HIERARQUIA":"VL","GMLID":null}},{"type":"Feature","geometry":{"type":"LineString","coordinates":[[-38.491375109889496,-12.981461741636977],[-38.491369773047765,-12.981464452964477],[-38.491580171346904,-12.981380153268328],[-38.491717680395894,-12.981320663482331],[-38.491845461537963,-12.981259436557172]]},"properties":{"NOME_LOGRADOURO":"Avenida Santa Efigênia","CODLOG":15421,"HIERARQUIA":"VL","GMLID":null}},{"type":"Feature","geometry":{"type":"LineString","coordinates":[[-38.505134060762416,-12.967084591585767],[-38.505040049561586,-12.967299579401972],[-38.504871344033717,-12.9676869194964],[-38.504727678583194,-12.968021691885996],[-38.504702626518124,-12.9680800465866],[-38.50462907626153,-12.968289196463958],[-38.504439380919358,-12.968717902463354]]},"properties":{"NOME_LOGRADOURO":"Ladeira do Aquidabã","CODLOG":138,"HIERARQUIA":"VC-II","GMLID":null}},{"type":"Feature","geometry":{"type":"LineString","coordinates":[[-38.520476887508579,-12.9901862696812],[-38.520611018188539,-12.990419224224546],[-38.521239939568027,-12.991580484773552],[-38.521255396306877,-12.991609081922263],[-38.521513282879809,-12.992094589557686],[-38.522007000692263,-12.992990255410929],[-38.52256649971639,-12.994001128869261],[-38.522730404620098,-12.994292449955134],[-38.522929291059974,-12.994660047544867],[-38.523295545604768,-12.995337957598124]]},"properties":{"NOME_LOGRADOURO":"Avenida Araújo Pinho","CODLOG":146,"HIERARQUIA":"VC-I / VC-II","GMLID":null}},{"type":"Feature","geometry":{"type":"LineString","coordinates":[[-38.525634911776272,-12.995923211400743],[-38.525694864675984,-12.995823240946404],[-38.525795324506028,-12.995653100027601],[-38.525811036874728,-12.99562709190401],[-38.525818510233009,-12.99561562345359],[-38.525862547648046,-12.995608290828841],[-38.525878682482229,-12.995600183885399],[-38.52589076914785,-12.995561512437231],[-38.525886396013995,-12.995341635723873]]},"properties":{"NOME_LOGRADOURO":"Alto da Califórnia","CODLOG":2194,"HIERARQUIA":"VL","GMLID":null}},{"type":"Feature","geometry":{"type":"LineString","coordinates":[[-38.492955129273639,-12.986669426736889],[-38.492799441614231,-12.986580706410985],[-38.491956703651525,-12.986125585267745],[-38.491927505657387,-12.986088642433845],[-38.49188814948981,-12.986037033761788],[-38.491660130183178,-12.98562379413193],[-38.491494890708708,-12.985334352785166],[-38.491446886219329,-12.985236258219011],[-38.491391402193997,-12.985114011218771],[-38.491305847885087,-12.984935924593033],[-38.491145164450231,-12.984649565465752],[-38.490951965902326,-12.984313238466122],[-38.490929001777829,-12.984277031123785],[-38.490748450121131,-12.983853667565342],[-38.490747165308825,-12.983850229839604]]},"properties":{"NOME_LOGRADOURO":"Rua Machado de Assis","CODLOG":970,"HIERARQUIA":"VC-II","GMLID":null}},{"type":"Feature","geometry":{"type":"LineString","coordinates":[[-38.499664101823029,-12.978771413233119],[-38.499880107900374,-12.978998386437162],[-38.500019256901815,-12.979144660072393],[-38.500171606839821,-12.979304880712991],[-38.500177597149239,-12.979312848648638],[-38.500226583548937,-12.979377582509917],[-38.500289105894154,-12.979479590806642],[-38.500381789798091,-12.979630837841384],[-38.500505831471081,-12.979840457820872],[-38.500628457554001,-12.980035519444074],[-38.500678705498821,-12.980115535528579],[-38.500776207123828,-12.980290117506515],[-38.500793823964628,-12.980377393489405],[-38.5007847375228,-12.980473297134175],[-38.500755937723952,-12.980541860257624],[-38.500739992434738,-12.980569222756772],[-38.50065090626417,-12.980673650829781],[-38.50038793780169,-12.980969767011677],[-38.500031655804797,-12.981350235678043],[-38.499661431066301,-12.981744599594958],[-38.499322780354355,-12.982127813836456],[-38.499270364392522,-12.982180600207277],[-38.499184656427566,-12.982267044341048],[-38.498952984199825,-12.982458531518624],[-38.498881714027014,-12.982510738933358],[-38.498806068586859,-12.982545490553898],[-38.498725947118679,-12.982575802740213],[-38.498683208066332,-12.982580240658907],[-38.498601381288481,-12.982588672298368],[-38.498151308524868,-12.982608417246839],[-38.498151232916143,-12.982608417100931],[-38.497743058714178,-12.982626253764172],[-38.497538337336572,-12.982647736420098],[-38.497400448697491,-12.982669258566826],[-38.49730710514951,-12.982695205299901],[-38.497213481127282,-12.982747369934996],[-38.497102259540348,-12.982816948746036],[-38.496999803912651,-12.982912671611492],[-38.496964590431567,-12.98295572767122],[-38.496874957046579,-12.983065126616472],[-38.496638575762489,-12.983404777824582],[-38.496613110147962,-12.983440077128765],[-38.496446820399022,-12.983670472320361],[-38.496350675546068,-12.983803816323089]]},"properties":{"NOME_LOGRADOURO":"Rua Frederico Costa","CODLOG":672,"HIERARQUIA":"VC-I","GMLID":null}},{"type":"Feature","geometry":{"type":"LineString","coordinates":[[-38.507572808411673,-12.976789305012737],[-38.507525938331632,-12.976691848307052],[-38.507303070695272,-12.976474719977229],[-38.507228694567374,-12.976408129913631],[-38.507223381833441,-12.976403418691611],[-38.50704275312745,-12.976241609451725],[-38.507005447708558,-12.976190458981684],[-38.506974696875069,-12.976131454917091],[-38.506945608006035,-12.976039004240178],[-38.506926298511729,-12.975960946844896],[-38.506918505864157,-12.975825503595892],[-38.506913006981456,-12.975683645471022],[-38.506909911246353,-12.975634276975507],[-38.506901845266952,-12.975599184292424],[-38.506887219065163,-12.975575289077428],[-38.506851606213786,-12.975552891298841],[-38.506774891635501,-12.975515587827372],[-38.506691947642523,-12.975475560698474]]},"properties":{"NOME_LOGRADOURO":"Ladeira do Desterro","CODLOG":668,"HIERARQUIA":"VC-II","GMLID":null}},{"type":"Feature","geometry":{"type":"LineString","coordinates":[[-38.499270364392522,-12.982180600207277],[-38.499776142917199,-12.982591294502214],[-38.500008879634322,-12.982780328913986],[-38.500346142865027,-12.983054183828141],[-38.500822321032338,-12.983407647715461]]},"properties":{"NOME_LOGRADOURO":"Rua Boa Vista de Brotas","CODLOG":6,"HIERARQUIA":"VC-II","GMLID":null}},{"type":"Feature","geometry":{"type":"LineString","coordinates":[[-38.52064178006529,-12.99816747535181],[-38.520601191070405,-12.998279414475068],[-38.520534031604875,-12.998527997175364],[-38.520513783231443,-12.998658868886679],[-38.520525435625153,-12.999163990649205],[-38.520744456393459,-12.999143603586278],[-38.520788176029612,-12.99914368424788],[-38.520849472033291,-12.999137650280245],[-38.520863073824081,-12.999141743560326],[-38.520890117214634,-12.999155084008823],[-38.520909801614778,-12.999199419187187],[-38.520968871347684,-12.999878661732902],[-38.520967967195183,-12.999953426501225],[-38.520955201748727,-13.000028168488573],[-38.52092309872981,-13.000116165371937],[-38.520899466144364,-13.000148034326982],[-38.520881344512965,-13.000161471408223],[-38.520854784746028,-13.000173807830183],[-38.520824354841913,-13.000181797646958],[-38.520791283337985,-13.000180018569839],[-38.520763173280372,-13.000167942984998],[-38.520437821621677,-12.999967540930479],[-38.520366303972978,-12.999911447082233],[-38.520298355128354,-12.999858162055363],[-38.520217476155722,-12.999806842462196],[-38.520116330652677,-12.999737312830327],[-38.520097924061844,-12.999700845063433],[-38.520088080885209,-12.99963962138057],[-38.52017473749963,-12.99909734326112],[-38.520175970330108,-12.999089209159468],[-38.520182664595474,-12.999047634482851],[-38.520154700868837,-12.998920109873959],[-38.520112231084504,-12.998744190501208],[-38.520040240553463,-12.998499145970085]]},"properties":{"NOME_LOGRADOURO":"Rua Rio de São Pedro","CODLOG":1330,"HIERARQUIA":"VL","GMLID":null}},{"type":"Feature","geometry":{"type":"LineString","coordinates":[[-38.527270999560287,-12.996293257763847],[-38.528287417515052,-12.996378377962516]]},"properties":{"NOME_LOGRADOURO":"Largo da Vitória","CODLOG":1356,"HIERARQUIA":"VL","GMLID":null}},{"type":"Feature","geometry":{"type":"LineString","coordinates":[[-38.525728777520364,-12.997384714123299],[-38.525896867659306,-12.997677306911951],[-38.526096196843845,-12.998015611860621],[-38.526223458101136,-12.998227485880799],[-38.526251128924031,-12.99827038936618],[-38.526286626922648,-12.998316110278509],[-38.52634790996624,-12.998356633589307],[-38.526391235530241,-12.998364126480043],[-38.526457320122766,-12.998358913727927],[-38.526492392297662,-12.998348129447255],[-38.52652246624077,-12.998327299848857],[-38.526573033394712,-12.998285082442397],[-38.526592235919196,-12.998263058409126],[-38.526608400480114,-12.998238859556979],[-38.526638331546636,-12.998172736107712],[-38.526661880454164,-12.99810425179942],[-38.526666130273753,-12.998068367390232],[-38.526663398946503,-12.998025058173168],[-38.526656484958671,-12.997982192552293],[-38.526645387625265,-12.997940133127898],[-38.526527665326086,-12.997589683225087],[-38.526349254882909,-12.997045741927838]]},"properties":{"NOME_LOGRADOURO":"Rua Teixeira Leal","CODLOG":1489,"HIERARQUIA":"VL","GMLID":null}},{"type":"Feature","geometry":{"type":"LineString","coordinates":[[-38.516858762460927,-12.982494808687854],[-38.517226922903767,-12.983231856117593],[-38.517292910739229,-12.983353575895194],[-38.517311144461679,-12.983399988405075],[-38.517329159046845,-12.983481117138862]]},"properties":{"NOME_LOGRADOURO":"Rua da Faísca","CODLOG":462,"HIERARQUIA":"VC-II","GMLID":null}},{"type":"Feature","geometry":{"type":"LineString","coordinates":[[-38.495334604222002,-12.999321872664115],[-38.495348661646887,-12.999326601119797],[-38.495360581863075,-12.999335303174272],[-38.495370513366744,-12.999349787596332],[-38.495374274896335,-12.999369774991004],[-38.495371508265315,-12.999384053895218],[-38.495364411519134,-12.999396877602862],[-38.49535359415033,-12.999406891841938],[-38.495343013860015,-12.999412295821477],[-38.495328484637838,-12.999415160256062],[-38.495313736785654,-12.999413503969338],[-38.495295354894218,-12.999404066869513],[-38.495284128572052,-12.999390574592725],[-38.495279138168357,-12.999376823160773],[-38.495278711132457,-12.999362266780016],[-38.495284219368266,-12.999345642180241],[-38.49529550012727,-12.999332193636691],[-38.495308213970837,-12.999324624532777],[-38.495325708896296,-12.99932122331737],[-38.495334604222002,-12.999321872664115]]},"properties":{"NOME_LOGRADOURO":"Praça Mãe Ruinhó","CODLOG":12689,"HIERARQUIA":"VC-II","GMLID":null}},{"type":"Feature","geometry":{"type":"LineString","coordinates":[[-38.5097254404156,-12.973621025885134],[-38.509697233987765,-12.973659938404378],[-38.509376135213735,-12.974104943493669],[-38.50916905981569,-12.974403525701836],[-38.509382794584546,-12.974547766782527]]},"properties":{"NOME_LOGRADOURO":"Largo do Cruzeiro de São Francisco","CODLOG":100,"HIERARQUIA":"VC-II","GMLID":null}},{"type":"Feature","geometry":{"type":"LineString","coordinates":[[-38.509918282377612,-12.970843290363632],[-38.509971175378439,-12.970815274300035],[-38.510094008313857,-12.970750413541182],[-38.510165395727682,-12.970712668222088],[-38.510406344323286,-12.970585288613579],[-38.510418977025267,-12.970578622779568],[-38.510584824511341,-12.970483647269367],[-38.510622271039857,-12.970462110770413]]},"properties":{"NOME_LOGRADOURO":"Rua Conde D'Eu","CODLOG":504,"HIERARQUIA":"VC-II","GMLID":null}},{"type":"Feature","geometry":{"type":"LineString","coordinates":[[-38.515498466048825,-12.978196421912655],[-38.51556750071601,-12.978117807106729],[-38.515619223853399,-12.978066371460905],[-38.51575159980144,-12.977943214828754],[-38.515859831669623,-12.977842071320355],[-38.515947718517296,-12.977764757429448],[-38.515972327911776,-12.977737590898846],[-38.516040312494923,-12.97761205277865],[-38.516069016514038,-12.977512026252697],[-38.516097819195174,-12.977400066596697],[-38.516118427736856,-12.977279954402686],[-38.516124864013214,-12.977214422242092],[-38.516130990992515,-12.977151962127049],[-38.516129202908779,-12.97709391808645],[-38.516128956853315,-12.977063812630469],[-38.51612427682678,-12.97700693782388],[-38.516102869532567,-12.97691170009398],[-38.51604598908434,-12.976799489726599],[-38.515899366984456,-12.976623103652861],[-38.515781254432952,-12.976486821341895],[-38.515591374326497,-12.976270394236504]]},"properties":{"NOME_LOGRADOURO":"Ladeira da Preguiça","CODLOG":514,"HIERARQUIA":"VC-II","GMLID":null}},{"type":"Feature","geometry":{"type":"LineString","coordinates":[[-38.498092037510681,-12.968172314667159],[-38.498124258106706,-12.968293701712675],[-38.498179908302873,-12.968522537128349],[-38.498198600745596,-12.968565968661482],[-38.498214748640002,-12.968588601328765],[-38.498258011634015,-12.968662907652689],[-38.498373385126037,-12.968833365401879],[-38.49847704357466,-12.968968903103129],[-38.498523685068747,-12.969026582354466],[-38.498559367320901,-12.969051693183349],[-38.498607003471314,-12.969068509810278],[-38.49866492603023,-12.969073593799994],[-38.498756847014164,-12.969072143179128],[-38.499094012674718,-12.969042686342194],[-38.499163819277882,-12.96903613107251],[-38.499219953720065,-12.969022948511451],[-38.499309365672438,-12.968983341969299],[-38.500072407805384,-12.968664497715068]]},"properties":{"NOME_LOGRADOURO":"Rua Arthur Cezar Rios","CODLOG":1699,"HIERARQUIA":"VL","GMLID":null}},{"type":"Feature","geometry":{"type":"LineString","coordinates":[[-38.49553102749789,-12.96584347366448],[-38.495493790297196,-12.965835445990683],[-38.495172689632966,-12.965892955540545],[-38.495119977236079,-12.965905690859239],[-38.495077154824649,-12.965915371827039],[-38.495032738975993,-12.965923332541298],[-38.494961945345487,-12.965929613543878],[-38.494836783761166,-12.965940671956963],[-38.494784014144656,-12.965943824840823],[-38.494718152551968,-12.965954997350394],[-38.494677543914364,-12.965960071816745]]},"properties":{"NOME_LOGRADOURO":"Rua João Floriano de Oliveira","CODLOG":1650,"HIERARQUIA":"VL","GMLID":null}},{"type":"Feature","geometry":{"type":"LineString","coordinates":[[-38.505429932424192,-12.981264858356887],[-38.505447310694016,-12.981396703734612],[-38.505506774580198,-12.981700130473389],[-38.505517277230865,-12.981771752882432],[-38.505525498186152,-12.981843641321195],[-38.505531362934569,-12.981915706128145],[-38.50553494523858,-12.981987947443614],[-38.505535795559908,-12.982096527781222],[-38.505531551873709,-12.982204916679933],[-38.505505594635522,-12.98245131498251],[-38.505489198939337,-12.982707133770569],[-38.505461689138414,-12.983085341419118],[-38.505458610480041,-12.983143104896598],[-38.505457982438443,-12.983229893788529],[-38.505461399206709,-12.983309366913261],[-38.505468769388543,-12.983388577187416],[-38.505469922497376,-12.983459187144105]]},"properties":{"NOME_LOGRADOURO":"Rua José Leonídio de Sena","CODLOG":13222,"HIERARQUIA":"VC-II","GMLID":null}},{"type":"Feature","geometry":{"type":"LineString","coordinates":[[-38.518633145390623,-12.980442992813702],[-38.518480253264322,-12.980441352539614],[-38.518431296006135,-12.98043836831944],[-38.518376958633418,-12.980426243974877],[-38.518327486886733,-12.980413675603421],[-38.518267841370466,-12.980394307453372],[-38.518228191311223,-12.980375067656052],[-38.518191056727275,-12.98035194516711],[-38.518163226603853,-12.980314465141163],[-38.518151489051768,-12.980289942903015],[-38.51814376994755,-12.980271576064544],[-38.518140991248622,-12.980253670500433],[-38.518134077021621,-12.980211889751507],[-38.518125017157537,-12.980139005359494],[-38.518118467120829,-12.980066125616736],[-38.518110561676117,-12.980025789821132],[-38.518099970118563,-12.9799984665471],[-38.518072383990379,-12.979952579302383],[-38.518044169810601,-12.979916816616864],[-38.517981091202913,-12.979864173094287],[-38.517907029659199,-12.979789720535203],[-38.517826798164776,-12.979721766172201],[-38.517721112229225,-12.979645356929801],[-38.517646911594063,-12.979603902622054],[-38.5175535597444,-12.979558255059645],[-38.517487210353195,-12.979506327846858],[-38.517467283681363,-12.979470580475072],[-38.517456000405502,-12.979407546390478],[-38.517456766695858,-12.979246895285582],[-38.517466346119136,-12.979167897493696]]},"properties":{"NOME_LOGRADOURO":"Rua Fagundes Varela","CODLOG":816,"HIERARQUIA":"VL","GMLID":null}},{"type":"Feature","geometry":{"type":"LineString","coordinates":[[-38.507224656830175,-12.980082148063161],[-38.507001437824066,-12.980891583860435],[-38.506921960105494,-12.981137247053953],[-38.506900170481622,-12.981198772010721],[-38.506885704387535,-12.9812473837972],[-38.506874901534616,-12.981289491980938],[-38.506864388339075,-12.981339014598781],[-38.50685129365327,-12.981424875641924],[-38.506845616004476,-12.981489686415104],[-38.50684367718015,-12.981547542513129],[-38.506844551542855,-12.981605404849478],[-38.506848612744989,-12.981666437173429],[-38.506904102225278,-12.982136022446671],[-38.50693410344563,-12.98234455698336],[-38.506940666288102,-12.982409300536988],[-38.506944097784093,-12.982481541558506],[-38.506944087843692,-12.982524937045964],[-38.506940567200751,-12.982575557105166],[-38.506933321583737,-12.982625628460287],[-38.506893754926296,-12.982795879283129],[-38.506819719490792,-12.983095253861121],[-38.506780136569759,-12.983196524483683],[-38.506765944818845,-12.983221901355897],[-38.506750006796985,-12.983246281152352],[-38.506717995693542,-12.983285908540552],[-38.50668120341745,-12.983321458667254],[-38.506658358360717,-12.983339676505286],[-38.506634148168672,-12.983356265923172],[-38.506530102853262,-12.983413023120526],[-38.506474562655491,-12.98343244483512],[-38.506424586077955,-12.983444916239177],[-38.506366178279841,-12.983453574714645],[-38.506307248950677,-12.98345644503506],[-38.50627782646216,-12.983455665780562],[-38.506241033784555,-12.983452612826742],[-38.506208350264941,-12.983447939129977],[-38.506145438120612,-12.983427206548756],[-38.506092418672111,-12.983401882010165],[-38.506042985643589,-12.983370236385083],[-38.506003285315913,-12.983337975366059],[-38.505972326403153,-12.983306997791747],[-38.505941000261224,-12.983269148178124],[-38.505854348133539,-12.983142775707908],[-38.505819880383733,-12.983078882450467],[-38.505800204869956,-12.983032014345051],[-38.50578425790787,-12.98298388828905],[-38.505772189614341,-12.982934594088393],[-38.505764077470623,-12.982884583107733],[-38.505759995621531,-12.982834128569504],[-38.505759866820732,-12.982783591119734],[-38.505762994269858,-12.982740292893517],[-38.505766006212689,-12.982716250290188],[-38.505788327750089,-12.982654997733142],[-38.505815679831635,-12.982587787637094],[-38.50585210178977,-12.982508661483745],[-38.505890796710659,-12.982434149470686],[-38.506012831734679,-12.982254322210872],[-38.506045718064733,-12.982163226180413],[-38.506059612339953,-12.982100791114334],[-38.506061430500026,-12.982051838877773],[-38.50605462884775,-12.982009623152827],[-38.506054702192138,-12.981972484243357],[-38.506044459998535,-12.981928572858402],[-38.506037678354431,-12.981876228750295],[-38.506022268398127,-12.98183399576987],[-38.506006862701334,-12.981790075480099],[-38.505994869959579,-12.981761353851033],[-38.505967431523935,-12.981708969598847],[-38.505933073843956,-12.98167345440751],[-38.505865195726841,-12.981614566867005],[-38.505839777419148,-12.98158839138866],[-38.505812454089714,-12.981564110293174],[-38.505618345724301,-12.981412670494501],[-38.505481910008044,-12.981316941188403],[-38.505460965202197,-12.98129655952415],[-38.505429932424192,-12.981264858356887],[-38.505409713650252,-12.981223774533234],[-38.505398509532249,-12.981199163256248],[-38.505388907776897,-12.981171842298624],[-38.505378361740767,-12.98112218837219],[-38.505375993522456,-12.980974098786756],[-38.505382783152257,-12.980923936186318],[-38.505395030199658,-12.980882282034798],[-38.50540641126716,-12.980855633948748],[-38.505432195553361,-12.980811836259464],[-38.505450032126085,-12.980788816512131],[-38.505469993394527,-12.980767518864054],[-38.505573083325778,-12.980693582338285],[-38.505619804469362,-12.980674144030974],[-38.505888808683032,-12.980590489211895],[-38.506188480530049,-12.980493150558823]]},"properties":{"NOME_LOGRADOURO":"Boulevard América","CODLOG":88,"HIERARQUIA":"VC-II","GMLID":null}},{"type":"Feature","geometry":{"type":"LineString","coordinates":[[-38.507600032634613,-12.969321332992216],[-38.507788641711933,-12.969211033793295]]},"properties":{"NOME_LOGRADOURO":"Largo do Carmo","CODLOG":380,"HIERARQUIA":"VC-II","GMLID":null}},{"type":"Feature","geometry":{"type":"MultiLineString","coordinates":[[[-38.507143854366419,-12.978992235879979],[-38.507043533331817,-12.979089231996189],[-38.507031345444098,-12.979101051767289],[-38.506987917533756,-12.979147528021146],[-38.506856990778893,-12.979420396434314],[-38.506809493010699,-12.979525720292717],[-38.506777107763305,-12.97960150948359],[-38.506675055078333,-12.979921353685505],[-38.506570306304141,-12.980297154488365],[-38.506402026746201,-12.980889266050216],[-38.50635756044634,-12.98107623238386],[-38.506339344882399,-12.981175915877209],[-38.506322226345723,-12.981297660448645],[-38.5063127621017,-12.981354779765045],[-38.506308951710047,-12.981397986285653],[-38.506308022260463,-12.981445176942128],[-38.50630976902854,-12.981484687520757],[-38.506314397277052,-12.981527910963582],[-38.506359521120395,-12.98181702599986],[-38.506411225419718,-12.982161934429405],[-38.506425285833934,-12.982203096012688]],[[-38.506425285833934,-12.982203096012688],[-38.506446879786189,-12.982240836675121],[-38.506470242154769,-12.982268816680751],[-38.506503108176574,-12.98229681471871],[-38.506549539690049,-12.982346717545436],[-38.506570389594188,-12.982376500356214],[-38.506589167529384,-12.982415682452659],[-38.506600489890019,-12.982457562226315],[-38.506603977614446,-12.982500783499223],[-38.506587148210869,-12.982630212878753],[-38.506531435303437,-12.982852687369661],[-38.506485944632637,-12.982981067681639],[-38.506468167393031,-12.983012766526235],[-38.506444998621461,-12.983040839070972],[-38.506417125194496,-12.983064381471419],[-38.506385460276029,-12.983082764298143],[-38.506358068776329,-12.983093379651862],[-38.506329315864512,-12.983100015559724],[-38.50629996316745,-12.983102671658798],[-38.506257538240185,-12.983102590207805],[-38.506228274923842,-12.983098737731193],[-38.506186255948606,-12.98308545781221],[-38.506160205011199,-12.983071847418014],[-38.50612019953914,-12.983040038863201],[-38.506101311361355,-12.98301794309171],[-38.506085774339802,-12.982993323613403],[-38.506072755325199,-12.98296364515906],[-38.506057118196708,-12.982873932691529],[-38.506053691889726,-12.982837943663396],[-38.506053093425663,-12.982794547930901],[-38.506055369311262,-12.982758480213276],[-38.506061460594985,-12.98271545797955],[-38.506069209313793,-12.982680124050242],[-38.506081988194381,-12.982638561305357],[-38.506098186330334,-12.982598270992897],[-38.506116429286827,-12.982561871900968],[-38.506240898624213,-12.98240344624606],[-38.506269019371139,-12.982369959471708],[-38.506314199634701,-12.982322220759889],[-38.50636660253609,-12.982274405324771],[-38.506425285833934,-12.982203096012688]]]},"properties":{"NOME_LOGRADOURO":"Rua Arquimedes Gonçalves","CODLOG":166,"HIERARQUIA":"VC-II","GMLID":null}},{"type":"Feature","geometry":{"type":"LineString","coordinates":[[-38.510091829016183,-12.968910275912931],[-38.50991815338854,-12.969004422592086],[-38.509736263776674,-12.969100270839384],[-38.509415319036179,-12.969275504527213],[-38.509338846702555,-12.969154395178474],[-38.509313076972298,-12.969113663770354],[-38.509203606771166,-12.968915918102786],[-38.509090480339722,-12.968721782472354],[-38.508948197550197,-12.968470182263971],[-38.508754654667676,-12.968150137990364],[-38.508731629483997,-12.968105886060696],[-38.509201057280926,-12.96785011091848]]},"properties":{"NOME_LOGRADOURO":"Praça Marechal Deodoro","CODLOG":501,"HIERARQUIA":"VC-II","GMLID":null}},{"type":"Feature","geometry":{"type":"LineString","coordinates":[[-38.499518021396646,-12.960929707935517],[-38.499393124807625,-12.961113535648048],[-38.499312529225996,-12.961232355613188],[-38.499267674022171,-12.96123227028645],[-38.499256502055978,-12.961268863419686],[-38.499215448167881,-12.96126878448772],[-38.499107247018379,-12.96123928437405]]},"properties":{"NOME_LOGRADOURO":"Vila Toni","CODLOG":6518,"HIERARQUIA":"VL","GMLID":null}},{"type":"Feature","geometry":{"type":"LineString","coordinates":[[-38.500528119815037,-12.970263485819682],[-38.500465732520034,-12.971240297142872],[-38.500465377480012,-12.971418216132038],[-38.500465360521922,-12.971426714171022],[-38.500435033362635,-12.972566950980971],[-38.500427627731582,-12.97288751784455],[-38.500396350116027,-12.972979310747361],[-38.500371399553856,-12.97302392337995],[-38.49954721957679,-12.97334129493237]]},"properties":{"NOME_LOGRADOURO":"Rua Bela Vista do Cabral","CODLOG":735,"HIERARQUIA":"VC-II","GMLID":null}},{"type":"Feature","geometry":{"type":"LineString","coordinates":[[-38.499913589005523,-12.994889789310056],[-38.499851666840605,-12.994904496960194],[-38.499793234967356,-12.994922827373802],[-38.499781888433503,-12.994931122737233]]},"properties":{"NOME_LOGRADOURO":"Beco da Jurema","CODLOG":14965,"HIERARQUIA":"VL","GMLID":null}},{"type":"Feature","geometry":{"type":"LineString","coordinates":[[-38.491283753005447,-12.989708240161979],[-38.491285877843943,-12.989785090264615],[-38.491304727256718,-12.989863418074824],[-38.491340452107011,-12.989981016600995],[-38.491385815026284,-12.990070335787749],[-38.491595988857839,-12.990362035278839]]},"properties":{"NOME_LOGRADOURO":"3ª Travessa Dom João VI","CODLOG":16777,"HIERARQUIA":"VL","GMLID":null}},{"type":"Feature","geometry":{"type":"LineString","coordinates":[[-38.512688519370521,-12.984796877271931],[-38.512622687538588,-12.984869077963001],[-38.512545360761621,-12.984949032672661],[-38.512426511073507,-12.985073027517544],[-38.512223552623468,-12.985284919717527],[-38.512029193403464,-12.985492397092333],[-38.512024545686572,-12.985497360801871],[-38.511969155867256,-12.985556382577574],[-38.511946070687458,-12.985581019653532],[-38.511745993027461,-12.985796623344447],[-38.511512862430941,-12.986040009119238],[-38.511503489579454,-12.986050840615396],[-38.511355960487577,-12.986221520448542],[-38.511285462337099,-12.986308267594659],[-38.511266641121658,-12.986329387880776],[-38.511257800297535,-12.986379365944709],[-38.511232771347728,-12.986501111361562],[-38.511227926565041,-12.986624787301583],[-38.511245203001785,-12.986734962887585],[-38.511268022095059,-12.986835217592743],[-38.511123778721384,-12.986950690374533]]},"properties":{"NOME_LOGRADOURO":"Rua da Mesquita dos Barris","CODLOG":1025,"HIERARQUIA":"VC-II","GMLID":null}},{"type":"Feature","geometry":{"type":"LineString","coordinates":[[-38.509772275245417,-12.967869545152984],[-38.508793369492146,-12.966900070407723],[-38.508614089595262,-12.96675101201075],[-38.508481719055595,-12.966640284340603],[-38.508464869346476,-12.966626239462698],[-38.508398019668967,-12.966560387376637],[-38.508320063552155,-12.966459797665575],[-38.508247096967423,-12.966373501696793],[-38.507994539735868,-12.96602550014047],[-38.507923293533061,-12.965876013350952],[-38.507871221350868,-12.965757482499065],[-38.507756267503062,-12.965488575467949],[-38.50767570696356,-12.965320628047941],[-38.507578294387343,-12.965101026357388],[-38.507497786253069,-12.964945465317333],[-38.507420328945571,-12.964823269390099],[-38.507321082448854,-12.964685934055733],[-38.50721875335168,-12.964569928486162],[-38.507100915519757,-12.964453894427132],[-38.506970621808904,-12.964331687876125],[-38.506660284489371,-12.964102459348611],[-38.506520550225574,-12.964025981296182],[-38.506396246811626,-12.96398912925719],[-38.506298339885326,-12.963982795700705],[-38.50618026838103,-12.963985644443072],[-38.506049580994599,-12.964025083839857],[-38.505943828797591,-12.964064571383712],[-38.505852643381225,-12.96411936462801],[-38.505852035075861,-12.964119725171146],[-38.505427334326257,-12.96436527285316],[-38.505343331293723,-12.964401727022686]]},"properties":{"NOME_LOGRADOURO":"Acesso para Túnel Américo Simas - D","CODLOG":13204,"HIERARQUIA":"VA-II","GMLID":null}},{"type":"Feature","geometry":{"type":"LineString","coordinates":[[-38.505343331293723,-12.964401727022686],[-38.505394809959398,-12.964319554911553],[-38.505526997542759,-12.964213399082142],[-38.50561272758231,-12.964149283697068],[-38.505803008310124,-12.964037813447314],[-38.506001703383944,-12.963899960521895],[-38.506110716782473,-12.963787431611536],[-38.506201146917192,-12.963613842712437],[-38.506229469876992,-12.963476659334235],[-38.506235886062477,-12.96334567279326],[-38.506220677774628,-12.963193218287682],[-38.506185192644807,-12.963068118494746],[-38.506123317102379,-12.962909517958481],[-38.505996388286768,-12.962662376150758],[-38.505894126026483,-12.96251273958174],[-38.505751516095692,-12.962314387131483],[-38.505621208843166,-12.962161622808326],[-38.505441734784732,-12.961921161018848]]},"properties":{"NOME_LOGRADOURO":"Acesso para Túnel Américo Simas - E","CODLOG":13205,"HIERARQUIA":"VA-II","GMLID":null}},{"type":"Feature","geometry":{"type":"LineString","coordinates":[[-38.500811787504468,-12.98734413585799],[-38.500731401178648,-12.987202585246701],[-38.500709800844412,-12.987168280244145],[-38.500698352554437,-12.987143230660678],[-38.500673860470691,-12.987098829670535],[-38.500645415568471,-12.987064063012898],[-38.500611945316209,-12.987084247401596]]},"properties":{"NOME_LOGRADOURO":"3ª Travessa 25 de Dezembro","CODLOG":17255,"HIERARQUIA":"VL","GMLID":null}},{"type":"Feature","geometry":{"type":"LineString","coordinates":[[-38.500709800844412,-12.987168280244145],[-38.500746530035087,-12.98714332318524],[-38.500813482081242,-12.987097169053614],[-38.500839521034948,-12.987124683578397],[-38.500894184351758,-12.987058755386554],[-38.500842159943481,-12.987015266378354]]},"properties":{"NOME_LOGRADOURO":"5ª Travessa 25 de Dezembro","CODLOG":17259,"HIERARQUIA":"VL","GMLID":null}},{"type":"Feature","geometry":{"type":"LineString","coordinates":[[-38.514372828563211,-12.996507934539606],[-38.514390473550023,-12.996540974182695],[-38.514388598685983,-12.996554362510174],[-38.5143889043119,-12.996566013342244],[-38.514403541186304,-12.996585387874058],[-38.514461093174646,-12.996666500198982],[-38.514488934341941,-12.996699369904739]]},"properties":{"NOME_LOGRADOURO":"Travessa dos Contentes","CODLOG":2206,"HIERARQUIA":"VL","GMLID":null}},{"type":"Feature","geometry":{"type":"LineString","coordinates":[[-38.506235170325368,-12.989892153614663],[-38.506369371583467,-12.990082444017279],[-38.506557510486516,-12.990373278153232],[-38.506728302475004,-12.990823917576812],[-38.506929062824902,-12.991346216152273],[-38.507099588616093,-12.991855799660044],[-38.507120213569955,-12.991961252592368],[-38.507147011693469,-12.992098178520431],[-38.507160258515292,-12.992166460346159],[-38.507188108476335,-12.992464402105574],[-38.507182696645671,-12.99250977574555],[-38.507091925215775,-12.993275073293871],[-38.507095093527319,-12.993789309889722],[-38.507095906570072,-12.993917055483781],[-38.507096449966468,-12.994181495704103],[-38.507092170861313,-12.994269180957058],[-38.507086781631742,-12.99438018992465],[-38.507072480503943,-12.994730848554465],[-38.507011259141365,-12.995471068568616],[-38.506993019564135,-12.995621198666109],[-38.506954301079013,-12.995937999510065],[-38.506906180091001,-12.996396629069016],[-38.506901671663293,-12.9964850372585],[-38.50688896968127,-12.996564390192081],[-38.506859932496837,-12.996791797052413],[-38.50685368404892,-12.996914285512963],[-38.506818959818098,-12.997095122166094],[-38.506767152203601,-12.997263450555401],[-38.506689461768715,-12.997486334214626],[-38.506348274638889,-12.998459268400469],[-38.506311780813299,-12.998573562977962],[-38.506280259855878,-12.998672045488355],[-38.50602885471293,-12.999459003489802],[-38.505964188212182,-12.99963137538032],[-38.505813444402705,-12.999883682085125],[-38.505394574065036,-13.000645550731864],[-38.505336807213951,-13.000748956433929],[-38.505253402675869,-13.000896883328657],[-38.505169840178766,-13.001048155582666],[-38.505098476542287,-13.001144936164522],[-38.50504792156832,-13.001216169976404],[-38.504943625591821,-13.001317226295699],[-38.504733074525923,-13.001472504419576],[-38.503895396990501,-13.002072829824764],[-38.503559587367384,-13.002316284293146],[-38.503355063880676,-13.002460724575839],[-38.503268515459837,-13.002545811764069],[-38.503245811310379,-13.002568188983963],[-38.503161309904073,-13.002656083195252],[-38.503095216610113,-13.002740486966434],[-38.503017700692617,-13.002870796147977],[-38.502973504832902,-13.002955422638369],[-38.502939997639302,-13.003093681105257],[-38.50285738313486,-13.003602785865693],[-38.502734270378845,-13.004360160879992],[-38.502657484422734,-13.004843962448154],[-38.502635719266912,-13.00496606104452],[-38.502541556463925,-13.00531864837666],[-38.502320992899755,-13.005685095924873],[-38.502196087300042,-13.005861691526713],[-38.502133558848172,-13.005912289566751],[-38.501889383741464,-13.00610990139022],[-38.5016227760281,-13.006271035351515],[-38.501516624053323,-13.006310609988834],[-38.50058521788862,-13.006548751940622],[-38.500018510069467,-13.006695024252107],[-38.499494531345022,-13.006841288164484],[-38.499311227195662,-13.006902863384466],[-38.499137954323139,-13.00700478059696],[-38.498953073676837,-13.007168512634893],[-38.498877921972237,-13.007255791297569],[-38.498833409309505,-13.007307417942586],[-38.49871206302133,-13.007487998164477],[-38.49860436061094,-13.007689760269223],[-38.498526787142382,-13.007845381105202],[-38.498503888315916,-13.007888009752849],[-38.49842771082033,-13.008030343637479],[-38.498375992531656,-13.008110254453634],[-38.498302572017906,-13.008205853469329],[-38.498298530750908,-13.008211089345002],[-38.498283211201517,-13.008228869642059],[-38.498280390067755,-13.008232209876441],[-38.498151097289018,-13.008356540670839],[-38.49806244795375,-13.008425169250817],[-38.497980610608131,-13.008471299925807],[-38.497963401179163,-13.008483290317535],[-38.497950303915005,-13.008492395998692],[-38.497744132663009,-13.008580415521278],[-38.497542178193783,-13.008651537372964],[-38.497365078148867,-13.008690792959957],[-38.49727352274342,-13.008706784364792],[-38.497153728399837,-13.008728119343894],[-38.496965021096457,-13.008744018266196],[-38.49663433016444,-13.008739310831318],[-38.496465462781003,-13.008695923422229],[-38.496305634972835,-13.008631711630787],[-38.496109711212782,-13.008546516426089],[-38.496019759658012,-13.008497544514331],[-38.495718535019357,-13.008336624286301],[-38.495501973403712,-13.008203753210994],[-38.495294413586684,-13.008036931711416],[-38.495127311634143,-13.007872428543894],[-38.495093087658077,-13.00783873060451],[-38.494981660962488,-13.007741687901847],[-38.494886441101166,-13.007676590009035],[-38.494797338230342,-13.007631846659924],[-38.494776365860645,-13.00762493452917],[-38.494699936324835,-13.007592872450488],[-38.494604320570232,-13.007572615820044],[-38.494480178045293,-13.007557818560498],[-38.494370213137259,-13.007563752320245],[-38.494196631866608,-13.007592797420697],[-38.493672742909546,-13.007692851077385],[-38.493324953973925,-13.007759526552011],[-38.493114859274364,-13.007795189210057],[-38.492946868007337,-13.007805077222473],[-38.49267780409572,-13.007785927815348],[-38.492510457106647,-13.007778278183427]]},"properties":{"NOME_LOGRADOURO":"Avenida Anita Garibaldi","CODLOG":5343,"HIERARQUIA":"VA-I","GMLID":null}},{"type":"Feature","geometry":{"type":"LineString","coordinates":[[-38.513600292956184,-12.997964293548966],[-38.513414867332067,-12.99791376898021],[-38.513273116229918,-12.997886380677777],[-38.512997629536258,-12.997892912933203],[-38.512857941022013,-12.99789970230041],[-38.512782319698445,-12.997921528141237],[-38.512678908785801,-12.997962558571688],[-38.51254631314751,-12.998035990162709],[-38.512453076280423,-12.99812359902163],[-38.51240911804728,-12.998176426438018],[-38.512371797112912,-12.998221278230224],[-38.512313148187026,-12.998291761411108],[-38.512230756469428,-12.99839340358373],[-38.512140995546865,-12.998491506247147],[-38.512107550672418,-12.998525254853767],[-38.512037079345887,-12.998596543141783],[-38.511940281735491,-12.998677093831068],[-38.511832680081845,-12.998761148913303],[-38.511729359323887,-12.998833640409382],[-38.511625048756855,-12.998906762970392],[-38.51161492208211,-12.998913796114287],[-38.511553173063746,-12.998957164102611],[-38.511498719633316,-12.999002536032499],[-38.511456376082002,-12.999037714600584],[-38.511364069907678,-12.999056923401531],[-38.511313195070272,-12.999060406682533],[-38.511269507303204,-12.999063398005029],[-38.511223654674588,-12.999065301060394],[-38.511094852014743,-12.999065056851572],[-38.511012554651984,-12.999040401502826],[-38.510847742204255,-12.998907825008287],[-38.510796204702729,-12.998861711079261],[-38.510710830985929,-12.998776929510774],[-38.510307039217466,-12.998412822503287],[-38.510014059009848,-12.998150631256433],[-38.509871743482272,-12.998023341207301],[-38.509801686406448,-12.997960828082119],[-38.509544986355365,-12.997731884137513],[-38.509432486559774,-12.997638191192411],[-38.509223247731349,-12.997479130473776],[-38.508941857376414,-12.997278708834598],[-38.508481568395673,-12.996957524281909],[-38.508360281234367,-12.996886506214057],[-38.508254816231926,-12.996850866659775],[-38.508172516345638,-12.996828018015645],[-38.508080103679895,-12.996805150197543],[-38.508051981488059,-12.996799762824603],[-38.507983348562796,-12.996786613579204],[-38.50784751732251,-12.996765109329273],[-38.507739197228481,-12.996750709319855],[-38.507620433510802,-12.996749759961036],[-38.507611537161104,-12.996749652675806],[-38.507583405752143,-12.996749418508594],[-38.507544096334463,-12.99674925357421],[-38.507495510659595,-12.996748979720222],[-38.507449586017678,-12.996748802230702],[-38.507390886334072,-12.996749594271611],[-38.507300707475238,-12.996750869146135],[-38.507162626079989,-12.99675241391386],[-38.506993493052882,-12.996769088230502],[-38.506859932496837,-12.996791797052413],[-38.506393514357981,-12.9968807711882]]},"properties":{"NOME_LOGRADOURO":"Rua Caetano Moura","CODLOG":315,"HIERARQUIA":"VC-I","GMLID":null}},{"type":"Feature","geometry":{"type":"LineString","coordinates":[[-38.504887764635683,-12.976227916217969],[-38.504929154767453,-12.976212626469126],[-38.504993349490455,-12.976198825986105],[-38.50508867806856,-12.976203980673592],[-38.505196729191219,-12.976234653744052],[-38.505263365046595,-12.976255575335419],[-38.505362750692086,-12.976285418041773]]},"properties":{"NOME_LOGRADOURO":"Praça Miguel de Cervantes","CODLOG":3232,"HIERARQUIA":"VL","GMLID":null}},{"type":"Feature","geometry":{"type":"LineString","coordinates":[[-38.510416485843521,-12.974402537239135],[-38.510223341302897,-12.974577302233589]]},"properties":{"NOME_LOGRADOURO":"Avenida Sá Ferreira","CODLOG":3671,"HIERARQUIA":"VL","GMLID":null}},{"type":"Feature","geometry":{"type":"LineString","coordinates":[[-38.510230287291662,-12.974191270223411],[-38.510207818259182,-12.974212021916884],[-38.510102174688974,-12.97431090734187],[-38.510032635938387,-12.974374964140557]]},"properties":{"NOME_LOGRADOURO":"Avenida Florinda","CODLOG":631,"HIERARQUIA":"VL","GMLID":null}},{"type":"Feature","geometry":{"type":"LineString","coordinates":[[-38.51814376994755,-12.980271576064544],[-38.518101477360588,-12.980281984230132],[-38.518104236550499,-12.980310015483838],[-38.518125067100236,-12.980350014431645],[-38.518147201572404,-12.98038468075328],[-38.518196089685681,-12.98042355615546],[-38.518229395616906,-12.98046023340539],[-38.51826964314894,-12.980524496623566],[-38.518318894936961,-12.980611558941611],[-38.518365070897083,-12.980677009546504],[-38.518379303643961,-12.980708678115949],[-38.518376925466008,-12.980719793201999],[-38.518364657180335,-12.980734326101491],[-38.518295726027041,-12.980759240583017],[-38.518269552826567,-12.980769136079958],[-38.518229971964779,-12.980792930289882],[-38.518195707044669,-12.980819446168969],[-38.518123153432292,-12.980870028998844],[-38.51812292533657,-12.980870209425067],[-38.518101914932572,-12.980883821870302],[-38.518031147704455,-12.980954297734934],[-38.517888140422329,-12.981031237949548],[-38.517909944824382,-12.981157757690703],[-38.517908626838128,-12.981170864073242],[-38.517899260196735,-12.981178711825608],[-38.517884127232008,-12.981180220989122],[-38.517399978173614,-12.98125535100565]]},"properties":{"NOME_LOGRADOURO":"Rua da Jaqueira do Unhão","CODLOG":850,"HIERARQUIA":"VL","GMLID":null}},{"type":"Feature","geometry":{"type":"LineString","coordinates":[[-38.516130990992515,-12.977151962127049],[-38.516169129116449,-12.977245604234625],[-38.516174660217764,-12.977333941986746],[-38.516176982910366,-12.977430229310766],[-38.516229756670668,-12.977425175068701],[-38.516289156464453,-12.977413804331503],[-38.516324219989023,-12.977406637379131],[-38.516357907291216,-12.977403083935629],[-38.51638695026169,-12.97740286665314],[-38.51640563825778,-12.977450093891655],[-38.516437326869024,-12.977537033471725],[-38.51649172133542,-12.977519235060544],[-38.516558596265497,-12.977495401394863]]},"properties":{"NOME_LOGRADOURO":"Rua Luiz Murat","CODLOG":958,"HIERARQUIA":"VL","GMLID":null}},{"type":"Feature","geometry":{"type":"LineString","coordinates":[[-38.506504081129187,-12.999609081326788],[-38.506383545146114,-12.999696544707916],[-38.506344211385873,-12.999747187946246],[-38.506194430658333,-13.000050757245774],[-38.506091573539379,-13.000233723881449],[-38.506036438017944,-13.000392552992775]]},"properties":{"NOME_LOGRADOURO":"Rua Doutor Carlito Onofre","CODLOG":4134,"HIERARQUIA":"VL","GMLID":null}},{"type":"Feature","geometry":{"type":"LineString","coordinates":[[-38.493761030140178,-12.994697705870372],[-38.493831588791515,-12.994736355822969],[-38.493873808718398,-12.994763921540757],[-38.49396401825927,-12.994823584489808],[-38.494022252396078,-12.99486573692597],[-38.494068108318963,-12.994900089686471],[-38.494086710637667,-12.994912963404968],[-38.49412444349614,-12.994941062890904],[-38.494168931228089,-12.994975323450777],[-38.494198610778049,-12.995000061559631],[-38.494243690100141,-12.995042730883814],[-38.494275647653986,-12.995069101050738],[-38.494291635697778,-12.99509661564448],[-38.494297177876327,-12.995175731168073],[-38.494325612348177,-12.995252542029979]]},"properties":{"NOME_LOGRADOURO":"Rua Santa Isabel","CODLOG":6740,"HIERARQUIA":"VL","GMLID":null}},{"type":"Feature","geometry":{"type":"LineString","coordinates":[[-38.493908332469545,-12.993071134516626],[-38.493988813807178,-12.993053119632073],[-38.494017108423549,-12.993048564005315],[-38.494066908791119,-12.993049654727418],[-38.494077628165265,-12.993050579837211],[-38.494137152466358,-12.993056029830321],[-38.494217273684953,-12.993065588076369],[-38.494246159676685,-12.993069079505647],[-38.494288651411239,-12.993074766682271],[-38.494342552397349,-12.993079030172849],[-38.494441079174251,-12.993086093195858],[-38.49452500916891,-12.993092222644403],[-38.494625059062706,-12.993098474744393],[-38.494736675645633,-12.993099775974089],[-38.49476517644554,-12.993105888894105],[-38.494774737272998,-12.993115219349574],[-38.494783767705151,-12.993124187077392],[-38.494791160127583,-12.993153402083012],[-38.494791109315599,-12.993178535344642],[-38.494782153538729,-12.993208351534768],[-38.494754295365695,-12.99326019082045],[-38.494735318280448,-12.993282212865461],[-38.494696466579605,-12.993318661395342],[-38.494639416411879,-12.993368274628034]]},"properties":{"NOME_LOGRADOURO":"Travessa Padre Eloy","CODLOG":17051,"HIERARQUIA":"VL","GMLID":null}},{"type":"Feature","geometry":{"type":"LineString","coordinates":[[-38.503424237822905,-12.988410440455386],[-38.503389053107618,-12.988247912645878],[-38.503339569351148,-12.988011767604743]]},"properties":{"NOME_LOGRADOURO":"Vila Prisco","CODLOG":6323,"HIERARQUIA":"VL","GMLID":null}},{"type":"Feature","geometry":{"type":"LineString","coordinates":[[-38.495885466061537,-12.994166989839997],[-38.495682384401114,-12.994275897631967],[-38.495296280645512,-12.994537687815535],[-38.495031083935437,-12.99468109958416],[-38.494877355481641,-12.994635778655054]]},"properties":{"NOME_LOGRADOURO":"1ª Travessa Graça Lessa","CODLOG":11921,"HIERARQUIA":"VL","GMLID":null}},{"type":"Feature","geometry":{"type":"LineString","coordinates":[[-38.494575705356112,-12.994456188670965],[-38.494604101338155,-12.994438975628304],[-38.494635777323218,-12.994416707024868],[-38.494656711560729,-12.994404543208885],[-38.49468457858638,-12.994385792824021],[-38.494729798098483,-12.994358668553467],[-38.494776456134936,-12.994334711008381],[-38.494818247873773,-12.994310924841594],[-38.494858819873329,-12.994288402232897],[-38.49493439857234,-12.994251301684265],[-38.494969812032274,-12.994222982796853],[-38.494987045431202,-12.994198244628244],[-38.495018953860722,-12.994173626306649],[-38.495033867069445,-12.994168592447233],[-38.495053560172238,-12.994168721141184],[-38.495090745465937,-12.994166623223114],[-38.495098893573342,-12.994160492030183],[-38.495095843910732,-12.994126854694224],[-38.495108947989358,-12.994114042656729],[-38.495145244515058,-12.9941004618642],[-38.495206046166579,-12.994075808325569],[-38.49526853566001,-12.99404410678456],[-38.495341102166726,-12.993992173432083],[-38.495366337304795,-12.993958410181289],[-38.495456150198656,-12.99383780248618],[-38.495514025663688,-12.993756187800201]]},"properties":{"NOME_LOGRADOURO":"Travessa Santa Isabel do Acupe","CODLOG":11916,"HIERARQUIA":"VL","GMLID":null}},{"type":"Feature","geometry":{"type":"LineString","coordinates":[[-38.495108365460609,-12.993574045470194],[-38.495092849911273,-12.993613884184763],[-38.495071447439265,-12.993669804224544],[-38.495040022329597,-12.993755990507168],[-38.495036275676803,-12.993766561029842],[-38.495026113147375,-12.993791222520828],[-38.49500829309585,-12.993842537889764],[-38.49499674499144,-12.993875694737079],[-38.494970048040415,-12.993955200627225],[-38.494948170797166,-12.99402016032527],[-38.494928353637363,-12.994081868759967],[-38.494920009340298,-12.994109788140427],[-38.494901504676633,-12.994161283920798],[-38.494987045431202,-12.994198244628244]]},"properties":{"NOME_LOGRADOURO":"1ª Travessa Joaquim dos Couros","CODLOG":11917,"HIERARQUIA":"VL","GMLID":null}},{"type":"Feature","geometry":{"type":"LineString","coordinates":[[-38.502866367778225,-12.981150286310797],[-38.502954674751415,-12.981054806156894],[-38.503019190735245,-12.980995080364483],[-38.503146503111466,-12.980898771331198]]},"properties":{"NOME_LOGRADOURO":"Avenida São Jorge de Brotas","CODLOG":1879,"HIERARQUIA":"VL","GMLID":null}},{"type":"Feature","geometry":{"type":"LineString","coordinates":[[-38.502546263875033,-12.980854043137402],[-38.502588021729665,-12.980806840177705],[-38.502717899681421,-12.98068205805804],[-38.502820940592365,-12.980594652059356],[-38.50286112308779,-12.980575020906885],[-38.502908200396774,-12.98052909399758]]},"properties":{"NOME_LOGRADOURO":"Vila Amanda","CODLOG":2741,"HIERARQUIA":"VL","GMLID":null}},{"type":"Feature","geometry":{"type":"LineString","coordinates":[[-38.502281482863296,-12.980609799013527],[-38.502472619427735,-12.980418685091481],[-38.50244977750215,-12.980397305803224],[-38.50238419859992,-12.980303518942563],[-38.502298695954281,-12.98017362101019],[-38.502417055102924,-12.980094893553073]]},"properties":{"NOME_LOGRADOURO":"Vila Santos","CODLOG":3205,"HIERARQUIA":"VL","GMLID":null}},{"type":"Feature","geometry":{"type":"LineString","coordinates":[[-38.502572275763654,-12.980351524123028],[-38.502472776314846,-12.98023735047102],[-38.502481393195197,-12.980214948980768],[-38.502449483224652,-12.980168371914962],[-38.502442121156697,-12.980134731777326],[-38.502417055102924,-12.980094893553073],[-38.502401099380634,-12.98007244505653],[-38.502328258250508,-12.979988977969667],[-38.50230045558385,-12.979938478004501],[-38.502041924402285,-12.97961043864545],[-38.502006678894837,-12.97955630743359]]},"properties":{"NOME_LOGRADOURO":"Vila Edinho","CODLOG":2972,"HIERARQUIA":"VL","GMLID":null}},{"type":"Feature","geometry":{"type":"LineString","coordinates":[[-38.513600292956184,-12.997964293548966],[-38.513595602966241,-12.998108301635552],[-38.5136061876388,-12.998178567519849],[-38.513756726706291,-12.998808530244027],[-38.513762298042636,-12.998837018880058],[-38.513762896819713,-12.998897961410588],[-38.513758173612764,-12.998963851034723],[-38.513743913729719,-12.998985251266056],[-38.513721721982066,-12.999018840301396],[-38.51365931886891,-12.999091420932027],[-38.51361737419608,-12.999140206742039],[-38.513587664301156,-12.99917476188525],[-38.513514369206547,-12.999256218920157],[-38.513463235929834,-12.999314254167526],[-38.513438004895413,-12.999346842816122],[-38.513402427038955,-12.999391558764607],[-38.513353911993441,-12.999463128164848],[-38.513335654479434,-12.999506850237964],[-38.513329461123639,-12.999533064370366],[-38.513327221248787,-12.999542545674256],[-38.513326142996945,-12.999563515743251],[-38.513325719385335,-12.999571743553531],[-38.513323629375556,-12.999618837092219],[-38.513320357424533,-12.999670547285175],[-38.513318860530113,-12.999735998955307],[-38.513315706424912,-12.999823294915172],[-38.513314796915495,-12.999909571478071],[-38.513313227966904,-12.999973666648625],[-38.513315499812862,-13.000021602974266],[-38.513328612862679,-13.000155321556843],[-38.513339499819566,-13.00021573357685],[-38.513350665554363,-13.000271264115261],[-38.513363734406184,-13.000315045783656],[-38.513374565623593,-13.00033734208251],[-38.51341811001739,-13.000426980710236],[-38.513432679581484,-13.000454469839072],[-38.513471935811275,-13.000507815900225],[-38.513501436612358,-13.000544716315609],[-38.513529884069449,-13.000580340677697],[-38.513531401132674,-13.000582152003487],[-38.513715139457126,-13.000793666470219],[-38.513764433516762,-13.00084731792848],[-38.51378207246136,-13.000866514554968],[-38.513787221008585,-13.000871574385952],[-38.51381770874557,-13.000911230936634],[-38.513822714467715,-13.000917658618],[-38.513867427481792,-13.000992600002204],[-38.513878569041459,-13.001010883835548],[-38.513915338525315,-13.001088360306539],[-38.513922317183194,-13.001103063685955],[-38.513955130130526,-13.001168065055682],[-38.513961110234469,-13.001192187864456],[-38.513978239671147,-13.001247667145854],[-38.513983961250347,-13.001276698600963],[-38.513990214431111,-13.001312605099624],[-38.51399591589518,-13.001345340292639],[-38.514000126564277,-13.001369396492295],[-38.514011650722111,-13.001463079459558],[-38.514011061781133,-13.001491828736569],[-38.514007212118962,-13.001515869852533],[-38.513998570628537,-13.001541076611769],[-38.513924982269501,-13.001649246301207],[-38.513906613706702,-13.001671813452887],[-38.513866306926978,-13.001714138823685],[-38.51380284530925,-13.001776853094238],[-38.513663066489976,-13.001943481906704],[-38.513605382704718,-13.002006748585369],[-38.513538337430532,-13.002074247651844],[-38.513456848647508,-13.00214036237238],[-38.513404538574477,-13.002177331052456],[-38.51335482542077,-13.002208518343137],[-38.513319492453441,-13.002234760146704],[-38.513221722482953,-13.002306474087035],[-38.513255483138764,-13.002343670969244],[-38.513305267213504,-13.002430827408201],[-38.513324351482702,-13.00246928622504],[-38.513337531989492,-13.002494625180624],[-38.51335139372766,-13.002521501719347],[-38.513364869515527,-13.002551000740155],[-38.513365222998431,-13.002551790805812],[-38.513410820136031,-13.002653880170211],[-38.513428282287094,-13.002689083381947],[-38.51344936909873,-13.00273152189437],[-38.513451115211012,-13.002735048092726],[-38.513474969253899,-13.002783222873655],[-38.513477238922022,-13.002787808015876],[-38.513511994947351,-13.002860831895182],[-38.513513130344315,-13.002863545843965],[-38.513534483925547,-13.002908699384099],[-38.513579057027883,-13.003015826142926],[-38.51358900231503,-13.003046109751269],[-38.513603923461638,-13.003091543307315],[-38.513618866374408,-13.003148528594632],[-38.513662636560483,-13.00331568374828],[-38.513665617896216,-13.003346427229506],[-38.513666015816327,-13.003350442809143],[-38.513668301222872,-13.003373464568909],[-38.513675165425582,-13.003401503500351],[-38.513688129437107,-13.003440981665449],[-38.513701620040557,-13.003481383142926],[-38.513723107504795,-13.003535487106074],[-38.513757375155727,-13.003586631000957],[-38.513783692578258,-13.003620493504771],[-38.513796402867186,-13.003633061852842],[-38.513837008635946,-13.003668466614331],[-38.513899086085338,-13.003718751985536],[-38.513929670305075,-13.003742184797655],[-38.513945391459103,-13.003759459024652],[-38.513949098290148,-13.003761918267514],[-38.513987065576437,-13.003787044070354],[-38.514006743444128,-13.00379494690163],[-38.514075007546424,-13.003814939045371],[-38.514194638271938,-13.003856917169028],[-38.51426251259803,-13.003881043633925],[-38.51426266382871,-13.003881043916817],[-38.514265095242621,-13.003882132651293],[-38.514363505080638,-13.003911157521181],[-38.514437515514196,-13.003936158968459],[-38.514505984753548,-13.003956447976103],[-38.514529434468713,-13.003961373822211],[-38.514565572325793,-13.003968945688857],[-38.514619605683926,-13.00398342233829],[-38.514621909503283,-13.003984212431108],[-38.514699282802333,-13.004010759111338],[-38.514772204156458,-13.004059059843383],[-38.514821503712795,-13.004088492811787],[-38.514883861225492,-13.004103479581611]]},"properties":{"NOME_LOGRADOURO":"Rua Teixeira Mendes","CODLOG":1491,"HIERARQUIA":"VC-II","GMLID":null}},{"type":"Feature","geometry":{"type":"LineString","coordinates":[[-38.50718551103278,-12.972466418646489],[-38.507183940959131,-12.972491638636303],[-38.507192415204337,-12.972550690016504],[-38.507215063054247,-12.972709848979797],[-38.507224383943232,-12.973034335345284]]},"properties":{"NOME_LOGRADOURO":"Avenida Pombal","CODLOG":2859,"HIERARQUIA":"VL","GMLID":null}},{"type":"Feature","geometry":{"type":"LineString","coordinates":[[-38.503926891904818,-12.966489759852761],[-38.504170427127775,-12.966130136868356],[-38.504419445758217,-12.965765822897612],[-38.504613032047899,-12.965482678408836],[-38.504705060218519,-12.965348058809379],[-38.504914124144037,-12.96504216109002],[-38.504965818874787,-12.964966499137217],[-38.505126343929007,-12.964716469858207],[-38.505343331293723,-12.964401727022686]]},"properties":{"NOME_LOGRADOURO":"Túnel Américo Simas","CODLOG":13162,"HIERARQUIA":"VL","GMLID":null}},{"type":"Feature","geometry":{"type":"LineString","coordinates":[[-38.52008816827508,-12.985531965415086],[-38.520359475609176,-12.985556606651267]]},"properties":{"NOME_LOGRADOURO":"Praça Centenário Batista","CODLOG":8964,"HIERARQUIA":"VL","GMLID":null}},{"type":"Feature","geometry":{"type":"LineString","coordinates":[[-38.494606050859097,-12.96563492218081],[-38.494677543914364,-12.965960071816745],[-38.494816314908064,-12.966590834832108],[-38.494947454724624,-12.967235505580163],[-38.494902803063589,-12.967247352238397],[-38.494910469496112,-12.967328732628596],[-38.494937557436408,-12.967430944648912],[-38.494954012079894,-12.967490102251091],[-38.495033209763577,-12.967576865095198]]},"properties":{"NOME_LOGRADOURO":"Rua Miguel Torres","CODLOG":1054,"HIERARQUIA":"VL","GMLID":null}},{"type":"Feature","geometry":{"type":"LineString","coordinates":[[-38.504491570867508,-12.973389753789531],[-38.504927790183338,-12.973517699800807]]},"properties":{"NOME_LOGRADOURO":"Avenida Limo","CODLOG":11386,"HIERARQUIA":"VL","GMLID":null}},{"type":"Feature","geometry":{"type":"LineString","coordinates":[[-38.511806901042121,-12.98037515531745],[-38.511546051276348,-12.980332443753328]]},"properties":{"NOME_LOGRADOURO":"Avenida Engenheiro Silva Lima","CODLOG":11342,"HIERARQUIA":"VL","GMLID":null}},{"type":"Feature","geometry":{"type":"LineString","coordinates":[[-38.512656815651539,-12.988465509869217],[-38.513200060922934,-12.988466441854751],[-38.513501282910454,-12.988474511891631],[-38.513820979621222,-12.98848315867958],[-38.514046401966624,-12.988489187397427],[-38.514576620991846,-12.988503472241224],[-38.514707337817057,-12.988493862769324],[-38.51498486916018,-12.988447100576217],[-38.515097547441059,-12.988407894827235],[-38.515246372445226,-12.988352934893308],[-38.515443766324736,-12.988227097687984],[-38.515595165714288,-12.988099274807272],[-38.515620906131616,-12.9880776254538],[-38.515736749556304,-12.987935180625318],[-38.515828462126699,-12.98780787937225],[-38.51586862734414,-12.987718723445166],[-38.51590101491891,-12.987641395902044],[-38.515937724474192,-12.987530626631722],[-38.515945682199984,-12.987425770018335],[-38.51595367392094,-12.987303826884411],[-38.515980968321109,-12.9869504785943],[-38.51600501697375,-12.98682097151084],[-38.516028142771205,-12.986696615084059],[-38.516070322829016,-12.986469592865319],[-38.516183724997738,-12.986055743609276],[-38.516300813835791,-12.9858193688724],[-38.516397563682169,-12.985681498892955],[-38.516494336458472,-12.985571293342158],[-38.516647310903565,-12.985453237606519],[-38.516760827790009,-12.985372896783524],[-38.516764101818623,-12.985370643163748],[-38.516896858678784,-12.985327495214362],[-38.517065760998129,-12.985308101900026],[-38.517214552697347,-12.985308380028915],[-38.517411441322899,-12.985324567994795],[-38.517612466969616,-12.985364359726988],[-38.517732833255991,-12.985398938848448]]},"properties":{"NOME_LOGRADOURO":"Avenida Vale dos Barris","CODLOG":5568,"HIERARQUIA":"VA-I","GMLID":null}},{"type":"Feature","geometry":{"type":"LineString","coordinates":[[-38.50139667889502,-12.979986101552432],[-38.501436430026814,-12.979953902636222],[-38.501471036987866,-12.979908765904868],[-38.501498265072065,-12.979865785207814],[-38.501521543730099,-12.979820626757656],[-38.501527522260602,-12.979796589896013],[-38.501530269397868,-12.979753381430038],[-38.501523735153256,-12.979712957423569],[-38.501502619273339,-12.979664368197257],[-38.501432288314696,-12.979590190439907],[-38.501423410987073,-12.979581312755881],[-38.501298514361842,-12.979457034823154],[-38.501225569985515,-12.979396955466344],[-38.500971276248308,-12.979194859730441],[-38.500925510564549,-12.979154540388945],[-38.500871549434891,-12.979106973186227],[-38.500840708627777,-12.979093172239777],[-38.500822478515119,-12.97908499998238],[-38.50077780302626,-12.9790838110709],[-38.50057660796891,-12.979102479053251],[-38.500458918369603,-12.979117839488392],[-38.500391680514738,-12.979132265939604],[-38.500345207782246,-12.979140855591741],[-38.500300017299281,-12.979155143519069],[-38.500262849007015,-12.979187708921749],[-38.500238243211996,-12.979211709964506],[-38.500219113763947,-12.979234636436331],[-38.500178742055681,-12.979310680667847],[-38.500177597149239,-12.979312848648638]]},"properties":{"NOME_LOGRADOURO":"Rua Álvaro Adorno","CODLOG":72,"HIERARQUIA":"VL","GMLID":null}},{"type":"Feature","geometry":{"type":"LineString","coordinates":[[-38.50057660796891,-12.979102479053251],[-38.500554975187157,-12.9792542678939],[-38.500549454619076,-12.979315823516494],[-38.500571672397577,-12.979421551270216]]},"properties":{"NOME_LOGRADOURO":"Travessa Álvaro Adorno","CODLOG":1886,"HIERARQUIA":"VL","GMLID":null}},{"type":"Feature","geometry":{"type":"LineString","coordinates":[[-38.500840708627777,-12.979093172239777],[-38.500914584548141,-12.978990793737172],[-38.500941273026037,-12.978951608972498],[-38.500955759274689,-12.978931294934119],[-38.500971388593008,-12.978909265931916],[-38.500981404057846,-12.978881439914073],[-38.500978117307035,-12.978852142494313],[-38.500959938401316,-12.97881784317368],[-38.500900095265479,-12.978745945102256],[-38.500846913290282,-12.978688705809054],[-38.500810115590596,-12.978650212141815],[-38.500709207692445,-12.978544875019182],[-38.500693733190474,-12.978527216213678]]},"properties":{"NOME_LOGRADOURO":"Travessa Santa Isabel","CODLOG":2097,"HIERARQUIA":"VL","GMLID":null}},{"type":"Feature","geometry":{"type":"LineString","coordinates":[[-38.491438518893851,-12.976291273257615],[-38.4914189297414,-12.976240697836243],[-38.491375611385408,-12.976119197992672],[-38.491371626020722,-12.976097583360801],[-38.491438927333874,-12.975940136440336]]},"properties":{"NOME_LOGRADOURO":"Travessa Fernando Tude de Souza","CODLOG":11981,"HIERARQUIA":"VL","GMLID":null}},{"type":"Feature","geometry":{"type":"LineString","coordinates":[[-38.490096537580804,-12.975122861225922],[-38.490136989623444,-12.975382315694592],[-38.490136754403323,-12.9754977642006],[-38.490167857234262,-12.9756440119769],[-38.489939849641111,-12.975716161180024]]},"properties":{"NOME_LOGRADOURO":"Avenida Hilda","CODLOG":6232,"HIERARQUIA":"VL","GMLID":null}},{"type":"Feature","geometry":{"type":"LineString","coordinates":[[-38.516892643702704,-12.997781334825907],[-38.516851683684685,-12.997140277120518],[-38.516807415598564,-12.996951967608446],[-38.516759872979357,-12.996805692053883],[-38.516697658616984,-12.996618434232103],[-38.51662946062477,-12.996419322395036],[-38.516605891105343,-12.996340353516503],[-38.516531706141855,-12.996091597530851],[-38.516441460603225,-12.995970194128367]]},"properties":{"NOME_LOGRADOURO":"Rua Beirute","CODLOG":4242,"HIERARQUIA":"VC-II","GMLID":null}},{"type":"Feature","geometry":{"type":"LineString","coordinates":[[-38.500109753007997,-12.999990160394796],[-38.500115876206863,-13.00008446547881],[-38.50011536381686,-13.000188431356429],[-38.500122508993279,-13.000265561453023],[-38.500138901621973,-13.000319474886318],[-38.500170352823993,-13.00037142887343],[-38.500231946904741,-13.000407528939322],[-38.500303295907138,-13.000432708257151],[-38.50038533947459,-13.000433137362878],[-38.500457849879659,-13.000408777341544],[-38.500513750872827,-13.000363230650047],[-38.500544945471411,-13.000314832386703],[-38.500567012953518,-13.000268225954075],[-38.50059824189421,-13.000203102915332],[-38.500640990409103,-13.000080595400924],[-38.500671215164793,-12.999985003841442],[-38.500699501002053,-12.999870332689527]]},"properties":{"NOME_LOGRADOURO":"Rua Nossa Senhora das Neves","CODLOG":3523,"HIERARQUIA":"VL","GMLID":null}},{"type":"Feature","geometry":{"type":"LineString","coordinates":[[-38.500820108423135,-12.964131420946536],[-38.499490359415375,-12.964009349268812],[-38.499394155147115,-12.964291594672103],[-38.499391934117845,-12.964337697748247],[-38.499462754455031,-12.964736706284128],[-38.499497081554864,-12.964983400897241],[-38.499484189150408,-12.965233982505133],[-38.499490147243939,-12.965372315987359],[-38.499498122384054,-12.965414370471596],[-38.499536320679276,-12.965473931318266]]},"properties":{"NOME_LOGRADOURO":"Rua Aristides Áttico","CODLOG":159,"HIERARQUIA":"VC-II","GMLID":null}},{"type":"Feature","geometry":{"type":"LineString","coordinates":[[-38.499135039910392,-12.994368907345212],[-38.499259994596571,-12.994544536534992],[-38.499202058945798,-12.994580768124775],[-38.49917495150261,-12.994600243861607],[-38.499145102892207,-12.994621431464864],[-38.499098044260101,-12.994655876419008],[-38.499044650806191,-12.994701790295819],[-38.499006643259563,-12.994734534625046],[-38.498966896462655,-12.994762754390687],[-38.498914433430258,-12.994799900706084],[-38.498885494029096,-12.994822898512508],[-38.49885647464221,-12.994847614218633],[-38.498835679829817,-12.994866197852335],[-38.498820289368602,-12.994882079186455],[-38.498797901932541,-12.994920039432206],[-38.498765345726532,-12.9949739724607]]},"properties":{"NOME_LOGRADOURO":"Travessa Juruá","CODLOG":11257,"HIERARQUIA":"VL","GMLID":null}},{"type":"Feature","geometry":{"type":"LineString","coordinates":[[-38.499718776390047,-12.994628231549676],[-38.499651036785437,-12.994624485056784],[-38.499619332657474,-12.99462324849079],[-38.499571055718029,-12.994620534121912],[-38.499512516096388,-12.994616262767092],[-38.499507270257602,-12.994616252662608],[-38.499486664964309,-12.994616212971907],[-38.4994162255866,-12.994631265809707],[-38.499395042413688,-12.99465409776997],[-38.499343454471678,-12.994709687852627],[-38.499320554639468,-12.994792184636445],[-38.499311764309688,-12.994891524772475]]},"properties":{"NOME_LOGRADOURO":"Rua da Jurema","CODLOG":11273,"HIERARQUIA":"VL","GMLID":null}},{"type":"Feature","geometry":{"type":"LineString","coordinates":[[-38.492785752026009,-12.998544935023418],[-38.492785751842398,-12.998545025447033],[-38.492691809549306,-12.998863071978567],[-38.492592871245542,-12.99917007788113]]},"properties":{"NOME_LOGRADOURO":"Travessa Jaburu","CODLOG":11231,"HIERARQUIA":"VL","GMLID":null}},{"type":"Feature","geometry":{"type":"LineString","coordinates":[[-38.492987623649199,-12.998585197957651],[-38.492913828204159,-12.99882960283154],[-38.492890783058265,-12.998907939149479]]},"properties":{"NOME_LOGRADOURO":"Travessa Maria Valentina","CODLOG":14843,"HIERARQUIA":"VL","GMLID":null}},{"type":"Feature","geometry":{"type":"LineString","coordinates":[[-38.492135921494175,-12.998817596598519],[-38.492548917933085,-12.99894741252101]]},"properties":{"NOME_LOGRADOURO":"Avenida Jaburu","CODLOG":14844,"HIERARQUIA":"VL","GMLID":null}},{"type":"Feature","geometry":{"type":"LineString","coordinates":[[-38.492961286586471,-12.999624268981181],[-38.49276689141243,-12.999663119868154],[-38.492682295827983,-12.999668559129468],[-38.492670144702934,-12.999609692906075],[-38.492660704731591,-12.999540332851156],[-38.492659064188089,-12.99948726163079],[-38.492678474411463,-12.999401685228777],[-38.492703015833136,-12.999335826749162],[-38.492725849815017,-12.999287052348835],[-38.492732797299617,-12.99927332418665]]},"properties":{"NOME_LOGRADOURO":"Travessa Santo Amaro","CODLOG":14845,"HIERARQUIA":"VL","GMLID":null}},{"type":"Feature","geometry":{"type":"LineString","coordinates":[[-38.493296234057155,-12.999909254458462],[-38.493208116756364,-12.999656135050635]]},"properties":{"NOME_LOGRADOURO":"Travessa Santa Maria","CODLOG":14846,"HIERARQUIA":"VL","GMLID":null}},{"type":"Feature","geometry":{"type":"LineString","coordinates":[[-38.493549492986695,-12.999844113258339],[-38.493526853081846,-12.999722201107236],[-38.493510483745986,-12.999657529610195],[-38.493494234224421,-12.999571521000584]]},"properties":{"NOME_LOGRADOURO":"Travessa Santa Ana","CODLOG":14847,"HIERARQUIA":"VL","GMLID":null}}],"exceededTransferLimit":true,"properties":{"exceededTransferLimit":true}}