cnae,descricao,condicionantes,risco_municipal_unificado
0111-3/01,Cultivo de arroz,"- Desde que seja escritório da empresa | - Desde que não esteja em imóvel residencial (casa, apartamento), galpão, terreno, lote, box, quiosque, container, | - Desde que a área utilizada não ultrapasse 1.250m² (mil duzentos e cinquenta metros quadrados).",BAIXO A
0111-3/02,Cultivo de milho,"- Desde que seja escritório da empresa | - Desde que não esteja em imóvel residencial (casa, apartamento), galpão, terreno, lote, box, quiosque, container, | - Desde que a área utilizada não ultrapasse 1.250m² (mil duzentos e cinquenta metros quadrados).",BAIXO A
0111-3/03,Cultivo de trigo,"- Desde que seja escritório da empresa | - Desde que não esteja em imóvel residencial (casa, apartamento), galpão, terreno, lote, box, quiosque, container, | - Desde que a área utilizada não ultrapasse 1.250m² (mil duzentos e cinquenta metros quadrados).",BAIXO A
0111-3/99,Cultivo de outros cereais não especificados anteriormente,"- Desde que seja escritório da empresa | - Desde que não esteja em imóvel residencial (casa, apartamento), galpão, terreno, lote, box, quiosque, container, | - Desde que a área utilizada não ultrapasse 1.250m² (mil duzentos e cinquenta metros quadrados).",BAIXO A
0112-1/01,Cultivo de algodão herbáceo,"- Desde que seja escritório da empresa | - Desde que não esteja em imóvel residencial (casa, apartamento), galpão, terreno, lote, box, quiosque, container, | - Desde que a área utilizada não ultrapasse 1.250m² (mil duzentos e cinquenta metros quadrados).",BAIXO A
0112-1/02,Cultivo de juta,"- Desde que seja escritório da empresa | - Desde que não esteja em imóvel residencial (casa, apartamento), galpão, terreno, lote, box, quiosque, container, | - Desde que a área utilizada não ultrapasse 1.250m² (mil duzentos e cinquenta metros quadrados).",BAIXO A
0112-1/99,Cultivo de outras fibras de lavoura temporária não especificadas anteriormente,"- Desde que seja escritório da empresa | - Desde que não esteja em imóvel residencial (casa, apartamento), galpão, terreno, lote, box, quiosque, container, | - Desde que a área utilizada não ultrapasse 1.250m² (mil duzentos e cinquenta metros quadrados).",BAIXO A
0113-0/00,Cultivo de cana-de- açúcar,"- Desde que seja escritório da empresa | - Desde que não esteja em imóvel residencial (casa, apartamento), galpão, terreno, lote, box, quiosque, container, | - Desde que a área utilizada não ultrapasse 1.250m² (mil duzentos e cinquenta metros quadrados).",BAIXO A
0114-8/00,Cultivo de fumo,"- Desde que seja escritório da empresa | - Desde que não esteja em imóvel residencial (casa, apartamento), galpão, terreno, lote, box, quiosque, container, | - Desde que a área utilizada não ultrapasse 1.250m² (mil duzentos e cinquenta metros quadrados).",BAIXO A
0115-6/00,Cultivo de soja,"- Desde que seja escritório da empresa | - Desde que não esteja em imóvel residencial (casa, apartamento), galpão, terreno, lote, box, quiosque, container, | - Desde que a área utilizada não ultrapasse 1.250m² (mil duzentos e cinquenta metros quadrados).",BAIXO A
0116-4/01,Cultivo de amendoim,"- Desde que seja escritório da empresa | - Desde que não esteja em imóvel residencial (casa, apartamento), galpão, terreno, lote, box, quiosque, container, | - Desde que a área utilizada não ultrapasse 1.250m² (mil duzentos e cinquenta metros quadrados).",BAIXO A
0116-4/02,Cultivo de girassol,"- Desde que seja escritório da empresa | - Desde que não esteja em imóvel residencial (casa, apartamento), galpão, terreno, lote, box, quiosque, container, | - Desde que a área utilizada não ultrapasse 1.250m² (mil duzentos e cinquenta metros quadrados).",BAIXO A
0116-4/03,Cultivo de mamona,"- Desde que seja escritório da empresa | - Desde que não esteja em imóvel residencial (casa, apartamento), galpão, terreno, lote, box, quiosque, container, | - Desde que a área utilizada não ultrapasse 1.250m² (mil duzentos e cinquenta metros quadrados).",BAIXO A
0116-4/99,Cultivo de outras oleaginosas de lavoura temporária não especificadas anteriormente,"- Desde que seja escritório da empresa | - Desde que não esteja em imóvel residencial (casa, apartamento), galpão, terreno, lote, box, quiosque, container, | - Desde que a área utilizada não ultrapasse 1.250m² (mil duzentos e cinquenta metros quadrados).",BAIXO A
0119-9/01,Cultivo de abacaxi,"- Desde que seja escritório da empresa | - Desde que não esteja em imóvel residencial (casa, apartamento), galpão, terreno, lote, box, quiosque, container, | - Desde que a área utilizada não ultrapasse 1.250m² (mil duzentos e cinquenta metros quadrados).",BAIXO A
0119-9/02,Cultivo de alho,"- Desde que seja escritório da empresa | - Desde que não esteja em imóvel residencial (casa, apartamento), galpão, terreno, lote, box, quiosque, container, | - Desde que a área utilizada não ultrapasse 1.250m² (mil duzentos e cinquenta metros quadrados).",BAIXO A
0119-9/03,Cultivo de batata- inglesa,"- Desde que seja escritório da empresa | - Desde que não esteja em imóvel residencial (casa, apartamento), galpão, terreno, lote, box, quiosque, container, | - Desde que a área utilizada não ultrapasse 1.250m² (mil duzentos e cinquenta metros quadrados).",BAIXO A
0119-9/04,Cultivo de cebola,"- Desde que seja escritório da empresa | - Desde que não esteja em imóvel residencial (casa, apartamento), galpão, terreno, lote, box, quiosque, container, | - Desde que a área utilizada não ultrapasse 1.250m² (mil duzentos e cinquenta metros quadrados).",BAIXO A
0119-9/05,Cultivo de feijão,"- Desde que seja escritório da empresa | - Desde que não esteja em imóvel residencial (casa, apartamento), galpão, terreno, lote, box, quiosque, container, | - Desde que a área utilizada não ultrapasse 1.250m² (mil duzentos e cinquenta metros quadrados).",BAIXO A
0119-9/06,Cultivo de mandioca,"- Desde que seja escritório da empresa | - Desde que não esteja em imóvel residencial (casa, apartamento), galpão, terreno, lote, box, quiosque, container, | - Desde que a área utilizada não ultrapasse 1.250m² (mil duzentos e cinquenta metros quadrados).",BAIXO A
0119-9/07,Cultivo de melão,"- Desde que seja escritório da empresa | - Desde que não esteja em imóvel residencial (casa, apartamento), galpão, terreno, lote, box, quiosque, container, | - Desde que a área utilizada não ultrapasse 1.250m² (mil duzentos e cinquenta metros quadrados).",BAIXO A
0119-9/08,Cultivo de melancia,"- Desde que seja escritório da empresa | - Desde que não esteja em imóvel residencial (casa, apartamento), galpão, terreno, lote, box, quiosque, container, | - Desde que a área utilizada não ultrapasse 1.250m² (mil duzentos e cinquenta metros quadrados).",BAIXO A
0119-9/09,Cultivo de tomate rasteiro,"- Desde que seja escritório da empresa | - Desde que não esteja em imóvel residencial (casa, apartamento), galpão, terreno, lote, box, quiosque, container, | - Desde que a área utilizada não ultrapasse 1.250m² (mil duzentos e cinquenta metros quadrados).",BAIXO A
0119-9/99,Cultivo de outras plantas de lavoura temporária não especificadas anteriormente,"- Desde que seja escritório da empresa | - Desde que não esteja em imóvel residencial (casa, apartamento), galpão, terreno, lote, box, quiosque, container, | - Desde que a área utilizada não ultrapasse 1.250m² (mil duzentos e cinquenta metros quadrados).",BAIXO A
0121-1/01,"Horticultura, exceto morango","- Desde que seja escritório da empresa | - Desde que não esteja em imóvel residencial (casa, apartamento), galpão, terreno, lote, box, quiosque, container, | - Desde que a área utilizada não ultrapasse 1.250m² (mil duzentos e cinquenta metros quadrados).",BAIXO A
0121-1/02,Cultivo de morango,"- Desde que seja escritório da empresa | - Desde que não esteja em imóvel residencial (casa, apartamento), galpão, terreno, lote, box, quiosque, container, | - Desde que a área utilizada não ultrapasse 1.250m² (mil duzentos e cinquenta metros quadrados).",BAIXO A
0122-9/00,Cultivo de flores e plantas ornamentais,"- Desde que seja escritório da empresa | - Desde que não esteja em imóvel residencial (casa, apartamento), galpão, terreno, lote, box, quiosque, container, | - Desde que a área utilizada não ultrapasse 1.250m² (mil duzentos e cinquenta metros quadrados).",BAIXO A
0131-8/00,Cultivo de laranja,"- Desde que seja escritório da empresa | - Desde que não esteja em imóvel residencial (casa, apartamento), galpão, terreno, lote, box, quiosque, container, | - Desde que a área utilizada não ultrapasse 1.250m² (mil duzentos e cinquenta metros quadrados).",BAIXO A
0132-6/00,Cultivo de uva,"- Desde que seja escritório da empresa | - Desde que não esteja em imóvel residencial (casa, apartamento), galpão, terreno, lote, box, quiosque, container, | - Desde que a área utilizada não ultrapasse 1.250m² (mil duzentos e cinquenta metros quadrados).",BAIXO A
0133-4/01,Cultivo de açaí,"- Desde que seja escritório da empresa | - Desde que não esteja em imóvel residencial (casa, apartamento), galpão, terreno, lote, box, quiosque, container, | - Desde que a área utilizada não ultrapasse 1.250m² (mil duzentos e cinquenta metros quadrados).",BAIXO A
0133-4/02,Cultivo de banana,"- Desde que seja escritório da empresa | - Desde que não esteja em imóvel residencial (casa, apartamento), galpão, terreno, lote, box, quiosque, container, | - Desde que a área utilizada não ultrapasse 1.250m² (mil duzentos e cinquenta metros quadrados).",BAIXO A
0133-4/03,Cultivo de caju,"- Desde que seja escritório da empresa | - Desde que não esteja em imóvel residencial (casa, apartamento), galpão, terreno, lote, box, quiosque, container, | - Desde que a área utilizada não ultrapasse 1.250m² (mil duzentos e cinquenta metros quadrados).",BAIXO A
0133-4/04,"Cultivo de cítricos, exceto laranja","- Desde que seja escritório da empresa | - Desde que não esteja em imóvel residencial (casa, apartamento), galpão, terreno, lote, box, quiosque, container, | - Desde que a área utilizada não ultrapasse 1.250m² (mil duzentos e cinquenta metros quadrados).",BAIXO A
0133-4/05,Cultivo de coco-da- baía,"- Desde que seja escritório da empresa | - Desde que não esteja em imóvel residencial (casa, apartamento), galpão, terreno, lote, box, quiosque, container, | - Desde que a área utilizada não ultrapasse 1.250m² (mil duzentos e cinquenta metros quadrados).",BAIXO A
0133-4/06,Cultivo de guaraná,"- Desde que seja escritório da empresa | - Desde que não esteja em imóvel residencial (casa, apartamento), galpão, terreno, lote, box, quiosque, container, | - Desde que a área utilizada não ultrapasse 1.250m² (mil duzentos e cinquenta metros quadrados).",BAIXO A
0133-4/07,Cultivo de maçã,"- Desde que seja escritório da empresa | - Desde que não esteja em imóvel residencial (casa, apartamento), galpão, terreno, lote, box, quiosque, container, | - Desde que a área utilizada não ultrapasse 1.250m² (mil duzentos e cinquenta metros quadrados).",BAIXO A
0133-4/08,Cultivo de mamão,"- Desde que seja escritório da empresa | - Desde que não esteja em imóvel residencial (casa, apartamento), galpão, terreno, lote, box, quiosque, container, | - Desde que a área utilizada não ultrapasse 1.250m² (mil duzentos e cinquenta metros quadrados).",BAIXO A
0133-4/09,Cultivo de maracujá,"- Desde que seja escritório da empresa | - Desde que não esteja em imóvel residencial (casa, apartamento), galpão, terreno, lote, box, quiosque, container, | - Desde que a área utilizada não ultrapasse 1.250m² (mil duzentos e cinquenta metros quadrados).",BAIXO A
0133-4/10,Cultivo de manga,"- Desde que seja escritório da empresa | - Desde que não esteja em imóvel residencial (casa, apartamento), galpão, terreno, lote, box, quiosque, container, | - Desde que a área utilizada não ultrapasse 1.250m² (mil duzentos e cinquenta metros quadrados).",BAIXO A
0133-4/11,Cultivo de pêssego,"- Desde que seja escritório da empresa | - Desde que não esteja em imóvel residencial (casa, apartamento), galpão, terreno, lote, box, quiosque, container, | - Desde que a área utilizada não ultrapasse 1.250m² (mil duzentos e cinquenta metros quadrados).",BAIXO A
0133-4/99,Cultivo de frutas de lavoura permanente não especificadas anteriormente,"- Desde que seja escritório da empresa | - Desde que não esteja em imóvel residencial (casa, apartamento), galpão, terreno, lote, box, quiosque, container, | - Desde que a área utilizada não ultrapasse 1.250m² (mil duzentos e cinquenta metros quadrados).",BAIXO A
0134-2/00,Cultivo de café,"- Desde que seja escritório da empresa | - Desde que não esteja em imóvel residencial (casa, apartamento), galpão, terreno, lote, box, quiosque, container, | - Desde que a área utilizada não ultrapasse 1.250m² (mil duzentos e cinquenta metros quadrados).",BAIXO A
0135-1/00,Cultivo de cacau,"- Desde que seja escritório da empresa | - Desde que não esteja em imóvel residencial (casa, apartamento), galpão, terreno, lote, box, quiosque, container, | - Desde que a área utilizada não ultrapasse 1.250m² (mil duzentos e cinquenta metros quadrados).",BAIXO A
0139-3/01,Cultivo de chá-da- índia,"- Desde que seja escritório da empresa | - Desde que não esteja em imóvel residencial (casa, apartamento), galpão, terreno, lote, box, quiosque, container, | - Desde que a área utilizada não ultrapasse 1.250m² (mil duzentos e cinquenta metros quadrados).",BAIXO A
0139-3/02,Cultivo de erva-mate,"- Desde que seja escritório da empresa | - Desde que não esteja em imóvel residencial (casa, apartamento), galpão, terreno, lote, box, quiosque, container, | - Desde que a área utilizada não ultrapasse 1.250m² (mil duzentos e cinquenta metros quadrados).",BAIXO A
0139-3/03,Cultivo de pimenta- do-reino,"- Desde que seja escritório da empresa | - Desde que não esteja em imóvel residencial (casa, apartamento), galpão, terreno, lote, box, quiosque, container, | - Desde que a área utilizada não ultrapasse 1.250m² (mil duzentos e cinquenta metros quadrados).",BAIXO A
0139-3/04,"Cultivo de plantas para condimento, exceto pimenta-do- reino","- Desde que seja escritório da empresa | - Desde que não esteja em imóvel residencial (casa, apartamento), galpão, terreno, lote, box, quiosque, container, | - Desde que a área utilizada não ultrapasse 1.250m² (mil duzentos e cinquenta metros quadrados).",BAIXO A
0139-3/05,Cultivo de dendê,"- Desde que seja escritório da empresa | - Desde que não esteja em imóvel residencial (casa, apartamento), galpão, terreno, lote, box, quiosque, container, | - Desde que a área utilizada não ultrapasse 1.250m² (mil duzentos e cinquenta metros quadrados).",BAIXO A
0139-3/06,Cultivo de seringueira,"- Desde que seja escritório da empresa | - Desde que não esteja em imóvel residencial (casa, apartamento), galpão, terreno, lote, box, quiosque, container, | - Desde que a área utilizada não ultrapasse 1.250m² (mil duzentos e cinquenta metros quadrados).",BAIXO A
0139-3/99,Cultivo de outras plantas de lavoura permanente não especificadas anteriormente,"- Desde que seja escritório da empresa | - Desde que não esteja em imóvel residencial (casa, apartamento), galpão, terreno, lote, box, quiosque, container, | - Desde que a área utilizada não ultrapasse 1.250m² (mil duzentos e cinquenta metros quadrados).",BAIXO A
0141-5/01,"Produção de sementes certificadas, exceto de forrageiras para pasto","- Desde que seja escritório da empresa | - Desde que não esteja em imóvel residencial (casa, apartamento), galpão, terreno, lote, box, quiosque, container, | - Desde que a área utilizada não ultrapasse 1.250m² (mil duzentos e cinquenta metros quadrados).",BAIXO A
0141-5/02,Produção de sementes certificadas de forrageiras para formação de pasto,"- Desde que seja escritório da empresa | - Desde que não esteja em imóvel residencial (casa, apartamento), galpão, terreno, lote, box, quiosque, container, | - Desde que a área utilizada não ultrapasse 1.250m² (mil duzentos e cinquenta metros quadrados).",BAIXO A
0142-3/00,"Produção de mudas e outras formas de propagação vegetal, certificadas","- Desde que seja escritório da empresa | - Desde que não esteja em imóvel residencial (casa, apartamento), galpão, terreno, lote, box, quiosque, container, | - Desde que a área utilizada não ultrapasse 1.250m² (mil duzentos e cinquenta metros quadrados).",BAIXO A
0151-2/01,Criação de bovinos para corte,"- Desde que seja escritório da empresa | - Desde que não esteja em imóvel residencial (casa, apartamento), galpão, terreno, lote, box, quiosque, container, | - Desde que a área utilizada não ultrapasse 1.250m² (mil duzentos e cinquenta metros quadrados).",BAIXO A
0151-2/02,Criação de bovinos para leite,"- Desde que seja escritório da empresa | - Desde que não esteja em imóvel residencial (casa, apartamento), galpão, terreno, lote, box, quiosque, container, | - Desde que a área utilizada não ultrapasse 1.250m² (mil duzentos e cinquenta metros quadrados).",BAIXO A
0151-2/03,"Criação de bovinos, exceto para corte e leite","- Desde que seja escritório da empresa | - Desde que não esteja em imóvel residencial (casa, apartamento), galpão, terreno, lote, box, quiosque, container, | - Desde que a área utilizada não ultrapasse 1.250m² (mil duzentos e cinquenta metros quadrados).",BAIXO A
0152-1/01,Criação de bufalinos,"- Desde que seja escritório da empresa | - Desde que não esteja em imóvel residencial (casa, apartamento), galpão, terreno, lote, box, quiosque, container, | - Desde que a área utilizada não ultrapasse 1.250m² (mil duzentos e cinquenta metros quadrados).",BAIXO A
0152-1/02,Criação de equinos,"- Desde que seja escritório da empresa | - Desde que não esteja em imóvel residencial (casa, apartamento), galpão, terreno, lote, box, quiosque, container, | - Desde que a área utilizada não ultrapasse 1.250m² (mil duzentos e cinquenta metros quadrados).",BAIXO A
0152-1/03,Criação de asininos e muares,"- Desde que seja escritório da empresa | - Desde que não esteja em imóvel residencial (casa, apartamento), galpão, terreno, lote, box, quiosque, container, | - Desde que a área utilizada não ultrapasse 1.250m² (mil duzentos e cinquenta metros quadrados).",BAIXO A
0153-9/01,Criação de caprinos,"- Desde que seja escritório da empresa | - Desde que não esteja em imóvel residencial (casa, apartamento), galpão, terreno, lote, box, quiosque, container, | - Desde que a área utilizada não ultrapasse 1.250m² (mil duzentos e cinquenta metros quadrados).",BAIXO A
0153-9/02,"Criação de ovinos, inclusive para produção de lã","- Desde que seja escritório da empresa | - Desde que não esteja em imóvel residencial (casa, apartamento), galpão, terreno, lote, box, quiosque, container, | - Desde que a área utilizada não ultrapasse 1.250m² (mil duzentos e cinquenta metros quadrados).",BAIXO A
0154-7/00,Criação de suínos,"- Desde que seja escritório da empresa | - Desde que não esteja em imóvel residencial (casa, apartamento), galpão, terreno, lote, box, quiosque, container, | - Desde que a área utilizada não ultrapasse 1.250m² (mil duzentos e cinquenta metros quadrados).",BAIXO A
0155-5/01,Criação de frangos para corte,"- Desde que seja escritório da empresa | - Desde que não esteja em imóvel residencial (casa, apartamento), galpão, terreno, lote, box, quiosque, container, | - Desde que a área utilizada não ultrapasse 1.250m² (mil duzentos e cinquenta metros quadrados).",BAIXO A
0155-5/02,Produção de pintos de um dia,"- Desde que seja escritório da empresa | - Desde que não esteja em imóvel residencial (casa, apartamento), galpão, terreno, lote, box, quiosque, container, | - Desde que a área utilizada não ultrapasse 1.250m² (mil duzentos e cinquenta metros quadrados).",BAIXO A
0155-5/03,"Criação de outros galináceos, exceto para corte","- Desde que seja escritório da empresa | - Desde que não esteja em imóvel residencial (casa, apartamento), galpão, terreno, lote, box, quiosque, container, | - Desde que a área utilizada não ultrapasse 1.250m² (mil duzentos e cinquenta metros quadrados).",BAIXO A
0155-5/04,"Criação de aves, exceto galináceos","- Desde que seja escritório da empresa | - Desde que não esteja em imóvel residencial (casa, apartamento), galpão, terreno, lote, box, quiosque, container, | - Desde que a área utilizada não ultrapasse 1.250m² (mil duzentos e cinquenta metros quadrados).",BAIXO A
0155-5/05,Produção de ovos,"- Desde que seja escritório da empresa | - Desde que não esteja em imóvel residencial (casa, apartamento), galpão, terreno, lote, box, quiosque, container, | - Desde que a área utilizada não ultrapasse 1.250m² (mil duzentos e cinquenta metros quadrados).",BAIXO A
0159-8/01,Apicultura,"- Desde que seja escritório da empresa | - Desde que não esteja em imóvel residencial (casa, apartamento), galpão, terreno, lote, box, quiosque, container, | - Desde que a área utilizada não ultrapasse 1.250m² (mil duzentos e cinquenta metros quadrados).",BAIXO A
0159-8/02,Criação de animais de estimação,"- Desde que seja escritório da empresa | - Desde que não esteja em imóvel residencial (casa, apartamento), galpão, terreno, lote, box, quiosque, container, | - Desde que a área utilizada não ultrapasse 1.250m² (mil duzentos e cinquenta metros quadrados).",BAIXO A
0159-8/03,Criação de escargô,"- Desde que seja escritório da empresa | - Desde que não esteja em imóvel residencial (casa, apartamento), galpão, terreno, lote, box, quiosque, container, | - Desde que a área utilizada não ultrapasse 1.250m² (mil duzentos e cinquenta metros quadrados).",BAIXO A
0159-8/04,Criação de bicho-da- seda,"- Desde que seja escritório da empresa | - Desde que não esteja em imóvel residencial (casa, apartamento), galpão, terreno, lote, box, quiosque, container, | - Desde que a área utilizada não ultrapasse 1.250m² (mil duzentos e cinquenta metros quadrados).",BAIXO A
0159-8/99,Criação de outros animais não especificados anteriormente,"- Desde que seja escritório da empresa | - Desde que não esteja em imóvel residencial (casa, apartamento), galpão, terreno, lote, box, quiosque, container, | - Desde que a área utilizada não ultrapasse 1.250m² (mil duzentos e cinquenta metros quadrados).",BAIXO A
0161-0/01,Serviço de pulverização e controle de pragas agrícolas,"- Desde que seja escritório da empresa | - Desde que não esteja em imóvel residencial (casa, apartamento), galpão, terreno, lote, box, quiosque, container, | - Desde que a área utilizada não ultrapasse 1.250m² (mil duzentos e cinquenta metros quadrados).",BAIXO A
0161-0/02,Serviço de poda de árvores para lavouras,"- Desde que seja escritório da empresa | - Desde que não esteja em imóvel residencial (casa, apartamento), galpão, terreno, lote, box, quiosque, container, | - Desde que a área utilizada não ultrapasse 1.250m² (mil duzentos e cinquenta metros quadrados).",BAIXO A
0161-0/03,"Serviço de preparação de terreno, cultivo e colheita","- Desde que seja escritório da empresa | - Desde que não esteja em imóvel residencial (casa, apartamento), galpão, terreno, lote, box, quiosque, container, | - Desde que a área utilizada não ultrapasse 1.250m² (mil duzentos e cinquenta metros quadrados).",BAIXO A
0161-0/99,Atividades de apoio à agricultura não especificadas anteriormente,"- Desde que seja escritório da empresa | - Desde que não esteja em imóvel residencial (casa, apartamento), galpão, terreno, lote, box, quiosque, container, | - Desde que a área utilizada não ultrapasse 1.250m² (mil duzentos e cinquenta metros quadrados).",BAIXO A
0162-8/01,Serviço de inseminação artificial em animais,"- Desde que seja escritório da empresa | - Desde que não esteja em imóvel residencial (casa, apartamento), galpão, terreno, lote, box, quiosque, container, | - Desde que a área utilizada não ultrapasse 1.250m² (mil duzentos e cinquenta metros quadrados).",BAIXO A
0162-8/02,Serviço de tosquiamento de ovinos,"- Desde que seja escritório da empresa | - Desde que não esteja em imóvel residencial (casa, apartamento), galpão, terreno, lote, box, quiosque, container, | - Desde que a área utilizada não ultrapasse 1.250m² (mil duzentos e cinquenta metros quadrados).",BAIXO A
0162-8/03,Serviço de manejo de animais,"- Desde que seja escritório da empresa | - Desde que não esteja em imóvel residencial (casa, apartamento), galpão, terreno, lote, box, quiosque, container, | - Desde que a área utilizada não ultrapasse 1.250m² (mil duzentos e cinquenta metros quadrados).",BAIXO A
0162-8/99,Atividades de apoio à pecuária não especificadas anteriormente,"- Desde que seja escritório da empresa | - Desde que não esteja em imóvel residencial (casa, apartamento), galpão, terreno, lote, box, quiosque, container, | - Desde que a área utilizada não ultrapasse 1.250m² (mil duzentos e cinquenta metros quadrados).",BAIXO A
0163-6/00,Atividades de pós- colheita,"- Desde que seja escritório da empresa | - Desde que não esteja em imóvel residencial (casa, apartamento), galpão, terreno, lote, box, quiosque, container, | - Desde que a área utilizada não ultrapasse 1.250m² (mil duzentos e cinquenta metros quadrados).",BAIXO A
0170-9/00,Caça e serviços relacionados,"- Desde que seja escritório da empresa | - Desde que não esteja em imóvel residencial (casa, apartamento), galpão, terreno, lote, box, quiosque, container, | - Desde que a área utilizada não ultrapasse 1.250m² (mil duzentos e cinquenta metros quadrados).",BAIXO A
0210-1/01,Cultivo de eucalipto,"- Desde que seja escritório da empresa | - Desde que não esteja em imóvel residencial (casa, apartamento), galpão, terreno, lote, box, quiosque, container, | - Desde que a área utilizada não ultrapasse 1.250m² (mil duzentos e cinquenta metros quadrados).",BAIXO A
0210-1/02,Cultivo de acácia- negra,"- Desde que seja escritório da empresa | - Desde que não esteja em imóvel residencial (casa, apartamento), galpão, terreno, lote, box, quiosque, container, | - Desde que a área utilizada não ultrapasse 1.250m² (mil duzentos e cinquenta metros quadrados).",BAIXO A
0210-1/03,Cultivo de pinus,"- Desde que seja escritório da empresa | - Desde que não esteja em imóvel residencial (casa, apartamento), galpão, terreno, lote, box, quiosque, container, | - Desde que a área utilizada não ultrapasse 1.250m² (mil duzentos e cinquenta metros quadrados).",BAIXO A
0210-1/04,Cultivo de teca,"- Desde que seja escritório da empresa | - Desde que não esteja em imóvel residencial (casa, apartamento), galpão, terreno, lote, box, quiosque, container, | - Desde que a área utilizada não ultrapasse 1.250m² (mil duzentos e cinquenta metros quadrados).",BAIXO A
0210-1/05,"Cultivo de espécies madeireiras, exceto eucalipto, acácia- negra, pinus e teca","- Desde que seja escritório da empresa | - Desde que não esteja em imóvel residencial (casa, apartamento), galpão, terreno, lote, box, quiosque, container, | - Desde que a área utilizada não ultrapasse 1.250m² (mil duzentos e cinquenta metros quadrados).",BAIXO A
0210-1/06,Cultivo de mudas em viveiros florestais,"- Desde que seja escritório da empresa | - Desde que não esteja em imóvel residencial (casa, apartamento), galpão, terreno, lote, box, quiosque, container, | - Desde que a área utilizada não ultrapasse 1.250m² (mil duzentos e cinquenta metros quadrados).",BAIXO A
0210-1/07,Extração de madeira em florestas plantadas,"- Desde que seja escritório da empresa | - Desde que não esteja em imóvel residencial (casa, apartamento), galpão, terreno, lote, box, quiosque, container, | - Desde que a área utilizada não ultrapasse 1.250m² (mil duzentos e cinquenta metros quadrados).",BAIXO A
0210-1/08,Produção de carvão vegetal - florestas plantadas,"- Desde que seja escritório da empresa | - Desde que não esteja em imóvel residencial (casa, apartamento), galpão, terreno, lote, box, quiosque, container, | - Desde que a área utilizada não ultrapasse 1.250m² (mil duzentos e cinquenta metros quadrados).",BAIXO A
0210-1/09,Produção de casca de acácia-negra - florestas plantadas,"- Desde que seja escritório da empresa | - Desde que não esteja em imóvel residencial (casa, apartamento), galpão, terreno, lote, box, quiosque, container, | - Desde que a área utilizada não ultrapasse 1.250m² (mil duzentos e cinquenta metros quadrados).",BAIXO A
0210-1/99,Produção de produtos não madeireiros não especificados anteriormente em florestas plantadas,"- Desde que seja escritório da empresa | - Desde que não esteja em imóvel residencial (casa, apartamento), galpão, terreno, lote, box, quiosque, container, | - Desde que a área utilizada não ultrapasse 1.250m² (mil duzentos e cinquenta metros quadrados).",BAIXO A
0220-9/01,Extração de madeira em florestas nativas,"- Desde que seja escritório da empresa | - Desde que não esteja em imóvel residencial (casa, apartamento), galpão, terreno, lote, box, quiosque, container, | - Desde que a área utilizada não ultrapasse 1.250m² (mil duzentos e cinquenta metros quadrados).",BAIXO A
0220-9/02,Produção de carvão vegetal - florestas nativas,"- Desde que seja escritório da empresa | - Desde que não esteja em imóvel residencial (casa, apartamento), galpão, terreno, lote, box, quiosque, container, | - Desde que a área utilizada não ultrapasse 1.250m² (mil duzentos e cinquenta metros quadrados).",BAIXO A
0220-9/03,Coleta de castanha- do-pará em florestas nativas,"- Desde que seja escritório da empresa | - Desde que não esteja em imóvel residencial (casa, apartamento), galpão, terreno, lote, box, quiosque, container, | - Desde que a área utilizada não ultrapasse 1.250m² (mil duzentos e cinquenta metros quadrados).",BAIXO A
0220-9/04,Coleta de látex em florestas nativas,"- Desde que seja escritório da empresa | - Desde que não esteja em imóvel residencial (casa, apartamento), galpão, terreno, lote, box, quiosque, container, | - Desde que a área utilizada não ultrapasse 1.250m² (mil duzentos e cinquenta metros quadrados).",BAIXO A
0220-9/05,Coleta de palmito em florestas nativas,"- Desde que seja escritório da empresa | - Desde que não esteja em imóvel residencial (casa, apartamento), galpão, terreno, lote, box, quiosque, container, | - Desde que a área utilizada não ultrapasse 1.250m² (mil duzentos e cinquenta metros quadrados).",BAIXO A
0220-9/06,Conservação de florestas nativas,"- Desde que seja escritório da empresa | - Desde que não esteja em imóvel residencial (casa, apartamento), galpão, terreno, lote, box, quiosque, container, | - Desde que a área utilizada não ultrapasse 1.250m² (mil duzentos e cinquenta metros quadrados).",BAIXO A
0220-9/99,Coleta de produtos não madeireiros não especificados anteriormente em florestas nativas,"- Desde que seja escritório da empresa | - Desde que não esteja em imóvel residencial (casa, apartamento), galpão, terreno, lote, box, quiosque, container, | - Desde que a área utilizada não ultrapasse 1.250m² (mil duzentos e cinquenta metros quadrados).",BAIXO A
0230-6/00,Atividades de apoio à produção florestal,"- Desde que seja escritório da empresa | - Desde que não esteja em imóvel residencial (casa, apartamento), galpão, terreno, lote, box, quiosque, container, | - Desde que a área utilizada não ultrapasse 1.250m² (mil duzentos e cinquenta metros quadrados).",BAIXO A
0311-6/01,Pesca de peixes em água salgada,"- Desde que seja escritório da empresa | - Desde que não esteja em imóvel residencial (casa, apartamento), galpão, terreno, lote, box, quiosque, container, | - Desde que a área utilizada não ultrapasse 1.250m² (mil duzentos e cinquenta metros quadrados).",BAIXO A
0311-6/02,Pesca de crustáceos e moluscos em água salgada,"- Desde que seja escritório da empresa | - Desde que não esteja em imóvel residencial (casa, apartamento), galpão, terreno, lote, box, quiosque, container, | - Desde que a área utilizada não ultrapasse 1.250m² (mil duzentos e cinquenta metros quadrados).",BAIXO A
0311-6/03,Coleta de outros produtos marinhos,"- Desde que seja escritório da empresa | - Desde que não esteja em imóvel residencial (casa, apartamento), galpão, terreno, lote, box, quiosque, container, | - Desde que a área utilizada não ultrapasse 1.250m² (mil duzentos e cinquenta metros quadrados).",BAIXO A
0311-6/04,Atividades de apoio à pesca em água salgada,"- Desde que seja escritório da empresa | - Desde que não esteja em imóvel residencial (casa, apartamento), galpão, terreno, lote, box, quiosque, container, | - Desde que a área utilizada não ultrapasse 1.250m² (mil duzentos e cinquenta metros quadrados).",BAIXO A
0312-4/01,Pesca de peixes em água doce,"- Desde que seja escritório da empresa | - Desde que não esteja em imóvel residencial (casa, apartamento), galpão, terreno, lote, box, quiosque, container, | - Desde que a área utilizada não ultrapasse 1.250m² (mil duzentos e cinquenta metros quadrados).",BAIXO A
0312-4/02,Pesca de crustáceos e moluscos em água doce,"- Desde que seja escritório da empresa | - Desde que não esteja em imóvel residencial (casa, apartamento), galpão, terreno, lote, box, quiosque, container, | - Desde que a área utilizada não ultrapasse 1.250m² (mil duzentos e cinquenta metros quadrados).",BAIXO A
0312-4/03,Coleta de outros produtos aquáticos de água doce,"- Desde que seja escritório da empresa | - Desde que não esteja em imóvel residencial (casa, apartamento), galpão, terreno, lote, box, quiosque, container, | - Desde que a área utilizada não ultrapasse 1.250m² (mil duzentos e cinquenta metros quadrados).",BAIXO A
0312-4/04,Atividades de apoio à pesca em água doce,"- Desde que seja escritório da empresa | - Desde que não esteja em imóvel residencial (casa, apartamento), galpão, terreno, lote, box, quiosque, container, | - Desde que a área utilizada não ultrapasse 1.250m² (mil duzentos e cinquenta metros quadrados).",BAIXO A
0321-3/01,Criação de peixes em água salgada e salobra,"- Desde que seja escritório da empresa | - Desde que não esteja em imóvel residencial (casa, apartamento), galpão, terreno, lote, box, quiosque, container, | - Desde que a área utilizada não ultrapasse 1.250m² (mil duzentos e cinquenta metros quadrados).",BAIXO A
0321-3/02,Criação de camarões em água salgada e salobra,"- Desde que seja escritório da empresa | - Desde que não esteja em imóvel residencial (casa, apartamento), galpão, terreno, lote, box, quiosque, container, | - Desde que a área utilizada não ultrapasse 1.250m² (mil duzentos e cinquenta metros quadrados).",BAIXO A
0321-3/03,Criação de ostras e mexilhões em água salgada e salobra,"- Desde que seja escritório da empresa | - Desde que não esteja em imóvel residencial (casa, apartamento), galpão, terreno, lote, box, quiosque, container, | - Desde que a área utilizada não ultrapasse 1.250m² (mil duzentos e cinquenta metros quadrados).",BAIXO A
0321-3/04,Criação de peixes ornamentais em água salgada e salobra,"- Desde que seja escritório da empresa | - Desde que não esteja em imóvel residencial (casa, apartamento), galpão, terreno, lote, box, quiosque, container, | - Desde que a área utilizada não ultrapasse 1.250m² (mil duzentos e cinquenta metros quadrados).",BAIXO A
0321-3/05,Atividades de apoio à aquicultura em água salgada e salobra,"- Desde que seja escritório da empresa | - Desde que não esteja em imóvel residencial (casa, apartamento), galpão, terreno, lote, box, quiosque, container, | - Desde que a área utilizada não ultrapasse 1.250m² (mil duzentos e cinquenta metros quadrados).",BAIXO A
0321-3/99,Cultivos e semicultivos da aquicultura em água salgada e salobra não especificados anteriormente,"- Desde que seja escritório da empresa | - Desde que não esteja em imóvel residencial (casa, apartamento), galpão, terreno, lote, box, quiosque, container, | - Desde que a área utilizada não ultrapasse 1.250m² (mil duzentos e cinquenta metros quadrados).",BAIXO A
0322-1/01,Criação de peixes em água doce,"- Desde que seja escritório da empresa | - Desde que não esteja em imóvel residencial (casa, apartamento), galpão, terreno, lote, box, quiosque, container, | - Desde que a área utilizada não ultrapasse 1.250m² (mil duzentos e cinquenta metros quadrados).",BAIXO A
0322-1/02,Criação de camarões em água doce,"- Desde que seja escritório da empresa | - Desde que não esteja em imóvel residencial (casa, apartamento), galpão, terreno, lote, box, quiosque, container, | - Desde que a área utilizada não ultrapasse 1.250m² (mil duzentos e cinquenta metros quadrados).",BAIXO A
0322-1/03,Criação de ostras e mexilhões em água doce,"- Desde que seja escritório da empresa | - Desde que não esteja em imóvel residencial (casa, apartamento), galpão, terreno, lote, box, quiosque, container, | - Desde que a área utilizada não ultrapasse 1.250m² (mil duzentos e cinquenta metros quadrados).",BAIXO A
0322-1/04,Criação de peixes ornamentais em água doce,"- Desde que seja escritório da empresa | - Desde que não esteja em imóvel residencial (casa, apartamento), galpão, terreno, lote, box, quiosque, container, | - Desde que a área utilizada não ultrapasse 1.250m² (mil duzentos e cinquenta metros quadrados).",BAIXO A
0322-1/05,Ranicultura,"- Desde que seja escritório da empresa | - Desde que não esteja em imóvel residencial (casa, apartamento), galpão, terreno, lote, box, quiosque, container, | - Desde que a área utilizada não ultrapasse 1.250m² (mil duzentos e cinquenta metros quadrados).",BAIXO A
0322-1/06,Criação de jacaré,"- Desde que seja escritório da empresa | - Desde que não esteja em imóvel residencial (casa, apartamento), galpão, terreno, lote, box, quiosque, container, | - Desde que a área utilizada não ultrapasse 1.250m² (mil duzentos e cinquenta metros quadrados).",BAIXO A
0322-1/07,Atividades de apoio à aquicultura em água doce,"- Desde que seja escritório da empresa | - Desde que não esteja em imóvel residencial (casa, apartamento), galpão, terreno, lote, box, quiosque, container, | - Desde que a área utilizada não ultrapasse 1.250m² (mil duzentos e cinquenta metros quadrados).",BAIXO A
0322-1/99,Cultivos e semicultivos da aquicultura em água doce não especificados anteriormente,"- Desde que seja escritório da empresa | - Desde que não esteja em imóvel residencial (casa, apartamento), galpão, terreno, lote, box, quiosque, container, | - Desde que a área utilizada não ultrapasse 1.250m² (mil duzentos e cinquenta metros quadrados).",BAIXO A
0500-3/01,Extração de carvão mineral,"- Desde que seja escritório da empresa | - Desde que não esteja em imóvel residencial (casa, apartamento), galpão, terreno, lote, box, quiosque, container, | - Desde que a área utilizada não ultrapasse 1.250m² (mil duzentos e cinquenta metros quadrados).",BAIXO A
0500-3/02,Beneficiamento de carvão mineral,"- Desde que seja escritório da empresa | - Desde que não esteja em imóvel residencial (casa, apartamento), galpão, terreno, lote, box, quiosque, container, | - Desde que a área utilizada não ultrapasse 1.250m² (mil duzentos e cinquenta metros quadrados).",BAIXO A
0600-0/01,Extração de petróleo e gás natural,"- Desde que seja escritório da empresa | - Desde que não esteja em imóvel residencial (casa, apartamento), galpão, terreno, lote, box, quiosque, container, | - Desde que a área utilizada não ultrapasse 1.250m² (mil duzentos e cinquenta metros quadrados).",BAIXO A
0600-0/02,Extração e beneficiamento de xisto,"- Desde que seja escritório da empresa | - Desde que não esteja em imóvel residencial (casa, apartamento), galpão, terreno, lote, box, quiosque, container, | - Desde que a área utilizada não ultrapasse 1.250m² (mil duzentos e cinquenta metros quadrados).",BAIXO A
0600-0/03,Extração e beneficiamento de areias betuminosas,"- Desde que seja escritório da empresa | - Desde que não esteja em imóvel residencial (casa, apartamento), galpão, terreno, lote, box, quiosque, container, | - Desde que a área utilizada não ultrapasse 1.250m² (mil duzentos e cinquenta metros quadrados).",BAIXO A
0710-3/01,Extração de minério de ferro,"- Desde que seja escritório da empresa | - Desde que não esteja em imóvel residencial (casa, apartamento), galpão, terreno, lote, box, quiosque, container, | - Desde que a área utilizada não ultrapasse 1.250m² (mil duzentos e cinquenta metros quadrados).",BAIXO A
0710-3/02,"Pelotização, sinterização e outros beneficiamentos de minério de ferro","- Desde que seja escritório da empresa | - Desde que não esteja em imóvel residencial (casa, apartamento), galpão, terreno, lote, box, quiosque, container, | - Desde que a área utilizada não ultrapasse 1.250m² (mil duzentos e cinquenta metros quadrados).",BAIXO A
0721-9/01,Extração de minério de alumínio,"- Desde que seja escritório da empresa | - Desde que não esteja em imóvel residencial (casa, apartamento), galpão, terreno, lote, box, quiosque, container, | - Desde que a área utilizada não ultrapasse 1.250m² (mil duzentos e cinquenta metros quadrados).",BAIXO A
0721-9/02,Beneficiamento de minério de alumínio,"- Desde que seja escritório da empresa | - Desde que não esteja em imóvel residencial (casa, apartamento), galpão, terreno, lote, box, quiosque, container, | - Desde que a área utilizada não ultrapasse 1.250m² (mil duzentos e cinquenta metros quadrados).",BAIXO A
0722-7/01,Extração de minério de estanho,"- Desde que seja escritório da empresa | - Desde que não esteja em imóvel residencial (casa, apartamento), galpão, terreno, lote, box, quiosque, container, | - Desde que a área utilizada não ultrapasse 1.250m² (mil duzentos e cinquenta metros quadrados).",BAIXO A
0722-7/02,Beneficiamento de minério de estanho,"- Desde que seja escritório da empresa | - Desde que não esteja em imóvel residencial (casa, apartamento), galpão, terreno, lote, box, quiosque, container, | - Desde que a área utilizada não ultrapasse 1.250m² (mil duzentos e cinquenta metros quadrados).",BAIXO A
0723-5/01,Extração de minério de manganês,"- Desde que seja escritório da empresa | - Desde que não esteja em imóvel residencial (casa, apartamento), galpão, terreno, lote, box, quiosque, container, | - Desde que a área utilizada não ultrapasse 1.250m² (mil duzentos e cinquenta metros quadrados).",BAIXO A
0723-5/02,Beneficiamento de minério de manganês,"- Desde que seja escritório da empresa | - Desde que não esteja em imóvel residencial (casa, apartamento), galpão, terreno, lote, box, quiosque, container, | - Desde que a área utilizada não ultrapasse 1.250m² (mil duzentos e cinquenta metros quadrados).",BAIXO A
0724-3/01,Extração de minério de metais preciosos,"- Desde que seja escritório da empresa | - Desde que não esteja em imóvel residencial (casa, apartamento), galpão, terreno, lote, box, quiosque, container, | - Desde que a área utilizada não ultrapasse 1.250m² (mil duzentos e cinquenta metros quadrados).",BAIXO A
0724-3/02,Beneficiamento de minério de metais preciosos,"- Desde que seja escritório da empresa | - Desde que não esteja em imóvel residencial (casa, apartamento), galpão, terreno, lote, box, quiosque, container, | - Desde que a área utilizada não ultrapasse 1.250m² (mil duzentos e cinquenta metros quadrados).",BAIXO A
0725-1/00,Extração de minerais radioativos,"- Desde que seja escritório da empresa | - Desde que não esteja em imóvel residencial (casa, apartamento), galpão, terreno, lote, box, quiosque, container, | - Desde que a área utilizada não ultrapasse 1.250m² (mil duzentos e cinquenta metros quadrados).",BAIXO A
0729-4/01,Extração de minérios de nióbio e titânio,"- Desde que seja escritório da empresa | - Desde que não esteja em imóvel residencial (casa, apartamento), galpão, terreno, lote, box, quiosque, container, | - Desde que a área utilizada não ultrapasse 1.250m² (mil duzentos e cinquenta metros quadrados).",BAIXO A
0729-4/02,Extração de minério de tungstênio,"- Desde que seja escritório da empresa | - Desde que não esteja em imóvel residencial (casa, apartamento), galpão, terreno, lote, box, quiosque, container, | - Desde que a área utilizada não ultrapasse 1.250m² (mil duzentos e cinquenta metros quadrados).",BAIXO A
0729-4/03,Extração de minério de níquel,"- Desde que seja escritório da empresa | - Desde que não esteja em imóvel residencial (casa, apartamento), galpão, terreno, lote, box, quiosque, container, | - Desde que a área utilizada não ultrapasse 1.250m² (mil duzentos e cinquenta metros quadrados).",BAIXO A
0729-4/04,"Extração de minérios de cobre, chumbo, zinco e outros minerais metálicos não ferrosos não especificados anteriormente","- Desde que seja escritório da empresa | - Desde que não esteja em imóvel residencial (casa, apartamento), galpão, terreno, lote, box, quiosque, container, | - Desde que a área utilizada não ultrapasse 1.250m² (mil duzentos e cinquenta metros quadrados).",BAIXO A
0729-4/05,"Beneficiamento de minérios de cobre, chumbo, zinco e outros minerais metálicos não ferrosos não especificados anteriormente","- Desde que seja escritório da empresa | - Desde que não esteja em imóvel residencial (casa, apartamento), galpão, terreno, lote, box, quiosque, container, | - Desde que a área utilizada não ultrapasse 1.250m² (mil duzentos e cinquenta metros quadrados).",BAIXO A
0810-0/01,Extração de ardósia e beneficiamento associado,"- Desde que seja escritório da empresa | - Desde que não esteja em imóvel residencial (casa, apartamento), galpão, terreno, lote, box, quiosque, container, | - Desde que a área utilizada não ultrapasse 1.250m² (mil duzentos e cinquenta metros quadrados).",BAIXO A
0810-0/02,Extração de granito e beneficiamento associado,"- Desde que seja escritório da empresa | - Desde que não esteja em imóvel residencial (casa, apartamento), galpão, terreno, lote, box, quiosque, container, | - Desde que a área utilizada não ultrapasse 1.250m² (mil duzentos e cinquenta metros quadrados).",BAIXO A
0810-0/03,Extração de mármore e beneficiamento associado,"- Desde que seja escritório da empresa | - Desde que não esteja em imóvel residencial (casa, apartamento), galpão, terreno, lote, box, quiosque, container, | - Desde que a área utilizada não ultrapasse 1.250m² (mil duzentos e cinquenta metros quadrados).",BAIXO A
0810-0/04,Extração de calcário e dolomita e beneficiamento associado,"- Desde que seja escritório da empresa | - Desde que não esteja em imóvel residencial (casa, apartamento), galpão, terreno, lote, box, quiosque, container, | - Desde que a área utilizada não ultrapasse 1.250m² (mil duzentos e cinquenta metros quadrados).",BAIXO A
0810-0/05,Extração de gesso e caulim,"- Desde que seja escritório da empresa | - Desde que não esteja em imóvel residencial (casa, apartamento), galpão, terreno, lote, box, quiosque, container, | - Desde que a área utilizada não ultrapasse 1.250m² (mil duzentos e cinquenta metros quadrados).",BAIXO A
0810-0/06,"Extração de areia, cascalho ou pedregulho e beneficiamento associado","- Desde que seja escritório da empresa | - Desde que não esteja em imóvel residencial (casa, apartamento), galpão, terreno, lote, box, quiosque, container, | - Desde que a área utilizada não ultrapasse 1.250m² (mil duzentos e cinquenta metros quadrados).",BAIXO A
0810-0/07,Extração de argila e beneficiamento associado,"- Desde que seja escritório da empresa | - Desde que não esteja em imóvel residencial (casa, apartamento), galpão, terreno, lote, box, quiosque, container, | - Desde que a área utilizada não ultrapasse 1.250m² (mil duzentos e cinquenta metros quadrados).",BAIXO A
0810-0/08,Extração de saibro e beneficiamento associado,"- Desde que seja escritório da empresa | - Desde que não esteja em imóvel residencial (casa, apartamento), galpão, terreno, lote, box, quiosque, container, | - Desde que a área utilizada não ultrapasse 1.250m² (mil duzentos e cinquenta metros quadrados).",BAIXO A
0810-0/09,Extração de basalto e beneficiamento associado,"- Desde que seja escritório da empresa | - Desde que não esteja em imóvel residencial (casa, apartamento), galpão, terreno, lote, box, quiosque, container, | - Desde que a área utilizada não ultrapasse 1.250m² (mil duzentos e cinquenta metros quadrados).",BAIXO A
0810-0/10,Beneficiamento de gesso e caulim associado à extração,"- Desde que seja escritório da empresa | - Desde que não esteja em imóvel residencial (casa, apartamento), galpão, terreno, lote, box, quiosque, container, | - Desde que a área utilizada não ultrapasse 1.250m² (mil duzentos e cinquenta metros quadrados).",BAIXO A
0810-0/99,Extração e britamento de pedras e outros materiais para construção e beneficiamento associado,"- Desde que seja escritório da empresa | - Desde que não esteja em imóvel residencial (casa, apartamento), galpão, terreno, lote, box, quiosque, container, | - Desde que a área utilizada não ultrapasse 1.250m² (mil duzentos e cinquenta metros quadrados).",BAIXO A
0891-6/00,"Extração de minerais para fabricação de adubos, fertilizantes e outros produtos químicos","- Desde que seja escritório da empresa | - Desde que não esteja em imóvel residencial (casa, apartamento), galpão, terreno, lote, box, quiosque, container, | - Desde que a área utilizada não ultrapasse 1.250m² (mil duzentos e cinquenta metros quadrados).",BAIXO A
0892-4/01,Extração de sal marinho,"- Desde que seja escritório da empresa | - Desde que não esteja em imóvel residencial (casa, apartamento), galpão, terreno, lote, box, quiosque, container, | - Desde que a área utilizada não ultrapasse 1.250m² (mil duzentos e cinquenta metros quadrados).",BAIXO A
0892-4/02,Extração de sal-gema,"- Desde que seja escritório da empresa | - Desde que não esteja em imóvel residencial (casa, apartamento), galpão, terreno, lote, box, quiosque, container, | - Desde que a área utilizada não ultrapasse 1.250m² (mil duzentos e cinquenta metros quadrados).",BAIXO A
0893-2/00,Extração de gemas (pedras preciosas e semipreciosas),"- Desde que seja escritório da empresa | - Desde que não esteja em imóvel residencial (casa, apartamento), galpão, terreno, lote, box, quiosque, container, | - Desde que a área utilizada não ultrapasse 1.250m² (mil duzentos e cinquenta metros quadrados).",BAIXO A
0899-1/01,Extração de grafita,"- Desde que seja escritório da empresa | - Desde que não esteja em imóvel residencial (casa, apartamento), galpão, terreno, lote, box, quiosque, container, | - Desde que a área utilizada não ultrapasse 1.250m² (mil duzentos e cinquenta metros quadrados).",BAIXO A
0899-1/02,Extração de quartzo,"- Desde que seja escritório da empresa | - Desde que não esteja em imóvel residencial (casa, apartamento), galpão, terreno, lote, box, quiosque, container, | - Desde que a área utilizada não ultrapasse 1.250m² (mil duzentos e cinquenta metros quadrados).",BAIXO A
0899-1/03,Extração de amianto,"- Desde que seja escritório da empresa | - Desde que não esteja em imóvel residencial (casa, apartamento), galpão, terreno, lote, box, quiosque, container, | - Desde que a área utilizada não ultrapasse 1.250m² (mil duzentos e cinquenta metros quadrados).",BAIXO A
0899-1/99,Extração de outros minerais não metálicos não especificados anteriormente,"- Desde que seja escritório da empresa | - Desde que não esteja em imóvel residencial (casa, apartamento), galpão, terreno, lote, box, quiosque, container, | - Desde que a área utilizada não ultrapasse 1.250m² (mil duzentos e cinquenta metros quadrados).",BAIXO A
0910-6/00,Atividades de apoio à extração de petróleo e gás natural,"- Desde que seja escritório da empresa | - Desde que não esteja em imóvel residencial (casa, apartamento), galpão, terreno, lote, box, quiosque, container, | - Desde que a área utilizada não ultrapasse 1.250m² (mil duzentos e cinquenta metros quadrados).",BAIXO A
0990-4/01,Atividades de apoio à extração de minério de ferro,"- Desde que seja escritório da empresa | - Desde que não esteja em imóvel residencial (casa, apartamento), galpão, terreno, lote, box, quiosque, container, | - Desde que a área utilizada não ultrapasse 1.250m² (mil duzentos e cinquenta metros quadrados).",BAIXO A
0990-4/02,Atividades de apoio à extração de minerais metálicos não ferrosos,"- Desde que seja escritório da empresa | - Desde que não esteja em imóvel residencial (casa, apartamento), galpão, terreno, lote, box, quiosque, container, | - Desde que a área utilizada não ultrapasse 1.250m² (mil duzentos e cinquenta metros quadrados).",BAIXO A
0990-4/03,Atividades de apoio à extração de minerais não metálicos,"- Desde que seja escritório da empresa | - Desde que não esteja em imóvel residencial (casa, apartamento), galpão, terreno, lote, box, quiosque, container, | - Desde que a área utilizada não ultrapasse 1.250m² (mil duzentos e cinquenta metros quadrados).",BAIXO A
1020-1/01,"Preservação de peixes, crustáceos e moluscos","- Desde que seja escritório da empresa | - Desde que não esteja em imóvel residencial (casa, apartamento), galpão, terreno, lote, box, quiosque, container, | - Desde que a área utilizada não ultrapasse 1.250m² (mil duzentos e cinquenta metros quadrados). | Desde que seja o escritório a empresa ou local para comercialização.",BAIXO A
1020-1/02,"Fabricação de conservas de peixes, crustáceos e moluscos","- Desde que seja escritório da empresa | - Desde que não esteja em imóvel residencial (casa, apartamento), galpão, terreno, lote, box, quiosque, container, | - Desde que a área utilizada não ultrapasse 1.250m² (mil duzentos e cinquenta metros quadrados). Desde que seja o escritório da empresa ou | local para comercialização.",BAIXO A
1031-7/00,Fabricação de conservas de frutas,"- Desde que seja o escritório da empresa; | - Desde que não esteja em imóvel residencial (casa, apartamento, galpão, terreno, lote, box, quiosque, container; | - Desde que a área utilizada não ultrapasse 750m² (setecentos e cinquenta metros quadrados). | - Desde que o resultado do exercício da atividade econômica não seja um produto industrial.",BAIXO A
1032-5/99,"Fabricação de conservas de legumes e outros vegetais, exceto palmito","- Desde que seja o escritório da empresa; | - Desde que não esteja em imóvel residencial (casa, apartamento, galpão, terreno, lote, box, quiosque, container; | - Desde que a área utilizada não ultrapasse 750m² (setecentos e cinquenta metros quadrados). | - Desde que o resultado do exercício da atividade econômica não seja um produto industrial.",BAIXO A
1033-3/01,"Fabricação de sucos concentrados de frutas, hortaliças e legumes","- Desde que seja o escritório da empresa; | - Desde que não esteja em imóvel residencial (casa, apartamento, galpão, terreno, lote, box, quiosque, container; | - Desde que a área utilizada não ultrapasse 750m² (setecentos e cinquenta metros quadrados). | - Desde que o resultado do exercício da atividade econômica não seja um produto industrial.",BAIXO A
1033-3/02,"Fabricação de sucos de frutas, hortaliças e legumes, exceto concentrados","Desde que seja escritório da empresa; - Desde que seja artesanal e não esteja em imóvel residencial (casa, apartamento), galpão, terreno, lote, box, quiosque, container, - Desde que a área utilizada não ultrapasse 750m² (setecentos e cinquenta metros quadrados) | - Desde que o resultado do exercício da atividade econômica não seja diferente de produto artesanal.",BAIXO A
1052-0/00,Fabricação de laticínios,"- Desde que seja o escritório da empresa; | - Desde que não esteja em imóvel residencial (casa, apartamento, galpão, terreno, lote, box, quiosque, container; | - Desde que a área utilizada não ultrapasse 750m² (setecentos e cinquenta metros quadrados). - Desde que o resultado do exercício da atividade econômica não seja um produto industrial.",BAIXO A
1091-1/02,Fabricação de produtos de padaria e confeitaria com predominância de produção própria,"- Desde que seja escritório da empresa e/ou | - Desde que seja artesanal e não esteja em imóvel residencial (casa, apartamento), galpão, terreno, lote, box, quiosque, container, | - Desde que a área utilizada não ultrapasse 750m² (setecentos e cinquenta metros quadrados) - Desde que o resultado do exercício da atividade econômica não seja um | produto industrial.",BAIXO A
1092-9/00,Fabricação de biscoitos e bolachas,"- Desde que seja escritório da empresa e/ou | - Desde que seja artesanal e não esteja em imóvel residencial (casa, apartamento), galpão, terreno, lote, box, quiosque, container, | - Desde que a área utilizada não ultrapasse 750m² (setecentos e cinquenta metros quadrados) | - Desde que o resultado do exercício da atividade econômica não seja um produto industrial.",BAIXO A
1093-7/01,Fabricação de produtos derivados do cacau e de chocolates,"- Desde que seja escritório da empresa e/ou | - Desde que seja artesanal e não esteja em imóvel residencial (casa, apartamento), galpão, terreno, lote, box, quiosque, container, | - Desde que a área utilizada não ultrapasse 750m² (setecentos e cinquenta metros quadrados) | - Desde que o resultado do exercício da atividade econômica não seja um produto industrial.",BAIXO A
1093-7/02,"Fabricação de frutas cristalizadas, balas e semelhantes","- Desde que seja escritório da empresa e/ou | - Desde que seja artesanal e não esteja em imóvel residencial (casa, apartamento), galpão, terreno, lote, box, quiosque, container, | - Desde que a área utilizada não ultrapasse 750m² (setecentos e cinquenta metros quadrados) | - Desde que o resultado do exercício da atividade econômica não seja um produto industrial.",BAIXO A
1094-5/00,Fabricação de massas alimentícias,"- Desde que seja escritório da empresa e/ou | - Desde que seja artesanal e não esteja em imóvel residencial (casa, apartamento), galpão, terreno, lote, box, quiosque, container, | - Desde que a área utilizada não ultrapasse 750m² (setecentos e cinquenta metros quadrados) - Desde que o resultado do exercício da atividade econômica não seja um produto industrial.",BAIXO A
1095-3/00,"Fabricação de especiarias, molhos, temperos e condimentos","- Desde que seja escritório da empresa e/ou | - Desde que seja artesanal e não esteja em imóvel residencial (casa, apartamento), galpão, terreno, lote, box, quiosque, container, | - Desde que a área utilizada não ultrapasse 750m² (setecentos e cinquenta metros quadrados) - Desde que o resultado do exercício da atividade econômica não seja um produto industrial. | Desde que o resultado do exercício da atividade econômica não seja diferente de especiaria ou condimento desidratado produzido artesanalmente.",BAIXO A
1096-1/00,Fabricação de alimentos e pratos prontos,"- Desde que seja escritório da empresa e/ou | - Desde que seja artesanal e não esteja em imóvel residencial (casa, apartamento), galpão, terreno, lote, box, quiosque, container, | - Desde que a área utilizada não ultrapasse 750m² (setecentos e cinquenta metros quadrados) - Desde que o resultado do exercício da atividade econômica não seja um produto industrial.",BAIXO A
1099-6/01,Fabricação de vinagres,"- Desde que seja escritório da empresa | - Desde que não esteja em imóvel residencial (casa, apartamento), galpão, terreno, lote, box, quiosque, container, | - Desde que a área utilizada não ultrapasse 1.250m² (mil duzentos e cinquenta metros quadrados)",BAIXO A
1099-6/05,"Fabricação de produtos para infusão (chá, mate, etc.)","- Desde que seja escritório da empresa e/ou | - Desde que seja artesanal e não esteja em imóvel residencial (casa, apartamento), galpão, terreno, lote, box, quiosque, container, | - Desde que a área utilizada não ultrapasse 750m² (setecentos e cinquenta metros quadrados) | - Desde que o resultado do exercício da atividade econômica não seja um produto industrial.",BAIXO A
1210-7/00,Processamento industrial do fumo,"- Desde que seja escritório da empresa | - Desde que não esteja em imóvel residencial (casa, apartamento), galpão, terreno, lote, box, quiosque, container, | - Desde que a área utilizada não ultrapasse 1.250m² (mil duzentos e cinquenta metros quadrados). | Desde que seja o escritório da empresa ou local para comercialização.",BAIXO A
1220-4/01,Fabricação de cigarros,"- Desde que seja escritório da empresa | - Desde que não esteja em imóvel residencial (casa, apartamento), galpão, terreno, lote, box, quiosque, container, | - Desde que a área utilizada não ultrapasse 1.250m² (mil duzentos e cinquenta metros quadrados). | Desde que seja o escritório da empresa ou local para comercialização.",BAIXO A
1220-4/02,Fabricação de cigarrilhas e charutos,"- Desde que seja escritório da empresa | - Desde que não esteja em imóvel residencial (casa, apartamento), galpão, terreno, lote, box, quiosque, container, | - Desde que a área utilizada não ultrapasse 1.250m² (mil duzentos e cinquenta metros quadrados). | Desde que seja o escritório a empresa ou local para comercialização.",BAIXO A
1220-4/03,Fabricação de filtros para cigarros,"- Desde que seja escritório da empresa | - Desde que não esteja em imóvel residencial (casa, apartamento), galpão, terreno, lote, box, quiosque, container, | - Desde que a área utilizada não ultrapasse 1.250m² (mil duzentos e cinquenta metros quadrados)",BAIXO A
1220-4/99,"Fabricação de outros produtos do fumo, exceto cigarros, cigarrilhas e charutos","- Desde que seja escritório da empresa | - Desde que não esteja em imóvel residencial (casa, apartamento), galpão, terreno, lote, box, quiosque, container, | - Desde que a área utilizada não ultrapasse 1.250m² (mil duzentos e cinquenta metros quadrados)",BAIXO A
1311-1/00,Preparação e fiação de fibras de algodão,"- Desde que seja escritório da empresa | - Desde que não esteja em imóvel residencial (casa, apartamento), galpão, terreno, lote, box, quiosque, container, | - Desde que a área utilizada não ultrapasse 1.250m² (mil duzentos e cinquenta metros quadrados)",BAIXO A
1312-0/00,"Preparação e fiação de fibras têxteis naturais, exceto algodão","- Desde que seja escritório da empresa | - Desde que não esteja em imóvel residencial (casa, apartamento), galpão, terreno, lote, box, quiosque, container, | - Desde que a área utilizada não ultrapasse 1.250m² (mil duzentos e cinquenta metros quadrados)",BAIXO A
1313-8/00,Fiação de fibras artificiais e sintéticas,"- Desde que seja escritório da empresa | - Desde que não esteja em imóvel residencial (casa, apartamento), galpão, terreno, lote, box, quiosque, container, | - Desde que a área utilizada não ultrapasse 1.250m² (mil duzentos e cinquenta metros quadrados) | Desde que seja o escritório a empresa ou local para comercialização.",BAIXO A
1314-6/00,Fabricação de linhas para costurar e bordar,"- Desde que seja escritório da empresa | - Desde que não esteja em imóvel residencial (casa, apartamento), galpão, terreno, lote, box, quiosque, container, | - Desde que a área utilizada não ultrapasse 1.250m² (mil duzentos e cinquenta metros quadrados) | Desde que seja o escritório da empresa ou local para comercialização.",BAIXO A
1321-9/00,Tecelagem de fios de algodão,"- Desde que seja escritório da empresa | - Desde que não esteja em imóvel residencial (casa, apartamento), galpão, terreno, lote, box, quiosque, container, | - Desde que a área utilizada não ultrapasse 1.250m² (mil duzentos e cinquenta metros quadrados) | Desde que seja o escritório da empresa ou local para comercialização.",BAIXO A
1322-7/00,"Tecelagem de fios de fibras têxteis naturais, exceto algodão","- Desde que seja escritório da empresa | - Desde que não esteja em imóvel residencial (casa, apartamento), galpão, terreno, lote, box, quiosque, container, | - Desde que a área utilizada não ultrapasse 1.250m² (mil duzentos e cinquenta metros quadrados) | Desde que seja o escritório a empresa ou local para comercialização.",BAIXO A
1323-5/00,Tecelagem de fios de fibras artificiais e sintéticas,"- Desde que seja escritório da empresa | - Desde que não esteja em imóvel residencial (casa, apartamento), galpão, terreno, lote, box, quiosque, container, | - Desde que a área utilizada não ultrapasse 1.250m² (mil duzentos e cinquenta metros quadrados) | Desde que seja o escritório da empresa ou local para comercialização.",BAIXO A
1330-8/00,Fabricação de tecidos de malha,"- Desde que seja escritório da empresa | - Desde que não esteja em imóvel residencial (casa, apartamento), galpão, terreno, lote, box, quiosque, container, | - Desde que a área utilizada não ultrapasse 1.250m² (mil duzentos e cinquenta metros quadrados) | Desde que seja o escritório da empresa ou local para comercialização.",BAIXO A
1340-5/01,"Estamparia e texturização em fios, tecidos, artefatos têxteis e peças do vestuário","- Desde que seja escritório da empresa | - Desde que não esteja em imóvel residencial (casa, apartamento), galpão, terreno, lote, box, quiosque, container, | - Desde que a área utilizada não ultrapasse 1.250m² (mil duzentos e cinquenta metros quadrados) | Desde que seja o escritório a empresa ou local para comercialização.",BAIXO A
1340-5/02,"Alvejamento, tingimento e torção em fios, tecidos, artefatos têxteis e peças do vestuário","- Desde que seja escritório da empresa | - Desde que não esteja em imóvel residencial (casa, apartamento), galpão, terreno, lote, box, quiosque, container, | - Desde que a área utilizada não ultrapasse 1.250m² (mil duzentos e cinquenta metros quadrados) | Desde que seja o escritório da empresa ou local para comercialização.",BAIXO A
1340-5/99,"Outros serviços de acabamento em fios, tecidos, artefatos têxteis e peças do vestuário","- Desde que seja escritório da empresa e/ou | - Desde que seja artesanal e não esteja em imóvel residencial (casa, apartamento), galpão, terreno, lote, box, quiosque, container, | - Desde que a área utilizada não ultrapasse 750m² (setecentos e cinquenta metros quadrados) | - Desde quê o processo produtivo não possua etapas como lavagem, pintura e/ou uso de susbtâncias químicas.",BAIXO A
1351-1/00,Fabricação de artefatos têxteis para uso doméstico,"- Desde que seja escritório da empresa e/ou | - Desde que seja artesanal e não esteja em imóvel residencial (casa, apartamento), galpão, terreno, lote, box, quiosque, container, | - Desde que a área utilizada não ultrapasse 750m² (setecentos e cinquenta metros quadrados)",BAIXO A
1352-9/00,Fabricação de artefatos de tapeçaria,"- Desde que seja escritório da empresa e/ou | - Desde que seja artesanal e não esteja em imóvel residencial (casa, apartamento), galpão, terreno, lote, box, quiosque, container, | - Desde que a área utilizada não ultrapasse 750m² (setecentos e cinquenta metros quadrados) | - Desde que o resultado do exercício da atividade econômica não seja um produto industrial e não utilize corantes químicos no processo produtivo.",BAIXO A
1353-7/00,Fabricação de artefatos de cordoaria,"- Desde que seja escritório da empresa e/ou | - Desde que seja artesanal e não esteja em imóvel residencial (casa, apartamento), galpão, terreno, lote, box, quiosque, container, | - Desde que a área utilizada não ultrapasse 750m² (setecentos e cinquenta metros quadrados) | - Desde que o resultado do exercício da atividade econômica não seja um produto industrial e não utilize corantes químicos no processo produtivo.",BAIXO A
1354-5/00,"Fabricação de tecidos especiais, inclusive artefatos","- Desde que seja escritório da empresa e/ou | - Desde que seja artesanal e não esteja em imóvel residencial (casa, apartamento), galpão, terreno, lote, box, quiosque, container, | - Desde que a área utilizada não ultrapasse 750m² (setecentos e cinquenta metros quadrados) | Desde que seja o escritório da empresa ou local para comercialização.",BAIXO A
1359-6/00,Fabricação de outros produtos têxteis não especificados anteriormente,"- Desde que seja escritório da empresa e/ou | - Desde que seja artesanal e não esteja em imóvel residencial (casa, apartamento), galpão, terreno, lote, box, quiosque, container, | - Desde que a área utilizada não ultrapasse 750m² (setecentos e cinquenta metros quadrados) | Desde que seja o escritório a empresa ou local para comercialização.",BAIXO A
1411-8/01,Confecção de roupas íntimas,"- Desde que seja escritório da empresa e/ou | - Desde que seja artesanal e não esteja em imóvel residencial (casa, apartamento), galpão, terreno, lote, box, quiosque, container, | - Desde que a área utilizada não ultrapasse 750m² (setecentos e cinquenta metros quadrados)",BAIXO A
1411-8/02,Facção de roupas íntimas,"- Desde que seja escritório da empresa e/ou | - Desde que seja artesanal e não esteja em imóvel residencial (casa, apartamento), galpão, terreno, lote, box, quiosque, container, | - Desde que a área utilizada não ultrapasse 750m² (setecentos e cinquenta metros quadrados)",BAIXO A
1412-6/01,"Confecção de peças do vestuário, exceto roupas íntimas e as confeccionadas sob medida","- Desde que seja escritório da empresa e/ou | - Desde que seja artesanal e não esteja em imóvel residencial (casa, apartamento), galpão, terreno, lote, box, quiosque, container, | - Desde que a área utilizada não ultrapasse 750m² (setecentos e cinquenta metros quadrados)",BAIXO A
1412-6/02,"Confecção, sob medida, de peças do vestuário, exceto roupas íntimas","- Desde que seja escritório da empresa e/ou | - Desde que seja artesanal e não esteja em imóvel residencial (casa, apartamento), galpão, terreno, lote, box, quiosque, container, | - Desde que a área utilizada não ultrapasse 750m² (setecentos e cinquenta metros quadrados)",BAIXO A
1412-6/03,"Facção de peças do vestuário, exceto roupas íntimas","- Desde que seja escritório da empresa e/ou | - Desde que seja artesanal e não esteja em imóvel residencial (casa, apartamento), galpão, terreno, lote, box, quiosque, container, | - Desde que a área utilizada não ultrapasse 750m² (setecentos e cinquenta metros quadrados)",BAIXO A
1413-4/01,"Confecção de roupas profissionais, exceto sob medida","- Desde que seja escritório da empresa e/ou | - Desde que seja artesanal e não esteja em imóvel residencial (casa, apartamento), galpão, terreno, lote, box, quiosque, container, | - Desde que a área utilizada não ultrapasse 750m² (setecentos e cinquenta metros quadrados)",BAIXO A
1413-4/02,"Confecção, sob medida, de roupas profissionais","- Desde que seja escritório da empresa e/ou | - Desde que seja artesanal e não esteja em imóvel residencial (casa, apartamento), galpão, terreno, lote, box, quiosque, container, | - Desde que a área utilizada não ultrapasse 750m² (setecentos e cinquenta metros quadrados)",BAIXO A
1413-4/03,Facção de roupas profissionais,"- Desde que seja escritório da empresa e/ou | - Desde que seja artesanal e não esteja em imóvel residencial (casa, apartamento), galpão, terreno, lote, box, quiosque, container, | - Desde que a área utilizada não ultrapasse 750m² (setecentos e cinquenta metros quadrados)",BAIXO A
1414-2/00,"Fabricação de acessórios do vestuário, exceto para segurança e proteção","- Desde que seja escritório da empresa e/ou | - Desde que seja artesanal e não esteja em imóvel residencial (casa, apartamento), galpão, terreno, lote, box, quiosque, container, | - Desde que a área utilizada não ultrapasse 750m² (setecentos e cinquenta metros quadrados)",BAIXO A
1421-5/00,Fabricação de meias,"- Desde que seja escritório da empresa e/ou | - Desde que seja artesanal e não esteja em imóvel residencial (casa, apartamento), galpão, terreno, lote, box, quiosque, container, | - Desde que a área utilizada não ultrapasse 750m² (setecentos e cinquenta metros quadrados)",BAIXO A
1422-3/00,"Fabricação de artigos do vestuário, produzidos em malharias e tricotagens, exceto meias","- Desde que seja escritório da empresa e/ou | - Desde que seja artesanal e não esteja em imóvel residencial (casa, apartamento), galpão, terreno, lote, box, quiosque, container, | - Desde que a área utilizada não ultrapasse 750m² (setecentos e cinquenta metros quadrados)",BAIXO A
1521-1/00,"Fabricação de artigos para viagem, bolsas e semelhantes de qualquer material","- Desde que seja escritório da empresa e/ou | - Desde que seja artesanal e não esteja em imóvel residencial (casa, apartamento), galpão, terreno, lote, box, quiosque, container, | - Desde que a área utilizada não ultrapasse 750m² (setecentos e cinquenta metros quadrados) | Desde que o resultado do exercício da atividade econômica não seja um produto industrial e não utilize corantes químicos no processo produtivo. | - Desde que o resultado do exercício da atividade econômica não seja um produto industrial e não utilize corantes químicos no processo produtivo.",BAIXO A
1529-7/00,Fabricação de artefatos de couro não especificados anteriormente,"- Desde que seja escritório da empresa e/ou | - Desde que seja artesanal e não esteja em imóvel residencial (casa, apartamento), galpão, terreno, lote, box, quiosque, container, | - Desde que a área utilizada não ultrapasse 750m² (setecentos e cinquenta metros quadrados) | - Desde que seja de modo artesanal e sem uso de produto qúimico.",BAIXO A
1531-9/01,Fabricação de calçados de couro,"- Desde que seja escritório da empresa e/ou | - Desde que seja artesanal e não esteja em imóvel residencial (casa, apartamento), galpão, terreno, lote, box, quiosque, container, | - Desde que a área utilizada não ultrapasse 750m² (setecentos e cinquenta metros quadrados) | - Desde que seja de modo artesanal e sem uso de produto qúimico.",BAIXO A
1531-9/02,Acabamento de calçados de couro sob contrato,"- Desde que seja escritório da empresa e/ou | - Desde que seja artesanal e não esteja em imóvel residencial (casa, apartamento), galpão, terreno, lote, box, quiosque, container, | - Desde que a área utilizada não ultrapasse 750m² (setecentos e cinquenta metros quadrados)",BAIXO A
1622-6/01,Fabricação de casas de madeira pré- fabricadas,"- Desde que seja escritório da empresa | - Desde que não esteja em imóvel residencial (casa, apartamento), galpão, terreno, lote, box, quiosque, container, | - Desde que a área utilizada não ultrapasse 1.250m² (mil duzentos e cinquenta metros quadrados)",BAIXO A
1629-3/01,"Fabricação de artefatos diversos de madeira, exceto móveis","- Desde que seja escritório da empresa | - Desde que não esteja em imóvel residencial (casa, apartamento), galpão, terreno, lote, box, quiosque, container, | - Desde que a área utilizada não ultrapasse 1.250m² (setecentos e cinquenta metros quadrados) | - Desde que o resultado do exercício da atividade econômica não seja um produto industrial e não utilize corantes químicos no processo produtivo.",BAIXO A
1629-3/02,"Fabricação de artefatos diversos de cortiça, bambu, palha, vime e outros materiais trançados, exceto móveis","- Desde que seja escritório da empresa | - Desde que não esteja em imóvel residencial (casa, apartamento), galpão, terreno, lote, box, quiosque, container, | - Desde que a área utilizada não ultrapasse 1.250m² (mil duzentos e cinquenta metros quadrados)",BAIXO A
1710-9/00,Fabricação de celulose e outras pastas para a fabricação de papel,"- Desde que seja escritório da empresa | - Desde que não esteja em imóvel residencial (casa, apartamento), galpão, terreno, lote, box, quiosque, container, | - Desde que a área utilizada não ultrapasse 1.250m² (mil duzentos e cinquenta metros quadrados)",BAIXO A
1721-4/00,Fabricação de papel,"- Desde que seja escritório da empresa | - Desde que não esteja em imóvel residencial (casa, apartamento), galpão, terreno, lote, box, quiosque, container, | - Desde que a área utilizada não ultrapasse 1.250m² (mil duzentos e cinquenta metros quadrados) | Desde que seja o escritório da empresa ou local para comercialização.",BAIXO A
1722-2/00,Fabricação de cartolina e papel- cartão,"- Desde que seja escritório da empresa | - Desde que não esteja em imóvel residencial (casa, apartamento), galpão, terreno, lote, box, quiosque, container, | - Desde que a área utilizada não ultrapasse 1.250m² (mil duzentos e cinquenta metros quadrados) | Desde que seja o escritório a empresa ou local para comercialização.",BAIXO A
1811-3/01,Impressão de jornais,"- Desde que seja escritório da empresa | - Desde que não esteja em imóvel residencial (casa, apartamento), galpão, terreno, lote, box, quiosque, container, | - Desde que a área utilizada não ultrapasse 1.250m² (mil duzentos e cinquenta metros quadrados)",BAIXO A
1811-3/02,"Impressão de livros, revistas e outras publicações periódicas","- Desde que seja escritório da empresa | - Desde que não esteja em imóvel residencial (casa, apartamento), galpão, terreno, lote, box, quiosque, container, | - Desde que a área utilizada não ultrapasse 1.250m² (mil duzentos e cinquenta metros quadrados)",BAIXO A
1812-1/00,Impressão de material de segurança,"- Desde que seja escritório da empresa | - Desde que não esteja em imóvel residencial (casa, apartamento), galpão, terreno, lote, box, quiosque, container, | - Desde que a área utilizada não ultrapasse 1.250m² (mil duzentos e cinquenta metros quadrados)",BAIXO A
1813-0/01,Impressão de material para uso publicitário,"- Desde que seja escritório da empresa | - Desde que não esteja em imóvel residencial (casa, apartamento), galpão, terreno, lote, box, quiosque, container, | - Desde que a área utilizada não ultrapasse 1.250m² (mil duzentos e cinquenta metros quadrados)",BAIXO A
1813-0/99,Impressão de material para outros usos,"- Desde que seja escritório da empresa | - Desde que não esteja em imóvel residencial (casa, apartamento), galpão, terreno, lote, box, quiosque, container, | - Desde que a área utilizada não ultrapasse 1.250m² (mil duzentos e cinquenta metros quadrados)",BAIXO A
1821-1/00,Serviços de pré- impressão,"- Desde que seja escritório da empresa | - Desde que não esteja em imóvel residencial (casa, apartamento), galpão, terreno, lote, box, quiosque, container, | - Desde que a área utilizada não ultrapasse 1.250m² (mil duzentos e cinquenta metros quadrados)",BAIXO A
1822-9/01,Serviços de encadernação e plastificação,"- Desde que seja escritório da empresa | - Desde que não esteja em imóvel residencial (casa, apartamento), galpão, terreno, lote, box, quiosque, container, | - Desde que a área utilizada não ultrapasse 1.250m² (mil duzentos e cinquenta metros quadrados)",BAIXO A
1822-9/99,"Serviços de acabamentos gráficos, exceto encadernação e plastificação","- Desde que seja escritório da empresa | - Desde que não esteja em imóvel residencial (casa, apartamento), galpão, terreno, lote, box, quiosque, container, | - Desde que a área utilizada não ultrapasse 1.250m² (mil duzentos e cinquenta metros quadrados)",BAIXO A
1830-0/01,Reprodução de som em qualquer suporte,"- Desde que seja escritório da empresa | - Desde que não esteja em imóvel residencial (casa, apartamento), galpão, terreno, lote, box, quiosque, container, | - Desde que a área utilizada não ultrapasse 1.250m² (mil duzentos e cinquenta metros quadrados)",BAIXO A
1830-0/02,Reprodução de vídeo em qualquer suporte,"- Desde que seja escritório da empresa | - Desde que não esteja em imóvel residencial (casa, apartamento), galpão, terreno, lote, box, quiosque, container, | - Desde que a área utilizada não ultrapasse 1.250m² (mil duzentos e cinquenta metros quadrados)",BAIXO A
1830-0/03,Reprodução de software em qualquer suporte,"- Desde que seja escritório da empresa | - Desde que não esteja em imóvel residencial (casa, apartamento), galpão, terreno, lote, box, quiosque, container, | - Desde que a área utilizada não ultrapasse 1.250m² (mil duzentos e cinquenta metros quadrados)",BAIXO A
1910-1/00,Coquerias,"- Desde que seja escritório da empresa | - Desde que não esteja em imóvel residencial (casa, apartamento), galpão, terreno, lote, box, quiosque, container, | - Desde que a área utilizada não ultrapasse 1.250m² (mil duzentos e cinquenta metros quadrados)",BAIXO A
1921-7/00,Fabricação de produtos do refino de petróleo,"- Desde que seja escritório da empresa | - Desde que não esteja em imóvel residencial (casa, apartamento), galpão, terreno, lote, box, quiosque, container, | - Desde que a área utilizada não ultrapasse 1.250m² (mil duzentos e cinquenta metros quadrados) | Desde que seja o escritório da empresa ou local para comercialização.",BAIXO A
1922-5/01,Formulação de combustíveis,"- Desde que seja escritório da empresa | - Desde que não esteja em imóvel residencial (casa, apartamento), galpão, terreno, lote, box, quiosque, container, | - Desde que a área utilizada não ultrapasse 1.250m² (mil duzentos e cinquenta metros quadrados) | Desde que seja o escritório da empresa ou local para comercialização.",BAIXO A
1922-5/02,Rerrefino de óleos lubrificantes,"- Desde que seja escritório da empresa | - Desde que não esteja em imóvel residencial (casa, apartamento), galpão, terreno, lote, box, quiosque, container, | - Desde que a área utilizada não ultrapasse 1.250m² (mil duzentos e cinquenta metros quadrados) | Desde que seja o escritório da empresa ou local para comercialização.",BAIXO A
1922-5/99,"Fabricação de outros produtos derivados do petróleo, exceto produtos do refino","- Desde que seja escritório da empresa | - Desde que não esteja em imóvel residencial (casa, apartamento), galpão, terreno, lote, box, quiosque, container, | - Desde que a área utilizada não ultrapasse 1.250m² (mil duzentos e cinquenta metros quadrados) | Desde que seja o escritório a empresa ou local para comercialização.",BAIXO A
1931-4/00,Fabricação de álcool,"- Desde que seja escritório da empresa | - Desde que não esteja em imóvel residencial (casa, apartamento), galpão, terreno, lote, box, quiosque, container, | - Desde que a área utilizada não ultrapasse 1.250m² (mil duzentos e cinquenta metros quadrados)",BAIXO A
1932-2/00,"Fabricação de biocombustíveis, exceto álcool","- Desde que seja escritório da empresa | - Desde que não esteja em imóvel residencial (casa, apartamento), galpão, terreno, lote, box, quiosque, container, | - Desde que a área utilizada não ultrapasse 1.250m² (mil duzentos e cinquenta metros quadrados) | Desde que seja o escritório da empresa ou local para comercialização.",BAIXO A
2011-8/00,Fabricação de cloro e álcalis,"- Desde que seja escritório da empresa | - Desde que não esteja em imóvel residencial (casa, apartamento), galpão, terreno, lote, box, quiosque, container, | - Desde que a área utilizada não ultrapasse 1.250m² (mil duzentos e cinquenta metros quadrados)",BAIXO A
2012-6/00,Fabricação de intermediários para fertilizantes,"- Desde que seja escritório da empresa | - Desde que não esteja em imóvel residencial (casa, apartamento), galpão, terreno, lote, box, quiosque, container, | - Desde que a área utilizada não ultrapasse 1.250m² (mil duzentos e cinquenta metros quadrados) | Desde que seja o escritório a empresa ou local para comercialização.",BAIXO A
2013-4/01,Fabricação de adubos e fertilizantes organo- minerais,"- Desde que seja escritório da empresa | - Desde que não esteja em imóvel residencial (casa, apartamento), galpão, terreno, lote, box, quiosque, container, | - Desde que a área utilizada não ultrapasse 1.250m² (mil duzentos e cinquenta metros quadrados)",BAIXO A
2013-4/02,"Fabricação de adubos e fertilizantes, exceto organo-minerais","- Desde que seja escritório da empresa | - Desde que não esteja em imóvel residencial (casa, apartamento), galpão, terreno, lote, box, quiosque, container, | - Desde que a área utilizada não ultrapasse 1.250m² (mil duzentos e cinquenta metros quadrados)",BAIXO A
2019-3/01,Elaboração de combustíveis nucleares,"- Desde que seja escritório da empresa | - Desde que não esteja em imóvel residencial (casa, apartamento), galpão, terreno, lote, box, quiosque, container, | - Desde que a área utilizada não ultrapasse 1.250m² (mil duzentos e cinquenta metros quadrados)",BAIXO A
2021-5/00,Fabricação de produtos petroquímicos básicos,"- Desde que seja escritório da empresa | - Desde que não esteja em imóvel residencial (casa, apartamento), galpão, terreno, lote, box, quiosque, container, | - Desde que a área utilizada não ultrapasse 1.250m² (mil duzentos e cinquenta metros quadrados)",BAIXO A
2022-3/00,"Fabricação de intermediários para plastificantes, resinas e fibras","- Desde que seja escritório da empresa | - Desde que não esteja em imóvel residencial (casa, apartamento), galpão, terreno, lote, box, quiosque, container, | - Desde que a área utilizada não ultrapasse 1.250m² (mil duzentos e cinquenta metros quadrados)",BAIXO A
2031-2/00,Fabricação de resinas termoplásticas,"- Desde que seja escritório da empresa | - Desde que não esteja em imóvel residencial (casa, apartamento), galpão, terreno, lote, box, quiosque, container, | - Desde que a área utilizada não ultrapasse 1.250m² (mil duzentos e cinquenta metros quadrados)",BAIXO A
2032-1/00,Fabricação de resinas termofixas,"- Desde que seja escritório da empresa | - Desde que não esteja em imóvel residencial (casa, apartamento), galpão, terreno, lote, box, quiosque, container, | - Desde que a área utilizada não ultrapasse 1.250m² (mil duzentos e cinquenta metros quadrados)",BAIXO A
2033-9/00,Fabricação de elastômeros,"- Desde que seja escritório da empresa | - Desde que não esteja em imóvel residencial (casa, apartamento), galpão, terreno, lote, box, quiosque, container, | - Desde que a área utilizada não ultrapasse 1.250m² (mil duzentos e cinquenta metros quadrados)",BAIXO A
2040-1/00,Fabricação de fibras artificiais e sintéticas,"- Desde que seja escritório da empresa | - Desde que não esteja em imóvel residencial (casa, apartamento), galpão, terreno, lote, box, quiosque, container, | - Desde que a área utilizada não ultrapasse 1.250m² (mil duzentos e cinquenta metros quadrados)",BAIXO A
2051-7/00,Fabricação de defensivos agrícolas,"- Desde que seja escritório da empresa | - Desde que não esteja em imóvel residencial (casa, apartamento), galpão, terreno, lote, box, quiosque, container, | - Desde que a área utilizada não ultrapasse 1.250m² (mil duzentos e cinquenta metros quadrados)",BAIXO A
2072-0/00,Fabricação de tintas de impressão,"- Desde que seja escritório da empresa | - Desde que não esteja em imóvel residencial (casa, apartamento), galpão, terreno, lote, box, quiosque, container, | - Desde que a área utilizada não ultrapasse 1.250m² (mil duzentos e cinquenta metros quadrados)",BAIXO A
2073-8/00,"Fabricação de impermeabilizantes, solventes e produtos afins","- Desde que seja escritório da empresa | - Desde que não esteja em imóvel residencial (casa, apartamento), galpão, terreno, lote, box, quiosque, container, | - Desde que a área utilizada não ultrapasse 1.250m² (mil duzentos e cinquenta metros quadrados)",BAIXO A
2094-1/00,Fabricação de catalisadores,"- Desde que seja escritório da empresa | - Desde que não esteja em imóvel residencial (casa, apartamento), galpão, terreno, lote, box, quiosque, container, | - Desde que a área utilizada não ultrapasse 1.250m² (mil duzentos e cinquenta metros quadrados)",BAIXO A
2099-1/01,"Fabricação de chapas, filmes, papéis e outros materiais e produtos químicos para fotografia","- Desde que seja escritório da empresa | - Desde que não esteja em imóvel residencial (casa, apartamento), galpão, terreno, lote, box, quiosque, container, | - Desde que a área utilizada não ultrapasse 1.250m² (mil duzentos e cinquenta metros quadrados)",BAIXO A
2099-1/99,Fabricação de outros produtos químicos não especificados anteriormente,"- Desde que seja escritório da empresa | - Desde que não esteja em imóvel residencial (casa, apartamento), galpão, terreno, lote, box, quiosque, container, | - Desde que a área utilizada não ultrapasse 1.250m² (mil duzentos e cinquenta metros quadrados)",BAIXO A
2122-0/00,Fabricação de medicamentos para uso veterinário,"- Desde que seja escritório da empresa | - Desde que não esteja em imóvel residencial (casa, apartamento), galpão, terreno, lote, box, quiosque, container, | - Desde que a área utilizada não ultrapasse 1.250m² (mil duzentos e cinquenta metros quadrados)",BAIXO A
2211-1/00,Fabricação de pneumáticos e de câmaras-de-ar,"- Desde que seja escritório da empresa | - Desde que não esteja em imóvel residencial (casa, apartamento), galpão, terreno, lote, box, quiosque, container, | - Desde que a área utilizada não ultrapasse 1.250m² (mil duzentos e cinquenta metros quadrados) | Desde que seja o escritório da empresa ou local para comercialização.",BAIXO A
2319-2/00,Fabricação de artigos de vidro,"- Desde que seja escritório da empresa | - Desde que não esteja em imóvel residencial (casa, apartamento), galpão, terreno, lote, box, quiosque, container, | - Desde que a área utilizada não ultrapasse 1.250m² (mil duzentos e cinquenta metros quadrados)",BAIXO A
2391-5/01,"Britamento de pedras, exceto associado à extração","- Desde que seja escritório da empresa | - Desde que não esteja em imóvel residencial (casa, apartamento), galpão, terreno, lote, box, quiosque, container, | - Desde que a área utilizada não ultrapasse 1.250m² (mil duzentos e cinquenta metros quadrados) | Desde que seja o escritório a empresa ou local para comercialização.",BAIXO A
2399-1/01,"Decoração, lapidação, gravação, vitrificação e outros trabalhos em cerâmica, louça, vidro e cristal","- Desde que seja escritório da empresa | - Desde que não esteja em imóvel residencial (casa, apartamento), galpão, terreno, lote, box, quiosque, container, | - Desde que a área utilizada não ultrapasse 1.250m² (mil duzentos e cinquenta metros quadrados)",BAIXO A
2399-1/02,Fabricação de abrasivos,"- Desde que seja escritório da empresa | - Desde que não esteja em imóvel residencial (casa, apartamento), galpão, terreno, lote, box, quiosque, container, | - Desde que a área utilizada não ultrapasse 1.250m² (mil duzentos e cinquenta metros quadrados) | Desde que seja o escritório da empresa ou local para comercialização.",BAIXO A
2399-1/99,Fabricação de outros produtos de minerais não metálicos não especificados anteriormente,"- Desde que seja escritório da empresa | - Desde que não esteja em imóvel residencial (casa, apartamento), galpão, terreno, lote, box, quiosque, container, | - Desde que a área utilizada não ultrapasse 1.250m² (mil duzentos e cinquenta metros quadrados) | Desde que seja o escritório da empresa ou local para comercialização.",BAIXO A
2411-3/00,Produção de ferro- gusa,"- Desde que seja escritório da empresa | - Desde que não esteja em imóvel residencial (casa, apartamento), galpão, terreno, lote, box, quiosque, container, | - Desde que a área utilizada não ultrapasse 1.250m² (mil duzentos e cinquenta metros quadrados) | Desde que seja o escritório a empresa ou local para comercialização.",BAIXO A
2412-1/00,Produção de ferroligas,"- Desde que seja escritório da empresa | - Desde que não esteja em imóvel residencial (casa, apartamento), galpão, terreno, lote, box, quiosque, container, | - Desde que a área utilizada não ultrapasse 1.250m² (mil duzentos e cinquenta metros quadrados) | Desde que seja o escritório da empresa ou local para comercialização.",BAIXO A
2421-1/00,Produção de semiacabados de aço,"- Desde que seja escritório da empresa | - Desde que não esteja em imóvel residencial (casa, apartamento), galpão, terreno, lote, box, quiosque, container, | - Desde que a área utilizada não ultrapasse 1.250m² (mil duzentos e cinquenta metros quadrados) | Desde que seja o escritório da empresa ou local para comercialização.",BAIXO A
2422-9/01,"Produção de laminados planos de aço ao carbono, revestidos ou não","- Desde que seja escritório da empresa | - Desde que não esteja em imóvel residencial (casa, apartamento), galpão, terreno, lote, box, quiosque, container, | - Desde que a área utilizada não ultrapasse 1.250m² (mil duzentos e cinquenta metros quadrados) | Desde que seja o escritório a empresa ou local para comercialização.",BAIXO A
2422-9/02,Produção de laminados planos de aços especiais,"- Desde que seja escritório da empresa | - Desde que não esteja em imóvel residencial (casa, apartamento), galpão, terreno, lote, box, quiosque, container, | - Desde que a área utilizada não ultrapasse 1.250m² (mil duzentos e cinquenta metros quadrados) | Desde que seja o escritório da empresa ou local para comercialização.",BAIXO A
2423-7/01,Produção de tubos de aço sem costura,"- Desde que seja escritório da empresa | - Desde que não esteja em imóvel residencial (casa, apartamento), galpão, terreno, lote, box, quiosque, container, | - Desde que a área utilizada não ultrapasse 1.250m² (mil duzentos e cinquenta metros quadrados) | Desde que seja o escritório da empresa ou local para comercialização.",BAIXO A
2423-7/02,"Produção de laminados longos de aço, exceto tubos","- Desde que seja escritório da empresa | - Desde que não esteja em imóvel residencial (casa, apartamento), galpão, terreno, lote, box, quiosque, container, | - Desde que a área utilizada não ultrapasse 1.250m² (mil duzentos e cinquenta metros quadrados) | Desde que seja o escritório a empresa ou local para comercialização.",BAIXO A
2424-5/01,Produção de arames de aço,"- Desde que seja escritório da empresa | - Desde que não esteja em imóvel residencial (casa, apartamento), galpão, terreno, lote, box, quiosque, container, | - Desde que a área utilizada não ultrapasse 1.250m² (mil duzentos e cinquenta metros quadrados) | Desde que seja o escritório da empresa ou local para comercialização.",BAIXO A
2424-5/02,"Produção de relaminados, trefilados e perfilados de aço, exceto arames","- Desde que seja escritório da empresa | - Desde que não esteja em imóvel residencial (casa, apartamento), galpão, terreno, lote, box, quiosque, container, | - Desde que a área utilizada não ultrapasse 1.250m² (mil duzentos e cinquenta metros quadrados) | Desde que seja o escritório da empresa ou local para comercialização.",BAIXO A
2431-8/00,Produção de tubos de aço com costura,"- Desde que seja escritório da empresa | - Desde que não esteja em imóvel residencial (casa, apartamento), galpão, terreno, lote, box, quiosque, container, | - Desde que a área utilizada não ultrapasse 1.250m² (mil duzentos e cinquenta metros quadrados) | Desde que seja o escritório a empresa ou local para comercialização.",BAIXO A
2439-3/00,Produção de outros tubos de ferro e aço,"- Desde que seja escritório da empresa | - Desde que não esteja em imóvel residencial (casa, apartamento), galpão, terreno, lote, box, quiosque, container, | - Desde que a área utilizada não ultrapasse 1.250m² (mil duzentos e cinquenta metros quadrados) | Desde que seja o escritório da empresa ou local para comercialização.",BAIXO A
2441-5/01,Produção de alumínio e suas ligas em formas primárias,"- Desde que seja escritório da empresa | - Desde que não esteja em imóvel residencial (casa, apartamento), galpão, terreno, lote, box, quiosque, container, | - Desde que a área utilizada não ultrapasse 1.250m² (mil duzentos e cinquenta metros quadrados) | Desde que seja o escritório da empresa ou local para comercialização.",BAIXO A
2441-5/02,Produção de laminados de alumínio,"- Desde que seja escritório da empresa | - Desde que não esteja em imóvel residencial (casa, apartamento), galpão, terreno, lote, box, quiosque, container, | - Desde que a área utilizada não ultrapasse 1.250m² (mil duzentos e cinquenta metros quadrados) | Desde que seja o escritório a empresa ou local para comercialização.",BAIXO A
2442-3/00,Metalurgia dos metais preciosos,"- Desde que seja escritório da empresa | - Desde que não esteja em imóvel residencial (casa, apartamento), galpão, terreno, lote, box, quiosque, container, | - Desde que a área utilizada não ultrapasse 1.250m² (mil duzentos e cinquenta metros quadrados) | Desde que seja o escritório da empresa ou local para comercialização.",BAIXO A
2443-1/00,Metalurgia do cobre,"- Desde que seja escritório da empresa | - Desde que não esteja em imóvel residencial (casa, apartamento), galpão, terreno, lote, box, quiosque, container, | - Desde que a área utilizada não ultrapasse 1.250m² (mil duzentos e cinquenta metros quadrados) | Desde que seja o escritório da empresa ou local para comercialização.",BAIXO A
2449-1/01,Produção de zinco em formas primárias,"- Desde que seja escritório da empresa | - Desde que não esteja em imóvel residencial (casa, apartamento), galpão, terreno, lote, box, quiosque, container, | - Desde que a área utilizada não ultrapasse 1.250m² (mil duzentos e cinquenta metros quadrados)",BAIXO A
2449-1/02,Produção de laminados de zinco,"- Desde que seja escritório da empresa | - Desde que não esteja em imóvel residencial (casa, apartamento), galpão, terreno, lote, box, quiosque, container, | - Desde que a área utilizada não ultrapasse 1.250m² (mil duzentos e cinquenta metros quadrados)",BAIXO A
2449-1/03,Fabricação de ânodos para galvanoplastia,"- Desde que seja escritório da empresa | - Desde que não esteja em imóvel residencial (casa, apartamento), galpão, terreno, lote, box, quiosque, container, | - Desde que a área utilizada não ultrapasse 1.250m² (mil duzentos e cinquenta metros quadrados) | Desde que seja o escritório da empresa ou local para comercialização.",BAIXO A
2449-1/99,Metalurgia de outros metais não ferrosos e suas ligas não especificados anteriormente,"- Desde que seja escritório da empresa | - Desde que não esteja em imóvel residencial (casa, apartamento), galpão, terreno, lote, box, quiosque, container, | - Desde que a área utilizada não ultrapasse 1.250m² (mil duzentos e cinquenta metros quadrados) | Desde que seja o escritório da empresa ou local para comercialização.",BAIXO A
2451-2/00,Fundição de ferro e aço,"- Desde que seja escritório da empresa | - Desde que não esteja em imóvel residencial (casa, apartamento), galpão, terreno, lote, box, quiosque, container, | - Desde que a área utilizada não ultrapasse 1.250m² (mil duzentos e cinquenta metros quadrados) | Desde que seja o escritório da empresa ou local para comercialização.",BAIXO A
2452-1/00,Fundição de metais não ferrosos e suas ligas,"- Desde que seja escritório da empresa | - Desde que não esteja em imóvel residencial (casa, apartamento), galpão, terreno, lote, box, quiosque, container, | - Desde que a área utilizada não ultrapasse 1.250m² (mil duzentos e cinquenta metros quadrados) | Desde que seja o escritório a empresa ou local para comercialização.",BAIXO A
2521-7/00,"Fabricação de tanques, reservatórios metálicos e caldeiras para aquecimento central","- Desde que seja escritório da empresa | - Desde que não esteja em imóvel residencial (casa, apartamento), galpão, terreno, lote, box, quiosque, container, | - Desde que a área utilizada não ultrapasse 1.250m² (mil duzentos e cinquenta metros quadrados) | Desde que seja o escritório da empresa ou local para comercialização.",BAIXO A
2531-4/01,Produção de forjados de aço,"- Desde que seja escritório da empresa | - Desde que não esteja em imóvel residencial (casa, apartamento), galpão, terreno, lote, box, quiosque, container, | - Desde que a área utilizada não ultrapasse 1.250m² (mil duzentos e cinquenta metros quadrados) | Desde que seja o escritório da empresa ou local para comercialização.",BAIXO A
2531-4/02,Produção de forjados de metais não ferrosos e suas ligas,"- Desde que seja escritório da empresa | - Desde que não esteja em imóvel residencial (casa, apartamento), galpão, terreno, lote, box, quiosque, container, | - Desde que a área utilizada não ultrapasse 1.250m² (mil duzentos e cinquenta metros quadrados) | Desde que seja o escritório a empresa ou local para comercialização.",BAIXO A
2539-0/02,Serviços de tratamento e revestimento em metais,"- Desde que seja escritório da empresa | - Desde que não esteja em imóvel residencial (casa, apartamento), galpão, terreno, lote, box, quiosque, container, | - Desde que a área utilizada não ultrapasse 1.250m² (mil duzentos e cinquenta metros quadrados)",BAIXO A
2541-1/00,Fabricação de artigos de cutelaria,"- Desde que seja escritório da empresa | - Desde que não esteja em imóvel residencial (casa, apartamento), galpão, terreno, lote, box, quiosque, container, | - Desde que a área utilizada não ultrapasse 1.250m² (mil duzentos e cinquenta metros quadrados) | Desde que seja o escritório da empresa ou local para comercialização.",BAIXO A
2543-8/00,Fabricação de ferramentas,"- Desde que seja escritório da empresa | - Desde que não esteja em imóvel residencial (casa, apartamento), galpão, terreno, lote, box, quiosque, container, | - Desde que a área utilizada não ultrapasse 1.250m² (mil duzentos e cinquenta metros quadrados) | Desde que seja o escritório da empresa ou local para comercialização.",BAIXO A
2592-6/01,Fabricação de produtos de trefilados de metal padronizados,"- Desde que seja escritório da empresa | - Desde que não esteja em imóvel residencial (casa, apartamento), galpão, terreno, lote, box, quiosque, container, | - Desde que a área utilizada não ultrapasse 1.250m² (mil duzentos e cinquenta metros quadrados) | Desde que seja o escritório a empresa ou local para comercialização.",BAIXO A
2592-6/02,"Fabricação de produtos de trefilados de metal, exceto padronizados","- Desde que seja escritório da empresa | - Desde que não esteja em imóvel residencial (casa, apartamento), galpão, terreno, lote, box, quiosque, container, | - Desde que a área utilizada não ultrapasse 1.250m² (mil duzentos e cinquenta metros quadrados) | Desde que seja o escritório da empresa ou local para comercialização.",BAIXO A
2593-4/00,Fabricação de artigos de metal para uso doméstico e pessoal,"- Desde que seja escritório da empresa | - Desde que não esteja em imóvel residencial (casa, apartamento), galpão, terreno, lote, box, quiosque, container, | - Desde que a área utilizada não ultrapasse 1.250m² (mil duzentos e cinquenta metros quadrados) | Desde que seja o escritório da empresa ou local para comercialização.",BAIXO A
2599-3/99,Fabricação de outros produtos de metal não especificados anteriormente,"- Desde que seja escritório da empresa | - Desde que não esteja em imóvel residencial (casa, apartamento), galpão, terreno, lote, box, quiosque, container, | - Desde que a área utilizada não ultrapasse 1.250m² (mil duzentos e cinquenta metros quadrados) | Desde que seja o escritório a empresa ou local para comercialização.",BAIXO A
2710-4/03,"Fabricação de motores elétricos, peças e acessórios","- Desde que seja escritório da empresa | - Desde que não esteja em imóvel residencial (casa, apartamento), galpão, terreno, lote, box, quiosque, container, | - Desde que a área utilizada não ultrapasse 1.250m² (mil duzentos e cinquenta metros quadrados) | Desde que seja o escritório da empresa ou local para comercialização.",BAIXO A
2790-2/01,"Fabricação de eletrodos, contatos e outros artigos de carvão e grafita para uso elétrico, eletroímãs e isoladores","- Desde que seja escritório da empresa | - Desde que não esteja em imóvel residencial (casa, apartamento), galpão, terreno, lote, box, quiosque, container, | - Desde que a área utilizada não ultrapasse 1.250m² (mil duzentos e cinquenta metros quadrados) | Desde que seja o escritório da empresa ou local para comercialização.",BAIXO A
2811-9/00,"Fabricação de motores e turbinas, peças e acessórios, exceto para aviões e veículos rodoviários","- Desde que seja escritório da empresa | - Desde que não esteja em imóvel residencial (casa, apartamento), galpão, terreno, lote, box, quiosque, container, | - Desde que a área utilizada não ultrapasse 1.250m² (mil duzentos e cinquenta metros quadrados) | Desde que seja o escritório a empresa ou local para comercialização.",BAIXO A
2812-7/00,"Fabricação de equipamentos hidráulicos e pneumáticos, peças e acessórios, exceto válvulas","- Desde que seja escritório da empresa | - Desde que não esteja em imóvel residencial (casa, apartamento), galpão, terreno, lote, box, quiosque, container, | - Desde que a área utilizada não ultrapasse 1.250m² (mil duzentos e cinquenta metros quadrados) | Desde que seja o escritório da empresa ou local para comercialização.",BAIXO A
2813-5/00,"Fabricação de válvulas, registros e dispositivos semelhantes, peças e acessórios","- Desde que seja escritório da empresa | - Desde que não esteja em imóvel residencial (casa, apartamento), galpão, terreno, lote, box, quiosque, container, | - Desde que a área utilizada não ultrapasse 1.250m² (mil duzentos e cinquenta metros quadrados) | Desde que seja o escritório da empresa ou local para comercialização.",BAIXO A
2814-3/01,"Fabricação de compressores para uso industrial, peças e acessórios","- Desde que seja escritório da empresa | - Desde que não esteja em imóvel residencial (casa, apartamento), galpão, terreno, lote, box, quiosque, container, | - Desde que a área utilizada não ultrapasse 1.250m² (mil duzentos e cinquenta metros quadrados) | Desde que seja o escritório a empresa ou local para comercialização.",BAIXO A
2814-3/02,"Fabricação de compressores para uso não industrial, peças e acessórios","- Desde que seja escritório da empresa | - Desde que não esteja em imóvel residencial (casa, apartamento), galpão, terreno, lote, box, quiosque, container, | - Desde que a área utilizada não ultrapasse 1.250m² (mil duzentos e cinquenta metros quadrados) | Desde que seja o escritório da empresa ou local para comercialização.",BAIXO A
2815-1/01,Fabricação de rolamentos para fins industriais,"- Desde que seja escritório da empresa | - Desde que não esteja em imóvel residencial (casa, apartamento), galpão, terreno, lote, box, quiosque, container, | - Desde que a área utilizada não ultrapasse 1.250m² (mil duzentos e cinquenta metros quadrados) | Desde que seja o escritório da empresa ou local para comercialização.",BAIXO A
2815-1/02,"Fabricação de equipamentos de transmissão para fins industriais, exceto rolamentos","- Desde que seja escritório da empresa | - Desde que não esteja em imóvel residencial (casa, apartamento), galpão, terreno, lote, box, quiosque, container, | - Desde que a área utilizada não ultrapasse 1.250m² (mil duzentos e cinquenta metros quadrados) | Desde que seja o escritório a empresa ou local para comercialização.",BAIXO A
2821-6/01,"Fabricação de fornos industriais, aparelhos e equipamentos não elétricos para instalações térmicas, peças e acessórios","- Desde que seja escritório da empresa | - Desde que não esteja em imóvel residencial (casa, apartamento), galpão, terreno, lote, box, quiosque, container, | - Desde que a área utilizada não ultrapasse 1.250m² (mil duzentos e cinquenta metros quadrados) | Desde que seja o escritório da empresa ou local para comercialização.",BAIXO A
2823-2/00,"Fabricação de máquinas e aparelhos de refrigeração e ventilação para uso industrial e comercial, peças e acessórios","- Desde que seja escritório da empresa | - Desde que não esteja em imóvel residencial (casa, apartamento), galpão, terreno, lote, box, quiosque, container, | - Desde que a área utilizada não ultrapasse 1.250m² (mil duzentos e cinquenta metros quadrados) | Desde que seja o escritório da empresa ou local para comercialização.",BAIXO A
2825-9/00,"Fabricação de máquinas e equipamentos para saneamento básico e ambiental, peças e acessórios","- Desde que seja escritório da empresa | - Desde que não esteja em imóvel residencial (casa, apartamento), galpão, terreno, lote, box, quiosque, container, | - Desde que a área utilizada não ultrapasse 1.250m² (mil duzentos e cinquenta metros quadrados) | Desde que seja o escritório a empresa ou local para comercialização.",BAIXO A
2831-3/00,"Fabricação de tratores agrícolas, peças e acessórios","- Desde que seja escritório da empresa | - Desde que não esteja em imóvel residencial (casa, apartamento), galpão, terreno, lote, box, quiosque, container, | - Desde que a área utilizada não ultrapasse 1.250m² (mil duzentos e cinquenta metros quadrados) | Desde que seja o escritório da empresa ou local para comercialização.",BAIXO A
2832-1/00,"Fabricação de equipamentos para irrigação agrícola, peças e acessórios","- Desde que seja escritório da empresa | - Desde que não esteja em imóvel residencial (casa, apartamento), galpão, terreno, lote, box, quiosque, container, | - Desde que a área utilizada não ultrapasse 1.250m² (mil duzentos e cinquenta metros quadrados) | Desde que seja o escritório da empresa ou local para comercialização.",BAIXO A
2833-0/00,"Fabricação de máquinas e equipamentos para a agricultura e pecuária, peças e acessórios, exceto para irrigação","- Desde que seja escritório da empresa | - Desde que não esteja em imóvel residencial (casa, apartamento), galpão, terreno, lote, box, quiosque, container, | - Desde que a área utilizada não ultrapasse 1.250m² (mil duzentos e cinquenta metros quadrados) | Desde que seja o escritório a empresa ou local para comercialização.",BAIXO A
2840-2/00,"Fabricação de máquinas-ferramenta, peças e acessórios","- Desde que seja escritório da empresa | - Desde que não esteja em imóvel residencial (casa, apartamento), galpão, terreno, lote, box, quiosque, container, | - Desde que a área utilizada não ultrapasse 1.250m² (mil duzentos e cinquenta metros quadrados) | Desde que seja o escritório da empresa ou local para comercialização.",BAIXO A
2851-8/00,"Fabricação de máquinas e equipamentos para a prospecção e extração de petróleo, peças e acessórios","- Desde que seja escritório da empresa | - Desde que não esteja em imóvel residencial (casa, apartamento), galpão, terreno, lote, box, quiosque, container, | - Desde que a área utilizada não ultrapasse 1.250m² (mil duzentos e cinquenta metros quadrados) | Desde que seja o escritório da empresa ou local para comercialização.",BAIXO A
2852-6/00,"Fabricação de outras máquinas e equipamentos para uso na extração mineral, peças e acessórios, exceto na extração de petróleo","- Desde que seja escritório da empresa | - Desde que não esteja em imóvel residencial (casa, apartamento), galpão, terreno, lote, box, quiosque, container, | - Desde que a área utilizada não ultrapasse 1.250m² (mil duzentos e cinquenta metros quadrados) | Desde que seja o escritório a empresa ou local para comercialização.",BAIXO A
2853-4/00,"Fabricação de tratores, peças e acessórios, exceto agrícolas","- Desde que seja escritório da empresa | - Desde que não esteja em imóvel residencial (casa, apartamento), galpão, terreno, lote, box, quiosque, container, | - Desde que a área utilizada não ultrapasse 1.250m² (mil duzentos e cinquenta metros quadrados) | Desde que seja o escritório da empresa ou local para comercialização.",BAIXO A
2854-2/00,"Fabricação de máquinas e equipamentos para terraplenagem, pavimentação e construção, peças e acessórios, exceto tratores","- Desde que seja escritório da empresa | - Desde que não esteja em imóvel residencial (casa, apartamento), galpão, terreno, lote, box, quiosque, container, | - Desde que a área utilizada não ultrapasse 1.250m² (mil duzentos e cinquenta metros quadrados) | Desde que seja o escritório da empresa ou local para comercialização.",BAIXO A
2861-5/00,"Fabricação de máquinas para a indústria metalúrgica, peças e acessórios, exceto máquinas- ferramenta","- Desde que seja escritório da empresa | - Desde que não esteja em imóvel residencial (casa, apartamento), galpão, terreno, lote, box, quiosque, container, | - Desde que a área utilizada não ultrapasse 1.250m² (mil duzentos e cinquenta metros quadrados) | Desde que seja o escritório a empresa ou local para comercialização.",BAIXO A
2862-3/00,"Fabricação de máquinas e equipamentos para as indústrias de alimentos, bebidas e fumo, peças e acessórios","- Desde que seja escritório da empresa | - Desde que não esteja em imóvel residencial (casa, apartamento), galpão, terreno, lote, box, quiosque, container, | - Desde que a área utilizada não ultrapasse 1.250m² (mil duzentos e cinquenta metros quadrados) | Desde que seja o escritório da empresa ou local para comercialização.",BAIXO A
2863-1/00,"Fabricação de máquinas e equipamentos para a indústria têxtil, peças e acessórios","- Desde que seja escritório da empresa | - Desde que não esteja em imóvel residencial (casa, apartamento), galpão, terreno, lote, box, quiosque, container, | - Desde que a área utilizada não ultrapasse 1.250m² (mil duzentos e cinquenta metros quadrados) | Desde que seja o escritório da empresa ou local para comercialização.",BAIXO A
2864-0/00,"Fabricação de máquinas e equipamentos para as indústrias do vestuário, do couro e de calçados, peças e acessórios","- Desde que seja escritório da empresa | - Desde que não esteja em imóvel residencial (casa, apartamento), galpão, terreno, lote, box, quiosque, container, | - Desde que a área utilizada não ultrapasse 1.250m² (mil duzentos e cinquenta metros quadrados) | Desde que seja o escritório a empresa ou local para comercialização.",BAIXO A
2865-8/00,"Fabricação de máquinas e equipamentos para as indústrias de celulose, papel e papelão e artefatos, peças e acessórios","- Desde que seja escritório da empresa | - Desde que não esteja em imóvel residencial (casa, apartamento), galpão, terreno, lote, box, quiosque, container, | - Desde que a área utilizada não ultrapasse 1.250m² (mil duzentos e cinquenta metros quadrados) | Desde que seja o escritório da empresa ou local para comercialização.",BAIXO A
2866-6/00,"Fabricação de máquinas e equipamentos para a indústria do plástico, peças e acessórios","- Desde que seja escritório da empresa | - Desde que não esteja em imóvel residencial (casa, apartamento), galpão, terreno, lote, box, quiosque, container, | - Desde que a área utilizada não ultrapasse 1.250m² (mil duzentos e cinquenta metros quadrados) | Desde que seja o escritório da empresa ou local para comercialização.",BAIXO A
2869-1/00,"Fabricação de máquinas e equipamentos para uso industrial específico não especificados anteriormente, peças e acessórios","- Desde que seja escritório da empresa | - Desde que não esteja em imóvel residencial (casa, apartamento), galpão, terreno, lote, box, quiosque, container, | - Desde que a área utilizada não ultrapasse 1.250m² (mil duzentos e cinquenta metros quadrados) | Desde que seja o escritório a empresa ou local para comercialização.",BAIXO A
2910-7/01,"Fabricação de automóveis, camionetas e utilitários","- Desde que seja escritório da empresa | - Desde que não esteja em imóvel residencial (casa, apartamento), galpão, terreno, lote, box, quiosque, container, | - Desde que a área utilizada não ultrapasse 1.250m² (mil duzentos e cinquenta metros quadrados) | Desde que seja o escritório da empresa ou local para comercialização.",BAIXO A
2910-7/02,"Fabricação de chassis com motor para automóveis, camionetas e utilitários","- Desde que seja escritório da empresa | - Desde que não esteja em imóvel residencial (casa, apartamento), galpão, terreno, lote, box, quiosque, container, | - Desde que a área utilizada não ultrapasse 1.250m² (mil duzentos e cinquenta metros quadrados) | Desde que seja o escritório da empresa ou local para comercialização.",BAIXO A
2910-7/03,"Fabricação de motores para automóveis, camionetas e utilitários","- Desde que seja escritório da empresa | - Desde que não esteja em imóvel residencial (casa, apartamento), galpão, terreno, lote, box, quiosque, container, | - Desde que a área utilizada não ultrapasse 1.250m² (mil duzentos e cinquenta metros quadrados) | Desde que seja o escritório a empresa ou local para comercialização.",BAIXO A
2920-4/01,Fabricação de caminhões e ônibus,"- Desde que seja escritório da empresa | - Desde que não esteja em imóvel residencial (casa, apartamento), galpão, terreno, lote, box, quiosque, container, | - Desde que a área utilizada não ultrapasse 1.250m² (mil duzentos e cinquenta metros quadrados) | Desde que seja o escritório da empresa ou local para comercialização.",BAIXO A
2920-4/02,Fabricação de motores para caminhões e ônibus,"- Desde que seja escritório da empresa | - Desde que não esteja em imóvel residencial (casa, apartamento), galpão, terreno, lote, box, quiosque, container, | - Desde que a área utilizada não ultrapasse 1.250m² (mil duzentos e cinquenta metros quadrados) | Desde que seja o escritório da empresa ou local para comercialização.",BAIXO A
2930-1/01,"Fabricação de cabines, carrocerias e reboques para caminhões","- Desde que seja escritório da empresa | - Desde que não esteja em imóvel residencial (casa, apartamento), galpão, terreno, lote, box, quiosque, container, | - Desde que a área utilizada não ultrapasse 1.250m² (mil duzentos e cinquenta metros quadrados) | Desde que seja o escritório a empresa ou local para comercialização.",BAIXO A
2930-1/02,Fabricação de carrocerias para ônibus,"- Desde que seja escritório da empresa | - Desde que não esteja em imóvel residencial (casa, apartamento), galpão, terreno, lote, box, quiosque, container, | - Desde que a área utilizada não ultrapasse 1.250m² (mil duzentos e cinquenta metros quadrados) | Desde que seja o escritório da empresa ou local para comercialização.",BAIXO A
2930-1/03,"Fabricação de cabines, carrocerias e reboques para outros veículos automotores, exceto caminhões e ônibus","- Desde que seja escritório da empresa | - Desde que não esteja em imóvel residencial (casa, apartamento), galpão, terreno, lote, box, quiosque, container, | - Desde que a área utilizada não ultrapasse 1.250m² (mil duzentos e cinquenta metros quadrados) | Desde que seja o escritório da empresa ou local para comercialização.",BAIXO A
2941-7/00,Fabricação de peças e acessórios para o sistema motor de veículos automotores,"- Desde que seja escritório da empresa | - Desde que não esteja em imóvel residencial (casa, apartamento), galpão, terreno, lote, box, quiosque, container, | - Desde que a área utilizada não ultrapasse 1.250m² (mil duzentos e cinquenta metros quadrados) | Desde que seja o escritório a empresa ou local para comercialização.",BAIXO A
2942-5/00,Fabricação de peças e acessórios para os sistemas de marcha e transmissão de veículos automotores,"- Desde que seja escritório da empresa | - Desde que não esteja em imóvel residencial (casa, apartamento), galpão, terreno, lote, box, quiosque, container, | - Desde que a área utilizada não ultrapasse 1.250m² (mil duzentos e cinquenta metros quadrados) | Desde que seja o escritório da empresa ou local para comercialização.",BAIXO A
2943-3/00,Fabricação de peças e acessórios para o sistema de freios de veículos automotores,"- Desde que seja escritório da empresa | - Desde que não esteja em imóvel residencial (casa, apartamento), galpão, terreno, lote, box, quiosque, container, | - Desde que a área utilizada não ultrapasse 1.250m² (mil duzentos e cinquenta metros quadrados) | Desde que seja o escritório da empresa ou local para comercialização.",BAIXO A
2944-1/00,Fabricação de peças e acessórios para o sistema de direção e suspensão de veículos automotores,"- Desde que seja escritório da empresa | - Desde que não esteja em imóvel residencial (casa, apartamento), galpão, terreno, lote, box, quiosque, container, | - Desde que a área utilizada não ultrapasse 1.250m² (mil duzentos e cinquenta metros quadrados) | Desde que seja o escritório a empresa ou local para comercialização.",BAIXO A
2949-2/99,Fabricação de outras peças e acessórios para veículos automotores não especificadas anteriormente,"- Desde que seja escritório da empresa | - Desde que não esteja em imóvel residencial (casa, apartamento), galpão, terreno, lote, box, quiosque, container, | - Desde que a área utilizada não ultrapasse 1.250m² (mil duzentos e cinquenta metros quadrados) | Desde que seja o escritório da empresa ou local para comercialização.",BAIXO A
3031-8/00,"Fabricação de locomotivas, vagões e outros materiais rodantes","- Desde que seja escritório da empresa | - Desde que não esteja em imóvel residencial (casa, apartamento), galpão, terreno, lote, box, quiosque, container, | - Desde que a área utilizada não ultrapasse 1.250m² (mil duzentos e cinquenta metros quadrados) | Desde que seja o escritório da empresa ou local para comercialização.",BAIXO A
3032-6/00,Fabricação de peças e acessórios para veículos ferroviários,"- Desde que seja escritório da empresa | - Desde que não esteja em imóvel residencial (casa, apartamento), galpão, terreno, lote, box, quiosque, container, | - Desde que a área utilizada não ultrapasse 1.250m² (mil duzentos e cinquenta metros quadrados)",BAIXO A
3041-5/00,Fabricação de aeronaves,"- Desde que seja escritório da empresa | - Desde que não esteja em imóvel residencial (casa, apartamento), galpão, terreno, lote, box, quiosque, container, | - Desde que a área utilizada não ultrapasse 1.250m² (mil duzentos e cinquenta metros quadrados) | Desde que seja o escritório a empresa ou local para comercialização.",BAIXO A
3042-3/00,"Fabricação de turbinas, motores e outros componentes e peças para aeronaves","- Desde que seja escritório da empresa | - Desde que não esteja em imóvel residencial (casa, apartamento), galpão, terreno, lote, box, quiosque, container, | - Desde que a área utilizada não ultrapasse 1.250m² (mil duzentos e cinquenta metros quadrados) | Desde que seja o escritório da empresa ou local para comercialização.",BAIXO A
3050-4/00,Fabricação de veículos militares de combate,"- Desde que seja escritório da empresa | - Desde que não esteja em imóvel residencial (casa, apartamento), galpão, terreno, lote, box, quiosque, container, | - Desde que a área utilizada não ultrapasse 1.250m² (mil duzentos e cinquenta metros quadrados) | Desde que seja o escritório da empresa ou local para comercialização.",BAIXO A
3091-1/01,Fabricação de motocicletas,"- Desde que seja escritório da empresa | - Desde que não esteja em imóvel residencial (casa, apartamento), galpão, terreno, lote, box, quiosque, container, | - Desde que a área utilizada não ultrapasse 1.250m² (mil duzentos e cinquenta metros quadrados) | Desde que seja o escritório da empresa ou local para comercialização.",BAIXO A
3091-1/02,Fabricação de peças e acessórios para motocicletas,"- Desde que seja escritório da empresa | - Desde que não esteja em imóvel residencial (casa, apartamento), galpão, terreno, lote, box, quiosque, container, | - Desde que a área utilizada não ultrapasse 1.250m² (mil duzentos e cinquenta metros quadrados) | Desde que seja o escritório da empresa ou local para comercialização.",BAIXO A
3099-7/00,Fabricação de equipamentos de transporte não especificados anteriormente,"- Desde que seja escritório da empresa | - Desde que não esteja em imóvel residencial (casa, apartamento), galpão, terreno, lote, box, quiosque, container, | - Desde que a área utilizada não ultrapasse 1.250m² (mil duzentos e cinquenta metros quadrados) | Desde que seja o escritório da empresa ou local para comercialização.",BAIXO A
3211-6/02,Fabricação de artefatos de joalheria e ourivesaria,"- Desde que seja escritório da empresa e/ou | - Desde que seja artesanal e não esteja em imóvel residencial (casa, apartamento), galpão, terreno, lote, box, quiosque, container, | - Desde que a área utilizada não ultrapasse 750m² (setecentos e cinquenta metros quadrados)",BAIXO A
3212-4/00,Fabricação de bijuterias e artefatos semelhantes,"- Desde que seja escritório da empresa e/ou | - Desde que seja artesanal e não esteja em imóvel residencial (casa, apartamento), galpão, terreno, lote, box, quiosque, container, | - Desde que a área utilizada não ultrapasse 750m² (setecentos e cinquenta metros quadrados)",BAIXO A
3220-5/00,"Fabricação de instrumentos musicais, peças e acessórios","- Desde que seja escritório da empresa | - Desde que não esteja em imóvel residencial (casa, apartamento), galpão, terreno, lote, box, quiosque, container, | - Desde que a área utilizada não ultrapasse 1.250m² (mil duzentos e cinquenta metros quadrados)",BAIXO A
3230-2/00,Fabricação de artefatos para pesca e esporte,"- Desde que seja escritório da empresa | - Desde que não esteja em imóvel residencial (casa, apartamento), galpão, terreno, lote, box, quiosque, container, | - Desde que a área utilizada não ultrapasse 1.250m² (mil duzentos e cinquenta metros quadrados)",BAIXO A
3240-0/99,Fabricação de outros brinquedos e jogos recreativos não especificados anteriormente,"- Desde que seja escritório da empresa | - Desde que não esteja em imóvel residencial (casa, apartamento), galpão, terreno, lote, box, quiosque, container, | - Desde que a área utilizada não ultrapasse 1.250m² (mil duzentos e cinquenta metros quadrados)",BAIXO A
3299-0/01,Fabricação de guarda-chuvas e similares,"- Desde que seja escritório da empresa | - Desde que não esteja em imóvel residencial (casa, apartamento), galpão, terreno, lote, box, quiosque, container, | - Desde que a área utilizada não ultrapasse 1.250m² (mil duzentos e cinquenta metros quadrados)",BAIXO A
3299-0/02,"Fabricação de canetas, lápis e outros artigos para escritório","- Desde que seja escritório da empresa | - Desde que não esteja em imóvel residencial (casa, apartamento), galpão, terreno, lote, box, quiosque, container, | - Desde que a área utilizada não ultrapasse 1.250m² (mil duzentos e cinquenta metros quadrados)",BAIXO A
3299-0/03,"Fabricação de letras, letreiros e placas de qualquer material, exceto luminosos","- Desde que seja escritório da empresa | - Desde que não esteja em imóvel residencial (casa, apartamento), galpão, terreno, lote, box, quiosque, container, | - Desde que a área utilizada não ultrapasse 1.250m² (mil duzentos e cinquenta metros quadrados)",BAIXO A
3299-0/05,Fabricação de aviamentos para costura,"- Desde que seja escritório da empresa | - Desde que não esteja em imóvel residencial (casa, apartamento), galpão, terreno, lote, box, quiosque, container, | - Desde que a área utilizada não ultrapasse 750m² (setecentos e cinquenta metros quadrados)",BAIXO A
3311-2/00,"Manutenção e reparação de tanques, reservatórios metálicos e caldeiras, exceto para veículos","- Desde que seja escritório da empresa | - Desde que não esteja em imóvel residencial (casa, apartamento), galpão, terreno, lote, box, quiosque, container, | - Desde que a área utilizada não ultrapasse 1.250m² (mil duzentos e cinquenta metros quadrados) | Desde que seja o escritório da empresa ou local para comercialização.",BAIXO A
3312-1/02,"Manutenção e reparação de aparelhos e instrumentos de medida, teste e controle","- Desde que seja escritório da empresa | - Desde que não esteja em imóvel residencial (casa, apartamento), galpão, terreno, lote, box, quiosque, container, | - Desde que a área utilizada não ultrapasse 1.250m² (mil duzentos e cinquenta metros quadrados)",BAIXO A
3312-1/03,Manutenção e reparação de aparelhos eletromédicos e eletroterapêuticos e equipamentos de irradiação,"- Desde que seja escritório da empresa | - Desde que não esteja em imóvel residencial (casa, apartamento), galpão, terreno, lote, box, quiosque, container, | - Desde que a área utilizada não ultrapasse 1.250m² (mil duzentos e cinquenta metros quadrados) | Desde que seja o escritório da empresa ou local para comercialização.",BAIXO A
3312-1/04,Manutenção e reparação de equipamentos e instrumentos ópticos,"- Desde que seja escritório da empresa | - Desde que não esteja em imóvel residencial (casa, apartamento), galpão, terreno, lote, box, quiosque, container, | - Desde que a área utilizada não ultrapasse 1.250m² (mil duzentos e cinquenta metros quadrados)",BAIXO A
3313-9/01,"Manutenção e reparação de geradores, transformadores e motores elétricos","- Desde que seja escritório da empresa | - Desde que não esteja em imóvel residencial (casa, apartamento), galpão, terreno, lote, box, quiosque, container, | - Desde que a área utilizada não ultrapasse 1.250m² (mil duzentos e cinquenta metros quadrados) | Desde que seja o escritório a empresa ou local para comercialização.",BAIXO A
3313-9/02,"Manutenção e reparação de baterias e acumuladores elétricos, exceto para veículos","- Desde que seja escritório da empresa | - Desde que não esteja em imóvel residencial (casa, apartamento), galpão, terreno, lote, box, quiosque, container, | - Desde que a área utilizada não ultrapasse 1.250m² (mil duzentos e cinquenta metros quadrados)",BAIXO A
3313-9/99,"Manutenção e reparação de máquinas, aparelhos e materiais elétricos não especificados anteriormente","- Desde que seja escritório da empresa | - Desde que não esteja em imóvel residencial (casa, apartamento), galpão, terreno, lote, box, quiosque, container, | - Desde que a área utilizada não ultrapasse 1.250m² (mil duzentos e cinquenta metros quadrados)",BAIXO A
3314-7/01,Manutenção e reparação de máquinas motrizes não elétricas,"- Desde que seja escritório da empresa | - Desde que não esteja em imóvel residencial (casa, apartamento), galpão, terreno, lote, box, quiosque, container, | - Desde que a área utilizada não ultrapasse 1.250m² (mil duzentos e cinquenta metros quadrados)",BAIXO A
3314-7/02,"Manutenção e reparação de equipamentos hidráulicos e pneumáticos, exceto válvulas","- Desde que seja escritório da empresa | - Desde que não esteja em imóvel residencial (casa, apartamento), galpão, terreno, lote, box, quiosque, container, | - Desde que a área utilizada não ultrapasse 1.250m² (mil duzentos e cinquenta metros quadrados)",BAIXO A
3314-7/03,Manutenção e reparação de válvulas industriais,"- Desde que seja escritório da empresa | - Desde que não esteja em imóvel residencial (casa, apartamento), galpão, terreno, lote, box, quiosque, container, | - Desde que a área utilizada não ultrapasse 1.250m² (mil duzentos e cinquenta metros quadrados)",BAIXO A
3314-7/04,Manutenção e reparação de compressores,"- Desde que seja escritório da empresa | - Desde que não esteja em imóvel residencial (casa, apartamento), galpão, terreno, lote, box, quiosque, container, | - Desde que a área utilizada não ultrapasse 1.250m² (setecentos e cinquenta metros quadrados) Desde que seja o escritório da empresa ou local para comercialização.",BAIXO A
3314-7/05,Manutenção e reparação de equipamentos de transmissão para fins industriais,"- Desde que seja escritório da empresa | - Desde que não esteja em imóvel residencial (casa, apartamento), galpão, terreno, lote, box, quiosque, container, | - Desde que a área utilizada não ultrapasse 1.250m² (setecentos e cinquenta metros quadrados) Desde que seja o escritório da empresa ou local para comercialização.",BAIXO A
3314-7/06,"Manutenção e reparação de máquinas, aparelhos e equipamentos para instalações térmicas","- Desde que seja escritório da empresa | - Desde que não esteja em imóvel residencial (casa, apartamento), galpão, terreno, lote, box, quiosque, container, | - Desde que a área utilizada não ultrapasse 1.250m² (mil duzentos e cinquenta metros quadrados)",BAIXO A
3314-7/07,Manutenção e reparação de máquinas e aparelhos de refrigeração e ventilação para uso industrial e comercial,"- Desde que seja escritório da empresa | - Desde que não esteja em imóvel residencial (casa, apartamento), galpão, terreno, lote, box, quiosque, container, | - Desde que a área utilizada não ultrapasse 1.250m² (mil duzentos e cinquenta metros quadrados)",BAIXO A
3314-7/08,"Manutenção e reparação de máquinas, equipamentos e aparelhos para transporte e elevação de cargas","- Desde que seja escritório da empresa | - Desde que não esteja em imóvel residencial (casa, apartamento), galpão, terreno, lote, box, quiosque, container, | - Desde que a área utilizada não ultrapasse 1.250m² (setecentos e cinquenta metros quadrados) Desde que seja o escritório da empresa ou local para comercialização.",BAIXO A
3314-7/09,"Manutenção e reparação de máquinas de escrever, calcular e de outros equipamentos não eletrônicos para escritório","- Desde que seja escritório da empresa | - Desde que não esteja em imóvel residencial (casa, apartamento), galpão, terreno, lote, box, quiosque, container, | - Desde que a área utilizada não ultrapasse 1.250m² (mil duzentos e cinquenta metros quadrados)",BAIXO A
3314-7/10,Manutenção e reparação de máquinas e equipamentos para uso geral não especificados anteriormente,"- Desde que seja escritório da empresa | - Desde que não esteja em imóvel residencial (casa, apartamento), galpão, terreno, lote, box, quiosque, container, | - Desde que a área utilizada não ultrapasse 1.250m² (setecentos e cinquenta metros quadrados) Desde que seja o escritório da empresa ou local para comercialização.",BAIXO A
3314-7/11,Manutenção e reparação de máquinas e equipamentos para agricultura e pecuária,"- Desde que seja escritório da empresa | - Desde que não esteja em imóvel residencial (casa, apartamento), galpão, terreno, lote, box, quiosque, container, | - Desde que a área utilizada não ultrapasse 1.250m² (setecentos e cinquenta metros quadrados) Desde que seja o escritório da empresa ou local para comercialização.",BAIXO A
3314-7/12,Manutenção e reparação de tratores agrícolas,"- Desde que seja escritório da empresa | - Desde que não esteja em imóvel residencial (casa, apartamento), galpão, terreno, lote, box, quiosque, container, | - Desde que a área utilizada não ultrapasse 1.250m² (mil duzentos e cinquenta metros quadrados)",BAIXO A
3314-7/13,Manutenção e reparação de máquinas-ferramenta,"- Desde que seja escritório da empresa | - Desde que não esteja em imóvel residencial (casa, apartamento), galpão, terreno, lote, box, quiosque, container, | - Desde que a área utilizada não ultrapasse 1.250m² (mil duzentos e cinquenta metros quadrados)",BAIXO A
3314-7/14,Manutenção e reparação de máquinas e equipamentos para a prospecção e extração de petróleo,"- Desde que seja escritório da empresa | - Desde que não esteja em imóvel residencial (casa, apartamento), galpão, terreno, lote, box, quiosque, container, | - Desde que a área utilizada não ultrapasse 1.250m² (setecentos e cinquenta metros quadrados) Desde que seja o escritório da empresa ou local para comercialização.",BAIXO A
3314-7/15,"Manutenção e reparação de máquinas e equipamentos para uso na extração mineral, exceto na extração de petróleo","- Desde que seja escritório da empresa | - Desde que não esteja em imóvel residencial (casa, apartamento), galpão, terreno, lote, box, quiosque, container, | - Desde que a área utilizada não ultrapasse 1.250m² (setecentos e cinquenta metros quadrados) Desde que seja o escritório da empresa ou local para comercialização.",BAIXO A
3314-7/16,"Manutenção e reparação de tratores, exceto agrícolas","- Desde que seja escritório da empresa | - Desde que não esteja em imóvel residencial (casa, apartamento), galpão, terreno, lote, box, quiosque, container, | - Desde que a área utilizada não ultrapasse 1.250m² (setecentos e cinquenta metros quadrados) Desde que seja o escritório da empresa ou local para comercialização.",BAIXO A
3314-7/17,"Manutenção e reparação de máquinas e equipamentos de terraplenagem, pavimentação e construção, exceto tratores","- Desde que seja escritório da empresa | - Desde que não esteja em imóvel residencial (casa, apartamento), galpão, terreno, lote, box, quiosque, container, | - Desde que a área utilizada não ultrapasse 1.250m² (setecentos e cinquenta metros quadrados) Desde que seja o escritório da empresa ou local para comercialização.",BAIXO A
3314-7/18,"Manutenção e reparação de máquinas para a indústria metalúrgica, exceto máquinas- ferramenta","- Desde que seja escritório da empresa | - Desde que não esteja em imóvel residencial (casa, apartamento), galpão, terreno, lote, box, quiosque, container, | - Desde que a área utilizada não ultrapasse 1.250m² (setecentos e cinquenta metros quadrados) Desde que seja o escritório da empresa ou local para comercialização.",BAIXO A
3314-7/19,"Manutenção e reparação de máquinas e equipamentos para as indústrias de alimentos, bebidas e fumo","- Desde que seja escritório da empresa | - Desde que não esteja em imóvel residencial (casa, apartamento), galpão, terreno, lote, box, quiosque, container, | - Desde que a área utilizada não ultrapasse 1.250m² (setecentos e cinquenta metros quadrados) Desde que seja o escritório da empresa ou local para comercialização.",BAIXO A
3314-7/20,"Manutenção e reparação de máquinas e equipamentos para a indústria têxtil, do vestuário, do couro e calçados","- Desde que seja escritório da empresa | - Desde que não esteja em imóvel residencial (casa, apartamento), galpão, terreno, lote, box, quiosque, container, | - Desde que a área utilizada não ultrapasse 1.250m² (setecentos e cinquenta metros quadrados) Desde que seja o escritório da empresa ou local para comercialização.",BAIXO A
3314-7/21,"Manutenção e reparação de máquinas e aparelhos para a indústria de celulose, papel e papelão e artefatos","- Desde que seja escritório da empresa | - Desde que não esteja em imóvel residencial (casa, apartamento), galpão, terreno, lote, box, quiosque, container, | - Desde que a área utilizada não ultrapasse 1.250m² (setecentos e cinquenta metros quadrados) Desde que seja o escritório da empresa ou local para comercialização.",BAIXO A
3314-7/22,Manutenção e reparação de máquinas e aparelhos para a indústria do plástico,"- Desde que seja escritório da empresa | - Desde que não esteja em imóvel residencial (casa, apartamento), galpão, terreno, lote, box, quiosque, container, | - Desde que a área utilizada não ultrapasse 1.250m² (setecentos e cinquenta metros quadrados) Desde que seja o escritório da empresa ou local para comercialização.",BAIXO A
3314-7/99,Manutenção e reparação de outras máquinas e equipamentos para usos industriais não especificados anteriormente,"- Desde que seja escritório da empresa | - Desde que não esteja em imóvel residencial (casa, apartamento), galpão, terreno, lote, box, quiosque, container, | - Desde que a área utilizada não ultrapasse 1.250m² (setecentos e cinquenta metros quadrados) Desde que seja o escritório da empresa ou local para comercialização.",BAIXO A
3315-5/00,Manutenção e reparação de veículos ferroviários,"- Desde que seja escritório da empresa | - Desde que não esteja em imóvel residencial (casa, apartamento), galpão, terreno, lote, box, quiosque, container, | - Desde que a área utilizada não ultrapasse 1.250m² (mil duzentos e cinquenta metros quadrados)",BAIXO A
3316-3/01,"Manutenção e reparação de aeronaves, exceto a manutenção na pista","- Desde que seja escritório da empresa | - Desde que não esteja em imóvel residencial (casa, apartamento), galpão, terreno, lote, box, quiosque, container, | - Desde que a área utilizada não ultrapasse 1.250m² (mil duzentos e cinquenta metros quadrados)",BAIXO A
3316-3/02,Manutenção de aeronaves na pista,"- Desde que seja escritório da empresa | - Desde que não esteja em imóvel residencial (casa, apartamento), galpão, terreno, lote, box, quiosque, container, | - Desde que a área utilizada não ultrapasse 1.250m² (mil duzentos e cinquenta metros quadrados)",BAIXO A
3317-1/01,Manutenção e reparação de embarcações e estruturas flutuantes,"- Desde que seja escritório da empresa | - Desde que não esteja em imóvel residencial (casa, apartamento), galpão, terreno, lote, box, quiosque, container, | - Desde que a área utilizada não ultrapasse 1.250m² (mil duzentos e cinquenta metros quadrados)",BAIXO A
3317-1/02,Manutenção e reparação de embarcações para esporte e lazer,"- Desde que seja escritório da empresa | - Desde que não esteja em imóvel residencial (casa, apartamento), galpão, terreno, lote, box, quiosque, container, | - Desde que a área utilizada não ultrapasse 1.250m² (mil duzentos e cinquenta metros quadrados)",BAIXO A
3329-5/01,Serviços de montagem de móveis de qualquer material,"- Desde que seja escritório da empresa | - Desde que não esteja em imóvel residencial (casa, apartamento), galpão, terreno, lote, box, quiosque, container, | - Desde que a área utilizada não ultrapasse 1.250m² (mil duzentos e cinquenta metros quadrados)",BAIXO A
3511-5/01,Geração de energia elétrica,"- Desde que seja escritório da empresa | - Desde que não esteja em imóvel residencial (casa, apartamento), galpão, terreno, lote, box, quiosque, container, | - Desde que a área utilizada não ultrapasse 1.250m² (mil duzentos e cinquenta metros quadrados)",BAIXO A
3511-5/02,Atividades de coordenação e controle da operação da geração e transmissão de energia elétrica,"- Desde que seja escritório da empresa | - Desde que não esteja em imóvel residencial (casa, apartamento), galpão, terreno, lote, box, quiosque, container, | - Desde que a área utilizada não ultrapasse 1.250m² (mil duzentos e cinquenta metros quadrados)",BAIXO A
3512-3/00,Transmissão de energia elétrica,"- Desde que seja escritório da empresa | - Desde que não esteja em imóvel residencial (casa, apartamento), galpão, terreno, lote, box, quiosque, container, | - Desde que a área utilizada não ultrapasse 1.250m² (mil duzentos e cinquenta metros quadrados)",BAIXO A
3513-1/00,Comércio atacadista de energia elétrica,"- Desde que seja escritório da empresa | - Desde que não esteja em imóvel residencial (casa, apartamento), galpão, terreno, lote, box, quiosque, container, | - Desde que a área utilizada não ultrapasse 1.250m² (mil duzentos e cinquenta metros quadrados)",BAIXO A
3514-0/00,Distribuição de energia elétrica,"- Desde que seja escritório da empresa | - Desde que não esteja em imóvel residencial (casa, apartamento), galpão, terreno, lote, box, quiosque, container, | - Desde que a área utilizada não ultrapasse 1.250m² (setecentos e cinquenta metros quadrados) Desde que seja o escritório da empresa ou local para comercialização.",BAIXO A
3600-6/01,"Captação, tratamento e distribuição de água","- Desde que seja escritório da empresa | - Desde que não esteja em imóvel residencial (casa, apartamento), galpão, terreno, lote, box, quiosque, container, | - Desde que a área utilizada não ultrapasse 1.250m² (setecentos e cinquenta metros quadrados) Desde que seja o escritório da empresa ou local para comercialização.",BAIXO A
3900-5/00,Descontaminação e outros serviços de gestão de resíduos,"- Desde que seja escritório da empresa | - Desde que não esteja em imóvel residencial (casa, apartamento), galpão, terreno, lote, box, quiosque, container, | - Desde que a área utilizada não ultrapasse 1.250m² (setecentos e cinquenta metros quadrados) Desde que seja o escritório da empresa ou local para comercialização.",BAIXO A
4110-7/00,Incorporação de empreendimentos imobiliários,"- Desde que seja escritório da empresa | - Desde que não esteja em imóvel residencial (casa, apartamento), galpão, terreno, lote, box, quiosque, container, | - Desde que a área utilizada não ultrapasse 1.250m² (mil duzentos e cinquenta metros quadrados)",BAIXO A
4120-4/00,Construção de edifícios,"- Desde que seja escritório da empresa | - Desde que não esteja em imóvel residencial (casa, apartamento), galpão, terreno, lote, box, quiosque, container, | - Desde que a área utilizada não ultrapasse 1.250m² (mil duzentos e cinquenta metros quadrados)",BAIXO A
4211-1/01,Construção de rodovias e ferrovias,"- Desde que seja escritório da empresa | - Desde que não esteja em imóvel residencial (casa, apartamento), galpão, terreno, lote, box, quiosque, container, | - Desde que a área utilizada não ultrapasse 1.250m² (mil duzentos e cinquenta metros quadrados)",BAIXO A
4211-1/02,Pintura para sinalização em pistas rodoviárias e aeroportos,"- Desde que seja escritório da empresa | - Desde que não esteja em imóvel residencial (casa, apartamento), galpão, terreno, lote, box, quiosque, container, | - Desde que a área utilizada não ultrapasse 1.250m² (mil duzentos e cinquenta metros quadrados)",BAIXO A
4212-0/00,Construção de obras de arte especiais,"- Desde que seja escritório da empresa | - Desde que não esteja em imóvel residencial (casa, apartamento), galpão, terreno, lote, box, quiosque, container, | - Desde que a área utilizada não ultrapasse 1.250m² (mil duzentos e cinquenta metros quadrados)",BAIXO A
4213-8/00,"Obras de urbanização - ruas, praças e calçadas","- Desde que seja escritório da empresa | - Desde que não esteja em imóvel residencial (casa, apartamento), galpão, terreno, lote, box, quiosque, container, | - Desde que a área utilizada não ultrapasse 1.250m² (mil duzentos e cinquenta metros quadrados)",BAIXO A
4221-9/01,Construção de barragens e represas para geração de energia elétrica,"- Desde que seja escritório da empresa | - Desde que não esteja em imóvel residencial (casa, apartamento), galpão, terreno, lote, box, quiosque, container, | - Desde que a área utilizada não ultrapasse 1.250m² (mil duzentos e cinquenta metros quadrados)",BAIXO A
4221-9/02,Construção de estações e redes de distribuição de energia elétrica,"- Desde que seja escritório da empresa | - Desde que não esteja em imóvel residencial (casa, apartamento), galpão, terreno, lote, box, quiosque, container, | - Desde que a área utilizada não ultrapasse 1.250m² (mil duzentos e cinquenta metros quadrados)",BAIXO A
4221-9/03,Manutenção de redes de distribuição de energia elétrica,"- Desde que seja escritório da empresa | - Desde que não esteja em imóvel residencial (casa, apartamento), galpão, terreno, lote, box, quiosque, container, | - Desde que a área utilizada não ultrapasse 1.250m² (mil duzentos e cinquenta metros quadrados)",BAIXO A
4221-9/04,Construção de estações e redes de telecomunicações,"- Desde que seja escritório da empresa | - Desde que não esteja em imóvel residencial (casa, apartamento), galpão, terreno, lote, box, quiosque, container, | - Desde que a área utilizada não ultrapasse 1.250m² (mil duzentos e cinquenta metros quadrados)",BAIXO A
4221-9/05,Manutenção de estações e redes de telecomunicações,"- Desde que seja escritório da empresa | - Desde que não esteja em imóvel residencial (casa, apartamento), galpão, terreno, lote, box, quiosque, container, | - Desde que a área utilizada não ultrapasse 1.250m² (mil duzentos e cinquenta metros quadrados)",BAIXO A
4222-7/01,"Construção de redes de abastecimento de água, coleta de esgoto e construções correlatas, exceto obras de irrigação","-- Desde que seja escritório da empresa | - Desde que não esteja em imóvel residencial (casa, apartamento), galpão, terreno, lote, box, quiosque, container, | - Desde que a área utilizada não ultrapasse 1.250m² (mil duzentos e cinquenta metros quadrados).",BAIXO A
4222-7/02,Obras de irrigação,"-- Desde que seja escritório da empresa | - Desde que não esteja em imóvel residencial (casa, apartamento), galpão, terreno, lote, box, quiosque, container, | - Desde que a área utilizada não ultrapasse 1.250m² (mil duzentos e cinquenta metros quadrados).",BAIXO A
4223-5/00,"Construção de redes de transportes por dutos, exceto para água e esgoto","-- Desde que seja escritório da empresa | - Desde que não esteja em imóvel residencial (casa, apartamento), galpão, terreno, lote, box, quiosque, container, | - Desde que a área utilizada não ultrapasse 1.250m² (mil duzentos e cinquenta metros quadrados).",BAIXO A
4291-0/00,"Obras portuárias, marítimas e fluviais","-- Desde que seja escritório da empresa | - Desde que não esteja em imóvel residencial (casa, apartamento), galpão, terreno, lote, box, quiosque, container, | - Desde que a área utilizada não ultrapasse 1.250m² (mil duzentos e cinquenta metros quadrados).",BAIXO A
4292-8/01,Montagem de estruturas metálicas,"-- Desde que seja escritório da empresa | - Desde que não esteja em imóvel residencial (casa, apartamento), galpão, terreno, lote, box, quiosque, container, | - Desde que a área utilizada não ultrapasse 1.250m² (mil duzentos e cinquenta metros quadrados).",BAIXO A
4292-8/02,Obras de montagem industrial,"-- Desde que seja escritório da empresa | - Desde que não esteja em imóvel residencial (casa, apartamento), galpão, terreno, lote, box, quiosque, container, | - Desde que a área utilizada não ultrapasse 1.250m² (mil duzentos e cinquenta metros quadrados).",BAIXO A
4299-5/01,Construção de instalações esportivas e recreativas,"-- Desde que seja escritório da empresa | - Desde que não esteja em imóvel residencial (casa, apartamento), galpão, terreno, lote, box, quiosque, container, | - Desde que a área utilizada não ultrapasse 1.250m² (mil duzentos e cinquenta metros quadrados).",BAIXO A
4299-5/99,Outras obras de engenharia civil não especificadas anteriormente,"-- Desde que seja escritório da empresa | - Desde que não esteja em imóvel residencial (casa, apartamento), galpão, terreno, lote, box, quiosque, container, | - Desde que a área utilizada não ultrapasse 1.250m² (mil duzentos e cinquenta metros quadrados).",BAIXO A
4311-8/01,Demolição de edifícios e outras estruturas,"-- Desde que seja escritório da empresa | - Desde que não esteja em imóvel residencial (casa, apartamento), galpão, terreno, lote, box, quiosque, container, | - Desde que a área utilizada não ultrapasse 1.250m² (mil duzentos e cinquenta metros quadrados).",BAIXO A
4311-8/02,Preparação de canteiro e limpeza de terreno,"-- Desde que seja escritório da empresa | - Desde que não esteja em imóvel residencial (casa, apartamento), galpão, terreno, lote, box, quiosque, container, | - Desde que a área utilizada não ultrapasse 1.250m² (mil duzentos e cinquenta metros quadrados).",BAIXO A
4312-6/00,Perfurações e sondagens,"-- Desde que seja escritório da empresa | - Desde que não esteja em imóvel residencial (casa, apartamento), galpão, terreno, lote, box, quiosque, container, | - Desde que a área utilizada não ultrapasse 1.250m² (mil duzentos e cinquenta metros quadrados).",BAIXO A
4313-4/00,Obras de terraplenagem,"-- Desde que seja escritório da empresa | - Desde que não esteja em imóvel residencial (casa, apartamento), galpão, terreno, lote, box, quiosque, container, | - Desde que a área utilizada não ultrapasse 1.250m² (mil duzentos e cinquenta metros quadrados).",BAIXO A
4319-3/00,Serviços de preparação do terreno não especificados anteriormente,"-- Desde que seja escritório da empresa | - Desde que não esteja em imóvel residencial (casa, apartamento), galpão, terreno, lote, box, quiosque, container, | - Desde que a área utilizada não ultrapasse 1.250m² (mil duzentos e cinquenta metros quadrados).",BAIXO A
4321-5/00,Instalação e manutenção elétrica,"-- Desde que seja escritório da empresa | - Desde que não esteja em imóvel residencial (casa, apartamento), galpão, terreno, lote, box, quiosque, container, | - Desde que a área utilizada não ultrapasse 1.250m² (mil duzentos e cinquenta metros quadrados).",BAIXO A
4322-3/01,"Instalações hidráulicas, sanitárias e de gás","-- Desde que seja escritório da empresa | - Desde que não esteja em imóvel residencial (casa, apartamento), galpão, terreno, lote, box, quiosque, container, | - Desde que a área utilizada não ultrapasse 1.250m² (mil duzentos e cinquenta metros quadrados).",BAIXO A
4322-3/02,"Instalação e manutenção de sistemas centrais de ar condicionado, de ventilação e refrigeração","-- Desde que seja escritório da empresa | - Desde que não esteja em imóvel residencial (casa, apartamento), galpão, terreno, lote, box, quiosque, container, | - Desde que a área utilizada não ultrapasse 1.250m² (mil duzentos e cinquenta metros quadrados).",BAIXO A
4322-3/03,Instalações de sistema de prevenção contra incêndio,"-- Desde que seja escritório da empresa | - Desde que não esteja em imóvel residencial (casa, apartamento), galpão, terreno, lote, box, quiosque, container, | - Desde que a área utilizada não ultrapasse 1.250m² (mil duzentos e cinquenta metros quadrados).",BAIXO A
4329-1/01,Instalação de painéis publicitários,"-- Desde que seja escritório da empresa | - Desde que não esteja em imóvel residencial (casa, apartamento), galpão, terreno, lote, box, quiosque, container, | - Desde que a área utilizada não ultrapasse 1.250m² (mil duzentos e cinquenta metros quadrados).",BAIXO A
4329-1/02,"Instalação de equipamentos para orientação à navegação marítima, fluvial e lacustre","-- Desde que seja escritório da empresa | - Desde que não esteja em imóvel residencial (casa, apartamento), galpão, terreno, lote, box, quiosque, container, | - Desde que a área utilizada não ultrapasse 1.250m² (mil duzentos e cinquenta metros quadrados).",BAIXO A
4329-1/03,"Instalação, manutenção e reparação de elevadores, escadas e esteiras rolantes","-- Desde que seja escritório da empresa | - Desde que não esteja em imóvel residencial (casa, apartamento), galpão, terreno, lote, box, quiosque, container, | - Desde que a área utilizada não ultrapasse 1.250m² (mil duzentos e cinquenta metros quadrados).",BAIXO A
4329-1/04,"Montagem e instalação de sistemas e equipamentos de iluminação e sinalização em vias públicas, portos e aeroportos","-- Desde que seja escritório da empresa | - Desde que não esteja em imóvel residencial (casa, apartamento), galpão, terreno, lote, box, quiosque, container, | - Desde que a área utilizada não ultrapasse 1.250m² (mil duzentos e cinquenta metros quadrados).",BAIXO A
4329-1/05,"Tratamentos térmicos, acústicos ou de vibração","-- Desde que seja escritório da empresa | - Desde que não esteja em imóvel residencial (casa, apartamento), galpão, terreno, lote, box, quiosque, container, | - Desde que a área utilizada não ultrapasse 1.250m² (mil duzentos e cinquenta metros quadrados).",BAIXO A
4329-1/99,Outras obras de instalações em construções não especificadas anteriormente,"-- Desde que seja escritório da empresa | - Desde que não esteja em imóvel residencial (casa, apartamento), galpão, terreno, lote, box, quiosque, container, | - Desde que a área utilizada não ultrapasse 1.250m² (mil duzentos e cinquenta metros quadrados).",BAIXO A
4330-4/01,Impermeabilização em obras de engenharia civil,"-- Desde que seja escritório da empresa | - Desde que não esteja em imóvel residencial (casa, apartamento), galpão, terreno, lote, box, quiosque, container, | - Desde que a área utilizada não ultrapasse 1.250m² (mil duzentos e cinquenta metros quadrados).",BAIXO A
4330-4/02,"Instalação de portas, janelas, tetos, divisórias e armários embutidos de qualquer material","-- Desde que seja escritório da empresa | - Desde que não esteja em imóvel residencial (casa, apartamento), galpão, terreno, lote, box, quiosque, container, | - Desde que a área utilizada não ultrapasse 1.250m² (mil duzentos e cinquenta metros quadrados).",BAIXO A
4330-4/03,Obras de acabamento em gesso e estuque,"-- Desde que seja escritório da empresa | - Desde que não esteja em imóvel residencial (casa, apartamento), galpão, terreno, lote, box, quiosque, container, | - Desde que a área utilizada não ultrapasse 1.250m² (mil duzentos e cinquenta metros quadrados).",BAIXO A
4330-4/04,Serviços de pintura de edifícios em geral,"-- Desde que seja escritório da empresa | - Desde que não esteja em imóvel residencial (casa, apartamento), galpão, terreno, lote, box, quiosque, container, | - Desde que a área utilizada não ultrapasse 1.250m² (mil duzentos e cinquenta metros quadrados).",BAIXO A
4330-4/05,Aplicação de revestimentos e de resinas em interiores e exteriores,"-- Desde que seja escritório da empresa | - Desde que não esteja em imóvel residencial (casa, apartamento), galpão, terreno, lote, box, quiosque, container, | - Desde que a área utilizada não ultrapasse 1.250m² (mil duzentos e cinquenta metros quadrados).",BAIXO A
4330-4/99,Outras obras de acabamento da construção,"-- Desde que seja escritório da empresa | - Desde que não esteja em imóvel residencial (casa, apartamento), galpão, terreno, lote, box, quiosque, container, | - Desde que a área utilizada não ultrapasse 1.250m² (mil duzentos e cinquenta metros quadrados).",BAIXO A
4391-6/00,Obras de fundações,"-- Desde que seja escritório da empresa | - Desde que não esteja em imóvel residencial (casa, apartamento), galpão, terreno, lote, box, quiosque, container, | - Desde que a área utilizada não ultrapasse 1.250m² (mil duzentos e cinquenta metros quadrados).",BAIXO A
4399-1/01,Administração de obras,"-- Desde que seja escritório da empresa | - Desde que não esteja em imóvel residencial (casa, apartamento), galpão, terreno, lote, box, quiosque, container, | - Desde que a área utilizada não ultrapasse 1.250m² (mil duzentos e cinquenta metros quadrados).",BAIXO A
4399-1/02,Montagem e desmontagem de andaimes e outras estruturas temporárias,"-- Desde que seja escritório da empresa | - Desde que não esteja em imóvel residencial (casa, apartamento), galpão, terreno, lote, box, quiosque, container, | - Desde que a área utilizada não ultrapasse 1.250m² (mil duzentos e cinquenta metros quadrados).",BAIXO A
4399-1/03,Obras de alvenaria,"-- Desde que seja escritório da empresa | - Desde que não esteja em imóvel residencial (casa, apartamento), galpão, terreno, lote, box, quiosque, container, | - Desde que a área utilizada não ultrapasse 1.250m² (mil duzentos e cinquenta metros quadrados).",BAIXO A
4399-1/04,Serviços de operação e fornecimento de equipamentos para transporte e elevação de cargas e pessoas para uso em obras,"-- Desde que seja escritório da empresa | - Desde que não esteja em imóvel residencial (casa, apartamento), galpão, terreno, lote, box, quiosque, container, | - Desde que a área utilizada não ultrapasse 1.250m² (mil duzentos e cinquenta metros quadrados).",BAIXO A
4399-1/05,Perfuração e construção de poços de água,"-- Desde que seja escritório da empresa | - Desde que não esteja em imóvel residencial (casa, apartamento), galpão, terreno, lote, box, quiosque, container, | - Desde que a área utilizada não ultrapasse 1.250m² (mil duzentos e cinquenta metros quadrados).",BAIXO A
4399-1/99,Serviços especializados para construção não especificados anteriormente,"-- Desde que seja escritório da empresa | - Desde que não esteja em imóvel residencial (casa, apartamento), galpão, terreno, lote, box, quiosque, container, | - Desde que a área utilizada não ultrapasse 1.250m² (mil duzentos e cinquenta metros quadrados).",BAIXO A
4511-1/01,"Comércio a varejo de automóveis, camionetas e utilitários novos","-- Desde que seja escritório da empresa | - Desde que não esteja em imóvel residencial (casa, apartamento), galpão, terreno, lote, box, quiosque, container, | - Desde que a área utilizada não ultrapasse 1.250m² (mil duzentos e cinquenta metros quadrados).",BAIXO A
4511-1/02,"Comércio a varejo de automóveis, camionetas e utilitários usados","-- Desde que seja escritório da empresa | - Desde que não esteja em imóvel residencial (casa, apartamento), galpão, terreno, lote, box, quiosque, container, | - Desde que a área utilizada não ultrapasse 1.250m² (mil duzentos e cinquenta metros quadrados).",BAIXO A
4512-9/01,Representantes comerciais e agentes do comércio de veículos automotores,"-- Desde que seja escritório da empresa | - Desde que não esteja em imóvel residencial (casa, apartamento), galpão, terreno, lote, box, quiosque, container, | - Desde que a área utilizada não ultrapasse 1.250m² (mil duzentos e cinquenta metros quadrados).",BAIXO A
4512-9/02,Comércio sob consignação de veículos automotores,"-- Desde que seja escritório da empresa | - Desde que não esteja em imóvel residencial (casa, apartamento), galpão, terreno, lote, box, quiosque, container, | - Desde que a área utilizada não ultrapasse 1.250m² (mil duzentos e cinquenta metros quadrados).",BAIXO A
4530-7/01,Comércio por atacado de peças e acessórios novos para veículos automotores,"-- Desde que seja escritório da empresa | - Desde que não esteja em imóvel residencial (casa, apartamento), galpão, terreno, lote, box, quiosque, container, | - Desde que a área utilizada não ultrapasse 1.250m² (mil duzentos e cinquenta metros quadrados).",BAIXO A
4530-7/03,Comércio a varejo de peças e acessórios novos para veículos automotores,"-- Desde que seja escritório da empresa | - Desde que não esteja em imóvel residencial (casa, apartamento), galpão, terreno, lote, box, quiosque, container, | - Desde que a área utilizada não ultrapasse 1.250m² (mil duzentos e cinquenta metros quadrados).",BAIXO A
4530-7/04,Comércio a varejo de peças e acessórios usados para veículos automotores,"-- Desde que seja escritório da empresa | - Desde que não esteja em imóvel residencial (casa, apartamento), galpão, terreno, lote, box, quiosque, container, | - Desde que a área utilizada não ultrapasse 1.250m² (mil duzentos e cinquenta metros quadrados).",BAIXO A
4530-7/05,Comércio a varejo de pneumáticos e câmaras-de-ar,"-- Desde que seja escritório da empresa | - Desde que não esteja em imóvel residencial (casa, apartamento), galpão, terreno, lote, box, quiosque, container, | - Desde que a área utilizada não ultrapasse 1.250m² (mil duzentos e cinquenta metros quadrados).",BAIXO A
4530-7/06,Representantes comerciais e agentes do comércio de peças e acessórios novos e usados para veículos automotores,"-- Desde que seja escritório da empresa | - Desde que não esteja em imóvel residencial (casa, apartamento), galpão, terreno, lote, box, quiosque, container, | - Desde que a área utilizada não ultrapasse 1.250m² (mil duzentos e cinquenta metros quadrados).",BAIXO A
4541-2/03,Comércio a varejo de motocicletas e motonetas novas,"-- Desde que seja escritório da empresa | - Desde que não esteja em imóvel residencial (casa, apartamento), galpão, terreno, lote, box, quiosque, container, | - Desde que a área utilizada não ultrapasse 1.250m² (mil duzentos e cinquenta metros quadrados).",BAIXO A
4541-2/04,Comércio a varejo de motocicletas e motonetas usadas,"-- Desde que seja escritório da empresa | - Desde que não esteja em imóvel residencial (casa, apartamento), galpão, terreno, lote, box, quiosque, container, | - Desde que a área utilizada não ultrapasse 1.250m² (mil duzentos e cinquenta metros quadrados).",BAIXO A
4541-2/06,Comércio a varejo de peças e acessórios novos para motocicletas e motonetas,"-- Desde que seja escritório da empresa | - Desde que não esteja em imóvel residencial (casa, apartamento), galpão, terreno, lote, box, quiosque, container, | - Desde que a área utilizada não ultrapasse 1.250m² (mil duzentos e cinquenta metros quadrados).",BAIXO A
4541-2/07,Comércio a varejo de peças e acessórios usados para motocicletas e motonetas,"-- Desde que seja escritório da empresa | - Desde que não esteja em imóvel residencial (casa, apartamento), galpão, terreno, lote, box, quiosque, container, | - Desde que a área utilizada não ultrapasse 1.250m² (mil duzentos e cinquenta metros quadrados).",BAIXO A
4542-1/01,"Representantes comerciais e agentes do comércio de motocicletas e motonetas, peças e acessórios","-- Desde que seja escritório da empresa | - Desde que não esteja em imóvel residencial (casa, apartamento), galpão, terreno, lote, box, quiosque, container, | - Desde que a área utilizada não ultrapasse 1.250m² (mil duzentos e cinquenta metros quadrados).",BAIXO A
4542-1/02,Comércio sob consignação de motocicletas e motonetas,"-- Desde que seja escritório da empresa | - Desde que não esteja em imóvel residencial (casa, apartamento), galpão, terreno, lote, box, quiosque, container, | - Desde que a área utilizada não ultrapasse 1.250m² (mil duzentos e cinquenta metros quadrados).",BAIXO A
4611-7/00,Representantes comerciais e agentes do comércio de matérias-primas agrícolas e animais vivos,"-- Desde que seja escritório da empresa | - Desde que não esteja em imóvel residencial (casa, apartamento), galpão, terreno, lote, box, quiosque, container, | - Desde que a área utilizada não ultrapasse 1.250m² (mil duzentos e cinquenta metros quadrados).",BAIXO A
4612-5/00,"Representantes comerciais e agentes do comércio de combustíveis, minerais, produtos siderúrgicos e químicos","-- Desde que seja escritório da empresa | - Desde que não esteja em imóvel residencial (casa, apartamento), galpão, terreno, lote, box, quiosque, container, | - Desde que a área utilizada não ultrapasse 1.250m² (mil duzentos e cinquenta metros quadrados).",BAIXO A
4613-3/00,"Representantes comerciais e agentes do comércio de madeira, material de construção e ferragens","-- Desde que seja escritório da empresa | - Desde que não esteja em imóvel residencial (casa, apartamento), galpão, terreno, lote, box, quiosque, container, | - Desde que a área utilizada não ultrapasse 1.250m² (mil duzentos e cinquenta metros quadrados).",BAIXO A
4614-1/00,"Representantes comerciais e agentes do comércio de máquinas, equipamentos, embarcações e aeronaves","-- Desde que seja escritório da empresa | - Desde que não esteja em imóvel residencial (casa, apartamento), galpão, terreno, lote, box, quiosque, container, | - Desde que a área utilizada não ultrapasse 1.250m² (mil duzentos e cinquenta metros quadrados).",BAIXO A
4615-0/00,"Representantes comerciais e agentes do comércio de eletrodomésticos, móveis e artigos de uso doméstico","-- Desde que seja escritório da empresa | - Desde que não esteja em imóvel residencial (casa, apartamento), galpão, terreno, lote, box, quiosque, container, | - Desde que a área utilizada não ultrapasse 1.250m² (mil duzentos e cinquenta metros quadrados).",BAIXO A
4616-8/00,"Representantes comerciais e agentes do comércio de têxteis, vestuário, calçados e artigos de viagem","-- Desde que seja escritório da empresa | - Desde que não esteja em imóvel residencial (casa, apartamento), galpão, terreno, lote, box, quiosque, container, | - Desde que a área utilizada não ultrapasse 1.250m² (mil duzentos e cinquenta metros quadrados).",BAIXO A
4617-6/00,"Representantes comerciais e agentes do comércio de produtos alimentícios, bebidas e fumo","-- Desde que seja escritório da empresa | - Desde que não esteja em imóvel residencial (casa, apartamento), galpão, terreno, lote, box, quiosque, container, | - Desde que a área utilizada não ultrapasse 1.250m² (mil duzentos e cinquenta metros quadrados).",BAIXO A
4618-4/01,"Representantes comerciais e agentes do comércio de medicamentos, cosméticos e produtos de perfumaria","-- Desde que seja escritório da empresa | - Desde que não esteja em imóvel residencial (casa, apartamento), galpão, terreno, lote, box, quiosque, container, | - Desde que a área utilizada não ultrapasse 1.250m² (mil duzentos e cinquenta metros quadrados).",BAIXO A
4618-4/02,Representantes comerciais e agentes do comércio de instrumentos e materiais odonto- médico-hospitalares,"-- Desde que seja escritório da empresa | - Desde que não esteja em imóvel residencial (casa, apartamento), galpão, terreno, lote, box, quiosque, container, | - Desde que a área utilizada não ultrapasse 1.250m² (mil duzentos e cinquenta metros quadrados).",BAIXO A
4618-4/03,"Representantes comerciais e agentes do comércio de jornais, revistas e outras publicações","-- Desde que seja escritório da empresa | - Desde que não esteja em imóvel residencial (casa, apartamento), galpão, terreno, lote, box, quiosque, container, | - Desde que a área utilizada não ultrapasse 1.250m² (mil duzentos e cinquenta metros quadrados).",BAIXO A
4618-4/99,Outros representantes comerciais e agentes do comércio especializado em produtos não especificados anteriormente,"-- Desde que seja escritório da empresa | - Desde que não esteja em imóvel residencial (casa, apartamento), galpão, terreno, lote, box, quiosque, container, | - Desde que a área utilizada não ultrapasse 1.250m² (mil duzentos e cinquenta metros quadrados).",BAIXO A
4619-2/00,Representantes comerciais e agentes do comércio de mercadorias em geral não especializado,"-- Desde que seja escritório da empresa | - Desde que não esteja em imóvel residencial (casa, apartamento), galpão, terreno, lote, box, quiosque, container, | - Desde que a área utilizada não ultrapasse 1.250m² (mil duzentos e cinquenta metros quadrados).",BAIXO A
4637-1/07,"Comércio atacadista de chocolates, confeitos, balas, bombons e semelhantes","- Desde que seja escritório da empresa | - Desde que não esteja em imóvel residencial (casa, apartamento), galpão, terreno, lote, box, quiosque, container, | - Desde que a área utilizada não ultrapasse 1.250m² (mil duzentos e cinquenta metros quadrados)",BAIXO A
4641-9/01,Comércio atacadista de tecidos,"- Desde que seja escritório da empresa | - Desde que não esteja em imóvel residencial (casa, apartamento), galpão, terreno, lote, box, quiosque, container, | - Desde que a área utilizada não ultrapasse 1.250m² (mil duzentos e cinquenta metros quadrados)",BAIXO A
4641-9/02,"Comércio atacadista de artigos de cama, mesa e banho","- Desde que seja escritório da empresa | - Desde que não esteja em imóvel residencial (casa, apartamento), galpão, terreno, lote, box, quiosque, container, | - Desde que a área utilizada não ultrapasse 1.250m² (mil duzentos e cinquenta metros quadrados)",BAIXO A
4641-9/03,Comércio atacadista de artigos de armarinho,"- Desde que seja escritório da empresa | - Desde que não esteja em imóvel residencial (casa, apartamento), galpão, terreno, lote, box, quiosque, container, | - Desde que a área utilizada não ultrapasse 1.250m² (mil duzentos e cinquenta metros quadrados)",BAIXO A
4642-7/01,"Comércio atacadista de artigos do vestuário e acessórios, exceto profissionais e de segurança","- Desde que seja escritório da empresa | - Desde que não esteja em imóvel residencial (casa, apartamento), galpão, terreno, lote, box, quiosque, container, | - Desde que a área utilizada não ultrapasse 1.250m² (mil duzentos e cinquenta metros quadrados)",BAIXO A
4642-7/02,Comércio atacadista de roupas e acessórios para uso profissional e de segurança do trabalho,"-- Desde que seja escritório da empresa | - Desde que não esteja em imóvel residencial (casa, apartamento), galpão, terreno, lote, box, quiosque, container, | - Desde que a área utilizada não ultrapasse 1.250m² (mil duzentos e cinquenta metros quadrados).",BAIXO A
4643-5/01,Comércio atacadista de calçados,"-- Desde que seja escritório da empresa | - Desde que não esteja em imóvel residencial (casa, apartamento), galpão, terreno, lote, box, quiosque, container, | - Desde que a área utilizada não ultrapasse 1.250m² (mil duzentos e cinquenta metros quadrados).",BAIXO A
4643-5/02,"Comércio atacadista de bolsas, malas e artigos de viagem","-- Desde que seja escritório da empresa | - Desde que não esteja em imóvel residencial (casa, apartamento), galpão, terreno, lote, box, quiosque, container, | - Desde que a área utilizada não ultrapasse 1.250m² (mil duzentos e cinquenta metros quadrados).",BAIXO A
4644-3/02,Comércio atacadista de medicamentos e drogas de uso veterinário,"- Desde que seja escritório da empresa | - Desde que não esteja em imóvel residencial (casa, apartamento), galpão, terreno, lote, box, quiosque, container, | - Desde que a área utilizada não ultrapasse 1.250m² (setecentos e cinquenta metros quadrados) Desde que seja o escritório da empresa ou local para comercialização.",BAIXO A
4647-8/01,Comércio atacadista de artigos de escritório e de papelaria,"- - Desde que seja escritório da empresa | - Desde que não esteja em imóvel residencial (casa, apartamento), galpão, terreno, lote, box, quiosque, container, | - Desde que a área utilizada não ultrapasse 1.250m² (mil duzentos e cinquenta metros quadrados).",BAIXO A
4647-8/02,"Comércio atacadista de livros, jornais e outras publicações","- - Desde que seja escritório da empresa | - Desde que não esteja em imóvel residencial (casa, apartamento), galpão, terreno, lote, box, quiosque, container, | - Desde que a área utilizada não ultrapasse 1.250m² (mil duzentos e cinquenta metros quadrados).",BAIXO A
4649-4/01,Comércio atacadista de equipamentos elétricos de uso pessoal e doméstico,"- - Desde que seja escritório da empresa | - Desde que não esteja em imóvel residencial (casa, apartamento), galpão, terreno, lote, box, quiosque, container, | - Desde que a área utilizada não ultrapasse 1.250m² (mil duzentos e cinquenta metros quadrados).",BAIXO A
4649-4/03,"Comércio atacadista de bicicletas, triciclos e outros veículos recreativos","- - Desde que seja escritório da empresa | - Desde que não esteja em imóvel residencial (casa, apartamento), galpão, terreno, lote, box, quiosque, container, | - Desde que a área utilizada não ultrapasse 1.250m² (mil duzentos e cinquenta metros quadrados).",BAIXO A
4649-4/04,Comércio atacadista de móveis e artigos de colchoaria,"- - Desde que seja escritório da empresa | - Desde que não esteja em imóvel residencial (casa, apartamento), galpão, terreno, lote, box, quiosque, container, | - Desde que a área utilizada não ultrapasse 1.250m² (mil duzentos e cinquenta metros quadrados).",BAIXO A
4649-4/05,Comércio atacadista de artigos de tapeçaria; persianas e cortinas,"- - Desde que seja escritório da empresa | - Desde que não esteja em imóvel residencial (casa, apartamento), galpão, terreno, lote, box, quiosque, container, | - Desde que a área utilizada não ultrapasse 1.250m² (mil duzentos e cinquenta metros quadrados).",BAIXO A
4649-4/06,"Comércio atacadista de lustres, luminárias e abajures","- - Desde que seja escritório da empresa | - Desde que não esteja em imóvel residencial (casa, apartamento), galpão, terreno, lote, box, quiosque, container, | - Desde que a área utilizada não ultrapasse 1.250m² (mil duzentos e cinquenta metros quadrados).",BAIXO A
4649-4/07,"Comércio atacadista de filmes, CDs, DVDs, fitas e discos","- - Desde que seja escritório da empresa | - Desde que não esteja em imóvel residencial (casa, apartamento), galpão, terreno, lote, box, quiosque, container, | - Desde que a área utilizada não ultrapasse 1.250m² (mil duzentos e cinquenta metros quadrados).",BAIXO A
4649-4/10,"Comércio atacadista de jóias, relógios e bijuterias, inclusive pedras preciosas e semipreciosas lapidadas","- - Desde que seja escritório da empresa | - Desde que não esteja em imóvel residencial (casa, apartamento), galpão, terreno, lote, box, quiosque, container, | - Desde que a área utilizada não ultrapasse 1.250m² (mil duzentos e cinquenta metros quadrados).",BAIXO A
4651-6/01,Comércio atacadista de equipamentos de informática,"- - Desde que seja escritório da empresa | - Desde que não esteja em imóvel residencial (casa, apartamento), galpão, terreno, lote, box, quiosque, container, | - Desde que a área utilizada não ultrapasse 1.250m² (mil duzentos e cinquenta metros quadrados).",BAIXO A
4651-6/02,Comércio atacadista de suprimentos para informática,"- - Desde que seja escritório da empresa | - Desde que não esteja em imóvel residencial (casa, apartamento), galpão, terreno, lote, box, quiosque, container, | - Desde que a área utilizada não ultrapasse 1.250m² (mil duzentos e cinquenta metros quadrados).",BAIXO A
4652-4/00,Comércio atacadista de componentes eletrônicos e equipamentos de telefonia e comunicação,"- - Desde que seja escritório da empresa | - Desde que não esteja em imóvel residencial (casa, apartamento), galpão, terreno, lote, box, quiosque, container, | - Desde que a área utilizada não ultrapasse 1.250m² (mil duzentos e cinquenta metros quadrados).",BAIXO A
4686-9/01,Comércio atacadista de papel e papelão em bruto,"- - Desde que seja escritório da empresa | - Desde que não esteja em imóvel residencial (casa, apartamento), galpão, terreno, lote, box, quiosque, container, | - Desde que a área utilizada não ultrapasse 1.250m² (mil duzentos e cinquenta metros quadrados).",BAIXO A
4686-9/02,Comércio atacadista de embalagens,"- - Desde que seja escritório da empresa | - Desde que não esteja em imóvel residencial (casa, apartamento), galpão, terreno, lote, box, quiosque, container, | - Desde que a área utilizada não ultrapasse 1.250m² (mil duzentos e cinquenta metros quadrados).",BAIXO A
4687-7/01,Comércio atacadista de resíduos de papel e papelão,"- - Desde que seja escritório da empresa | - Desde que não esteja em imóvel residencial (casa, apartamento), galpão, terreno, lote, box, quiosque, container, | - Desde que a área utilizada não ultrapasse 1.250m² (mil duzentos e cinquenta metros quadrados).",BAIXO A
4687-7/03,Comércio atacadista de resíduos e sucatas metálicos,"- - Desde que seja escritório da empresa | - Desde que não esteja em imóvel residencial (casa, apartamento), galpão, terreno, lote, box, quiosque, container, | - Desde que a área utilizada não ultrapasse 1.250m² (mil duzentos e cinquenta metros quadrados).",BAIXO A
4689-3/02,Comércio atacadista de fios e fibras beneficiados,"- - Desde que seja escritório da empresa | - Desde que não esteja em imóvel residencial (casa, apartamento), galpão, terreno, lote, box, quiosque, container, | - Desde que a área utilizada não ultrapasse 1.250m² (mil duzentos e cinquenta metros quadrados).",BAIXO A
4692-3/00,"Comércio atacadista de mercadorias em geral, com predominância de insumos agropecuários","- - Desde que seja escritório da empresa | - Desde que não esteja em imóvel residencial (casa, apartamento), galpão, terreno, lote, box, quiosque, container, | - Desde que a área utilizada não ultrapasse 1.250m² (mil duzentos e cinquenta metros quadrados).",BAIXO A
4713-0/02,"Lojas de variedades, exceto lojas de departamentos ou magazines","- - Desde que seja escritório da empresa | - Desde que não esteja em imóvel residencial (casa, apartamento), galpão, terreno, lote, box, quiosque, container, | - Desde que a área utilizada não ultrapasse 1.250m² (mil duzentos e cinquenta metros quadrados).",BAIXO A
4713-0/04,"Lojas de departamentos ou magazines, exceto lojas francas (Duty free)","- - Desde que seja escritório da empresa | - Desde que não esteja em imóvel residencial (casa, apartamento), galpão, terreno, lote, box, quiosque, container, | - Desde que a área utilizada não ultrapasse 1.250m² (mil duzentos e cinquenta metros quadrados).",BAIXO A
4713-0/05,"Lojas francas (Duty Free) de aeroportos, portos e em fronteiras terrestres","- - Desde que seja escritório da empresa | - Desde que não esteja em imóvel residencial (casa, apartamento), galpão, terreno, lote, box, quiosque, container, | - Desde que a área utilizada não ultrapasse 1.250m² (mil duzentos e cinquenta metros quadrados).",BAIXO A
4741-5/00,Comércio varejista de tintas e materiais para pintura,"- - Desde que seja escritório da empresa | - Desde que não esteja em imóvel residencial (casa, apartamento), galpão, terreno, lote, box, quiosque, container, | - Desde que a área utilizada não ultrapasse 1.250m² (mil duzentos e cinquenta metros quadrados).",BAIXO A
4742-3/00,Comércio varejista de material elétrico,"- - Desde que seja escritório da empresa | - Desde que não esteja em imóvel residencial (casa, apartamento), galpão, terreno, lote, box, quiosque, container, | - Desde que a área utilizada não ultrapasse 1.250m² (mil duzentos e cinquenta metros quadrados).",BAIXO A
4743-1/00,Comércio varejista de vidros,"- - Desde que seja escritório da empresa | - Desde que não esteja em imóvel residencial (casa, apartamento), galpão, terreno, lote, box, quiosque, container, | - Desde que a área utilizada não ultrapasse 1.250m² (mil duzentos e cinquenta metros quadrados).",BAIXO A
4744-0/01,Comércio varejista de ferragens e ferramentas,"- - Desde que seja escritório da empresa | - Desde que não esteja em imóvel residencial (casa, apartamento), galpão, terreno, lote, box, quiosque, container, | - Desde que a área utilizada não ultrapasse 1.250m² (mil duzentos e cinquenta metros quadrados).",BAIXO A
4744-0/03,Comércio varejista de materiais hidráulicos,"- - Desde que seja escritório da empresa | - Desde que não esteja em imóvel residencial (casa, apartamento), galpão, terreno, lote, box, quiosque, container, | - Desde que a área utilizada não ultrapasse 1.250m² (mil duzentos e cinquenta metros quadrados).",BAIXO A
4744-0/06,Comércio varejista de pedras para revestimento,"- - Desde que seja escritório da empresa | - Desde que não esteja em imóvel residencial (casa, apartamento), galpão, terreno, lote, box, quiosque, container, | - Desde que a área utilizada não ultrapasse 1.250m² (mil duzentos e cinquenta metros quadrados).",BAIXO A
4744-0/99,Comércio varejista de materiais de construção em geral,"- - Desde que seja escritório da empresa | - Desde que não esteja em imóvel residencial (casa, apartamento), galpão, terreno, lote, box, quiosque, container, | - Desde que a área utilizada não ultrapasse 1.250m² (mil duzentos e cinquenta metros quadrados).",BAIXO A
4751-2/01,Comércio varejista especializado de equipamentos e suprimentos de informática,"- - Desde que seja escritório da empresa | - Desde que não esteja em imóvel residencial (casa, apartamento), galpão, terreno, lote, box, quiosque, container, | - Desde que a área utilizada não ultrapasse 1.250m² (mil duzentos e cinquenta metros quadrados).",BAIXO A
4751-2/02,Recarga de cartuchos para equipamentos de informática,"- - Desde que seja escritório da empresa | - Desde que não esteja em imóvel residencial (casa, apartamento), galpão, terreno, lote, box, quiosque, container, | - Desde que a área utilizada não ultrapasse 1.250m² (mil duzentos e cinquenta metros quadrados).",BAIXO A
4752-1/00,Comércio varejista especializado de equipamentos de telefonia e comunicação,"- - Desde que seja escritório da empresa | - Desde que não esteja em imóvel residencial (casa, apartamento), galpão, terreno, lote, box, quiosque, container, | - Desde que a área utilizada não ultrapasse 1.250m² (mil duzentos e cinquenta metros quadrados).",BAIXO A
4753-9/00,Comércio varejista especializado de eletrodomésticos e equipamentos de áudio e vídeo,"- - Desde que seja escritório da empresa | - Desde que não esteja em imóvel residencial (casa, apartamento), galpão, terreno, lote, box, quiosque, container, | - Desde que a área utilizada não ultrapasse 1.250m² (mil duzentos e cinquenta metros quadrados).",BAIXO A
4754-7/01,Comércio varejista de móveis,"- - Desde que seja escritório da empresa | - Desde que não esteja em imóvel residencial (casa, apartamento), galpão, terreno, lote, box, quiosque, container, | - Desde que a área utilizada não ultrapasse 1.250m² (mil duzentos e cinquenta metros quadrados).",BAIXO A
4754-7/02,Comércio varejista de artigos de colchoaria,"- - Desde que seja escritório da empresa | - Desde que não esteja em imóvel residencial (casa, apartamento), galpão, terreno, lote, box, quiosque, container, | - Desde que a área utilizada não ultrapasse 1.250m² (mil duzentos e cinquenta metros quadrados).",BAIXO A
4754-7/03,Comércio varejista de artigos de iluminação,"- - Desde que seja escritório da empresa | - Desde que não esteja em imóvel residencial (casa, apartamento), galpão, terreno, lote, box, quiosque, container, | - Desde que a área utilizada não ultrapasse 1.250m² (mil duzentos e cinquenta metros quadrados).",BAIXO A
4755-5/01,Comércio varejista de tecidos,"- - Desde que seja escritório da empresa | - Desde que não esteja em imóvel residencial (casa, apartamento), galpão, terreno, lote, box, quiosque, container, | - Desde que a área utilizada não ultrapasse 1.250m² (mil duzentos e cinquenta metros quadrados).",BAIXO A
4755-5/02,Comercio varejista de artigos de armarinho,"- - Desde que seja escritório da empresa | - Desde que não esteja em imóvel residencial (casa, apartamento), galpão, terreno, lote, box, quiosque, container, | - Desde que a área utilizada não ultrapasse 1.250m² (mil duzentos e cinquenta metros quadrados).",BAIXO A
4755-5/03,"Comercio varejista de artigos de cama, mesa e banho","- - Desde que seja escritório da empresa | - Desde que não esteja em imóvel residencial (casa, apartamento), galpão, terreno, lote, box, quiosque, container, | - Desde que a área utilizada não ultrapasse 1.250m² (mil duzentos e cinquenta metros quadrados).",BAIXO A
4756-3/00,Comércio varejista especializado de instrumentos musicais e acessórios,"- - Desde que seja escritório da empresa | - Desde que não esteja em imóvel residencial (casa, apartamento), galpão, terreno, lote, box, quiosque, container, | - Desde que a área utilizada não ultrapasse 1.250m² (mil duzentos e cinquenta metros quadrados).",BAIXO A
4757-1/00,"Comércio varejista especializado de peças e acessórios para aparelhos eletroeletrônicos para uso doméstico, exceto informática e comunicação","- - Desde que seja escritório da empresa | - Desde que não esteja em imóvel residencial (casa, apartamento), galpão, terreno, lote, box, quiosque, container, | - Desde que a área utilizada não ultrapasse 1.250m² (mil duzentos e cinquenta metros quadrados).",BAIXO A
4759-8/01,"Comércio varejista de artigos de tapeçaria, cortinas e persianas","- - Desde que seja escritório da empresa | - Desde que não esteja em imóvel residencial (casa, apartamento), galpão, terreno, lote, box, quiosque, container, | - Desde que a área utilizada não ultrapasse 1.250m² (mil duzentos e cinquenta metros quadrados).",BAIXO A
4759-8/99,Comércio varejista de outros artigos de uso doméstico não especificados anteriormente,"- - Desde que seja escritório da empresa | - Desde que não esteja em imóvel residencial (casa, apartamento), galpão, terreno, lote, box, quiosque, container, | - Desde que a área utilizada não ultrapasse 1.250m² (mil duzentos e cinquenta metros quadrados).",BAIXO A
4761-0/01,Comércio varejista de livros,"- - Desde que seja escritório da empresa | - Desde que não esteja em imóvel residencial (casa, apartamento), galpão, terreno, lote, box, quiosque, container, | - Desde que a área utilizada não ultrapasse 1.250m² (mil duzentos e cinquenta metros quadrados).",BAIXO A
4761-0/02,Comércio varejista de jornais e revistas,"- - Desde que seja escritório da empresa | - Desde que não esteja em imóvel residencial (casa, apartamento), galpão, terreno, lote, box, quiosque, container, | - Desde que a área utilizada não ultrapasse 1.250m² (mil duzentos e cinquenta metros quadrados).",BAIXO A
4761-0/03,Comércio varejista de artigos de papelaria,"- - Desde que seja escritório da empresa | - Desde que não esteja em imóvel residencial (casa, apartamento), galpão, terreno, lote, box, quiosque, container, | - Desde que a área utilizada não ultrapasse 1.250m² (mil duzentos e cinquenta metros quadrados).",BAIXO A
4762-8/00,"Comércio varejista de discos, CDs, DVDs e fitas","- - Desde que seja escritório da empresa | - Desde que não esteja em imóvel residencial (casa, apartamento), galpão, terreno, lote, box, quiosque, container, | - Desde que a área utilizada não ultrapasse 1.250m² (mil duzentos e cinquenta metros quadrados).",BAIXO A
4763-6/01,Comércio varejista de brinquedos e artigos recreativos,"- - Desde que seja escritório da empresa | - Desde que não esteja em imóvel residencial (casa, apartamento), galpão, terreno, lote, box, quiosque, container, | - Desde que a área utilizada não ultrapasse 1.250m² (mil duzentos e cinquenta metros quadrados).",BAIXO A
4763-6/02,Comércio varejista de artigos esportivos,"- - Desde que seja escritório da empresa | - Desde que não esteja em imóvel residencial (casa, apartamento), galpão, terreno, lote, box, quiosque, container, | - Desde que a área utilizada não ultrapasse 1.250m² (mil duzentos e cinquenta metros quadrados).",BAIXO A
4763-6/03,Comércio varejista de bicicletas e triciclos; peças e acessórios,"- - Desde que seja escritório da empresa | - Desde que não esteja em imóvel residencial (casa, apartamento), galpão, terreno, lote, box, quiosque, container, | - Desde que a área utilizada não ultrapasse 1.250m² (mil duzentos e cinquenta metros quadrados).",BAIXO A
4763-6/04,"Comércio varejista de artigos de caça, pesca e camping","- - Desde que seja escritório da empresa | - Desde que não esteja em imóvel residencial (casa, apartamento), galpão, terreno, lote, box, quiosque, container, | - Desde que a área utilizada não ultrapasse 1.250m² (mil duzentos e cinquenta metros quadrados).",BAIXO A
4763-6/05,Comércio varejista de embarcações e outros veículos recreativos; peças e acessórios,"- - Desde que seja escritório da empresa | - Desde que não esteja em imóvel residencial (casa, apartamento), galpão, terreno, lote, box, quiosque, container, | - Desde que a área utilizada não ultrapasse 1.250m² (mil duzentos e cinquenta metros quadrados).",BAIXO A
4771-7/04,Comércio varejista de medicamentos veterinários,"- - Desde que seja escritório da empresa | - Desde que não esteja em imóvel residencial (casa, apartamento), galpão, terreno, lote, box, quiosque, container, | - Desde que a área utilizada não ultrapasse 1.250m² (mil duzentos e cinquenta metros quadrados).",BAIXO A
4772-5/00,"Comércio varejista de cosméticos, produtos de perfumaria e de higiene pessoal","- Desde que não esteja em imóvel residencial (casa, apartamento), galpão, terreno, lote, box, quiosque, container, | - Desde que a área utilizada não ultrapasse 1.250m² (mil duzentos e cinquenta metros quadrados).",BAIXO A
4781-4/00,Comércio varejista de artigos do vestuário e acessórios,"- - Desde que seja escritório da empresa | - Desde que não esteja em imóvel residencial (casa, apartamento), galpão, terreno, lote, box, quiosque, container, | - Desde que a área utilizada não ultrapasse 1.250m² (mil duzentos e cinquenta metros quadrados).",BAIXO A
4782-2/01,Comércio varejista de calçados,"- - Desde que seja escritório da empresa | - Desde que não esteja em imóvel residencial (casa, apartamento), galpão, terreno, lote, box, quiosque, container, | - Desde que a área utilizada não ultrapasse 1.250m² (mil duzentos e cinquenta metros quadrados).",BAIXO A
4782-2/02,Comércio varejista de artigos de viagem,"- - Desde que seja escritório da empresa | - Desde que não esteja em imóvel residencial (casa, apartamento), galpão, terreno, lote, box, quiosque, container, | - Desde que a área utilizada não ultrapasse 1.250m² (mil duzentos e cinquenta metros quadrados).",BAIXO A
4783-1/01,Comércio varejista de artigos de joalheria,"- - Desde que seja escritório da empresa | - Desde que não esteja em imóvel residencial (casa, apartamento), galpão, terreno, lote, box, quiosque, container, | - Desde que a área utilizada não ultrapasse 1.250m² (mil duzentos e cinquenta metros quadrados).",BAIXO A
4783-1/02,Comércio varejista de artigos de relojoaria,"- - Desde que seja escritório da empresa | - Desde que não esteja em imóvel residencial (casa, apartamento), galpão, terreno, lote, box, quiosque, container, | - Desde que a área utilizada não ultrapasse 1.250m² (mil duzentos e cinquenta metros quadrados).",BAIXO A
4785-7/01,Comércio varejista de antiguidades,"- - Desde que seja escritório da empresa | - Desde que não esteja em imóvel residencial (casa, apartamento), galpão, terreno, lote, box, quiosque, container, | - Desde que a área utilizada não ultrapasse 1.250m² (mil duzentos e cinquenta metros quadrados).",BAIXO A
4785-7/99,Comércio varejista de outros artigos usados,"- - Desde que seja escritório da empresa | - Desde que não esteja em imóvel residencial (casa, apartamento), galpão, terreno, lote, box, quiosque, container, | - Desde que a área utilizada não ultrapasse 1.250m² (mil duzentos e cinquenta metros quadrados).",BAIXO A
4789-0/01,"Comércio varejista de suvenires, bijuterias e artesanatos","- - Desde que seja escritório da empresa | - Desde que não esteja em imóvel residencial (casa, apartamento), galpão, terreno, lote, box, quiosque, container, | - Desde que a área utilizada não ultrapasse 1.250m² (mil duzentos e cinquenta metros quadrados).",BAIXO A
4789-0/02,Comércio varejista de plantas e flores naturais,"- - Desde que seja escritório da empresa | - Desde que não esteja em imóvel residencial (casa, apartamento), galpão, terreno, lote, box, quiosque, container, | - Desde que a área utilizada não ultrapasse 1.250m² (mil duzentos e cinquenta metros quadrados).",BAIXO A
4789-0/03,Comércio varejista de objetos de arte,"- - Desde que seja escritório da empresa | - Desde que não esteja em imóvel residencial (casa, apartamento), galpão, terreno, lote, box, quiosque, container, | - Desde que a área utilizada não ultrapasse 1.250m² (mil duzentos e cinquenta metros quadrados).",BAIXO A
4789-0/07,Comércio varejista de equipamentos para escritório,"- - Desde que seja escritório da empresa | - Desde que não esteja em imóvel residencial (casa, apartamento), galpão, terreno, lote, box, quiosque, container, | - Desde que a área utilizada não ultrapasse 1.250m² (mil duzentos e cinquenta metros quadrados).",BAIXO A
4789-0/08,Comércio varejista de artigos fotográficos e para filmagem,"- - Desde que seja escritório da empresa | - Desde que não esteja em imóvel residencial (casa, apartamento), galpão, terreno, lote, box, quiosque, container, | - Desde que a área utilizada não ultrapasse 1.250m² (mil duzentos e cinquenta metros quadrados).",BAIXO A
4924-8/00,Transporte escolar,"- - Desde que seja escritório da empresa | - Desde que não esteja em imóvel residencial (casa, apartamento), galpão, terreno, lote, box, quiosque, container, | - Desde que a área utilizada não ultrapasse 1.250m² (mil duzentos e cinquenta metros quadrados).",BAIXO A
4929-9/03,"Organização de excursões em veículos rodoviários próprios, municipal","- - Desde que seja escritório da empresa | - Desde que não esteja em imóvel residencial (casa, apartamento), galpão, terreno, lote, box, quiosque, container, | - Desde que a área utilizada não ultrapasse 1.250m² (mil duzentos e cinquenta metros quadrados).",BAIXO A
4929-9/04,"Organização de excursões em veículos rodoviários próprios, intermunicipal, interestadual e internacional","- - Desde que seja escritório da empresa | - Desde que não esteja em imóvel residencial (casa, apartamento), galpão, terreno, lote, box, quiosque, container, | - Desde que a área utilizada não ultrapasse 1.250m² (mil duzentos e cinquenta metros quadrados).",BAIXO A
4940-0/00,Transporte dutoviário,"- - Desde que seja escritório da empresa | - Desde que não esteja em imóvel residencial (casa, apartamento), galpão, terreno, lote, box, quiosque, container, | - Desde que a área utilizada não ultrapasse 1.250m² (mil duzentos e cinquenta metros quadrados).",BAIXO A
4950-7/00,"Trens turísticos, teleféricos e similares","- - Desde que seja escritório da empresa | - Desde que não esteja em imóvel residencial (casa, apartamento), galpão, terreno, lote, box, quiosque, container, | - Desde que a área utilizada não ultrapasse 1.250m² (mil duzentos e cinquenta metros quadrados).",BAIXO A
5011-4/01,Transporte marítimo de cabotagem - Carga,"- - Desde que seja escritório da empresa | - Desde que não esteja em imóvel residencial (casa, apartamento), galpão, terreno, lote, box, quiosque, container, | - Desde que a área utilizada não ultrapasse 1.250m² (mil duzentos e cinquenta metros quadrados).",BAIXO A
5011-4/02,Transporte marítimo de cabotagem - Passageiros,"- - Desde que seja escritório da empresa | - Desde que não esteja em imóvel residencial (casa, apartamento), galpão, terreno, lote, box, quiosque, container, | - Desde que a área utilizada não ultrapasse 1.250m² (mil duzentos e cinquenta metros quadrados).",BAIXO A
5012-2/01,Transporte marítimo de longo curso - Carga,"- - Desde que seja escritório da empresa | - Desde que não esteja em imóvel residencial (casa, apartamento), galpão, terreno, lote, box, quiosque, container, | - Desde que a área utilizada não ultrapasse 1.250m² (mil duzentos e cinquenta metros quadrados).",BAIXO A
5012-2/02,Transporte marítimo de longo curso - Passageiros,"- - Desde que seja escritório da empresa | - Desde que não esteja em imóvel residencial (casa, apartamento), galpão, terreno, lote, box, quiosque, container, | - Desde que a área utilizada não ultrapasse 1.250m² (mil duzentos e cinquenta metros quadrados).",BAIXO A
5021-1/01,"Transporte por navegação interior de carga, municipal, exceto travessia","- - Desde que seja escritório da empresa | - Desde que não esteja em imóvel residencial (casa, apartamento), galpão, terreno, lote, box, quiosque, container, | - Desde que a área utilizada não ultrapasse 1.250m² (mil duzentos e cinquenta metros quadrados).",BAIXO A
5021-1/02,"Transporte por navegação interior de carga, intermunicipal, interestadual e internacional, exceto travessia","- - Desde que seja escritório da empresa | - Desde que não esteja em imóvel residencial (casa, apartamento), galpão, terreno, lote, box, quiosque, container, | - Desde que a área utilizada não ultrapasse 1.250m² (mil duzentos e cinquenta metros quadrados).",BAIXO A
5022-0/01,"Transporte por navegação interior de passageiros em linhas regulares, municipal, exceto travessia","- - Desde que seja escritório da empresa | - Desde que não esteja em imóvel residencial (casa, apartamento), galpão, terreno, lote, box, quiosque, container, | - Desde que a área utilizada não ultrapasse 1.250m² (mil duzentos e cinquenta metros quadrados).",BAIXO A
5022-0/02,"Transporte por navegação interior de passageiros em linhas regulares, intermunicipal, interestadual e internacional, exceto travessia","- - Desde que seja escritório da empresa | - Desde que não esteja em imóvel residencial (casa, apartamento), galpão, terreno, lote, box, quiosque, container, | - Desde que a área utilizada não ultrapasse 1.250m² (mil duzentos e cinquenta metros quadrados).",BAIXO A
5030-1/01,Navegação de apoio marítimo,"- - Desde que seja escritório da empresa | - Desde que não esteja em imóvel residencial (casa, apartamento), galpão, terreno, lote, box, quiosque, container, | - Desde que a área utilizada não ultrapasse 1.250m² (mil duzentos e cinquenta metros quadrados).",BAIXO A
5030-1/02,Navegação de apoio portuário,"- - Desde que seja escritório da empresa | - Desde que não esteja em imóvel residencial (casa, apartamento), galpão, terreno, lote, box, quiosque, container, | - Desde que a área utilizada não ultrapasse 1.250m² (mil duzentos e cinquenta metros quadrados).",BAIXO A
5030-1/03,Serviço de rebocadores e empurradores,"- - Desde que seja escritório da empresa | - Desde que não esteja em imóvel residencial (casa, apartamento), galpão, terreno, lote, box, quiosque, container, | - Desde que a área utilizada não ultrapasse 1.250m² (mil duzentos e cinquenta metros quadrados).",BAIXO A
5091-2/01,"Transporte por navegação de travessia, municipal","- - Desde que seja escritório da empresa | - Desde que não esteja em imóvel residencial (casa, apartamento), galpão, terreno, lote, box, quiosque, container, | - Desde que a área utilizada não ultrapasse 1.250m² (mil duzentos e cinquenta metros quadrados).",BAIXO A
5091-2/02,"Transporte por navegação de travessia, intermunicipal, interestadual e internacional","- - Desde que seja escritório da empresa | - Desde que não esteja em imóvel residencial (casa, apartamento), galpão, terreno, lote, box, quiosque, container, | - Desde que a área utilizada não ultrapasse 1.250m² (mil duzentos e cinquenta metros quadrados).",BAIXO A
5099-8/01,Transporte aquaviário para passeios turísticos,"- - Desde que seja escritório da empresa | - Desde que não esteja em imóvel residencial (casa, apartamento), galpão, terreno, lote, box, quiosque, container, | - Desde que a área utilizada não ultrapasse 1.250m² (mil duzentos e cinquenta metros quadrados).",BAIXO A
5099-8/99,Outros transportes aquaviários não especificados anteriormente,"- - Desde que seja escritório da empresa | - Desde que não esteja em imóvel residencial (casa, apartamento), galpão, terreno, lote, box, quiosque, container, | - Desde que a área utilizada não ultrapasse 1.250m² (mil duzentos e cinquenta metros quadrados).",BAIXO A
5111-1/00,Transporte aéreo de passageiros regular,"- - Desde que seja escritório da empresa | - Desde que não esteja em imóvel residencial (casa, apartamento), galpão, terreno, lote, box, quiosque, container, | - Desde que a área utilizada não ultrapasse 1.250m² (mil duzentos e cinquenta metros quadrados).",BAIXO A
5112-9/01,Serviço de táxi aéreo e locação de aeronaves com tripulação,"- - Desde que seja escritório da empresa | - Desde que não esteja em imóvel residencial (casa, apartamento), galpão, terreno, lote, box, quiosque, container, | - Desde que a área utilizada não ultrapasse 1.250m² (mil duzentos e cinquenta metros quadrados).",BAIXO A
5112-9/99,Outros serviços de transporte aéreo de passageiros não regular,"- - Desde que seja escritório da empresa | - Desde que não esteja em imóvel residencial (casa, apartamento), galpão, terreno, lote, box, quiosque, container, | - Desde que a área utilizada não ultrapasse 1.250m² (mil duzentos e cinquenta metros quadrados).",BAIXO A
5120-0/00,Transporte aéreo de carga,"- - Desde que seja escritório da empresa | - Desde que não esteja em imóvel residencial (casa, apartamento), galpão, terreno, lote, box, quiosque, container, | - Desde que a área utilizada não ultrapasse 1.250m² (mil duzentos e cinquenta metros quadrados).",BAIXO A
5130-7/00,Transporte espacial,"- - Desde que seja escritório da empresa | - Desde que não esteja em imóvel residencial (casa, apartamento), galpão, terreno, lote, box, quiosque, container, | - Desde que a área utilizada não ultrapasse 1.250m² (mil duzentos e cinquenta metros quadrados).",BAIXO A
5229-0/01,"Serviços de apoio ao transporte por táxi, inclusive centrais de chamada","- - Desde que seja escritório da empresa | - Desde que não esteja em imóvel residencial (casa, apartamento), galpão, terreno, lote, box, quiosque, container, | - Desde que a área utilizada não ultrapasse 1.250m² (mil duzentos e cinquenta metros quadrados).",BAIXO A
5229-0/02,Serviços de reboque de veículos,"- - Desde que seja escritório da empresa | - Desde que não esteja em imóvel residencial (casa, apartamento), galpão, terreno, lote, box, quiosque, container, | - Desde que a área utilizada não ultrapasse 1.250m² (mil duzentos e cinquenta metros quadrados).",BAIXO A
5229-0/99,Outras atividades auxiliares dos transportes terrestres não especificadas anteriormente,"- - Desde que seja escritório da empresa | - Desde que não esteja em imóvel residencial (casa, apartamento), galpão, terreno, lote, box, quiosque, container, | - Desde que a área utilizada não ultrapasse 1.250m² (mil duzentos e cinquenta metros quadrados).",BAIXO A
5231-1/01,Administração da infraestrutura portuária,"- Desde que seja escritório da empresa | - Desde que não esteja em imóvel residencial (casa, apartamento), galpão, terreno, lote, box, quiosque, container, | - Desde que a área utilizada não ultrapasse 1.250m² (mil duzentos e cinquenta metros quadrados)",BAIXO A
5231-1/02,Atividades do Operador Portuário,"- Desde que seja escritório da empresa | - Desde que não esteja em imóvel residencial (casa, apartamento), galpão, terreno, lote, box, quiosque, container, | - Desde que a área utilizada não ultrapasse 1.250m² (mil duzentos e cinquenta metros quadrados)",BAIXO A
5231-1/03,Gestão de terminais aquaviários,"- Desde que seja escritório da empresa | - Desde que não esteja em imóvel residencial (casa, apartamento), galpão, terreno, lote, box, quiosque, container, | - Desde que a área utilizada não ultrapasse 1.250m² (mil duzentos e cinquenta metros quadrados)",BAIXO A
5232-0/00,Atividades de agenciamento marítimo,"- - Desde que seja escritório da empresa | - Desde que não esteja em imóvel residencial (casa, apartamento), galpão, terreno, lote, box, quiosque, container, | - Desde que a área utilizada não ultrapasse 1.250m² (mil duzentos e cinquenta metros quadrados).",BAIXO A
5239-7/01,Serviços de praticagem,"- - Desde que seja escritório da empresa | - Desde que não esteja em imóvel residencial (casa, apartamento), galpão, terreno, lote, box, quiosque, container, | - Desde que a área utilizada não ultrapasse 1.250m² (mil duzentos e cinquenta metros quadrados).",BAIXO A
5239-7/99,Atividades auxiliares dos transportes aquaviários não especificadas anteriormente,"- - Desde que seja escritório da empresa | - Desde que não esteja em imóvel residencial (casa, apartamento), galpão, terreno, lote, box, quiosque, container, | - Desde que a área utilizada não ultrapasse 1.250m² (mil duzentos e cinquenta metros quadrados).",BAIXO A
5240-1/01,Operação dos aeroportos e campos de aterrissagem,"- - Desde que seja escritório da empresa | - Desde que não esteja em imóvel residencial (casa, apartamento), galpão, terreno, lote, box, quiosque, container, | - Desde que a área utilizada não ultrapasse 1.250m² (mil duzentos e cinquenta metros quadrados).",BAIXO A
5250-8/04,Organização logística do transporte de carga,"- - Desde que seja escritório da empresa | - Desde que não esteja em imóvel residencial (casa, apartamento), galpão, terreno, lote, box, quiosque, container, | - Desde que a área utilizada não ultrapasse 1.250m² (mil duzentos e cinquenta metros quadrados).",BAIXO A
5590-6/03,Pensões (alojamento),"- Desde que seja escritório da empresa | - Desde que não esteja em imóvel residencial (casa, apartamento), galpão, terreno, lote, box, quiosque, container, | - Desde que a área utilizada não ultrapasse 1.250m² (setecentos e cinquenta metros quadrados)",BAIXO A
5612-1/00,Serviços ambulantes de alimentação,"SOMENTE quando for venda de alimentos preparados em máquinas de serviços automáticas; | - Desde que seja escritório da empresa | - Desde que não esteja em imóvel residencial (casa, apartamento), galpão, terreno, lote, box, quiosque, container, | - Desde que a área utilizada não ultrapasse 750m² (setecentos e cinquenta metros quadrados)",BAIXO A
5620-1/04,Fornecimento de alimentos preparados preponderantemente para consumo domiciliar,"- Desde que seja escritório da empresa | - Desde que não esteja em imóvel residencial (casa, apartamento), galpão, terreno, lote, box, quiosque, container, | - Desde que a área utilizada não ultrapasse 1.250m² (setecentos e cinquenta metros quadrados)",BAIXO A
5811-5/00,Edição de livros,"- Desde que seja escritório da empresa | - Desde que não esteja em imóvel residencial (casa, apartamento), galpão, terreno, lote, box, quiosque, container, | - Desde que a área utilizada não ultrapasse 1.250m² (mil duzentos e cinquenta metros quadrados).",BAIXO A
5812-3/01,Edição de jornais diários,"- Desde que seja escritório da empresa | - Desde que não esteja em imóvel residencial (casa, apartamento), galpão, terreno, lote, box, quiosque, container, | - Desde que a área utilizada não ultrapasse 1.250m² (mil duzentos e cinquenta metros quadrados).",BAIXO A
5812-3/02,Edição de jornais não diários,"- Desde que seja escritório da empresa | - Desde que não esteja em imóvel residencial (casa, apartamento), galpão, terreno, lote, box, quiosque, container, | - Desde que a área utilizada não ultrapasse 1.250m² (mil duzentos e cinquenta metros quadrados).",BAIXO A
5813-1/00,Edição de revistas,"- Desde que seja escritório da empresa | - Desde que não esteja em imóvel residencial (casa, apartamento), galpão, terreno, lote, box, quiosque, container, | - Desde que a área utilizada não ultrapasse 1.250m² (mil duzentos e cinquenta metros quadrados).",BAIXO A
5819-1/00,"Edição de cadastros, listas e outros produtos gráficos","- Desde que seja escritório da empresa | - Desde que não esteja em imóvel residencial (casa, apartamento), galpão, terreno, lote, box, quiosque, container, | - Desde que a área utilizada não ultrapasse 1.250m² (mil duzentos e cinquenta metros quadrados).",BAIXO A
5821-2/00,Edição integrada à impressão de livros,"- Desde que seja escritório da empresa | - Desde que não esteja em imóvel residencial (casa, apartamento), galpão, terreno, lote, box, quiosque, container, | - Desde que a área utilizada não ultrapasse 1.250m² (mil duzentos e cinquenta metros quadrados).",BAIXO A
5822-1/01,Edição integrada à impressão de jornais diários,"- Desde que seja escritório da empresa | - Desde que não esteja em imóvel residencial (casa, apartamento), galpão, terreno, lote, box, quiosque, container, | - Desde que a área utilizada não ultrapasse 1.250m² (mil duzentos e cinquenta metros quadrados).",BAIXO A
5822-1/02,Edição integrada à impressão de jornais não diários,"- Desde que seja escritório da empresa | - Desde que não esteja em imóvel residencial (casa, apartamento), galpão, terreno, lote, box, quiosque, container, | - Desde que a área utilizada não ultrapasse 1.250m² (mil duzentos e cinquenta metros quadrados).",BAIXO A
5823-9/00,Edição integrada à impressão de revistas,"- Desde que seja escritório da empresa | - Desde que não esteja em imóvel residencial (casa, apartamento), galpão, terreno, lote, box, quiosque, container, | - Desde que a área utilizada não ultrapasse 1.250m² (mil duzentos e cinquenta metros quadrados).",BAIXO A
5829-8/00,"Edição integrada à impressão de cadastros, listas e outros produtos gráficos","- Desde que seja escritório da empresa | - Desde que não esteja em imóvel residencial (casa, apartamento), galpão, terreno, lote, box, quiosque, container, | - Desde que a área utilizada não ultrapasse 1.250m² (mil duzentos e cinquenta metros quadrados).",BAIXO A
5911-1/02,Produção de filmes para publicidade,"- Desde que seja escritório da empresa | - Desde que não esteja em imóvel residencial (casa, apartamento), galpão, terreno, lote, box, quiosque, container, | - Desde que a área utilizada não ultrapasse 1.250m² (mil duzentos e cinquenta metros quadrados).",BAIXO A
5911-1/99,"Atividades de produção cinematográfica, de vídeos e de programas de televisão não especificadas anteriormente","- Desde que seja escritório da empresa | - Desde que não esteja em imóvel residencial (casa, apartamento), galpão, terreno, lote, box, quiosque, container, | - Desde que a área utilizada não ultrapasse 1.250m² (mil duzentos e cinquenta metros quadrados).",BAIXO A
5912-0/01,Serviços de dublagem,"- Desde que seja escritório da empresa | - Desde que não esteja em imóvel residencial (casa, apartamento), galpão, terreno, lote, box, quiosque, container, | - Desde que a área utilizada não ultrapasse 1.250m² (mil duzentos e cinquenta metros quadrados).",BAIXO A
5912-0/02,Serviços de mixagem sonora em produção audiovisual,"- Desde que seja escritório da empresa | - Desde que não esteja em imóvel residencial (casa, apartamento), galpão, terreno, lote, box, quiosque, container, | - Desde que a área utilizada não ultrapasse 1.250m² (mil duzentos e cinquenta metros quadrados).",BAIXO A
5912-0/99,"Atividades de pós- produção cinematográfica, de vídeos e de programas de televisão não especificadas anteriormente","- Desde que seja escritório da empresa | - Desde que não esteja em imóvel residencial (casa, apartamento), galpão, terreno, lote, box, quiosque, container, | - Desde que a área utilizada não ultrapasse 1.250m² (mil duzentos e cinquenta metros quadrados).",BAIXO A
5913-8/00,"Distribuição cinematográfica, de vídeo e de programas de televisão","- Desde que seja escritório da empresa | - Desde que não esteja em imóvel residencial (casa, apartamento), galpão, terreno, lote, box, quiosque, container, | - Desde que a área utilizada não ultrapasse 1.250m² (mil duzentos e cinquenta metros quadrados).",BAIXO A
5920-1/00,Atividades de gravação de som e de edição de música,"- Desde que seja escritório da empresa | - Desde que não esteja em imóvel residencial (casa, apartamento), galpão, terreno, lote, box, quiosque, container, | - Desde que a área utilizada não ultrapasse 1.250m² (mil duzentos e cinquenta metros quadrados).",BAIXO A
6010-1/00,Atividades de rádio,"- Desde que seja escritório da empresa | - Desde que não esteja em imóvel residencial (casa, apartamento), galpão, terreno, lote, box, quiosque, container, | - Desde que a área utilizada não ultrapasse 1.250m² (mil duzentos e cinquenta metros quadrados).",BAIXO A
6022-5/01,Programadoras,"- Desde que seja escritório da empresa | - Desde que não esteja em imóvel residencial (casa, apartamento), galpão, terreno, lote, box, quiosque, container, | - Desde que a área utilizada não ultrapasse 1.250m² (mil duzentos e cinquenta metros quadrados).",BAIXO A
6022-5/02,"Atividades relacionadas à televisão por assinatura, exceto programadoras","- Desde que seja escritório da empresa | - Desde que não esteja em imóvel residencial (casa, apartamento), galpão, terreno, lote, box, quiosque, container, | - Desde que a área utilizada não ultrapasse 1.250m² (mil duzentos e cinquenta metros quadrados).",BAIXO A
6110-8/01,Serviços de telefonia fixa comutada - STFC,"- Desde que seja escritório da empresa | - Desde que não esteja em imóvel residencial (casa, apartamento), galpão, terreno, lote, box, quiosque, container, | - Desde que a área utilizada não ultrapasse 1.250m² (mil duzentos e cinquenta metros quadrados).",BAIXO A
6110-8/02,Serviços de redes de transporte de telecomunicações - SRTT,"- Desde que seja escritório da empresa | - Desde que não esteja em imóvel residencial (casa, apartamento), galpão, terreno, lote, box, quiosque, container, | - Desde que a área utilizada não ultrapasse 1.250m² (mil duzentos e cinquenta metros quadrados).",BAIXO A
6110-8/03,Serviços de comunicação multimídia - SCM,"- Desde que seja escritório da empresa | - Desde que não esteja em imóvel residencial (casa, apartamento), galpão, terreno, lote, box, quiosque, container, | - Desde que a área utilizada não ultrapasse 1.250m² (mil duzentos e cinquenta metros quadrados).",BAIXO A
6110-8/99,Serviços de telecomunicações por fio não especificados anteriormente,"- Desde que seja escritório da empresa | - Desde que não esteja em imóvel residencial (casa, apartamento), galpão, terreno, lote, box, quiosque, container, | - Desde que a área utilizada não ultrapasse 1.250m² (mil duzentos e cinquenta metros quadrados)",BAIXO A
6120-5/01,Telefonia móvel celular,"- Desde que seja escritório da empresa | - Desde que não esteja em imóvel residencial (casa, apartamento), galpão, terreno, lote, box, quiosque, container, | - Desde que a área utilizada não ultrapasse 1.250m² (mil duzentos e cinquenta metros quadrados) | Desde que seja o escritório da empresa ou local para comercialização.",BAIXO A
6120-5/02,Serviço móvel especializado - SME,"- Desde que seja escritório da empresa | - Desde que não esteja em imóvel residencial (casa, apartamento), galpão, terreno, lote, box, quiosque, container, | - Desde que a área utilizada não ultrapasse 1.250m² (mil duzentos e cinquenta metros quadrados) | Desde que seja o escritório da empresa ou local para comercialização.",BAIXO A
6120-5/99,Serviços de telecomunicações sem fio não especificados anteriormente,"- Desde que seja escritório da empresa | - Desde que não esteja em imóvel residencial (casa, apartamento), galpão, terreno, lote, box, quiosque, container, | - Desde que a área utilizada não ultrapasse 1.250m² (mil duzentos e cinquenta metros quadrados) | Desde que seja o escritório da empresa ou local para comercialização.",BAIXO A
6130-2/00,Telecomunicações por satélite,"- Desde que seja escritório da empresa | - Desde que não esteja em imóvel residencial (casa, apartamento), galpão, terreno, lote, box, quiosque, container, | - Desde que a área utilizada não ultrapasse 1.250m² (mil duzentos e cinquenta metros quadrados).",BAIXO A
6141-8/00,Operadoras de televisão por assinatura por cabo,"- Desde que seja escritório da empresa | - Desde que não esteja em imóvel residencial (casa, apartamento), galpão, terreno, lote, box, quiosque, container, | - Desde que a área utilizada não ultrapasse 1.250m² (mil duzentos e cinquenta metros quadrados).",BAIXO A
6142-6/00,Operadoras de televisão por assinatura por micro- ondas,"- Desde que seja escritório da empresa | - Desde que não esteja em imóvel residencial (casa, apartamento), galpão, terreno, lote, box, quiosque, container, | - Desde que a área utilizada não ultrapasse 1.250m² (mil duzentos e cinquenta metros quadrados).",BAIXO A
6143-4/00,Operadoras de televisão por assinatura por satélite,"- Desde que seja escritório da empresa | - Desde que não esteja em imóvel residencial (casa, apartamento), galpão, terreno, lote, box, quiosque, container, | - Desde que a área utilizada não ultrapasse 1.250m² (mil duzentos e cinquenta metros quadrados).",BAIXO A
6190-6/01,Provedores de acesso às redes de comunicações,"- Desde que seja escritório da empresa | - Desde que não esteja em imóvel residencial (casa, apartamento), galpão, terreno, lote, box, quiosque, container, | - Desde que a área utilizada não ultrapasse 1.250m² (mil duzentos e cinquenta metros quadrados).",BAIXO A
6190-6/02,Provedores de voz sobre protocolo Internet - VOIP,"- Desde que seja escritório da empresa | - Desde que não esteja em imóvel residencial (casa, apartamento), galpão, terreno, lote, box, quiosque, container, | - Desde que a área utilizada não ultrapasse 1.250m² (mil duzentos e cinquenta metros quadrados).",BAIXO A
6190-6/99,Outras atividades de telecomunicações não especificadas anteriormente,"- Desde que seja escritório da empresa | - Desde que não esteja em imóvel residencial (casa, apartamento), galpão, terreno, lote, box, quiosque, container, | - Desde que a área utilizada não ultrapasse 1.250m² (mil duzentos e cinquenta metros quadrados).",BAIXO A
6201-5/01,Desenvolvimento de programas de computador sob encomenda,"Desde que não esteja em imóvel residencial (casa, apartamento)",BAIXO A
6201-5/02,Web desing,"Desde que não esteja em imóvel residencial (casa, apartamento)",BAIXO A
6202-3/00,Desenvolvimento e licenciamento de programas de computador customizáveis,"Desde que não esteja em imóvel residencial (casa, apartamento)",BAIXO A
6204-0/00,Consultoria em tecnologia da informação,"Desde que não esteja em imóvel residencial (casa, apartamento)",BAIXO A
6209-1/00,"Suporte técnico, manutenção e outros serviços em tecnologia da informação","Desde que não esteja em imóvel residencial (casa, apartamento)",BAIXO A
6311-9/00,"Tratamento de dados, provedores de serviços de aplicação e serviços de hospedagem na Internet","Desde que não esteja em imóvel residencial (casa, apartamento)",BAIXO A
6319-4/00,"Portais, provedores de conteúdo e outros serviços de informação na Internet","Desde que não esteja em imóvel residencial (casa, apartamento)",BAIXO A
6391-7/00,Agências de notícias,"Desde que não esteja em imóvel residencial (casa, apartamento)",BAIXO A
6399-2/00,Outras atividades de prestação de serviços de informação não especificadas anteriormente,"Desde que não esteja em imóvel residencial (casa, apartamento)",BAIXO A
6461-1/00,Holdings de instituições financeiras,"- Desde que seja escritório da empresa | - Desde que não esteja em imóvel residencial (casa, apartamento), galpão, terreno, lote, box, quiosque, container, | - Desde que a área utilizada não ultrapasse 1.250m² (mil duzentos e cinquenta metros quadrados).",BAIXO A
6462-0/00,Holdings de instituições não financeiras,"- Desde que seja escritório da empresa | - Desde que não esteja em imóvel residencial (casa, apartamento), galpão, terreno, lote, box, quiosque, container, | - Desde que a área utilizada não ultrapasse 1.250m² (mil duzentos e cinquenta metros quadrados).",BAIXO A
6463-8/00,"Outras sociedades de participação, exceto holdings","- Desde que seja escritório da empresa | - Desde que não esteja em imóvel residencial (casa, apartamento), galpão, terreno, lote, box, quiosque, container, | - Desde que a área utilizada não ultrapasse 1.250m² (mil duzentos e cinquenta metros quadrados).",BAIXO A
6493-0/00,Administração de consórcios para aquisição de bens e direitos,"- Desde que seja escritório da empresa | - Desde que não esteja em imóvel residencial (casa, apartamento), galpão, terreno, lote, box, quiosque, container, | - Desde que a área utilizada não ultrapasse 1.250m² (mil duzentos e cinquenta metros quadrados).",BAIXO A
6511-1/01,Sociedade seguradora de seguros vida,"- Desde que seja escritório da empresa | - Desde que não esteja em imóvel residencial (casa, apartamento), galpão, terreno, lote, box, quiosque, container, | - Desde que a área utilizada não ultrapasse 1.250m² (mil duzentos e cinquenta metros quadrados).",BAIXO A
6511-1/02,Planos de auxílio- funeral,"- Desde que seja escritório da empresa | - Desde que não esteja em imóvel residencial (casa, apartamento), galpão, terreno, lote, box, quiosque, container, | - Desde que a área utilizada não ultrapasse 1.250m² (mil duzentos e cinquenta metros quadrados).",BAIXO A
6512-0/00,Sociedade seguradora de seguros não vida,"- Desde que seja escritório da empresa | - Desde que não esteja em imóvel residencial (casa, apartamento), galpão, terreno, lote, box, quiosque, container, | - Desde que a área utilizada não ultrapasse 1.250m² (mil duzentos e cinquenta metros quadrados).",BAIXO A
6520-1/00,Sociedade seguradora de seguros-saúde,"- Desde que seja escritório da empresa | - Desde que não esteja em imóvel residencial (casa, apartamento), galpão, terreno, lote, box, quiosque, container, | - Desde que a área utilizada não ultrapasse 1.250m² (mil duzentos e cinquenta metros quadrados).",BAIXO A
6530-8/00,Resseguros,"- Desde que seja escritório da empresa | - Desde que não esteja em imóvel residencial (casa, apartamento), galpão, terreno, lote, box, quiosque, container, | - Desde que a área utilizada não ultrapasse 1.250m² (mil duzentos e cinquenta metros quadrados).",BAIXO A
6541-3/00,Previdência complementar fechada,"- Desde que seja escritório da empresa | - Desde que não esteja em imóvel residencial (casa, apartamento), galpão, terreno, lote, box, quiosque, container, | - Desde que a área utilizada não ultrapasse 1.250m² (mil duzentos e cinquenta metros quadrados).",BAIXO A
6542-1/00,Previdência complementar aberta,"- Desde que seja escritório da empresa | - Desde que não esteja em imóvel residencial (casa, apartamento), galpão, terreno, lote, box, quiosque, container, | - Desde que a área utilizada não ultrapasse 1.250m² (mil duzentos e cinquenta metros quadrados).",BAIXO A
6550-2/00,Planos de saúde,"- Desde que seja escritório da empresa | - Desde que não esteja em imóvel residencial (casa, apartamento), galpão, terreno, lote, box, quiosque, container, | - Desde que a área utilizada não ultrapasse 1.250m² (mil duzentos e cinquenta metros quadrados).",BAIXO A
6611-8/04,Administração de mercados de balcão organizados,"- Desde que seja escritório da empresa | - Desde que não esteja em imóvel residencial (casa, apartamento), galpão, terreno, lote, box, quiosque, container, | - Desde que a área utilizada não ultrapasse 1.250m² (mil duzentos e cinquenta metros quadrados).",BAIXO A
6612-6/03,Corretoras de câmbio,"- Desde que seja escritório da empresa | - Desde que não esteja em imóvel residencial (casa, apartamento), galpão, terreno, lote, box, quiosque, container, | - Desde que a área utilizada não ultrapasse 1.250m² (mil duzentos e cinquenta metros quadrados).",BAIXO A
6612-6/04,Corretoras de contratos de mercadorias,"- Desde que seja escritório da empresa | - Desde que não esteja em imóvel residencial (casa, apartamento), galpão, terreno, lote, box, quiosque, container, | - Desde que a área utilizada não ultrapasse 1.250m² (mil duzentos e cinquenta metros quadrados).",BAIXO A
6612-6/05,Agentes de investimentos em aplicações financeiras,"- Desde que seja escritório da empresa | - Desde que não esteja em imóvel residencial (casa, apartamento), galpão, terreno, lote, box, quiosque, container, | - Desde que a área utilizada não ultrapasse 1.250m² (mil duzentos e cinquenta metros quadrados).",BAIXO A
6619-3/04,Caixas eletrônicos,"- Desde que seja escritório da empresa | - Desde que não esteja em imóvel residencial (casa, apartamento), galpão, terreno, lote, box, quiosque, container, | - Desde que a área utilizada não ultrapasse 1.250m² (mil duzentos e cinquenta metros quadrados).",BAIXO A
6619-3/99,Outras atividades auxiliares dos serviços financeiros não especificadas anteriormente,"- Desde que seja escritório da empresa | - Desde que não esteja em imóvel residencial (casa, apartamento), galpão, terreno, lote, box, quiosque, container, | - Desde que a área utilizada não ultrapasse 1.250m² (mil duzentos e cinquenta metros quadrados).",BAIXO A
6621-5/01,Peritos e avaliadores de seguros,"- Desde que seja escritório da empresa | - Desde que não esteja em imóvel residencial (casa, apartamento), galpão, terreno, lote, box, quiosque, container, | - Desde que a área utilizada não ultrapasse 1.250m² (mil duzentos e cinquenta metros quadrados).",BAIXO A
6621-5/02,Auditoria e consultoria atuarial,"- Desde que seja escritório da empresa | - Desde que não esteja em imóvel residencial (casa, apartamento), galpão, terreno, lote, box, quiosque, container, | - Desde que a área utilizada não ultrapasse 1.250m² (mil duzentos e cinquenta metros quadrados).",BAIXO A
6622-3/00,"Corretores e agentes de seguros, de planos de previdência complementar e de saúde","- Desde que seja escritório da empresa | - Desde que não esteja em imóvel residencial (casa, apartamento), galpão, terreno, lote, box, quiosque, container, | - Desde que a área utilizada não ultrapasse 1.250m² (mil duzentos e cinquenta metros quadrados).",BAIXO A
6629-1/00,"Atividades auxiliares dos seguros, da previdência complementar e dos planos de saúde não especificadas anteriormente","- Desde que seja escritório da empresa | - Desde que não esteja em imóvel residencial (casa, apartamento), galpão, terreno, lote, box, quiosque, container, | - Desde que a área utilizada não ultrapasse 1.250m² (mil duzentos e cinquenta metros quadrados).",BAIXO A
6630-4/00,Atividades de administração de fundos por contrato ou comissão,"- Desde que seja escritório da empresa | - Desde que não esteja em imóvel residencial (casa, apartamento), galpão, terreno, lote, box, quiosque, container, | - Desde que a área utilizada não ultrapasse 1.250m² (mil duzentos e cinquenta metros quadrados).",BAIXO A
6810-2/01,Compra e venda de imóveis próprios,"- Desde que seja escritório da empresa | - Desde que não esteja em imóvel residencial (casa, apartamento), galpão, terreno, lote, box, quiosque, container, | - Desde que a área utilizada não ultrapasse 1.250m² (mil duzentos e cinquenta metros quadrados).",BAIXO A
6810-2/02,Aluguel de imóveis próprios,"- Desde que seja escritório da empresa | - Desde que não esteja em imóvel residencial (casa, apartamento), galpão, terreno, lote, box, quiosque, container, | - Desde que a área utilizada não ultrapasse 1.250m² (mil duzentos e cinquenta metros quadrados).",BAIXO A
6810-2/03,Loteamento de imóveis próprios,"- Desde que seja escritório da empresa | - Desde que não esteja em imóvel residencial (casa, apartamento), galpão, terreno, lote, box, quiosque, container, | - Desde que a área utilizada não ultrapasse 1.250m² (mil duzentos e cinquenta metros quadrados).",BAIXO A
6821-8/01,Corretagem na compra e venda e avaliação de imóveis,"- Desde que seja escritório da empresa | - Desde que não esteja em imóvel residencial (casa, apartamento), galpão, terreno, lote, box, quiosque, container, | - Desde que a área utilizada não ultrapasse 1.250m² (mil duzentos e cinquenta metros quadrados).",BAIXO A
6821-8/02,Corretagem no aluguel de imóveis,"- Desde que seja escritório da empresa | - Desde que não esteja em imóvel residencial (casa, apartamento), galpão, terreno, lote, box, quiosque, container, | - Desde que a área utilizada não ultrapasse 1.250m² (mil duzentos e cinquenta metros quadrados).",BAIXO A
6822-6/00,Gestão e administração da propriedade imobiliária,"- Desde que seja escritório da empresa | - Desde que não esteja em imóvel residencial (casa, apartamento), galpão, terreno, lote, box, quiosque, container, | - Desde que a área utilizada não ultrapasse 1.250m² (mil duzentos e cinquenta metros quadrados).",BAIXO A
6911-7/01,Serviços advocatícios,"Desde que não esteja em imóvel residencial (casa, apartamento)",BAIXO A
6911-7/02,Atividades auxiliares da justiça,"Desde que não esteja em imóvel residencial (casa, apartamento)",BAIXO A
6911-7/03,Agente de propriedade industrial,"- Desde que seja escritório da empresa | - Desde que não esteja em imóvel residencial (casa, apartamento), galpão, terreno, lote, box, quiosque, container, | - Desde que a área utilizada não ultrapasse 1.250m² (mil duzentos e cinquenta metros quadrados).",BAIXO A
6920-6/01,Atividades de contabilidade,"Desde que não esteja em imóvel residencial (casa, apartamento)",BAIXO A
6920-6/02,Atividades de consultoria e auditoria contábil e tributária,"Desde que não esteja em imóvel residencial (casa, apartamento)",BAIXO A
7020-4/00,"Atividades de consultoria em gestão empresarial, exceto consultoria técnica específica","Desde que não esteja em imóvel residencial (casa, apartamento)",BAIXO A
7111-1/00,Serviços de arquitetura,"Desde que não esteja em imóvel residencial (casa, apartamento)",BAIXO A
7112-0/00,Serviços de engenharia,"Desde que não esteja em imóvel residencial (casa, apartamento) Serviços de engenharia do tipo projetos, vistoria cautelar de vizinhança, laudos técnicos, cadastro de imoveis, lauda de avaliação e afins.",BAIXO A
7119-7/01,"Serviços de cartografia, topografia e geodésia","Desde que não esteja em imóvel residencial (casa, apartamento)",BAIXO A
7119-7/02,Atividades de estudos geológicos,"Desde que não esteja em imóvel residencial (casa, apartamento)",BAIXO A
7119-7/03,Serviços de desenho técnico relacionados à arquitetura e engenharia,"Desde que não esteja em imóvel residencial (casa, apartamento)",BAIXO A
7119-7/04,Serviços de perícia técnica relacionados à segurança do trabalho,"- Desde que seja escritório da empresa | - Desde que não esteja em imóvel residencial (casa, apartamento), galpão, terreno, lote, box, quiosque, container, | - Desde que a área utilizada não ultrapasse 1.250m² (mil duzentos e cinquenta metros quadrados).",BAIXO A
7119-7/99,Atividades técnicas relacionadas à engenharia e arquitetura não especificadas anteriormente,"Desde que não esteja em imóvel residencial (casa, apartamento)",BAIXO A
7120-1/00,Testes e análises técnicas,"- Desde que seja escritório da empresa | - Desde que não esteja em imóvel residencial (casa, apartamento), galpão, terreno, lote, box, quiosque, container, | - Desde que a área utilizada não ultrapasse 1.250m² (mil duzentos e cinquenta metros quadrados). | Desde que não haja, no exercício da atividade, a análise de produto sujeito à Vigilância Sanitária.",BAIXO A
7210-0/00,Pesquisa e desenvolvimento experimental em ciências físicas e naturais,"- Desde que seja escritório da empresa | - Desde que não esteja em imóvel residencial (casa, apartamento), galpão, terreno, lote, box, quiosque, container, | - Desde que a área utilizada não ultrapasse 1.250m² (mil duzentos e cinquenta metros quadrados).",BAIXO A
7220-7/00,Pesquisa e desenvolvimento experimental em ciências sociais e humanas,"- Desde que seja escritório da empresa | - Desde que não esteja em imóvel residencial (casa, apartamento), galpão, terreno, lote, box, quiosque, container, | - Desde que a área utilizada não ultrapasse 1.250m² (mil duzentos e cinquenta metros quadrados).",BAIXO A
7311-4/00,Agências de publicidade,"- Desde que seja escritório da empresa | - Desde que não esteja em imóvel residencial (casa, apartamento), galpão, terreno, lote, box, quiosque, container, | - Desde que a área utilizada não ultrapasse 1.250m² (mil duzentos e cinquenta metros quadrados).",BAIXO A
7312-2/00,"Agenciamento de espaços para publicidade, exceto em veículos de comunicação","- Desde que seja escritório da empresa | - Desde que não esteja em imóvel residencial (casa, apartamento), galpão, terreno, lote, box, quiosque, container, | - Desde que a área utilizada não ultrapasse 1.250m² (mil duzentos e cinquenta metros quadrados).",BAIXO A
7319-0/01,Criação de estandes para feiras e exposições,"- Desde que seja escritório da empresa | - Desde que não esteja em imóvel residencial (casa, apartamento), galpão, terreno, lote, box, quiosque, container, | - Desde que a área utilizada não ultrapasse 1.250m² (mil duzentos e cinquenta metros quadrados).",BAIXO A
7319-0/02,Promoção de vendas,"Desde que não esteja em imóvel residencial (casa, apartamento)",BAIXO A
7319-0/03,Marketing direto,"Desde que não esteja em imóvel residencial (casa, apartamento)",BAIXO A
7319-0/04,Consultoria em publicidade,"Desde que não esteja em imóvel residencial (casa, apartamento)",BAIXO A
7320-3/00,Pesquisas de mercado e de opinião pública,"Desde que não esteja em imóvel residencial (casa, apartamento)",BAIXO A
7410-2/02,Design de interiores,"Desde que não esteja em imóvel residencial (casa, apartamento)",BAIXO A
7410-2/03,Desing de produto,"Desde que não esteja em imóvel residencial (casa, apartamento)",BAIXO A
7410-2/99,Atividades de desing não especificadas anteriormente,"Desde que não esteja em imóvel residencial (casa, apartamento)",BAIXO A
7420-0/01,"Atividades de produção de fotografias, exceto aérea e submarina","Desde que não esteja em imóvel residencial (casa, apartamento)",BAIXO A
7420-0/02,Atividades de produção de fotografias aéreas e submarinas,"Desde que não esteja em imóvel residencial (casa, apartamento)",BAIXO A
7420-0/03,Laboratórios fotográficos,"- Desde que seja escritório da empresa | - Desde que não esteja em imóvel residencial (casa, apartamento), galpão, terreno, lote, box, quiosque, container, | - Desde que a área utilizada não ultrapasse 1.250m² (mil duzentos e cinquenta metros quadrados).",BAIXO A
7420-0/04,Filmagem de festas e eventos,"Desde que não esteja em imóvel residencial (casa, apartamento)",BAIXO A
7420-0/05,Serviços de microfilmagem,"- Desde que seja escritório da empresa | - Desde que não esteja em imóvel residencial (casa, apartamento), galpão, terreno, lote, box, quiosque, container, | - Desde que a área utilizada não ultrapasse 1.250m² (mil duzentos e cinquenta metros quadrados).",BAIXO A
7490-1/01,"Serviços de tradução, interpretação e similares","Desde que não esteja em imóvel residencial (casa, apartamento)",BAIXO A
7490-1/02,Escafandria e mergulho,"- Desde que seja escritório da empresa | - Desde que não esteja em imóvel residencial (casa, apartamento), galpão, terreno, lote, box, quiosque, container, | - Desde que a área utilizada não ultrapasse 1.250m² (mil duzentos e cinquenta metros quadrados).",BAIXO A
7490-1/03,Serviços de agronomia e de consultoria às atividades agrícolas e pecuárias,"- Desde que seja escritório da empresa | - Desde que não esteja em imóvel residencial (casa, apartamento), galpão, terreno, lote, box, quiosque, container, | - Desde que a área utilizada não ultrapasse 1.250m² (mil duzentos e cinquenta metros quadrados).",BAIXO A
7490-1/04,"Atividades de intermediação e agenciamento de serviços e negócios em geral, exceto imobiliários","- Desde que seja escritório da empresa | - Desde que não esteja em imóvel residencial (casa, apartamento), galpão, terreno, lote, box, quiosque, container, | - Desde que a área utilizada não ultrapasse 1.250m² (mil duzentos e cinquenta metros quadrados).",BAIXO A
7490-1/05,"Agenciamento de profissionais para atividades esportivas, culturais e artísticas","- Desde que seja escritório da empresa | - Desde que não esteja em imóvel residencial (casa, apartamento), galpão, terreno, lote, box, quiosque, container, | - Desde que a área utilizada não ultrapasse 1.250m² (mil duzentos e cinquenta metros quadrados).",BAIXO A
7490-1/99,"Outras atividades profissionais, científicas e técnicas não especificadas anteriormente","- Desde que seja escritório da empresa | - Desde que não esteja em imóvel residencial (casa, apartamento), galpão, terreno, lote, box, quiosque, container, | - Desde que a área utilizada não ultrapasse 1.250m² (mil duzentos e cinquenta metros quadrados).",BAIXO A
7721-7/00,Aluguel de equipamentos recreativos e esportivos,"- Desde que seja escritório da empresa | - Desde que não esteja em imóvel residencial (casa, apartamento), galpão, terreno, lote, box, quiosque, container, | - Desde que a área utilizada não ultrapasse 1.250m² (mil duzentos e cinquenta metros quadrados).",BAIXO A
7722-5/00,"Aluguel de fitas de vídeo, DVDs e similares","- Desde que seja escritório da empresa | - Desde que não esteja em imóvel residencial (casa, apartamento), galpão, terreno, lote, box, quiosque, container, | - Desde que a área utilizada não ultrapasse 1.250m² (mil duzentos e cinquenta metros quadrados).",BAIXO A
7723-3/00,"Aluguel de objetos do vestuário, jóias e acessórios","- Desde que seja escritório da empresa | - Desde que não esteja em imóvel residencial (casa, apartamento), galpão, terreno, lote, box, quiosque, container, | - Desde que a área utilizada não ultrapasse 1.250m² (mil duzentos e cinquenta metros quadrados).",BAIXO A
7729-2/01,Aluguel de aparelhos de jogos eletrônicos,"- Desde que seja escritório da empresa | - Desde que não esteja em imóvel residencial (casa, apartamento), galpão, terreno, lote, box, quiosque, container, | - Desde que a área utilizada não ultrapasse 1.250m² (mil duzentos e cinquenta metros quadrados).",BAIXO A
7729-2/02,"Aluguel de móveis, utensílios e aparelhos de uso doméstico e pessoal; instrumentos musicais","- Desde que seja escritório da empresa | - Desde que não esteja em imóvel residencial (casa, apartamento), galpão, terreno, lote, box, quiosque, container, | - Desde que a área utilizada não ultrapasse 1.250m² (mil duzentos e cinquenta metros quadrados).",BAIXO A
7729-2/99,Aluguel de outros objetos pessoais e domésticos não especificados anteriormente,"- Desde que seja escritório da empresa | - Desde que não esteja em imóvel residencial (casa, apartamento), galpão, terreno, lote, box, quiosque, container, | - Desde que a área utilizada não ultrapasse 1.250m² (mil duzentos e cinquenta metros quadrados).",BAIXO A
7732-2/01,"Aluguel de máquinas e equipamentos para construção sem operador, exceto andaimes","- Desde que seja escritório da empresa | - Desde que não esteja em imóvel residencial (casa, apartamento), galpão, terreno, lote, box, quiosque, container, | - Desde que a área utilizada não ultrapasse 1.250m² (mil duzentos e cinquenta metros quadrados).",BAIXO A
7733-1/00,Aluguel de máquinas e equipamentos para escritório,"- Desde que seja escritório da empresa | - Desde que não esteja em imóvel residencial (casa, apartamento), galpão, terreno, lote, box, quiosque, container, | - Desde que a área utilizada não ultrapasse 1.250m² (mil duzentos e cinquenta metros quadrados).",BAIXO A
7739-0/01,"Aluguel de máquinas e equipamentos para extração de minérios e petróleo, sem operador","- Desde que seja escritório da empresa | - Desde que não esteja em imóvel residencial (casa, apartamento), galpão, terreno, lote, box, quiosque, container, | - Desde que a área utilizada não ultrapasse 1.250m² (mil duzentos e cinquenta metros quadrados).",BAIXO A
7740-3/00,Gestão de ativos intangíveis não financeiros,"- Desde que seja escritório da empresa | - Desde que não esteja em imóvel residencial (casa, apartamento), galpão, terreno, lote, box, quiosque, container, | - Desde que a área utilizada não ultrapasse 1.250m² (mil duzentos e cinquenta metros quadrados).",BAIXO A
7810-8/00,Seleção e agenciamento de mão de obra,"- Desde que seja escritório da empresa | - Desde que não esteja em imóvel residencial (casa, apartamento), galpão, terreno, lote, box, quiosque, container, | - Desde que a área utilizada não ultrapasse 1.250m² (mil duzentos e cinquenta metros quadrados).",BAIXO A
7820-5/00,Locação de mão de obra temporária,"- Desde que seja escritório da empresa | - Desde que não esteja em imóvel residencial (casa, apartamento), galpão, terreno, lote, box, quiosque, container, | - Desde que a área utilizada não ultrapasse 1.250m² (mil duzentos e cinquenta metros quadrados).",BAIXO A
7830-2/00,Fornecimento e gestão de recursos humanos para terceiros,"- Desde que seja escritório da empresa | - Desde que não esteja em imóvel residencial (casa, apartamento), galpão, terreno, lote, box, quiosque, container, | - Desde que a área utilizada não ultrapasse 1.250m² (mil duzentos e cinquenta metros quadrados).",BAIXO A
7911-2/00,Agências de viagens,"- Desde que seja escritório da empresa | - Desde que não esteja em imóvel residencial (casa, apartamento), galpão, terreno, lote, box, quiosque, container, | - Desde que a área utilizada não ultrapasse 1.250m² (mil duzentos e cinquenta metros quadrados).",BAIXO A
7912-1/00,Operadores turísticos,"- Desde que seja escritório da empresa | - Desde que não esteja em imóvel residencial (casa, apartamento), galpão, terreno, lote, box, quiosque, container, | - Desde que a área utilizada não ultrapasse 1.250m² (mil duzentos e cinquenta metros quadrados).",BAIXO A
7990-2/00,Serviços de reservas e outros serviços de turismo não especificados anteriormente,"- Desde que seja escritório da empresa | - Desde que não esteja em imóvel residencial (casa, apartamento), galpão, terreno, lote, box, quiosque, container, | - Desde que a área utilizada não ultrapasse 1.250m² (mil duzentos e cinquenta metros quadrados).",BAIXO A
8011-1/02,Serviços de adestramento de cães de guarda,"- Desde que seja escritório da empresa | - Desde que não esteja em imóvel residencial (casa, apartamento), galpão, terreno, lote, box, quiosque, container, | - Desde que a área utilizada não ultrapasse 1.250m² (mil duzentos e cinquenta metros quadrados).",BAIXO A
8020-0/01,Atividades de monitoramento de sistemas de segurança eletrônico,"- Desde que seja escritório da empresa | - Desde que não esteja em imóvel residencial (casa, apartamento), galpão, terreno, lote, box, quiosque, container, | - Desde que a área utilizada não ultrapasse 1.250m² (mil duzentos e cinquenta metros quadrados).",BAIXO A
8030-7/00,Atividades de investigação particular,"- Desde que seja escritório da empresa | - Desde que não esteja em imóvel residencial (casa, apartamento), galpão, terreno, lote, box, quiosque, container, | - Desde que a área utilizada não ultrapasse 1.250m² (mil duzentos e cinquenta metros quadrados).",BAIXO A
8111-7/00,"Serviços combinados para apoio a edifícios, exceto condomínios prediais","- Desde que seja escritório da empresa | - Desde que não esteja em imóvel residencial (casa, apartamento), galpão, terreno, lote, box, quiosque, container, | - Desde que a área utilizada não ultrapasse 1.250m² (mil duzentos e cinquenta metros quadrados).",BAIXO A
8112-5/00,Condomínios prediais,"- Desde que seja escritório da empresa | - Desde que não esteja em imóvel residencial (casa, apartamento), galpão, terreno, lote, box, quiosque, container, | - Desde que a área utilizada não ultrapasse 1.250m² (mil duzentos e cinquenta metros quadrados).",BAIXO A
8130-3/00,Atividades paisagísticas,"- Desde que seja escritório da empresa | - Desde que não esteja em imóvel residencial (casa, apartamento), galpão, terreno, lote, box, quiosque, container, | - Desde que a área utilizada não ultrapasse 1.250m² (mil duzentos e cinquenta metros quadrados).",BAIXO A
8219-9/01,Fotocópias,"- Desde que seja escritório da empresa | - Desde que não esteja em imóvel residencial (casa, apartamento), galpão, terreno, lote, box, quiosque, container, | - Desde que a área utilizada não ultrapasse 1.250m² (mil duzentos e cinquenta metros quadrados).",BAIXO A
8219-9/99,Preparação de documentos e serviços especializados de apoio administrativo não especificados anteriormente,"- Desde que seja escritório da empresa | - Desde que não esteja em imóvel residencial (casa, apartamento), galpão, terreno, lote, box, quiosque, container, | - Desde que a área utilizada não ultrapasse 1.250m² (mil duzentos e cinquenta metros quadrados).",BAIXO A
8230-0/01,"Serviços de organização de feiras, congressos, exposições e festas","- Desde que seja escritório da empresa | - Desde que não esteja em imóvel residencial (casa, apartamento), galpão, terreno, lote, box, quiosque, container, | - Desde que a área utilizada não ultrapasse 1.250m² (mil duzentos e cinquenta metros quadrados).",BAIXO A
8291-1/00,Atividades de cobrança e informações cadastrais,"- Desde que seja escritório da empresa | - Desde que não esteja em imóvel residencial (casa, apartamento), galpão, terreno, lote, box, quiosque, container, | - Desde que a área utilizada não ultrapasse 1.250m² (mil duzentos e cinquenta metros quadrados).",BAIXO A
8299-7/01,"Medição de consumo de energia elétrica, gás e água","- Desde que seja escritório da empresa | - Desde que não esteja em imóvel residencial (casa, apartamento), galpão, terreno, lote, box, quiosque, container, | - Desde que a área utilizada não ultrapasse 1.250m² (mil duzentos e cinquenta metros quadrados).",BAIXO A
8299-7/02,"Emissão de vales- alimentação, vales- transporte e similares","- Desde que seja escritório da empresa | - Desde que não esteja em imóvel residencial (casa, apartamento), galpão, terreno, lote, box, quiosque, container, | - Desde que a área utilizada não ultrapasse 1.250m² (mil duzentos e cinquenta metros quadrados).",BAIXO A
8299-7/03,"Serviços de gravação de carimbos, exceto confecção","- Desde que seja escritório da empresa | - Desde que não esteja em imóvel residencial (casa, apartamento), galpão, terreno, lote, box, quiosque, container, | - Desde que a área utilizada não ultrapasse 1.250m² (mil duzentos e cinquenta metros quadrados).",BAIXO A
8299-7/04,Leiloeiros independentes,"- Desde que seja escritório da empresa | - Desde que não esteja em imóvel residencial (casa, apartamento), galpão, terreno, lote, box, quiosque, container, | - Desde que a área utilizada não ultrapasse 1.250m² (mil duzentos e cinquenta metros quadrados).",BAIXO A
8299-7/05,Serviços de levantamento de fundos sob contrato,"- Desde que seja escritório da empresa | - Desde que não esteja em imóvel residencial (casa, apartamento), galpão, terreno, lote, box, quiosque, container, | - Desde que a área utilizada não ultrapasse 1.250m² (mil duzentos e cinquenta metros quadrados).",BAIXO A
8299-7/07,Salas de acesso à Internet,"- Desde que seja escritório da empresa | - Desde que não esteja em imóvel residencial (casa, apartamento), galpão, terreno, lote, box, quiosque, container, | - Desde que a área utilizada não ultrapasse 1.250m² (mil duzentos e cinquenta metros quadrados).",BAIXO A
8299-7/99,Outras atividades de serviços prestados principalmente às empresas não especificadas anteriormente,"- Desde que seja escritório da empresa | - Desde que não esteja em imóvel residencial (casa, apartamento), galpão, terreno, lote, box, quiosque, container, | - Desde que a área utilizada não ultrapasse 1.250m² (mil duzentos e cinquenta metros quadrados).",BAIXO A
8550-3/02,"Atividades de apoio à educação, exceto caixas escolares","- Desde que seja escritório da empresa | - Desde que não esteja em imóvel residencial (casa, apartamento), galpão, terreno, lote, box, quiosque, container, | - Desde que a área utilizada não ultrapasse 1.250m² (mil duzentos e cinquenta metros quadrados).",BAIXO A
8591-1/00,Ensino de esportes,"- Desde que seja escritório da empresa | - Desde que não esteja em imóvel residencial (casa, apartamento), galpão, terreno, lote, box, quiosque, container, | - Desde que a área utilizada não ultrapasse 1.250m² (mil duzentos e cinquenta metros quadrados).",BAIXO A
8592-9/01,Ensino de dança,"- Desde que seja escritório da empresa | - Desde que não esteja em imóvel residencial (casa, apartamento), galpão, terreno, lote, box, quiosque, container, | - Desde que a área utilizada não ultrapasse 1.250m² (mil duzentos e cinquenta metros quadrados).",BAIXO A
8592-9/02,"Ensino de artes cênicas, exceto dança","- Desde que seja escritório da empresa | - Desde que não esteja em imóvel residencial (casa, apartamento), galpão, terreno, lote, box, quiosque, container, | - Desde que a área utilizada não ultrapasse 1.250m² (mil duzentos e cinquenta metros quadrados).",BAIXO A
8592-9/03,Ensino de música,"- Desde que seja escritório da empresa | - Desde que não esteja em imóvel residencial (casa, apartamento), galpão, terreno, lote, box, quiosque, container, | - Desde que a área utilizada não ultrapasse 1.250m² (mil duzentos e cinquenta metros quadrados).",BAIXO A
8592-9/99,Ensino de arte e cultura não especificado anteriormente,"- Desde que seja escritório da empresa | - Desde que não esteja em imóvel residencial (casa, apartamento), galpão, terreno, lote, box, quiosque, container, | - Desde que a área utilizada não ultrapasse 1.250m² (mil duzentos e cinquenta metros quadrados).",BAIXO A
8593-7/00,Ensino de idiomas,"- Desde que seja escritório da empresa | - Desde que não esteja em imóvel residencial (casa, apartamento), galpão, terreno, lote, box, quiosque, container, | - Desde que a área utilizada não ultrapasse 1.250m² (mil duzentos e cinquenta metros quadrados).",BAIXO A
8599-6/03,Treinamento em informática,"- Desde que seja escritório da empresa | - Desde que não esteja em imóvel residencial (casa, apartamento), galpão, terreno, lote, box, quiosque, container, | - Desde que a área utilizada não ultrapasse 1.250m² (mil duzentos e cinquenta metros quadrados).",BAIXO A
8599-6/04,Treinamento em desenvolvimento profissional e gerencial,"- Desde que seja escritório da empresa | - Desde que não esteja em imóvel residencial (casa, apartamento), galpão, terreno, lote, box, quiosque, container, | - Desde que a área utilizada não ultrapasse 1.250m² (mil duzentos e cinquenta metros quadrados).",BAIXO A
8599-6/05,Cursos preparatórios para concursos,"- Desde que seja escritório da empresa | - Desde que não esteja em imóvel residencial (casa, apartamento), galpão, terreno, lote, box, quiosque, container, | - Desde que a área utilizada não ultrapasse 1.250m² (mil duzentos e cinquenta metros quadrados).",BAIXO A
8599-6/99,Outras atividades de ensino não especificadas anteriormente,"- Desde que seja escritório da empresa | - Desde que não esteja em imóvel residencial (casa, apartamento), galpão, terreno, lote, box, quiosque, container, | - Desde que a área utilizada não ultrapasse 1.250m² (mil duzentos e cinquenta metros quadrados).",BAIXO A
8650-0/02,Atividades de profissionais da nutrição,"Desde que não esteja em imóvel residencial (casa, apartamento). | Faz-se necessário o cadastro de responsável técnico perante a VISA.",BAIXO A
8650-0/03,Atividades de psicologia e psicanálise,"Desde que não esteja em imóvel residencial (casa, apartamento). | Faz-se necessário o cadastro de responsável técnico perante a VISA.",BAIXO A
8650-0/04,Atividades de fisioterapia,"Desde que não esteja em imóvel residencial (casa, apartamento). | Faz-se necessário o cadastro de responsável técnico perante a VISA.",BAIXO A
8650-0/05,Atividades de terapia ocupacional,"Desde que não esteja em imóvel residencial (casa, apartamento). | Faz-se necessário o cadastro de responsável técnico perante a VISA.",BAIXO A
8650-0/06,Atividades de fonoaudiologia,"Desde que não esteja em imóvel residencial (casa, apartamento). | Faz-se necessário o cadastro de responsável técnico perante a VISA.",BAIXO A
8660-7/00,Atividades de apoio à gestão de saúde,"Desde que não esteja em imóvel residencial (casa, apartamento)",BAIXO A
8690-9/01,Atividades de práticas integrativas e complementares em saúde humana,"Desde que não esteja em imóvel residencial (casa, apartamento)",BAIXO A
9001-9/01,Produção teatral,"- Desde que seja escritório da empresa | - Desde que não esteja em imóvel residencial (casa, apartamento), galpão, terreno, lote, box, quiosque, container, | - Desde que a área utilizada não ultrapasse 1.250m² (mil duzentos e cinquenta metros quadrados).",BAIXO A
9001-9/02,Produção musical,"- Desde que seja escritório da empresa | - Desde que não esteja em imóvel residencial (casa, apartamento), galpão, terreno, lote, box, quiosque, container, | - Desde que a área utilizada não ultrapasse 1.250m² (mil duzentos e cinquenta metros quadrados).",BAIXO A
9001-9/03,Produção de espetáculos de dança,"- Desde que seja escritório da empresa | - Desde que não esteja em imóvel residencial (casa, apartamento), galpão, terreno, lote, box, quiosque, container, | - Desde que a área utilizada não ultrapasse 1.250m² (mil duzentos e cinquenta metros quadrados).",BAIXO A
9001-9/04,"Produção de espetáculos circenses, de marionetes e similares","- Desde que seja escritório da empresa | - Desde que não esteja em imóvel residencial (casa, apartamento), galpão, terreno, lote, box, quiosque, container, | - Desde que a área utilizada não ultrapasse 1.250m² (mil duzentos e cinquenta metros quadrados).",BAIXO A
9001-9/06,Atividades de sonorização e de iluminação,"- Desde que seja escritório da empresa | - Desde que não esteja em imóvel residencial (casa, apartamento), galpão, terreno, lote, box, quiosque, container, | - Desde que a área utilizada não ultrapasse 1.250m² (mil duzentos e cinquenta metros quadrados).",BAIXO A
9002-7/01,"Atividades de artistas plásticos, jornalistas independentes e escritores","- Desde que seja escritório da empresa | - Desde que não esteja em imóvel residencial (casa, apartamento), galpão, terreno, lote, box, quiosque, container, | - Desde que a área utilizada não ultrapasse 1.250m² (mil duzentos e cinquenta metros quadrados).",BAIXO A
9002-7/02,Restauração de obras de arte,"- Desde que seja escritório da empresa | - Desde que não esteja em imóvel residencial (casa, apartamento), galpão, terreno, lote, box, quiosque, container, | - Desde que a área utilizada não ultrapasse 1.250m² (mil duzentos e cinquenta metros quadrados).",BAIXO A
9102-3/02,Restauração e conservação de lugares e prédios históricos,"- Desde que seja escritório da empresa | - Desde que não esteja em imóvel residencial (casa, apartamento), galpão, terreno, lote, box, quiosque, container, | - Desde que a área utilizada não ultrapasse 1.250m² (mil duzentos e cinquenta metros quadrados).",BAIXO A
9103-1/00,"Atividades de jardins botânicos, zoológicos, parques nacionais, reservas ecológicas e áreas de proteção ambiental","- Desde que seja escritório da empresa | - Desde que não esteja em imóvel residencial (casa, apartamento), galpão, terreno, lote, box, quiosque, container, | - Desde que a área utilizada não ultrapasse 1.250m² (mil duzentos e cinquenta metros quadrados).",BAIXO A
9319-1/01,Produção e promoção de eventos esportivos,"- Desde que seja escritório da empresa | - Desde que não esteja em imóvel residencial (casa, apartamento), galpão, terreno, lote, box, quiosque, container, | - Desde que a área utilizada não ultrapasse 1.250m² (mil duzentos e cinquenta metros quadrados).",BAIXO A
9511-8/00,Reparação e manutenção de computadores e de equipamentos periféricos,"- Desde que seja escritório da empresa | - Desde que não esteja em imóvel residencial (casa, apartamento), galpão, terreno, lote, box, quiosque, container, | - Desde que a área utilizada não ultrapasse 1.250m² (mil duzentos e cinquenta metros quadrados).",BAIXO A
9512-6/00,Reparação e manutenção de equipamentos de comunicação,"- Desde que seja escritório da empresa | - Desde que não esteja em imóvel residencial (casa, apartamento), galpão, terreno, lote, box, quiosque, container, | - Desde que a área utilizada não ultrapasse 1.250m² (mil duzentos e cinquenta metros quadrados).",BAIXO A
9521-5/00,Reparação e manutenção de equipamentos eletroeletrônicos de uso pessoal e doméstico,"- Desde que seja escritório da empresa | - Desde que não esteja em imóvel residencial (casa, apartamento), galpão, terreno, lote, box, quiosque, container, | - Desde que a área utilizada não ultrapasse 1.250m² (mil duzentos e cinquenta metros quadrados).",BAIXO A
9529-1/01,"Reparação de calçados, bolsas e artigos de viagem","- Desde que seja escritório da empresa | - Desde que não esteja em imóvel residencial (casa, apartamento), galpão, terreno, lote, box, quiosque, container, | - Desde que a área utilizada não ultrapasse 1.250m² (mil duzentos e cinquenta metros quadrados).",BAIXO A
9529-1/02,Chaveiros,"- Desde que seja escritório da empresa | - Desde que não esteja em imóvel residencial (casa, apartamento), galpão, terreno, lote, box, quiosque, container, | - Desde que a área utilizada não ultrapasse 1.250m² (mil duzentos e cinquenta metros quadrados).",BAIXO A
9529-1/03,Reparação de relógios,"- Desde que seja escritório da empresa | - Desde que não esteja em imóvel residencial (casa, apartamento), galpão, terreno, lote, box, quiosque, container, | - Desde que a área utilizada não ultrapasse 1.250m² (mil duzentos e cinquenta metros quadrados).",BAIXO A
9529-1/04,"Reparação de bicicletas, triciclos e outros veículos não motorizados","- Desde que seja escritório da empresa | - Desde que não esteja em imóvel residencial (casa, apartamento), galpão, terreno, lote, box, quiosque, container, | - Desde que a área utilizada não ultrapasse 1.250m² (mil duzentos e cinquenta metros quadrados).",BAIXO A
9529-1/05,Reparação de artigos do mobiliário,"- Desde que seja escritório da empresa | - Desde que não esteja em imóvel residencial (casa, apartamento), galpão, terreno, lote, box, quiosque, container, | - Desde que a área utilizada não ultrapasse 1.250m² (mil duzentos e cinquenta metros quadrados).",BAIXO A
9529-1/06,Reparação de jóias,"- Desde que seja escritório da empresa | - Desde que não esteja em imóvel residencial (casa, apartamento), galpão, terreno, lote, box, quiosque, container, | - Desde que a área utilizada não ultrapasse 1.250m² (mil duzentos e cinquenta metros quadrados).",BAIXO A
9529-1/99,Reparação e manutenção de outros objetos e equipamentos pessoais e domésticos não especificados anteriormente,"- Desde que seja escritório da empresa | - Desde que não esteja em imóvel residencial (casa, apartamento), galpão, terreno, lote, box, quiosque, container, | - Desde que a área utilizada não ultrapasse 1.250m² (mil duzentos e cinquenta metros quadrados).",BAIXO A
9609-2/02,Agências matrimoniais,"- Desde que seja escritório da empresa | - Desde que não esteja em imóvel residencial (casa, apartamento), galpão, terreno, lote, box, quiosque, container, | - Desde que a área utilizada não ultrapasse 1.250m² (mil duzentos e cinquenta metros quadrados).",BAIXO A
9609-2/04,Exploração de máquinas de serviços pessoais acionadas por moeda,"- Desde que seja escritório da empresa | - Desde que não esteja em imóvel residencial (casa, apartamento), galpão, terreno, lote, box, quiosque, container, | - Desde que a área utilizada não ultrapasse 1.250m² (mil duzentos e cinquenta metros quadrados).",BAIXO A
9700-5/00,Serviços domésticos,"- Desde que seja escritório da empresa | - Desde que não esteja em imóvel residencial (casa, apartamento), galpão, terreno, lote, box, quiosque, container, | - Desde que a área utilizada não ultrapasse 1.250m² (mil duzentos e cinquenta metros quadrados).",BAIXO A
1063-5/00,Fabricação de farinha de mandioca e derivados,"-Desde que seja escritório da empresa e/ou | -Desde que seja artesanal e não esteja em imóvel residencial (casa, apartamento), galpão, terreno, lote, box, quiosque, container, | - Desde que a área utilizada não ultrapasse 750m² (setecentos e cinquenta metros quadrados). Desde que o resultado do exercício da atividade econômica não seja diferente de produto artesanal.",BAIXO B
1064-3/00,"Fabricação de farinha de milho e derivados, exceto óleos de milho","-Desde que seja escritório da empresa e/ou | -Desde que seja artesanal e não esteja em imóvel residencial (casa, apartamento), galpão, terreno, lote, box, quiosque, container, | - Desde que a área utilizada não ultrapasse 750m² (setecentos e cinquenta metros quadrados). Desde que o resultado do exercício da atividade econômica não seja diferente de produto artesanal.",BAIXO B
1099-6/04,Fabricação de gelo comum,NÃO INDUSTRIAL,BAIXO B
1533-5/00,Fabricação de calçados de material sintético,Desde que seja o escritório da empresa ou local para comercialização.,BAIXO B
1539-4/00,Fabricação de calçados de materiais não especificados anteriormente,Desde que seja o escritório da empresa ou local para comercialização.,BAIXO B
1540-8/00,"Fabricação de partes para calçados, de qualquer material",,BAIXO B
1622-6/99,Fabricação de outros artigos de carpintaria para construção,Desde que seja o escritório da empresa ou local para comercialização.,BAIXO B
1623-4/00,Fabricação de artefatos de tanoaria e de embalagens de madeira,Desde que seja o escritório da empresa ou local para comercialização.,BAIXO B
1731-1/00,Fabricação de embalagens de papel,Desde que o produto não se destine a entrar em contato com alimento ou seja usado para embalar produto a ser esterilizado. | Desde que seja o escritório da empresa ou local para comercialização.,BAIXO B
1732-0/00,Fabricação de embalagens de cartolina e papel- cartão,Desde que o produto não se destine a entrar em contato com alimento ou seja usado para embalar produto a ser esterilizado. | Desde que seja o escritório da empresa ou local para comercialização.,BAIXO B
1733-8/00,Fabricação de chapas e de embalagens de papelão ondulado,Desde que o produto não se destine a entrar em contato com alimento ou seja usado para embalar produto a ser esterilizado. | Desde que seja o escritório da empresa ou local para comercialização.,BAIXO B
1741-9/01,Fabricação de formulários contínuos,Desde que seja o escritório da empresa ou local para comercialização.,BAIXO B
1741-9/02,"Fabricação de produtos de papel, cartolina, papel-cartão e papelão ondulado para uso comercial e de escritório",Desde que seja o escritório da empresa ou local para comercialização.,BAIXO B
1742-7/99,Fabricação de produtos de papel para uso doméstico e higiênico-sanitário não especificados anteriormente,Desde que seja o escritório da empresa ou local para comercialização.,BAIXO B
1749-4/00,"Fabricação de produtos de pastas celulósicas, papel, cartolina, papel-cartão e papelão ondulado não especificados anteriormente",Desde que seja o escritório da empresa ou local para comercialização.,BAIXO B
2014-2/00,Fabricação de gases industriais,"-Desde que seja escritório da empresa | -Desde que não esteja em imóvel residencial (casa, apartamento), galpão, terreno, lote, box, quiosque, container, | - Desde que a área utilizada não ultrapasse 1.250m² (mil duzentos e cinquenta metros quadrados). | Desde que o gás fabricado não seja usado para fim terapêutico.",BAIXO B
2019-3/99,Fabricação de outros produtos químicos inorgânicos não especificados anteriormente,"-Desde que seja escritório da empresa | -Desde que não esteja em imóvel residencial (casa, apartamento), galpão, terreno, lote, box, quiosque, container, | - Desde que a área utilizada não ultrapasse 1.250m² (mil duzentos e cinquenta metros quadrados). | Desde que o resultado do exercício da atividade não seja produto de uso ou aplicação como aditivo de alimentos. | Desde que seja o escritório da empresa ou local para comercialização.",BAIXO B
2029-1/00,Fabricação de produtos químicos orgânicos não especificados anteriormente,"-Desde que seja escritório da empresa | -Desde que não esteja em imóvel residencial (casa, apartamento), galpão, terreno, lote, box, quiosque, container, | - Desde que a área utilizada não ultrapasse 1.250m² (mil duzentos e cinquenta metros quadrados). | Desde que o resultado do exercício da atividade não seja produto de uso ou aplicação como aditivo de alimentos.",BAIXO B
2071-1/00,"Fabricação de tintas, vernizes, esmaltes e lacas","-Desde que seja escritório da empresa | -Desde que não esteja em imóvel residencial (casa, apartamento), galpão, terreno, lote, box, quiosque, container, | - Desde que a área utilizada não ultrapasse 1.250m² (mil duzentos e cinquenta metros quadrados). | Desde que o resultado do exercício da atividade não seja utilizado para o revestimento interno de embalagens que entrem em contato com alimentos e/ou desde que o resultado do exercício da atividade não seja tintas, vernizes, esmaltes, lacas, pigmentos e/ou corantes que utilizem precursores no processo de síntese química nestes compostos.",BAIXO B
2091-6/00,Fabricação de adesivos e selantes,"-Desde que seja escritório da empresa | -Desde que não esteja em imóvel residencial (casa, apartamento), galpão, terreno, lote, box, quiosque, container, | - Desde que a área utilizada não ultrapasse 1.250m² (mil duzentos e cinquenta metros quadrados). | Desde que o resultado do exercício da atividade não seja utilizado para o revestimento interno de embalagens que entrem em contato com alimentos e/ou desde que o resultado do exercício da atividade não seja tintas, vernizes, esmaltes, lacas, pigmentos e/ou corantes que utilizem precursores no processo de síntese química nestes compostos.",BAIXO B
2093-2/00,Fabricação de aditivos de uso industrial,"-Desde que seja escritório da empresa | -Desde que não esteja em imóvel residencial (casa, apartamento), galpão, terreno, lote, box, quiosque, container, | - Desde que a área utilizada não ultrapasse 1.250m² (mil duzentos e cinquenta metros quadrados). | Desde que o resultado do exercício da atividade não seja aditivo alimentar ou insumo farmacêutico ou insumo para cosméticos, perfumes e produto de higiene ou insumo para indústria de produto para saúde ou insumo para saneantes.",BAIXO B
2219-6/00,Fabricação de artefatos de borracha não especificados anteriormente,"-Desde que seja escritório da empresa | -Desde que não esteja em imóvel residencial (casa, apartamento), galpão, terreno, lote, box, quiosque, container, | - Desde que a área utilizada não ultrapasse 1.250m² (mil duzentos e cinquenta metros quadrados). | Desde que não haja a fabricação de preservativos ou de luvas para procedimentos médicos, odontológicos ou hospitalares. | Desde que seja o escritório da empresa ou local para comercialização.",BAIXO B
2511-0/00,Fabricação de estruturas metálicas,Desde que seja o escritório da empresa ou local para comercialização.,BAIXO B
2512-8/00,Fabricação de esquadrias de metal,Desde que seja o escritório da empresa ou local para comercialização.,BAIXO B
2539-0/01,"Serviços de usinagem, torneiria e solda",ATIVIDADE INDUSTRIAL CONFORME LEI N° 9.148/2016 (LOUOS) | Desde que seja o escritório da empresa ou local para comercialização.,BAIXO B
2542-0/00,"Fabricação de artigos de serralheria, exceto esquadrias",Desde que seja o escritório da empresa ou local para comercialização.,BAIXO B
2591-8/00,Fabricação de embalagens metálicas,"-Desde que seja escritório da empresa | -Desde que não esteja em imóvel residencial (casa, apartamento), galpão, terreno, lote, box, quiosque, container, | - Desde que a área utilizada não ultrapasse 1.250m² (mil duzentos e cinquenta metros quadrados). | Desde que seja o escritório da empresa ou local para comercialização. | Desde que não haja a fabricação de embalagens metálicas que entrem em contato com alimento.",BAIXO B
2599-3/01,Serviços de confecção de armações metálicas para a construção,Desde que seja o escritório da empresa ou local para comercialização.,BAIXO B
2599-3/02,Serviço de corte e dobra de metais,Desde que seja o escritório da empresa ou local para comercialização.,BAIXO B
3092-0/00,"Fabricação de bicicletas e triciclos não motorizados, peças e acessórios","-Desde que seja escritório da empresa | -Desde que não esteja em imóvel residencial (casa, apartamento), galpão, terreno, lote, box, quiosque, container, | - Desde que a área utilizada não ultrapasse 1.250m² (mil duzentos e cinquenta metros quadrados). | Desde que seja o escritório da empresa ou local para comercialização. | Desde que não haja a fabricação de triciclos não-motorizados, peças e acessórios que sejam utilizados como produtos para saúde.",BAIXO B
3250-7/06,Serviços de prótese dentária,"-Desde que seja escritório da empresa | -Desde que não esteja em imóvel residencial (casa, apartamento), galpão, terreno, lote, box, quiosque, container, | - Desde que a área utilizada não ultrapasse 1.250m² (mil duzentos e cinquenta metros quadrados)",BAIXO B
3250-7/07,Fabricação de artigos ópticos,"-Desde que seja escritório da empresa | -Desde que não esteja em imóvel residencial (casa, apartamento), galpão, terreno, lote, box, quiosque, container, | - Desde que a área utilizada não ultrapasse 1.250m² (mil duzentos e cinquenta metros quadrados)",BAIXO B
3291-4/00,"Fabricação de escovas, pincéis e vassouras","-Desde que seja escritório da empresa | -Desde que não esteja em imóvel residencial (casa, apartamento), galpão, terreno, lote, box, quiosque, container, | - Desde que a área utilizada não ultrapasse 1.250m² (mil duzentos e cinquenta metros quadrados). | Desde que não haja fabricação de escova dental.",BAIXO B
3299-0/04,Fabricação de painéis e letreiros luminosos,,BAIXO B
3299-0/06,"Fabricação de velas, inclusive decorativas","Desde que seja o escritório da empresa ou local para comercialização. | Desde que não haja no exercício da atividade a fabricação de velas, sebo e/ou estearina utilizadas como cosmético ou saneante.",BAIXO B
3299-0/99,Fabricação de produtos diversos não especificados anteriormente,,BAIXO B
3319-8/00,Manutenção e reparação de equipamentos e produtos não especificados anteriormente,,BAIXO B
3321-0/00,Instalação de máquinas e equipamentos industriais,,BAIXO B
3329-5/99,Instalação de outros equipamentos não especificados anteriormente,,BAIXO B
3701-1/00,Gestão de redes de esgoto,ESCRITÓRIO,BAIXO B
3702-9/00,"Atividades relacionadas a esgoto, exceto a gestão de redes",ESCRITÓRIO | Desde que seja o escritório da empresa ou local para comercialização.,BAIXO B
3811-4/00,Coleta de resíduos não perigosos,ESCRITÓRIO,BAIXO B
3821-1/00,Tratamento e disposição de resíduos não perigosos,ESCRITÓRIO,BAIXO B
4511-1/03,"Comércio por atacado de automóveis, camionetas e utilitários novos e usados",,BAIXO B
4511-1/04,Comércio por atacado de caminhões novos e usados,,BAIXO B
4511-1/05,Comércio por atacado de reboques e semireboques novos e usados,,BAIXO B
4511-1/06,Comércio por atacado de ônibus e micro- ônibus novos e usados,,BAIXO B
4520-0/03,Serviços de manutenção e reparação elétrica de veículos automotores,,BAIXO B
4520-0/04,Serviços de alinhamento e balanceamento de veículos automotores,,BAIXO B
4520-0/06,Serviços de borracharia para veículos automotores,,BAIXO B
4520-0/07,"Serviços de instalação, manutenção e reparação de acessórios para veículos automotores",,BAIXO B
4520-0/08,Serviços de capotaria,,BAIXO B
4530-7/02,Comércio por atacado de pneumáticos e câmaras-de-ar,,BAIXO B
4541-2/01,Comércio por atacado de motocicletas e motonetas,,BAIXO B
4541-2/02,Comércio por atacado de peças e acessórios para motocicletas e motonetas,,BAIXO B
4621-4/00,Comércio atacadista de café em grão,ESCRITÓRIO,BAIXO B
4622-2/00,Comércio atacadista de soja,ESCRITÓRIO,BAIXO B
4623-1/01,Comércio atacadista de animais vivos,ESCRITÓRIO,BAIXO B
4623-1/02,"Comércio atacadista de couros, lãs, peles e outros subprodutos não comestíveis de origem animal",ESCRITÓRIO,BAIXO B
4623-1/03,Comércio atacadista de algodão,ESCRITÓRIO,BAIXO B
4623-1/04,Comércio atacadista de fumo em folha não beneficiado,ESCRITÓRIO,BAIXO B
4623-1/05,Comércio atacadista de cacau,ESCRITÓRIO,BAIXO B
4623-1/06,"Comércio atacadista de sementes, flores, plantas e gramas",ESCRITÓRIO,BAIXO B
4623-1/07,Comércio atacadista de sisal,ESCRITÓRIO,BAIXO B
4623-1/08,Comércio atacadista de matérias-primas agrícolas com atividade de fracionamento e acondicionamento associada,ESCRITÓRIO,BAIXO B
4623-1/09,Comércio atacadista de alimentos para animais,ESCRITÓRIO,BAIXO B
4623-1/99,Comércio atacadista de matérias-primas agrícolas não especificadas anteriormente,ESCRITÓRIO,BAIXO B
4631-1/00,Comércio atacadista de leite e laticínios,ESCRITÓRIO,BAIXO B
4632-0/01,Comércio atacadista de cereais e leguminosas beneficiados,ESCRITÓRIO,BAIXO B
4632-0/02,"Comércio atacadista de farinhas, amidos e féculas",ESCRITÓRIO,BAIXO B
4632-0/03,"Comércio atacadista de cereais e leguminosas beneficiados, farinhas, amidos e féculas, com atividade de fracionamento e acondicionamento associada","ESCRITÓRIO | Desde que não haja no exercício da atividade a realização de fracionamento, acondicionamento, embalagem e/ou rotulagem, consideradas etapas do processo produtivo.",BAIXO B
4633-8/01,"Comércio atacadista de frutas, verduras, raízes, tubérculos, hortaliças e legumes frescos",ESCRITÓRIO,BAIXO B
4633-8/02,Comércio atacadista de aves vivas e ovos,ESCRITÓRIO,BAIXO B
4633-8/03,Comércio atacadista de coelhos e outros pequenos animais vivos para alimentação,,BAIXO B
4634-6/01,Comércio atacadista de carnes bovinas e suínas e derivados,ESCRITÓRIO,BAIXO B
4634-6/02,Comércio atacadista de aves abatidas e derivados,ESCRITÓRIO,BAIXO B
4634-6/03,Comércio atacadista de pescados e frutos do mar,ESCRITÓRIO,BAIXO B
4634-6/99,Comércio atacadista de carnes e derivados de outros animais,ESCRITÓRIO,BAIXO B
4635-4/01,Comércio atacadista de água mineral,ESCRITÓRIO,BAIXO B
4635-4/02,"Comércio atacadista de cerveja, chope e refrigerante",ESCRITÓRIO,BAIXO B
4635-4/03,Comércio atacadista de bebidas com atividade de fracionamento e acondicionamento associada,"ESCRITÓRIO | Desde que não haja a realização de atividade de engarrafamento e/ou rotulagem, consideradas etapas do processo produtivo, de água mineral.",BAIXO B
4635-4/99,Comércio atacadista de bebidas não especificadas anteriormente,ESCRITÓRIO,BAIXO B
4636-2/01,Comércio atacadista de fumo beneficiado,ESCRITÓRIO,BAIXO B
4636-2/02,"Comércio atacadista de cigarros, cigarrilhas e charutos",ESCRITÓRIO,BAIXO B
4637-1/01,"Comércio atacadista de café torrado, moído e solúvel",ESCRITÓRIO,BAIXO B
4637-1/02,Comércio atacadista de açúcar,ESCRITÓRIO,BAIXO B
4637-1/03,Comércio atacadista de óleos e gorduras,ESCRITÓRIO,BAIXO B
4637-1/04,"Comércio atacadista de pães, bolos, biscoitos e similares",ESCRITÓRIO,BAIXO B
4637-1/05,Comércio atacadista de massas alimentícias,ESCRITÓRIO,BAIXO B
4637-1/06,Comércio atacadista de sorvetes,ESCRITÓRIO,BAIXO B
4637-1/99,Comércio atacadista especializado em outros produtos alimentícios não especificados anteriormente,ESCRITÓRIO,BAIXO B
4639-7/01,Comércio atacadista de produtos alimentícios em geral,,BAIXO B
4649-4/02,Comércio atacadista de aparelhos eletrônicos de uso pessoal e doméstico,,BAIXO B
4649-4/99,Comércio atacadista de outros equipamentos e artigos de uso pessoal e doméstico não especificados anteriormente,,BAIXO B
4661-3/00,"Comércio atacadista de máquinas, aparelhos e equipamentos para uso agropecuário; partes e peças",,BAIXO B
4662-1/00,"Comércio atacadista de máquinas, equipamentos para terraplenagem, mineração e construção; partes e peças",,BAIXO B
4663-0/00,Comércio atacadista de máquinas e equipamentos para uso industrial; partes e peças,,BAIXO B
4664-8/00,"Comércio atacadista de máquinas, aparelhos e equipamentos para uso odonto-médico- hospitalar; partes e peças",Desde que o resultado do exercício da atividade não compreenda a comercialização de produtos para a saúde.,BAIXO B
4665-6/00,Comércio atacadista de máquinas e equipamentos para uso comercial; partes e peças,,BAIXO B
4669-9/01,Comércio atacadista de bombas e compressores; partes e peças,,BAIXO B
4669-9/99,Comércio atacadista de outras máquinas e equipamentos não especificados anteriormente; partes e peças,,BAIXO B
4671-1/00,Comércio atacadista de madeira e produtos derivados,,BAIXO B
4672-9/00,Comércio atacadista de ferragens e ferramentas,,BAIXO B
4673-7/00,Comércio atacadista de material elétrico,,BAIXO B
4674-5/00,Comércio atacadista de cimento,,BAIXO B
4679-6/01,"Comércio atacadista de tintas, vernizes e similares",,BAIXO B
4679-6/02,Comércio atacadista de mármores e granitos,,BAIXO B
4679-6/03,"Comércio atacadista de vidros, espelhos e vitrais",,BAIXO B
4679-6/04,Comércio atacadista especializado de materiais de construção não especificados anteriormente,,BAIXO B
4679-6/99,Comércio atacadista de materiais de construção em geral,,BAIXO B
4683-4/00,"Comércio atacadista de defensivos agrícolas, adubos, fertilizantes e corretivos do solo",,BAIXO B
4685-1/00,"Comércio atacadista de produtos siderúrgicos e metalúrgicos, exceto para construção",ESCRITÓRIO,BAIXO B
4687-7/02,"Comércio atacadista de resíduos e sucatas não metálicos, exceto de papel e papelão",,BAIXO B
4689-3/01,"Comércio atacadista de produtos da extração mineral, exceto combustíveis",,BAIXO B
4689-3/99,Comércio atacadista especializado em outros produtos intermediários não especificados anteriormente,,BAIXO B
4691-5/00,"Comércio atacadista de mercadorias em geral, com predominância de produtos alimentícios",,BAIXO B
4693-1/00,"Comércio atacadista de mercadorias em geral, sem predominância de alimentos ou de insumos agropecuários",,BAIXO B
4711-3/01,"Comércio varejista de mercadorias em geral, com predominância de produtos alimentícios - hipermercados",,BAIXO B
4711-3/02,"mercadorias em geral, com predominância de produtos alimentícios - supermercados",,BAIXO B
4712-1/00,"mercadorias em geral, com predominância de produtos alimentícios - minimercados, mercearias e armazéns",,BAIXO B
4721-1/02,Padaria e confeitaria com predominância de revenda,,BAIXO B
4721-1/03,Comércio varejista de laticínios e frios,,BAIXO B
4721-1/04,"Comércio varejista de doces, balas, bombons e semelhantes","-Desde que não esteja em imóvel residencial (casa, apartamento), galpão, terreno, lote, box, quiosque, container, | - Desde que a área utilizada não ultrapasse 1.250m² (mil duzentos e cinquenta metros quadrados).",BAIXO B
4722-9/01,Comércio varejista de carnes - açougues,,BAIXO B
4722-9/02,Peixaria,,BAIXO B
4723-7/00,Comércio varejista de bebidas,,BAIXO B
4724-5/00,Comércio varejista de hortifrutigranjeiros,"-Desde que não esteja em imóvel residencial (casa, apartamento), galpão, terreno, lote, box, quiosque, container, | - Desde que a área utilizada não ultrapasse 1.250m² (mil duzentos e cinquenta metros quadrados).",BAIXO B
4729-6/01,Tabacaria,,BAIXO B
4729-6/02,Comércio varejista de mercadorias em lojas de conveniência,,BAIXO B
4729-6/99,Comércio varejista de produtos alimentícios em geral ou especializado em produtos alimentícios não especificados anteriormente,,BAIXO B
4744-0/02,Comércio varejista de madeira e artefatos,,BAIXO B
4744-0/04,"Comércio varejista de cal, areia, pedra britada, tijolos e telhas",,BAIXO B
4744-0/05,Comércio varejista de materiais de construção não especificados anteriormente,,BAIXO B
4773-3/00,Comércio varejista de artigos médicos e ortopédicos,,BAIXO B
4774-1/00,Comércio varejista de artigos de óptica,,BAIXO B
4789-0/04,Comércio varejista de animais vivos e de artigos e alimentos para animais de estimação,,BAIXO B
4789-0/05,Comércio varejista de produtos saneantes domissanitários,,BAIXO B
4789-0/09,Comércio varejista de armas e munições,,BAIXO B
4789-0/99,Comércio varejista de outros produtos não especificados anteriormente,,BAIXO B
4911-6/00,Transporte ferroviário de carga,,BAIXO B
4912-4/01,Transporte ferroviário de passageiros intermunicipal e interestadual,,BAIXO B
4912-4/02,Transporte ferroviário de passageiros municipal e em região metropolitana,,BAIXO B
4912-4/03,Transporte metroviário,,BAIXO B
4921-3/01,"Transporte rodoviário coletivo de passageiros, com itinerário fixo, municipal",,BAIXO B
4921-3/02,"Transporte rodoviário coletivo de passageiros, com itinerário fixo, intermunicipal em região metropolitana",,BAIXO B
4922-1/01,"Transporte rodoviário coletivo de passageiros, com itinerário fixo, intermunicipal, exceto em região metropolitana",,BAIXO B
4922-1/02,"Transporte rodoviário coletivo de passageiros, com itinerário fixo, interestadual",,BAIXO B
4922-1/03,"Transporte rodoviário coletivo de passageiros, com itinerário fixo, internacional",,BAIXO B
4923-0/01,Serviço de táxi,,BAIXO B
4923-0/02,Serviço de transporte de passageiros - locação de automóveis com motorista,,BAIXO B
4929-9/01,"Transporte rodoviário coletivo de passageiros, sob regime de fretamento, municipal",,BAIXO B
4929-9/02,"Transporte rodoviário coletivo de passageiros, sob regime de fretamento, intermunicipal, interestadual e internacional",,BAIXO B
4929-9/99,Outros transportes rodoviários de passageiros não especificados anteriormente,,BAIXO B
4930-2/01,"Transporte rodoviário de carga, exceto produtos perigosos e mudanças, municipal","Desde que não haja no exercício da atividade o transporte e/ou armazenamento de medicamento, cosmético, perfume, produto de higiene, saneante, produto para saúde, sangue, ou produtos que necessitam de condições especiais de temperatura e umidade.",BAIXO B
4930-2/02,"Transporte rodoviário de carga, exceto produtos perigosos e mudanças, intermunicipal, interestadual e internacional","Desde que não haja no exercício da atividade o transporte e/ou armazenamento de medicamento, cosmético, perfume, produto de higiene, saneante, produto para saúde, sangue, ou produtos que necessitam de condições especiais de temperatura e umidade.",BAIXO B
4930-2/03,Transporte rodoviário de produtos perigosos,,BAIXO B
4930-2/04,Transporte rodoviário de mudanças,,BAIXO B
5211-7/01,Armazéns gerais - emissão de warrant,"Desde que não haja no exercício da atividade o transporte e/ou armazenamento de medicamento, cosmético, perfume, produto de higiene, saneante, produto para saúde, sangue, ou produtos que necessitam de condições especiais de temperatura e umidade. | Desde que seja o escritório da empresa ou local para comercialização.",BAIXO B
5211-7/02,Guarda-móveis,,BAIXO B
5211-7/99,"Depósitos de mercadorias para terceiros, exceto armazéns gerais e guarda-móveis","Desde que não haja no exercício da atividade o transporte e/ou armazenamento de medicamento, cosmético, perfume, produto de higiene, saneante, produto para saúde, sangue, ou produtos que necessitam de condições especiais de temperatura e umidade. | Desde que seja o escritório da empresa ou local para comercialização.",BAIXO B
5212-5/00,Carga e descarga,,BAIXO B
5221-4/00,"Concessionárias de rodovias, pontes, túneis e serviços relacionados",,BAIXO B
5222-2/00,Terminais rodoviários e ferroviários,,BAIXO B
5223-1/00,Estacionamento de veículos,,BAIXO B
5240-1/99,"Atividades auxiliares dos transportes aéreos, exceto operação dos aeroportos e campos de aterrissagem",,BAIXO B
5250-8/01,Comissaria de despachos,ESCRITÓRIO,BAIXO B
5250-8/02,Atividades de despachantes aduaneiros,ESCRITÓRIO,BAIXO B
5250-8/03,"Agenciamento de cargas, exceto para o transporte marítimo",ESCRITÓRIO,BAIXO B
5250-8/05,Operador de transporte multimodal - OTM,ESCRITÓRIO,BAIXO B
5310-5/01,Atividades do Correio Nacional,,BAIXO B
5310-5/02,Atividades de franqueadas e permissionárias do Correio Nacional,,BAIXO B
5320-2/01,Serviços de malote não realizados pelo Correio Nacional,,BAIXO B
5320-2/02,Serviços de entrega rápida,"-Desde que seja escritório da empresa | -Desde que não esteja em imóvel residencial (casa, apartamento), galpão, terreno, lote, box, quiosque, container, | - Desde que a área utilizada não ultrapasse 1.250m² (mil duzentos e cinquenta metros quadrados).",BAIXO B
5510-8/01,Hotéis,,BAIXO B
5510-8/02,Apart-hotéis,,BAIXO B
5510-8/03,Motéis,,BAIXO B
5590-6/01,"Albergues, exceto assistenciais",,BAIXO B
5590-6/02,Campings,,BAIXO B
5590-6/99,Outros alojamentos não especificados anteriormente,,BAIXO B
5611-2/01,Restaurantes e similares,,BAIXO B
5611-2/03,"Lanchonetes, casas de chá, de sucos e similares",,BAIXO B
5611-2/04,"Bares e outros estabelecimentos especializados em servir bebidas, sem entretenimento",,BAIXO B
5611-2/05,"Bares e outros estabelecimentos especializados em servir bebidas, com entretenimento",,BAIXO B
5620-1/02,Serviços de alimentação para eventos e recepções - bufê,"-Desde que seja escritório da empresa | -Desde que não esteja em imóvel residencial (casa, apartamento), galpão, terreno, lote, box, quiosque, container, | - Desde que a área utilizada não ultrapasse 1.250m² (setecentos e cinquenta metros quadrados)",BAIXO B
5620-1/03,Cantinas - serviços de alimentação privativos,,BAIXO B
5911-1/01,Estúdios cinematográficos,ESCRITÓRIO,BAIXO B
5914-6/00,Atividades de exibição cinematográfica,,BAIXO B
6021-7/00,Atividades de televisão aberta,,BAIXO B
6203-1/00,Desenvolvimento e licenciamento de programas de computador não customizáveis,"Desde que não esteja em imóvel residencial (casa, apartamento). Desde que não haja o desenvolvimento de softwares que realizam ou influenciam diretamente no diagnóstico, monitoramento, terapia (tratamento) para a saúde.",BAIXO B
6410-7/00,Banco Central,,BAIXO B
6421-2/00,Bancos comerciais,,BAIXO B
6422-1/00,"Bancos múltiplos, com carteira comercial",,BAIXO B
6423-9/00,Caixas econômicas,,BAIXO B
6424-7/01,Bancos cooperativos,,BAIXO B
6424-7/02,Cooperativas centrais de crédito,,BAIXO B
6424-7/03,Cooperativas de crédito mútuo,,BAIXO B
6424-7/04,Cooperativas de crédito rural,,BAIXO B
6431-0/00,"Bancos múltiplos, sem carteira comercial",,BAIXO B
6432-8/00,Bancos de investimento,,BAIXO B
6433-6/00,Bancos de desenvolvimento,,BAIXO B
6434-4/00,Agências de fomento,,BAIXO B
6435-2/01,Sociedades de crédito imobiliário,,BAIXO B
6435-2/02,Associações de poupança e empréstimo,,BAIXO B
6435-2/03,Companhias hipotecárias,,BAIXO B
6436-1/00,"Sociedades de crédito, financiamento e investimento - financeiras",,BAIXO B
6437-9/00,Sociedades de crédito ao microempreendedor,,BAIXO B
6438-7/01,Bancos de câmbio,,BAIXO B
6438-7/99,Outras instituições de intermediação não monetária não especificadas anteriormente,,BAIXO B
6440-9/00,Arrendamento mercantil,,BAIXO B
6450-6/00,Sociedades de capitalização,,BAIXO B
6470-1/01,"Fundos de investimento, exceto previdenciários e imobiliários",,BAIXO B
6470-1/02,Fundos de investimento previdenciários,,BAIXO B
6470-1/03,Fundos de investimento imobiliários,,BAIXO B
6491-3/00,Sociedades de fomento mercantil - factoring,,BAIXO B
6492-1/00,Securitização de créditos,,BAIXO B
6499-9/01,Clubes de investimento,,BAIXO B
6499-9/02,Sociedades de investimento,,BAIXO B
6499-9/03,Fundo garantidor de crédito,,BAIXO B
6499-9/04,Caixas de financiamento de corporações,,BAIXO B
6499-9/05,Concessão de crédito pelas OSCIP,,BAIXO B
6499-9/99,Outras atividades de serviços financeiros não especificadas anteriormente,,BAIXO B
6611-8/01,Bolsa de valores,,BAIXO B
6611-8/02,Bolsa de mercadorias,,BAIXO B
6611-8/03,Bolsa de mercadorias e futuros,,BAIXO B
6612-6/01,Corretoras de títulos e valores mobiliários,,BAIXO B
6612-6/02,Distribuidoras de títulos e valores mobiliários,,BAIXO B
6613-4/00,Administração de cartões de crédito,,BAIXO B
6619-3/01,Serviços de liquidação e custódia,,BAIXO B
6619-3/02,Correspondentes de instituições financeiras,,BAIXO B
6619-3/03,Representações de bancos estrangeiros,,BAIXO B
6619-3/05,Operadoras de cartões de débito,,BAIXO B
6912-5/00,Cartórios,,BAIXO B
7319-0/99,Outras atividades de publicidade não especificadas anteriormente,,BAIXO B
7500-1/00,Atividades veterinárias,"Desde que não haja no exercício da atividade, a comercialização e/ou uso de medicamentos controlados e/ou equipamentos de diagnósticos por imagem.",BAIXO B
7711-0/00,Locação de automóveis sem condutor,,BAIXO B
7719-5/01,"Locação de embarcações sem tripulação, exceto para fins recreativos",,BAIXO B
7719-5/02,Locação de aeronaves sem tripulação,,BAIXO B
7719-5/99,"Locação de outros meios de transporte não especificados anteriormente, sem condutor",,BAIXO B
7729-2/03,Aluguel de material médico,,BAIXO B
7731-4/00,Aluguel de máquinas e equipamentos agrícolas sem operador,,BAIXO B
7732-2/02,Aluguel de andaimes,,BAIXO B
7739-0/02,"Aluguel de equipamentos científicos, médicos e hospitalares, sem operador",,BAIXO B
7739-0/03,"Aluguel de palcos, coberturas e outras estruturas de uso temporário, exceto andaimes","Desde que não haja, no exercício da atividade, o aluguel e leasing operacional, incluindo montagem, de sanitários químicos para uso em eventos.",BAIXO B
7739-0/99,"Aluguel de outras máquinas e equipamentos comerciais e industriais não especificados anteriormente, sem operador",,BAIXO B
8011-1/01,Atividades de vigilância e segurança privada,,BAIXO B
8012-9/00,Atividades de transporte de valores,,BAIXO B
8020-0/02,Outras atividades de serviços de segurança,,BAIXO B
8121-4/00,Limpeza em prédios e em domicílios,"-Desde que seja escritório da empresa | -Desde que não esteja em imóvel residencial (casa, apartamento), galpão, terreno, lote, box, quiosque, container, | - Desde que a área utilizada não ultrapasse 1.250m² (mil duzentos e cinquenta metros quadrados).",BAIXO B
8129-0/00,Atividades de limpeza não especificadas anteriormente,"-Desde que seja escritório da empresa | -Desde que não esteja em imóvel residencial (casa, apartamento), galpão, terreno, lote, box, quiosque, container, | - Desde que a área utilizada não ultrapasse 1.250m² (mil duzentos e cinquenta metros quadrados). | Desde que não haja, no exercício da atividade, o procedimento de esterilização de produtos relacionados à saúde, nem a prestação de serviços de reprocessamento por gás óxido de etileno (E.T.O) ou suas misturas; a prestação de serviços de esterilização por gás óxido de etileno ou suas misturas em hospital ou entidade a ele assemelhada; a prestação de serviços de irradiação de alimentos por radiação ionizante; a prestação de serviços de esterilização através de óxido de etileno (E.T.O) ou radiação ionizante; a prestação de serviços de eliminação de micro- organismos nocivos por meio de esterilização em equipamentos médico-hospitalares e/ou outros.",BAIXO B
8211-3/00,Serviços combinados de escritório e apoio administrativo,,BAIXO B
8220-2/00,Atividades de teleatendimento,,BAIXO B
8230-0/02,Casas de festas e eventos,,BAIXO B
8292-0/00,Envasamento e empacotamento sob contrato,"Desde que não haja, no exercício da atividade, o envasamento, fracionamento e/ou empacotamento de produtos relacionados à saúde, tais como: engarrafamento de produtos líquidos, incluindo alimentos e bebidas, empacotamento de sólidos, envasamento em aerossóis ou empacotamento de produtos farmacêuticos.",BAIXO B
8299-7/06,Casas lotéricas,,BAIXO B
8411-6/00,Administração pública em geral,,BAIXO B
8412-4/00,"Regulação das atividades de saúde, educação, serviços culturais e outros serviços sociais",,BAIXO B
8413-2/00,Regulação das atividades econômicas,,BAIXO B
8421-3/00,Relações exteriores,,BAIXO B
8422-1/00,Defesa,,BAIXO B
8423-0/00,Justiça,,BAIXO B
8424-8/00,Segurança e ordem pública,,BAIXO B
8425-6/00,Defesa Civil,,BAIXO B
8430-2/00,Seguridade social obrigatória,,BAIXO B
8512-1/00,Educação infantil - pré-escola,,BAIXO B
8513-9/00,Ensino fundamental,,BAIXO B
8520-1/00,Ensino médio,,BAIXO B
8531-7/00,Educação superior - graduação,"Desde que não haja no exercício da atividade de ensino, a realização de procedimentos invasivos e/ou a manipulação de agentes físicos, químicos ou biológicos em laboratório.",BAIXO B
8532-5/00,Educação superior - graduação e pós- graduação,"Desde que não haja no exercício da atividade de ensino, a realização de procedimentos invasivos e/ou a manipulação de agentes físicos, químicos ou biológicos em laboratório.",BAIXO B
8533-3/00,Educação superior - pós-graduação e extensão,"Desde que não haja no exercício da atividade de ensino, a realização de procedimentos invasivos e/ou a manipulação de agentes físicos, químicos ou biológicos em laboratório.",BAIXO B
8541-4/00,Educação profissional de nível técnico,"Desde que não haja no exercício da atividade de ensino, a realização de procedimentos invasivos e/ou a manipulação de agentes físicos, químicos ou biológicos em laboratório.",BAIXO B
8542-2/00,Educação profissional de nível tecnológico,"Desde que não haja no exercício da atividade de ensino, a realização de procedimentos invasivos e/ou a manipulação de agentes físicos, químicos ou biológicos em laboratório.",BAIXO B
8550-3/01,Administração de caixas escolares,,BAIXO B
8599-6/01,Formação de condutores,,BAIXO B
8599-6/02,Cursos de pilotagem,,BAIXO B
8622-4/00,"Serviços de remoção de pacientes, exceto os serviços móveis de atendimento a urgências",,BAIXO B
8630-5/03,Atividade médica ambulatorial restrita a consultas,Desde que não haja no exercício da atividade a realização de procedimentos invasivos.,BAIXO B
8630-5/99,Atividades de atenção ambulatorial não especificadas anteriormente,Desde que não haja no exercício da atividade a realização de procedimentos invasivos.,BAIXO B
8650-0/01,Atividades de enfermagem,"Desde que não esteja em imóvel residencial (casa, apartamento). Desde que não haja no exercício da atividade a realização de procedimentos invasivos.",BAIXO B
8650-0/99,Atividades de profissionais da área de saúde não especificadas anteriormente,"Desde que não esteja em imóvel residencial (casa, apartamento). Desde que não haja no exercício da atividade a realização de procedimentos invasivos.",BAIXO B
8690-9/03,Atividades de acupuntura,"Desde que não esteja em imóvel residencial (casa, apartamento)",BAIXO B
8690-9/04,Atividades de podologia,"Desde que não esteja em imóvel residencial (casa, apartamento)",BAIXO B
8690-9/99,Outras atividades de atenção à saúde humana não especificadas anteriormente,Desde que não haja no exercício da atividade a realização de procedimentos invasivos.,BAIXO B
8711-5/04,Centros de apoio a pacientes com câncer e com AIDS,,BAIXO B
8711-5/05,Condomínios residenciais para idosos,,BAIXO B
8720-4/01,Atividades de centros de assistência psicossocial,,BAIXO B
8730-1/02,Albergues assistenciais,,BAIXO B
8800-6/00,Serviços de assistência social sem alojamento,,BAIXO B
9001-9/05,"Produção de espetáculos de rodeios, vaquejadas e similares",,BAIXO B
9001-9/99,"Artes cênicas, espetáculos e atividades complementares não especificados anteriormente",,BAIXO B
9003-5/00,"Gestão de espaços para artes cênicas, espetáculos e outras atividades artísticas",,BAIXO B
9101-5/00,Atividades de bibliotecas e arquivos,,BAIXO B
9102-3/01,Atividades de museus e de exploração de lugares e prédios históricos e atrações similares,,BAIXO B
9200-3/01,Casas de bingo,,BAIXO B
9200-3/02,Exploração de apostas em corridas de cavalos,,BAIXO B
9200-3/99,Exploração de jogos de azar e apostas não especificados anteriormente,,BAIXO B
9311-5/00,Gestão de instalações de esportes,,BAIXO B
9312-3/00,"Clubes sociais, esportivos e similares",,BAIXO B
9313-1/00,Atividades de condicionamento físico,,BAIXO B
9319-1/99,Outras atividades esportivas não especificadas anteriormente,,BAIXO B
9321-2/00,Parques de diversão e parques temáticos,Desde que seja o escritório da empresa ou local para comercialização.,BAIXO B
9329-8/01,"Discotecas, danceterias, salões de dança e similares",,BAIXO B
9329-8/02,Exploração de boliches,,BAIXO B
9329-8/03,"Exploração de jogos de sinuca, bilhar e similares",,BAIXO B
9329-8/04,Exploração de jogos eletrônicos recreativos,,BAIXO B
9329-8/99,Outras atividades de recreação e lazer não especificadas anteriormente,,BAIXO B
9411-1/00,Atividades de organizações associativas patronais e empresariais,,BAIXO B
9412-0/01,Atividades de fiscalização profissional,,BAIXO B
9412-0/99,Outras atividades associativas profissionais,,BAIXO B
9420-1/00,Atividades de organizações sindicais,,BAIXO B
9430-8/00,Atividades de associações de defesa de direitos sociais,,BAIXO B
9491-0/00,Atividades de organizações religiosas ou filosóficas,,BAIXO B
9492-8/00,Atividades de organizações políticas,,BAIXO B
9493-6/00,Atividades de organizações associativas ligadas à cultura e à arte,,BAIXO B
9499-5/00,Atividades associativas não especificadas anteriormente,,BAIXO B
9601-7/01,Lavanderias,"Desde que o exercício da atividade não compreenda lavanderia, autônoma e independente de outro estabelecimento, que processe roupa hospitalar. | Desde que seja o escritório da empresa ou local para comercialização.",BAIXO B
9601-7/02,Tinturarias,Desde que seja o escritório da empresa ou local para comercialização.,BAIXO B
9601-7/03,Toalheiros,"Desde que o exercício da atividade não compreenda lavanderia, autônoma e independente de outro estabelecimento, que processe roupa hospitalar.",BAIXO B
9602-5/01,"Cabeleireiros, manicure e pedicure","-Desde que seja escritório da empresa | -Desde que não esteja em imóvel residencial (casa, apartamento), galpão, terreno, lote, box, quiosque, container, | - Desde que a área utilizada não ultrapasse 1.250m² (mil duzentos e cinquenta metros quadrados).",BAIXO B
9602-5/02,Atividades de estética e outros serviços de cuidados com a beleza,Desde que não haja no exercício da atividade a realização de procedimentos invasivos.,BAIXO B
9603-3/01,Gestão e manutenção de cemitérios,"-Desde que seja escritório da empresa | -Desde que não esteja em imóvel residencial (casa, apartamento), galpão, terreno, lote, box, quiosque, container, | - Desde que a área utilizada não ultrapasse 1.250m² (mil duzentos e cinquenta metros quadrados). | Desde que seja o escritório da empresa ou local para comercialização.",BAIXO B
9603-3/02,Serviços de cremação,Desde que seja o escritório da empresa ou local para comercialização.,BAIXO B
9603-3/03,Serviços de sepultamento,,BAIXO B
9603-3/04,Serviços de funerárias,,BAIXO B
9603-3/99,Atividades funerárias e serviços relacionados não especificados anteriormente,,BAIXO B
9609-2/05,Atividades de sauna e banhos,,BAIXO B
9609-2/07,Alojamento de animais domésticos,,BAIXO B
9609-2/08,Higiene e embelezamento de animais domésticos,,BAIXO B
9609-2/99,Outras atividades de serviços pessoais não especificadas anteriormente,Desde que não haja no exercício da atividade a realização de procedimentos invasivos.,BAIXO B
0892-4/03,Refino e outros tratamentos do sal,"-Desde que seja escritório da empresa | -Desde que não esteja em imóvel residencial (casa, apartamento), galpão, terreno, lote, box, quiosque, container, | - Desde que a área utilizada não ultrapasse 1.250m² (mil duzentos e cinquenta metros quadrados).",ALTO
1011-2/01,Frigorífico - abate de bovinos,ATIVIDADE INDUSTRIAL CONFORME LEI N° 9.148/2016 (LOUOS),ALTO
1011-2/02,Frigorífico - abate de equinos,ATIVIDADE INDUSTRIAL CONFORME LEI N° 9.148/2016 (LOUOS),ALTO
1011-2/03,Frigorífico - abate de ovinos e caprinos,ATIVIDADE INDUSTRIAL CONFORME LEI N° 9.148/2016 (LOUOS),ALTO
1011-2/04,Frigorífico - abate de bufalinos,ATIVIDADE INDUSTRIAL CONFORME LEI N° 9.148/2016 (LOUOS),ALTO
1011-2/05,"Matadouro - abate de reses sob contrato, exceto abate de suínos",ATIVIDADE INDUSTRIAL CONFORME LEI N° 9.148/2016 (LOUOS),ALTO
1012-1/01,Abate de aves,ATIVIDADE INDUSTRIAL CONFORME LEI N° 9.148/2016 (LOUOS),ALTO
1012-1/02,Abate de pequenos animais,ATIVIDADE INDUSTRIAL CONFORME LEI N° 9.148/2016 (LOUOS),ALTO
1012-1/03,Frigorífico - abate de suínos,ATIVIDADE INDUSTRIAL CONFORME LEI N° 9.148/2016 (LOUOS),ALTO
1012-1/04,Matadouro - abate de suínos sob contrato,ATIVIDADE INDUSTRIAL CONFORME LEI N° 9.148/2016 (LOUOS),ALTO
1013-9/01,Fabricação de produtos de carne,ATIVIDADE INDUSTRIAL CONFORME LEI N° 9.148/2016 (LOUOS),ALTO
1013-9/02,Preparação de subprodutos do abate,ATIVIDADE INDUSTRIAL CONFORME LEI N° 9.148/2016 (LOUOS),ALTO
1032-5/01,Fabricação de conservas de palmito,ATIVIDADE INDUSTRIAL CONFORME LEI N° 9.148/2016 (LOUOS),ALTO
1041-4/00,"Fabricação de óleos vegetais em bruto, exceto óleo de milho",ATIVIDADE INDUSTRIAL CONFORME LEI N° 9.148/2016 (LOUOS),ALTO
1042-2/00,"Fabricação de óleos vegetais refinados, exceto óleo de milho",ATIVIDADE INDUSTRIAL CONFORME LEI N° 9.148/2016 (LOUOS),ALTO
1043-1/00,Fabricação de margarina e outras gorduras vegetais e de óleos não comestíveis de animais,ATIVIDADE INDUSTRIAL CONFORME LEI N° 9.148/2016 (LOUOS),ALTO
1051-1/00,Preparação do leite,ATIVIDADE INDUSTRIAL CONFORME LEI N° 9.148/2016 (LOUOS),ALTO
1053-8/00,Fabricação de sorvetes e outros gelados comestíveis,"- Desde que seja o escritório da empresa; | - Desde que não esteja em imóvel residencial (casa, apartamento, galpão, terreno, lote, box, quiosque, container; | - Desde que a área utilizada não ultrapasse 750m² (setecentos e cinquenta metros quadrados). | - Desde que o resultado do exercício da atividade econômica não seja um produto industrial.",ALTO
1061-9/01,Beneficiamento de arroz,ATIVIDADE INDUSTRIAL CONFORME LEI N° 9.148/2016 (LOUOS),ALTO
1061-9/02,Fabricação de produtos do arroz,"- Desde que seja o escritório da empresa; | - Desde que não esteja em imóvel residencial (casa, apartamento, galpão, terreno, lote, box, quiosque, container; | - Desde que a área utilizada não ultrapasse 750m² (setecentos e cinquenta metros quadrados). | - Desde que o resultado do exercício da atividade econômica não seja um produto industrial.",ALTO
1062-7/00,Moagem de trigo e fabricação de derivados,ATIVIDADE INDUSTRIAL CONFORME LEI N° 9.148/2016 (LOUOS),ALTO
1065-1/01,Fabricação de amidos e féculas de vegetais,ATIVIDADE INDUSTRIAL CONFORME LEI N° 9.148/2016 (LOUOS),ALTO
1065-1/02,Fabricação de óleo de milho em bruto,ATIVIDADE INDUSTRIAL CONFORME LEI N° 9.148/2016 (LOUOS),ALTO
1065-1/03,Fabricação de óleo de milho refinado,ATIVIDADE INDUSTRIAL CONFORME LEI N° 9.148/2016 (LOUOS),ALTO
1066-0/00,Fabricação de alimentos para animais,ATIVIDADE INDUSTRIAL CONFORME LEI N° 9.148/2016 (LOUOS),ALTO
1069-4/00,Moagem e fabricação de produtos de origem vegetal não especificados anteriormente,ATIVIDADE INDUSTRIAL CONFORME LEI N° 9.148/2016 (LOUOS),ALTO
1071-6/00,Fabricação de açúcar em bruto,ATIVIDADE INDUSTRIAL CONFORME LEI N° 9.148/2016 (LOUOS),ALTO
1072-4/01,Fabricação de açúcar de cana refinado,ATIVIDADE INDUSTRIAL CONFORME LEI N° 9.148/2016 (LOUOS),ALTO
1072-4/02,Fabricação de açúcar de cereais (dextrose) e de beterraba,ATIVIDADE INDUSTRIAL CONFORME LEI N° 9.148/2016 (LOUOS),ALTO
1081-3/01,Beneficiamento de café,ATIVIDADE INDUSTRIAL CONFORME LEI N° 9.148/2016 (LOUOS),ALTO
1081-3/02,Torrefação e moagem de café,ATIVIDADE INDUSTRIAL CONFORME LEI N° 9.148/2016 (LOUOS),ALTO
1082-1/00,Fabricação de produtos à base de café,ATIVIDADE INDUSTRIAL CONFORME LEI N° 9.148/2016 (LOUOS),ALTO
1091-1/01,Fabricação de produtos de panificação industrial,ATIVIDADE INDUSTRIAL | CONFORME LEI N° 9.148/2016 (LOUOS),ALTO
1099-6/02,Fabricação de pós- alimentícios,ATIVIDADE INDUSTRIAL CONFORME LEI N° 9.148/2016 (LOUOS),ALTO
1099-6/03,Fabricação de fermentos e leveduras,ATIVIDADE INDUSTRIAL CONFORME LEI N° 9.148/2016 (LOUOS),ALTO
1099-6/06,Fabricação de adoçantes naturais e artificiais,NÃO INDUSTRIAL,ALTO
1099-6/07,Fabricação de alimentos dietéticos e complementos alimentares,NÃO INDUSTRIAL,ALTO
1099-6/99,Fabricação de outros produtos alimentícios não especificados anteriormente,NÃO INDUSTRIAL,ALTO
1111-9/01,Fabricação de aguardente de cana- de-açúcar,ATIVIDADE INDUSTRIAL CONFORME LEI N° 9.148/2016 (LOUOS),ALTO
1111-9/02,Fabricação de outras aguardentes e bebidas destiladas,ATIVIDADE INDUSTRIAL CONFORME LEI N° 9.148/2016 (LOUOS),ALTO
1112-7/00,Fabricação de vinho,ATIVIDADE INDUSTRIAL CONFORME LEI N° 9.148/2016 (LOUOS),ALTO
1113-5/01,"Fabricação de malte, inclusive malte uísque",ATIVIDADE INDUSTRIAL CONFORME LEI N° 9.148/2016 (LOUOS),ALTO
1113-5/02,Fabricação de cervejas e chopes,ATIVIDADE INDUSTRIAL CONFORME LEI N° 9.148/2016 (LOUOS),ALTO
1121-6/00,Fabricação de águas envasadas,ATIVIDADE INDUSTRIAL CONFORME LEI N° 9.148/2016 (LOUOS),ALTO
1122-4/01,Fabricação de refrigerantes,ATIVIDADE INDUSTRIAL CONFORME LEI N° 9.148/2016 (LOUOS),ALTO
1122-4/02,Fabricação de chá mate e outros chás prontos para consumo,ATIVIDADE INDUSTRIAL CONFORME LEI N° 9.148/2016 (LOUOS),ALTO
1122-4/03,"Fabricação de refrescos, xaropes e pós para refrescos, exceto refrescos de frutas",ATIVIDADE INDUSTRIAL CONFORME LEI N° 9.148/2016 (LOUOS),ALTO
1122-4/04,Fabricação de bebidas isotônicas,ATIVIDADE INDUSTRIAL CONFORME LEI N° 9.148/2016 (LOUOS),ALTO
1122-4/99,Fabricação de outras bebidas não alcoólicas não especificadas anteriormente,ATIVIDADE INDUSTRIAL CONFORME LEI N° 9.148/2016 (LOUOS),ALTO
1510-6/00,Curtimento e outras preparações de couro,ATIVIDADE INDUSTRIAL CONFORME LEI N° 9.148/2016 (LOUOS),ALTO
1532-7/00,Fabricação de tênis de qualquer material,ATIVIDADE INDUSTRIAL CONFORME LEI N° 9.148/2016 (LOUOS),ALTO
1610-2/03,Serrarias com desdobramento de madeira em bruto,ATIVIDADE INDUSTRIAL CONFORME LEI N° 9.148/2016 (LOUOS),ALTO
1610-2/04,Serrarias sem desdobramento de madeira em bruto - Resseragem,ATIVIDADE INDUSTRIAL CONFORME LEI N° 9.148/2016 (LOUOS),ALTO
1610-2/05,Serviço de tratamento de madeira realizado sob contrato,ATIVIDADE INDUSTRIAL CONFORME LEI N° 9.148/2016 (LOUOS),ALTO
1621-8/00,"Fabricação de madeira laminada e de chapas de madeira compensada, prensada e aglomerada",ATIVIDADE INDUSTRIAL CONFORME LEI N° 9.148/2016 (LOUOS),ALTO
1622-6/02,Fabricação de esquadrias de madeira e de peças de madeira para instalações industriais e comerciais,ATIVIDADE INDUSTRIAL CONFORME LEI N° 9.148/2016 (LOUOS),ALTO
1742-7/01,Fabricação de fraldas descartáveis,,ALTO
1742-7/02,Fabricação de absorventes higiênicos,,ALTO
2052-5/00,Fabricação de desinfestantes domissanitários,"-Desde que seja escritório da empresa | -Desde que não esteja em imóvel residencial (casa, apartamento), galpão, terreno, lote, box, quiosque, container, | - Desde que a área utilizada não ultrapasse 1.250m² (mil duzentos e cinquenta metros quadrados). | Desde que seja o escritório da empresa ou local para comercialização.",ALTO
2061-4/00,Fabricação de sabões e detergentes sintéticos,"-Desde que seja escritório da empresa | -Desde que não esteja em imóvel residencial (casa, apartamento), galpão, terreno, lote, box, quiosque, container, | - Desde que a área utilizada não ultrapasse 1.250m² (mil duzentos e cinquenta metros quadrados). | Desde que seja o escritório da empresa ou local para comercialização.",ALTO
2062-2/00,Fabricação de produtos de limpeza e polimento,"-Desde que seja escritório da empresa | -Desde que não esteja em imóvel residencial (casa, apartamento), galpão, terreno, lote, box, quiosque, container, | - Desde que a área utilizada não ultrapasse 1.250m² (mil duzentos e cinquenta metros quadrados). | Desde que seja o escritório da empresa ou local para comercialização.",ALTO
2063-1/00,"Fabricação de cosméticos, produtos de perfumaria e de higiene pessoal","-Desde que seja escritório da empresa | -Desde que não esteja em imóvel residencial (casa, apartamento), galpão, terreno, lote, box, quiosque, container, | - Desde que a área utilizada não ultrapasse 1.250m² (mil duzentos e cinquenta metros quadrados). | Desde que seja o escritório da empresa ou local para comercialização.",ALTO
2092-4/01,"Fabricação de pólvoras, explosivos e detonantes",INDÚSTRIA,ALTO
2092-4/02,Fabricação de artigos pirotécnicos,INDÚSTRIA,ALTO
2092-4/03,Fabricação de fósforos de segurança,INDÚSTRIA,ALTO
2110-6/00,Fabricação de produtos farmoquímicos,"-Desde que seja escritório da empresa | -Desde que não esteja em imóvel residencial (casa, apartamento), galpão, terreno, lote, box, quiosque, container, | - Desde que a área utilizada não ultrapasse 1.250m² (mil duzentos e cinquenta metros quadrados)",ALTO
2121-1/01,Fabricação de medicamentos alopáticos para uso humano,"-Desde que seja escritório da empresa | -Desde que não esteja em imóvel residencial (casa, apartamento), galpão, terreno, lote, box, quiosque, container, | - Desde que a área utilizada não ultrapasse 1.250m² (mil duzentos e cinquenta metros quadrados)",ALTO
2121-1/02,Fabricação de medicamentos homeopáticos para uso humano,"-Desde que seja escritório da empresa | -Desde que não esteja em imóvel residencial (casa, apartamento), galpão, terreno, lote, box, quiosque, container, | - Desde que a área utilizada não ultrapasse 1.250m² (mil duzentos e cinquenta metros quadrados)",ALTO
2121-1/03,Fabricação de medicamentos fitoterápicos para uso humano,"-Desde que seja escritório da empresa | -Desde que não esteja em imóvel residencial (casa, apartamento), galpão, terreno, lote, box, quiosque, container, | - Desde que a área utilizada não ultrapasse 1.250m² (mil duzentos e cinquenta metros quadrados)",ALTO
2123-8/00,Fabricação de preparações farmacêuticas,"-Desde que seja escritório da empresa | -Desde que não esteja em imóvel residencial (casa, apartamento), galpão, terreno, lote, box, quiosque, container, | - Desde que a área utilizada não ultrapasse 1.250m² (mil duzentos e cinquenta metros quadrados)",ALTO
2212-9/00,Reforma de pneumáticos usados,,ALTO
2221-8/00,Fabricação de laminados planos e tubulares de material plástico,ATIVIDADE INDUSTRIAL CONFORME LEI N° 9.148/2016 (LOUOS),ALTO
2222-6/00,Fabricação de embalagens de material plástico,ATIVIDADE INDUSTRIAL CONFORME LEI N° 9.148/2016 (LOUOS),ALTO
2223-4/00,Fabricação de tubos e acessórios de material plástico para uso na construção,ATIVIDADE INDUSTRIAL CONFORME LEI N° 9.148/2016 (LOUOS),ALTO
2229-3/01,Fabricação de artefatos de material plástico para uso pessoal e doméstico,ATIVIDADE INDUSTRIAL CONFORME LEI N° 9.148/2016 (LOUOS),ALTO
2229-3/02,Fabricação de artefatos de material plástico para usos industriais,ATIVIDADE INDUSTRIAL CONFORME LEI N° 9.148/2016 (LOUOS),ALTO
2229-3/03,"Fabricação de artefatos de material plástico para uso na construção, exceto tubos e acessórios",ATIVIDADE INDUSTRIAL CONFORME LEI N° 9.148/2016 (LOUOS),ALTO
2229-3/99,Fabricação de artefatos de material plástico para outros usos não especificados anteriormente,ATIVIDADE INDUSTRIAL CONFORME LEI N° 9.148/2016 (LOUOS),ALTO
2311-7/00,Fabricação de vidro plano e de segurança,ATIVIDADE INDUSTRIAL CONFORME LEI N° 9.148/2016 (LOUOS),ALTO
2312-5/00,Fabricação de embalagens de vidro,ATIVIDADE INDUSTRIAL CONFORME LEI N° 9.148/2016 (LOUOS),ALTO
2320-6/00,Fabricação de cimento,ATIVIDADE INDUSTRIAL CONFORME LEI N° 9.148/2016 (LOUOS),ALTO
2330-3/01,"Fabricação de estruturas pré- moldadas de concreto armado, em série e sob encomenda",ATIVIDADE INDUSTRIAL CONFORME LEI N° 9.148/2016 (LOUOS),ALTO
2330-3/02,Fabricação de artefatos de cimento para uso na construção,ATIVIDADE INDUSTRIAL CONFORME LEI N° 9.148/2016 (LOUOS),ALTO
2330-3/03,Fabricação de artefatos de fibrocimento para uso na construção,ATIVIDADE INDUSTRIAL CONFORME LEI N° 9.148/2016 (LOUOS),ALTO
2330-3/04,Fabricação de casas pré-moldadas de concreto,ATIVIDADE INDUSTRIAL CONFORME LEI N° 9.148/2016 (LOUOS),ALTO
2330-3/05,Preparação de massa de concreto e argamassa para construção,ATIVIDADE INDUSTRIAL CONFORME LEI N° 9.148/2016 (LOUOS),ALTO
2330-3/99,"Fabricação de outros artefatos e produtos de concreto, cimento, fibrocimento, gesso e materiais semelhantes",ATIVIDADE INDUSTRIAL CONFORME LEI N° 9.148/2016 (LOUOS),ALTO
2341-9/00,Fabricação de produtos cerâmicos refratários,ATIVIDADE INDUSTRIAL CONFORME LEI N° 9.148/2016 (LOUOS),ALTO
2342-7/01,Fabricação de azulejos e pisos,ATIVIDADE INDUSTRIAL CONFORME LEI N° 9.148/2016 (LOUOS),ALTO
2342-7/02,"Fabricação de artefatos de cerâmica e barro cozido para uso na construção, exceto azulejos e pisos",ATIVIDADE INDUSTRIAL CONFORME LEI N° 9.148/2016 (LOUOS),ALTO
2349-4/01,Fabricação de material sanitário de cerâmica,ATIVIDADE INDUSTRIAL CONFORME LEI N° 9.148/2016 (LOUOS),ALTO
2349-4/99,Fabricação de produtos cerâmicos não refratários não especificados anteriormente,ATIVIDADE INDUSTRIAL CONFORME LEI N° 9.148/2016 (LOUOS),ALTO
2391-5/02,"Aparelhamento de pedras para construção, exceto associado à extração",ATIVIDADE INDUSTRIAL CONFORME LEI N° 9.148/2016 (LOUOS),ALTO
2391-5/03,"Aparelhamento de placas e execução de trabalhos em mármore, granito, ardósia e outras pedras",ATIVIDADE INDUSTRIAL CONFORME LEI N° 9.148/2016 (LOUOS),ALTO
2392-3/00,Fabricação de cal e gesso,ATIVIDADE INDUSTRIAL CONFORME LEI N° 9.148/2016 (LOUOS),ALTO
2513-6/00,Fabricação de obras de caldeiraria pesada,,ALTO
2522-5/00,"Fabricação de caldeiras geradoras de vapor, exceto para aquecimento central e para veículos",,ALTO
2532-2/01,Produção de artefatos estampados de metal,ATIVIDADE INDUSTRIAL CONFORME LEI N° 9.148/2016 (LOUOS),ALTO
2532-2/02,Metalurgia do pó,ATIVIDADE INDUSTRIAL CONFORME LEI N° 9.148/2016 (LOUOS),ALTO
2550-1/01,"Fabricação de equipamento bélico pesado, exceto veículos militares de combate",,ALTO
2550-1/02,"Fabricação de armas de fogo, outras armas e munições",,ALTO
2610-8/00,Fabricação de componentes eletrônicos,ATIVIDADE INDUSTRIAL CONFORME LEI N° 9.148/2016 (LOUOS),ALTO
2621-3/00,Fabricação de equipamentos de informática,ATIVIDADE INDUSTRIAL CONFORME LEI N° 9.148/2016 (LOUOS),ALTO
2622-1/00,Fabricação de periféricos para equipamentos de informática,ATIVIDADE INDUSTRIAL CONFORME LEI N° 9.148/2016 (LOUOS),ALTO
2631-1/00,"Fabricação de equipamentos transmissores de comunicação, peças e acessórios",ATIVIDADE INDUSTRIAL CONFORME LEI N° 9.148/2016 (LOUOS),ALTO
2632-9/00,"Fabricação de aparelhos telefônicos e de outros equipamentos de comunicação, peças e acessórios",ATIVIDADE INDUSTRIAL CONFORME LEI N° 9.148/2016 (LOUOS),ALTO
2640-0/00,"Fabricação de aparelhos de recepção, reprodução, gravação e amplificação de áudio e vídeo",ATIVIDADE INDUSTRIAL CONFORME LEI N° 9.148/2016 (LOUOS),ALTO
2651-5/00,"Fabricação de aparelhos e equipamentos de medida, teste e controle",ATIVIDADE INDUSTRIAL CONFORME LEI N° 9.148/2016 (LOUOS),ALTO
2652-3/00,Fabricação de cronômetros e relógios,ATIVIDADE INDUSTRIAL CONFORME LEI N° 9.148/2016 (LOUOS),ALTO
2660-4/00,Fabricação de aparelhos eletromédicos e eletroterapêuticos e equipamentos de irradiação,ATIVIDADE INDUSTRIAL CONFORME LEI N° 9.148/2016 (LOUOS),ALTO
2670-1/01,"Fabricação de equipamentos e instrumentos ópticos, peças e acessórios",ATIVIDADE INDUSTRIAL CONFORME LEI N° 9.148/2016 (LOUOS),ALTO
2670-1/02,"Fabricação de aparelhos fotográficos e cinematográficos, peças e acessórios",ATIVIDADE INDUSTRIAL CONFORME LEI N° 9.148/2016 (LOUOS),ALTO
2680-9/00,"Fabricação de mídias virgens, magnéticas e ópticas",ATIVIDADE INDUSTRIAL CONFORME LEI N° 9.148/2016 (LOUOS),ALTO
2710-4/01,"Fabricação de geradores de corrente contínua e alternada, peças e acessórios",ATIVIDADE INDUSTRIAL CONFORME LEI N° 9.148/2016 (LOUOS),ALTO
2710-4/02,"Fabricação de transformadores, indutores, conversores, sincronizadores e semelhantes, peças e acessórios",ATIVIDADE INDUSTRIAL CONFORME LEI N° 9.148/2016 (LOUOS),ALTO
2721-0/00,"Fabricação de pilhas, baterias e acumuladores elétricos, exceto para veículos automotores",ATIVIDADE INDUSTRIAL CONFORME LEI N° 9.148/2016 (LOUOS),ALTO
2722-8/01,Fabricação de baterias e acumuladores para veículos automotores,ATIVIDADE INDUSTRIAL CONFORME LEI N° 9.148/2016 (LOUOS),ALTO
2722-8/02,Recondicionamento de baterias e acumuladores para veículos automotores,ATIVIDADE INDUSTRIAL CONFORME LEI N° 9.148/2016 (LOUOS),ALTO
2731-7/00,Fabricação de aparelhos e equipamentos para distribuição e controle de energia elétrica,ATIVIDADE INDUSTRIAL CONFORME LEI N° 9.148/2016 (LOUOS),ALTO
2732-5/00,Fabricação de material elétrico para instalações em circuito de consumo,ATIVIDADE INDUSTRIAL CONFORME LEI N° 9.148/2016 (LOUOS),ALTO
2733-3/00,"Fabricação de fios, cabos e condutores elétricos isolados",ATIVIDADE INDUSTRIAL CONFORME LEI N° 9.148/2016 (LOUOS),ALTO
2740-6/01,Fabricação de lâmpadas,ATIVIDADE INDUSTRIAL CONFORME LEI N° 9.148/2016 (LOUOS),ALTO
2740-6/02,Fabricação de luminárias e outros equipamentos de iluminação,ATIVIDADE INDUSTRIAL CONFORME LEI N° 9.148/2016 (LOUOS),ALTO
2751-1/00,"Fabricação de fogões, refrigeradores e máquinas de lavar e secar para uso doméstico, peças e acessórios",ATIVIDADE INDUSTRIAL CONFORME LEI N° 9.148/2016 (LOUOS),ALTO
2759-7/01,"Fabricação de aparelhos elétricos de uso pessoal, peças e acessórios",ATIVIDADE INDUSTRIAL CONFORME LEI N° 9.148/2016 (LOUOS),ALTO
2759-7/99,"Fabricação de outros aparelhos eletrodomésticos não especificados anteriormente, peças e acessórios",ATIVIDADE INDUSTRIAL CONFORME LEI N° 9.148/2016 (LOUOS),ALTO
2790-2/02,Fabricação de equipamentos para sinalização e alarme,ATIVIDADE INDUSTRIAL CONFORME LEI N° 9.148/2016 (LOUOS),ALTO
2790-2/99,Fabricação de outros equipamentos e aparelhos elétricos não especificados anteriormente,ATIVIDADE INDUSTRIAL CONFORME LEI N° 9.148/2016 (LOUOS),ALTO
2821-6/02,"Fabricação de estufas e fornos elétricos para fins industriais, peças e acessórios",ATIVIDADE INDUSTRIAL CONFORME LEI N° 9.148/2016 (LOUOS),ALTO
2822-4/01,"Fabricação de máquinas, equipamentos e aparelhos para transporte e elevação de pessoas, peças e acessórios",ATIVIDADE INDUSTRIAL CONFORME LEI N° 9.148/2016 (LOUOS),ALTO
2822-4/02,"Fabricação de máquinas, equipamentos e aparelhos para transporte e elevação de cargas, peças e acessórios",ATIVIDADE INDUSTRIAL CONFORME LEI N° 9.148/2016 (LOUOS),ALTO
2824-1/01,Fabricação de aparelhos e equipamentos de ar condicionado para uso industrial,ATIVIDADE INDUSTRIAL CONFORME LEI N° 9.148/2016 (LOUOS),ALTO
2824-1/02,Fabricação de aparelhos e equipamentos de ar condicionado para uso não industrial,ATIVIDADE INDUSTRIAL CONFORME LEI N° 9.148/2016 (LOUOS),ALTO
2829-1/01,"Fabricação de máquinas de escrever, calcular e outros equipamentos não eletrônicos para escritório, peças e acessórios",ATIVIDADE INDUSTRIAL CONFORME LEI N° 9.148/2016 (LOUOS),ALTO
2829-1/99,"Fabricação de outras máquinas e equipamentos de uso geral não especificados anteriormente, peças e acessórios",ATIVIDADE INDUSTRIAL CONFORME LEI N° 9.148/2016 (LOUOS),ALTO
2945-0/00,"Fabricação de material elétrico e eletrônico para veículos automotores, exceto baterias",ATIVIDADE INDUSTRIAL CONFORME LEI N° 9.148/2016 (LOUOS),ALTO
2949-2/01,Fabricação de bancos e estofados para veículos automotores,ATIVIDADE INDUSTRIAL CONFORME LEI N° 9.148/2016 (LOUOS),ALTO
2950-6/00,Recondicionamento e recuperação de motores para veículos automotores,ATIVIDADE INDUSTRIAL CONFORME LEI N° 9.148/2016 (LOUOS),ALTO
3011-3/01,Construção de embarcações de grande porte,ATIVIDADE INDUSTRIAL CONFORME LEI N° 9.148/2016 (LOUOS),ALTO
3011-3/02,"Construção de embarcações para uso comercial e para usos especiais, exceto de grande porte",ATIVIDADE INDUSTRIAL CONFORME LEI N° 9.148/2016 (LOUOS),ALTO
3012-1/00,Construção de embarcações para esporte e lazer,ATIVIDADE INDUSTRIAL CONFORME LEI N° 9.148/2016 (LOUOS),ALTO
3101-2/00,Fabricação de móveis com predominância de madeira,ATIVIDADE INDUSTRIAL CONFORME LEI N° 9.148/2016 (LOUOS),ALTO
3102-1/00,Fabricação de móveis com predominância de metal,ATIVIDADE INDUSTRIAL | CONFORME LEI N° 9.148/2016 (LOUOS),ALTO
3103-9/00,"Fabricação de móveis de outros materiais, exceto madeira e metal",ATIVIDADE INDUSTRIAL CONFORME LEI N° 9.148/2016 (LOUOS),ALTO
3104-7/00,Fabricação de colchões,ATIVIDADE INDUSTRIAL | CONFORME LEI N° 9.148/2016 (LOUOS),ALTO
3211-6/01,Lapidação de gemas,ATIVIDADE INDUSTRIAL CONFORME LEI N° 9.148/2016 (LOUOS),ALTO
3211-6/03,Cunhagem de moedas e medalhas,ATIVIDADE INDUSTRIAL CONFORME LEI N° 9.148/2016 (LOUOS),ALTO
3240-0/01,Fabricação de jogos eletrônicos,ATIVIDADE INDUSTRIAL CONFORME LEI N° 9.148/2016 (LOUOS),ALTO
3240-0/02,"Fabricação de mesas de bilhar, de sinuca e acessórios não associada à locação",ATIVIDADE INDUSTRIAL CONFORME LEI N° 9.148/2016 (LOUOS),ALTO
3240-0/03,"Fabricação de mesas de bilhar, de sinuca e acessórios associada à locação",ATIVIDADE INDUSTRIAL CONFORME LEI N° 9.148/2016 (LOUOS),ALTO
3250-7/01,"Fabricação de instrumentos não eletrônicos e utensílios para uso médico, cirúrgico, odontológico e de laboratório",ATIVIDADE INDUSTRIAL CONFORME LEI N° 9.148/2016 (LOUOS),ALTO
3250-7/02,"Fabricação de mobiliário para uso médico, cirúrgico, odontológico e de laboratório",ATIVIDADE INDUSTRIAL CONFORME LEI N° 9.148/2016 (LOUOS),ALTO
3250-7/03,Fabricação de aparelhos e utensílios para correção de defeitos físicos e aparelhos ortopédicos em geral sob encomenda,ATIVIDADE INDUSTRIAL CONFORME LEI N° 9.148/2016 (LOUOS),ALTO
3250-7/04,"Fabricação de aparelhos e utensílios para correção de defeitos físicos e aparelhos ortopédicos em geral, exceto sob encomenda",ATIVIDADE INDUSTRIAL CONFORME LEI N° 9.148/2016 (LOUOS),ALTO
3250-7/05,Fabricação de materiais para medicina e odontologia,ATIVIDADE INDUSTRIAL CONFORME LEI N° 9.148/2016 (LOUOS),ALTO
3250-7/09,Serviço de laboratório óptico,"-Desde que seja escritório da empresa | -Desde que não esteja em imóvel residencial (casa, apartamento), galpão, terreno, lote, box, quiosque, container, | - Desde que a área utilizada não ultrapasse 1.250m² (mil duzentos e cinquenta metros quadrados)",ALTO
3292-2/01,Fabricação de roupas de proteção e segurança e resistentes a fogo,ATIVIDADE INDUSTRIAL CONFORME LEI N° 9.148/2016 (LOUOS),ALTO
3292-2/02,Fabricação de equipamentos e acessórios para segurança pessoal e profissional,ATIVIDADE INDUSTRIAL CONFORME LEI N° 9.148/2016 (LOUOS),ALTO
3520-4/01,Produção de gás; processamento de gás natural,ATIVIDADE INDUSTRIAL CONFORME LEI N° 9.148/2016 (LOUOS),ALTO
3520-4/02,Distribuição de combustíveis gasosos por redes urbanas,ATIVIDADE INDUSTRIAL CONFORME LEI N° 9.148/2016,ALTO
3530-1/00,"Produção e distribuição de vapor, água quente e ar condicionado",ATIVIDADE INDUSTRIAL CONFORME LEI N° 9.148/2016 (LOUOS),ALTO
3600-6/02,Distribuição de água por caminhões,"-Desde que seja escritório da empresa | -Desde que não esteja em imóvel residencial (casa, apartamento), galpão, terreno, lote, box, quiosque, container, | - Desde que a área utilizada não ultrapasse 1.250m² (mil duzentos e cinquenta metros quadrados)",ALTO
3812-2/00,Coleta de resíduos perigosos,ATIVIDADE INDUSTRIAL CONFORME LEI N° 9.148/2016 (LOUOS),ALTO
3822-0/00,Tratamento e disposição de resíduos perigosos,ATIVIDADE INDUSTRIAL CONFORME LEI N° 9.148/2016 (LOUOS),ALTO
3831-9/01,Recuperação de sucatas de alumínio,ATIVIDADE INDUSTRIAL CONFORME LEI N° 9.148/2016 (LOUOS),ALTO
3831-9/99,"Recuperação de materiais metálicos, exceto alumínio",ATIVIDADE INDUSTRIAL CONFORME LEI N° 9.148/2016 (LOUOS),ALTO
3832-7/00,Recuperação de materiais plásticos,ATIVIDADE INDUSTRIAL CONFORME LEI N° 9.148/2016 (LOUOS),ALTO
3839-4/01,Usinas de compostagem,ATIVIDADE INDUSTRIAL CONFORME LEI N° 9.148/2016 (LOUOS),ALTO
3839-4/99,Recuperação de materiais não especificados anteriormente,ATIVIDADE INDUSTRIAL CONFORME LEI N° 9.148/2016 (LOUOS),ALTO
4520-0/01,Serviços de manutenção e reparação mecânica de veículos automotores,,ALTO
4520-0/02,Serviços de lanternagem ou funilaria e pintura de veículos automotores,,ALTO
4520-0/05,"Serviços de lavagem, lubrificação e polimento de veículos automotores",,ALTO
4543-9/00,Manutenção e reparação de motocicletas e motonetas,,ALTO
4639-7/02,"Comércio atacadista de produtos alimentícios em geral, com atividade de fracionamento e acondicionamento associada",,ALTO
4644-3/01,Comércio atacadista de medicamentos e drogas de uso humano,"-Desde que seja escritório da empresa | -Desde que não esteja em imóvel residencial (casa, apartamento), galpão, terreno, lote, box, quiosque, container, | - Desde que a área utilizada não ultrapasse 1.250m² (setecentos e cinquenta metros quadrados). | Desde que seja o escritório da empresa ou local para comercialização.",ALTO
4645-1/01,"Comércio atacadista de instrumentos e materiais para uso médico, cirúrgico, hospitalar e de laboratórios",,ALTO
4645-1/02,Comércio atacadista de próteses e artigos de ortopedia,,ALTO
4645-1/03,Comércio atacadista de produtos odontológicos,,ALTO
4646-0/01,Comércio atacadista de cosméticos e produtos de perfumaria,,ALTO
4646-0/02,Comércio atacadista de produtos de higiene pessoal,,ALTO
4649-4/08,"Comércio atacadista de produtos de higiene, limpeza e conservação domiciliar",,ALTO
4649-4/09,"Comércio atacadista de produtos de higiene, limpeza e conservação domiciliar, com atividade de fracionamento e acondicionamento associada",,ALTO
4681-8/01,"Comércio atacadista de álcool carburante, biodiesel, gasolina e demais derivados de petróleo, exceto lubrificantes, não realizado por transportador retalhista (TRR)",,ALTO
4681-8/02,Comércio atacadista de combustíveis realizado por transportador retalhista (TRR),,ALTO
4681-8/03,"Comércio atacadista de combustíveis de origem vegetal, exceto álcool carburante",,ALTO
4681-8/04,Comércio atacadista de combustíveis de origem mineral em bruto,,ALTO
4681-8/05,Comércio atacadista de lubrificantes,,ALTO
4682-6/00,Comércio atacadista de gás liquefeito de petróleo (GLP),,ALTO
4684-2/01,Comércio atacadista de resinas e elastômeros,,ALTO
4684-2/02,Comércio atacadista de solventes,,ALTO
4684-2/99,Comércio atacadista de outros produtos químicos e petroquímicos não especificados anteriormente,,ALTO
4731-8/00,Comércio varejista de combustíveis para veículos automotores,,ALTO
4732-6/00,Comércio varejista de lubrificantes,,ALTO
4771-7/01,"Comércio varejista de produtos farmacêuticos, sem manipulação de fórmulas",,ALTO
4771-7/02,"Comércio varejista de produtos farmacêuticos, com manipulação de fórmulas",,ALTO
4771-7/03,Comércio varejista de produtos farmacêuticos homeopáticos,,ALTO
4784-9/00,Comércio varejista de gás liqüefeito de petróleo (GLP),,ALTO
4789-0/06,Comércio varejista de fogos de artifício e artigos pirotécnicos,,ALTO
5620-1/01,Fornecimento de alimentos preparados preponderantemente para empresas,,ALTO
8122-2/00,Imunização e controle de pragas urbanas,"-Desde que seja escritório da empresa | -Desde que não esteja em imóvel residencial (casa, apartamento), galpão, terreno, lote, box, quiosque, container, | - Desde que a área utilizada não ultrapasse 1.250m² (setecentos e cinquenta metros quadrados). | Desde que seja o escritório da empresa ou local para comercialização.",ALTO
8511-2/00,Educação infantil - creche,,ALTO
8610-1/01,"Atividades de atendimento hospitalar, exceto pronto-socorro e unidades para atendimento a urgências",,ALTO
8610-1/02,Atividades de atendimento em pronto-socorro e unidades hospitalares para atendimento a urgências,,ALTO
8621-6/01,UTI móvel,,ALTO
8621-6/02,"Serviços móveis de atendimento a urgências, exceto por UTI móvel",,ALTO
8630-5/01,Atividade médica ambulatorial com recursos para realização de procedimentos cirúrgicos,,ALTO
8630-5/02,Atividade médica ambulatorial com recursos para realização de exames complementares,,ALTO
8630-5/04,Atividade odontológica,,ALTO
8630-5/06,Serviços de vacinação e imunização humana,,ALTO
8630-5/07,Atividades de reprodução humana assistida,,ALTO
8640-2/01,Laboratórios de anatomia patológica e citológica,,ALTO
8640-2/02,Laboratórios clínicos,,ALTO
8640-2/03,Serviços de diálise e nefrologia,,ALTO
8640-2/04,Serviços de tomografia,,ALTO
8640-2/05,"Serviços de diagnóstico por imagem com uso de radiação ionizante, exceto tomografia",,ALTO
8640-2/06,Serviços de ressonância magnética,,ALTO
8640-2/07,"Serviços de diagnóstico por imagem sem uso de radiação ionizante, exceto ressonância magnética",,ALTO
8640-2/08,"Serviços de diagnóstico por registro gráfico - ECG, EEG e outros exames análogos",,ALTO
8640-2/09,Serviços de diagnóstico por métodos ópticos - endoscopia e outros exames análogos,,ALTO
8640-2/10,Serviços de quimioterapia,,ALTO
8640-2/11,Serviços de radioterapia,,ALTO
8640-2/12,Serviços de hemoterapia,,ALTO
8640-2/13,Serviços de litotripsia,,ALTO
8640-2/14,Serviços de bancos de células e tecidos humanos,,ALTO
8640-2/99,Atividades de serviços de complementação diagnóstica e terapêutica não especificadas anteriormente,,ALTO
8650-0/07,Atividades de terapia de nutrição enteral e parenteral,,ALTO
8690-9/02,Atividades de bancos de leite humano,,ALTO
8711-5/01,Clínicas e residências geriátricas,,ALTO
8711-5/02,Instituições de longa permanência para idosos,,ALTO
8711-5/03,"Atividades de assistência a deficientes físicos, imunodeprimidos e convalescentes",,ALTO
8712-3/00,Atividades de fornecimento de infraestrutura de apoio e assistência a paciente no domicílio,,ALTO
8720-4/99,"Atividades de assistência psicossocial e à saúde a portadores de distúrbios psíquicos, deficiência mental e dependência química e grupos similares não especificadas anteriormente",,ALTO
8730-1/01,Orfanatos,,ALTO
8730-1/99,Atividades de assistência social prestadas em residências coletivas e particulares não especificadas anteriormente,,ALTO
9603-3/05,Serviços de somatoconservação,,ALTO
9609-2/06,Serviços de tatuagem e colocação de piercing,,ALTO
