cnae,denominacao,risco,regra_atualizacao,codigo_louos,denominacao_louos,enquadramento_texto,enquadramento1,ate_m2_1,enquadramento2,ate_m2_2,enquadramento3,acima_m2,codigo_tll,especificacao_tll,classificacao
0111-3/01,Cultivo de arroz,BAIXO RISCO,Regra 5,07.12.13,"Escritório (inclusive virtual), sede de empresa, grupo de salas, centro empresarial",nR1-12 (até 1250) ;  nR2-12 (acima de 1250),nR1-12,"1250,00",nR2-12,"1250,01",-,-,1.01,"Administração, Organização e Planejamento",VALIDAÇÃO
0111-3/01,Cultivo de arroz,A SER DEFINIDO PELA CNLU,Regra 5,08A.02.03,Agropecuária,nRa-02,nRa-02,Q,-,Q,-,-,1.18,Estabelecimentos não classificados nos  Itens 1.01 a 1.17,VALIDAÇÃO
0111-3/02,Cultivo de milho,BAIXO RISCO,Regra 5,07.12.13,"Escritório (inclusive virtual), sede de empresa, grupo de salas, centro empresarial",nR1-12 (até 1250) ;  nR2-12 (acima de 1250),nR1-12,"1250,00",nR2-12,"1250,01",-,-,1.01,"Administração, Organização e Planejamento",VALIDAÇÃO
0111-3/02,Cultivo de milho,A SER DEFINIDO PELA CNLU,Regra 5,08A.02.03,Agropecuária,nRa-02,nRa-02,Q,-,Q,-,-,1.18,Estabelecimentos não classificados nos  Itens 1.01 a 1.17,VALIDAÇÃO
0111-3/03,Cultivo de trigo,BAIXO RISCO,Regra 5,07.12.13,"Escritório (inclusive virtual), sede de empresa, grupo de salas, centro empresarial",nR1-12 (até 1250) ;  nR2-12 (acima de 1250),nR1-12,"1250,00",nR2-12,"1250,01",-,-,1.01,"Administração, Organização e Planejamento",VALIDAÇÃO
0111-3/03,Cultivo de trigo,A SER DEFINIDO PELA CNLU,Regra 5,08A.02.03,Agropecuária,nRa-02,nRa-02,Q,-,Q,-,-,1.18,Estabelecimentos não classificados nos  Itens 1.01 a 1.17,VALIDAÇÃO
0111-3/99,Cultivo de outros cereais não especificados anteriormente,BAIXO RISCO,Regra 5,07.12.13,"Escritório (inclusive virtual), sede de empresa, grupo de salas, centro empresarial",nR1-12 (até 1250) ;  nR2-12 (acima de 1250),nR1-12,"1250,00",nR2-12,"1250,01",-,-,1.01,"Administração, Organização e Planejamento",VALIDAÇÃO
0111-3/99,Cultivo de outros cereais não especificados anteriormente,A SER DEFINIDO PELA CNLU,Regra 5,08A.02.03,Agropecuária,nRa-02,nRa-02,Q,-,Q,-,-,1.18,Estabelecimentos não classificados nos  Itens 1.01 a 1.17,VALIDAÇÃO
0112-1/01,Cultivo de algodão herbáceo,BAIXO RISCO,Regra 5,07.12.13,"Escritório (inclusive virtual), sede de empresa, grupo de salas, centro empresarial",nR1-12 (até 1250) ;  nR2-12 (acima de 1250),nR1-12,"1250,00",nR2-12,"1250,01",-,-,1.01,"Administração, Organização e Planejamento",VALIDAÇÃO
0112-1/01,Cultivo de algodão herbáceo,A SER DEFINIDO PELA CNLU,Regra 5,08A.02.03,Agropecuária,nRa-02,nRa-02,Q,-,Q,-,-,1.18,Estabelecimentos não classificados nos  Itens 1.01 a 1.17,VALIDAÇÃO
0112-1/02,Cultivo de juta,BAIXO RISCO,Regra 5,07.12.13,"Escritório (inclusive virtual), sede de empresa, grupo de salas, centro empresarial",nR1-12 (até 1250) ;  nR2-12 (acima de 1250),nR1-12,"1250,00",nR2-12,"1250,01",-,-,1.01,"Administração, Organização e Planejamento",VALIDAÇÃO
0112-1/02,Cultivo de juta,A SER DEFINIDO PELA CNLU,Regra 5,08A.02.03,Agropecuária,nRa-02,nRa-02,Q,-,Q,-,-,1.18,Estabelecimentos não classificados nos  Itens 1.01 a 1.17,VALIDAÇÃO
0112-1/99,Cultivo de outras fibras de lavoura temporária não especificadas anteriormente,BAIXO RISCO,Regra 5,07.12.13,"Escritório (inclusive virtual), sede de empresa, grupo de salas, centro empresarial",nR1-12 (até 1250) ;  nR2-12 (acima de 1250),nR1-12,"1250,00",nR2-12,"1250,01",-,-,1.01,"Administração, Organização e Planejamento",VALIDAÇÃO
0112-1/99,Cultivo de outras fibras de lavoura temporária não especificadas anteriormente,A SER DEFINIDO PELA CNLU,Regra 5,08A.02.03,Agropecuária,nRa-02,nRa-02,Q,-,Q,-,-,1.18,Estabelecimentos não classificados nos  Itens 1.01 a 1.17,VALIDAÇÃO
0113-0/00,Cultivo de cana-de-açúcar,BAIXO RISCO,Regra 5,07.12.13,"Escritório (inclusive virtual), sede de empresa, grupo de salas, centro empresarial",nR1-12 (até 1250) ;  nR2-12 (acima de 1250),nR1-12,"1250,00",nR2-12,"1250,01",-,-,1.01,"Administração, Organização e Planejamento",VALIDAÇÃO
0113-0/00,Cultivo de cana-de-açúcar,A SER DEFINIDO PELA CNLU,Regra 5,08A.02.03,Agropecuária,nRa-02,nRa-02,Q,-,Q,-,-,1.18,Estabelecimentos não classificados nos  Itens 1.01 a 1.17,VALIDAÇÃO
0114-8/00,Cultivo de fumo,BAIXO RISCO,Regra 5,07.12.13,"Escritório (inclusive virtual), sede de empresa, grupo de salas, centro empresarial",nR1-12 (até 1250) ;  nR2-12 (acima de 1250),nR1-12,"1250,00",nR2-12,"1250,01",-,-,1.01,"Administração, Organização e Planejamento",VALIDAÇÃO
0114-8/00,Cultivo de fumo,A SER DEFINIDO PELA CNLU,Regra 5,08A.02.03,Agropecuária,nRa-02,nRa-02,Q,-,Q,-,-,1.18,Estabelecimentos não classificados nos  Itens 1.01 a 1.17,VALIDAÇÃO
0115-6/00,Cultivo de soja,BAIXO RISCO,Regra 5,07.12.13,"Escritório (inclusive virtual), sede de empresa, grupo de salas, centro empresarial",nR1-12 (até 1250) ;  nR2-12 (acima de 1250),nR1-12,"1250,00",nR2-12,"1250,01",-,-,1.01,"Administração, Organização e Planejamento",VALIDAÇÃO
0115-6/00,Cultivo de soja,A SER DEFINIDO PELA CNLU,Regra 5,08A.02.03,Agropecuária,nRa-02,nRa-02,Q,-,Q,-,-,1.18,Estabelecimentos não classificados nos  Itens 1.01 a 1.17,VALIDAÇÃO
0116-4/01,Cultivo de amendoim,BAIXO RISCO,Regra 5,07.12.13,"Escritório (inclusive virtual), sede de empresa, grupo de salas, centro empresarial",nR1-12 (até 1250) ;  nR2-12 (acima de 1250),nR1-12,"1250,00",nR2-12,"1250,01",-,-,1.01,"Administração, Organização e Planejamento",VALIDAÇÃO
0116-4/01,Cultivo de amendoim,A SER DEFINIDO PELA CNLU,Regra 5,08A.02.03,Agropecuária,nRa-02,nRa-02,Q,-,Q,-,-,1.18,Estabelecimentos não classificados nos  Itens 1.01 a 1.17,VALIDAÇÃO
0116-4/02,Cultivo de girassol,BAIXO RISCO,Regra 5,07.12.13,"Escritório (inclusive virtual), sede de empresa, grupo de salas, centro empresarial",nR1-12 (até 1250) ;  nR2-12 (acima de 1250),nR1-12,"1250,00",nR2-12,"1250,01",-,-,1.01,"Administração, Organização e Planejamento",VALIDAÇÃO
0116-4/02,Cultivo de girassol,A SER DEFINIDO PELA CNLU,Regra 5,08A.02.03,Agropecuária,nRa-02,nRa-02,Q,-,Q,-,-,1.18,Estabelecimentos não classificados nos  Itens 1.01 a 1.17,VALIDAÇÃO
0116-4/03,Cultivo de mamona,BAIXO RISCO,Regra 5,07.12.13,"Escritório (inclusive virtual), sede de empresa, grupo de salas, centro empresarial",nR1-12 (até 1250) ;  nR2-12 (acima de 1250),nR1-12,"1250,00",nR2-12,"1250,01",-,-,1.01,"Administração, Organização e Planejamento",VALIDAÇÃO
0116-4/03,Cultivo de mamona,A SER DEFINIDO PELA CNLU,Regra 5,08A.02.03,Agropecuária,nRa-02,nRa-02,Q,-,Q,-,-,1.18,Estabelecimentos não classificados nos  Itens 1.01 a 1.17,VALIDAÇÃO
0116-4/99,Cultivo de outras oleaginosas de lavoura temporária não especificadas anteriormente,BAIXO RISCO,Regra 5,07.12.13,"Escritório (inclusive virtual), sede de empresa, grupo de salas, centro empresarial",nR1-12 (até 1250) ;  nR2-12 (acima de 1250),nR1-12,"1250,00",nR2-12,"1250,01",-,-,1.01,"Administração, Organização e Planejamento",VALIDAÇÃO
0116-4/99,Cultivo de outras oleaginosas de lavoura temporária não especificadas anteriormente,A SER DEFINIDO PELA CNLU,Regra 5,08A.02.03,Agropecuária,nRa-02,nRa-02,Q,-,Q,-,-,1.18,Estabelecimentos não classificados nos  Itens 1.01 a 1.17,VALIDAÇÃO
0119-9/01,Cultivo de abacaxi,BAIXO RISCO,Regra 5,07.12.13,"Escritório (inclusive virtual), sede de empresa, grupo de salas, centro empresarial",nR1-12 (até 1250) ;  nR2-12 (acima de 1250),nR1-12,"1250,00",nR2-12,"1250,01",-,-,1.01,"Administração, Organização e Planejamento",VALIDAÇÃO
0119-9/01,Cultivo de abacaxi,A SER DEFINIDO PELA CNLU,Regra 5,08A.02.03,Agropecuária,nRa-02,nRa-02,Q,-,Q,-,-,1.18,Estabelecimentos não classificados nos  Itens 1.01 a 1.17,VALIDAÇÃO
0119-9/02,Cultivo de alho,BAIXO RISCO,Regra 5,07.12.13,"Escritório (inclusive virtual), sede de empresa, grupo de salas, centro empresarial",nR1-12 (até 1250) ;  nR2-12 (acima de 1250),nR1-12,"1250,00",nR2-12,"1250,01",-,-,1.01,"Administração, Organização e Planejamento",VALIDAÇÃO
0119-9/02,Cultivo de alho,A SER DEFINIDO PELA CNLU,Regra 5,08A.02.03,Agropecuária,nRa-02,nRa-02,Q,-,Q,-,-,1.18,Estabelecimentos não classificados nos  Itens 1.01 a 1.17,VALIDAÇÃO
0119-9/03,Cultivo de batata-inglesa,BAIXO RISCO,Regra 5,07.12.13,"Escritório (inclusive virtual), sede de empresa, grupo de salas, centro empresarial",nR1-12 (até 1250) ;  nR2-12 (acima de 1250),nR1-12,"1250,00",nR2-12,"1250,01",-,-,1.01,"Administração, Organização e Planejamento",VALIDAÇÃO
0119-9/03,Cultivo de batata-inglesa,A SER DEFINIDO PELA CNLU,Regra 5,08A.02.03,Agropecuária,nRa-02,nRa-02,Q,-,Q,-,-,1.18,Estabelecimentos não classificados nos  Itens 1.01 a 1.17,VALIDAÇÃO
0119-9/04,Cultivo de cebola,BAIXO RISCO,Regra 5,07.12.13,"Escritório (inclusive virtual), sede de empresa, grupo de salas, centro empresarial",nR1-12 (até 1250) ;  nR2-12 (acima de 1250),nR1-12,"1250,00",nR2-12,"1250,01",-,-,1.01,"Administração, Organização e Planejamento",VALIDAÇÃO
0119-9/04,Cultivo de cebola,A SER DEFINIDO PELA CNLU,Regra 5,08A.02.03,Agropecuária,nRa-02,nRa-02,Q,-,Q,-,-,1.18,Estabelecimentos não classificados nos  Itens 1.01 a 1.17,VALIDAÇÃO
0119-9/05,Cultivo de feijão,BAIXO RISCO,Regra 5,07.12.13,"Escritório (inclusive virtual), sede de empresa, grupo de salas, centro empresarial",nR1-12 (até 1250) ;  nR2-12 (acima de 1250),nR1-12,"1250,00",nR2-12,"1250,01",-,-,1.01,"Administração, Organização e Planejamento",VALIDAÇÃO
0119-9/05,Cultivo de feijão,A SER DEFINIDO PELA CNLU,Regra 5,08A.02.03,Agropecuária,nRa-02,nRa-02,Q,-,Q,-,-,1.18,Estabelecimentos não classificados nos  Itens 1.01 a 1.17,VALIDAÇÃO
0119-9/06,Cultivo de mandioca,BAIXO RISCO,Regra 5,07.12.13,"Escritório (inclusive virtual), sede de empresa, grupo de salas, centro empresarial",nR1-12 (até 1250) ;  nR2-12 (acima de 1250),nR1-12,"1250,00",nR2-12,"1250,01",-,-,1.01,"Administração, Organização e Planejamento",VALIDAÇÃO
0119-9/06,Cultivo de mandioca,A SER DEFINIDO PELA CNLU,Regra 5,08A.02.03,Agropecuária,nRa-02,nRa-02,Q,-,Q,-,-,1.18,Estabelecimentos não classificados nos  Itens 1.01 a 1.17,VALIDAÇÃO
0119-9/07,Cultivo de melão,BAIXO RISCO,Regra 5,07.12.13,"Escritório (inclusive virtual), sede de empresa, grupo de salas, centro empresarial",nR1-12 (até 1250) ;  nR2-12 (acima de 1250),nR1-12,"1250,00",nR2-12,"1250,01",-,-,1.01,"Administração, Organização e Planejamento",VALIDAÇÃO
0119-9/07,Cultivo de melão,A SER DEFINIDO PELA CNLU,Regra 5,08A.02.03,Agropecuária,nRa-02,nRa-02,Q,-,Q,-,-,1.18,Estabelecimentos não classificados nos  Itens 1.01 a 1.17,VALIDAÇÃO
0119-9/08,Cultivo de melancia,BAIXO RISCO,Regra 5,07.12.13,"Escritório (inclusive virtual), sede de empresa, grupo de salas, centro empresarial",nR1-12 (até 1250) ;  nR2-12 (acima de 1250),nR1-12,"1250,00",nR2-12,"1250,01",-,-,1.01,"Administração, Organização e Planejamento",VALIDAÇÃO
0119-9/08,Cultivo de melancia,A SER DEFINIDO PELA CNLU,Regra 5,08A.02.03,Agropecuária,nRa-02,nRa-02,Q,-,Q,-,-,1.18,Estabelecimentos não classificados nos  Itens 1.01 a 1.17,VALIDAÇÃO
0119-9/09,Cultivo de tomate rasteiro,BAIXO RISCO,Regra 5,07.12.13,"Escritório (inclusive virtual), sede de empresa, grupo de salas, centro empresarial",nR1-12 (até 1250) ;  nR2-12 (acima de 1250),nR1-12,"1250,00",nR2-12,"1250,01",-,-,1.01,"Administração, Organização e Planejamento",VALIDAÇÃO
0119-9/09,Cultivo de tomate rasteiro,A SER DEFINIDO PELA CNLU,Regra 5,08A.02.03,Agropecuária,nRa-02,nRa-02,Q,-,Q,-,-,1.18,Estabelecimentos não classificados nos  Itens 1.01 a 1.17,VALIDAÇÃO
0119-9/99,Cultivo de outras plantas de lavoura temporária não especificadas anteriormente,BAIXO RISCO,Regra 5,07.12.13,"Escritório (inclusive virtual), sede de empresa, grupo de salas, centro empresarial",nR1-12 (até 1250) ;  nR2-12 (acima de 1250),nR1-12,"1250,00",nR2-12,"1250,01",-,-,1.01,"Administração, Organização e Planejamento",VALIDAÇÃO
0119-9/99,Cultivo de outras plantas de lavoura temporária não especificadas anteriormente,A SER DEFINIDO PELA CNLU,Regra 5,08A.02.03,Agropecuária,nRa-02,nRa-02,Q,-,Q,-,-,1.18,Estabelecimentos não classificados nos  Itens 1.01 a 1.17,VALIDAÇÃO
0121-1/01,"Horticultura, exceto morango",BAIXO RISCO,Regra 5,07.12.13,"Escritório (inclusive virtual), sede de empresa, grupo de salas, centro empresarial",nR1-12 (até 1250) ;  nR2-12 (acima de 1250),nR1-12,"1250,00",nR2-12,"1250,01",-,-,1.01,"Administração, Organização e Planejamento",VALIDAÇÃO
0121-1/01,"Horticultura, exceto morango",A SER DEFINIDO PELA CNLU,Regra 5,08A.02.03,Agropecuária,nRa-02,nRa-02,Q,-,Q,-,-,1.18,Estabelecimentos não classificados nos  Itens 1.01 a 1.17,VALIDAÇÃO
0121-1/02,Cultivo de morango,BAIXO RISCO,Regra 5,07.12.13,"Escritório (inclusive virtual), sede de empresa, grupo de salas, centro empresarial",nR1-12 (até 1250) ;  nR2-12 (acima de 1250),nR1-12,"1250,00",nR2-12,"1250,01",-,-,1.01,"Administração, Organização e Planejamento",VALIDAÇÃO
0121-1/02,Cultivo de morango,A SER DEFINIDO PELA CNLU,Regra 5,08A.02.03,Agropecuária,nRa-02,nRa-02,Q,-,Q,-,-,1.18,Estabelecimentos não classificados nos  Itens 1.01 a 1.17,VALIDAÇÃO
0122-9/00,Cultivo de flores e plantas ornamentais,BAIXO RISCO,Regra 5,07.12.13,"Escritório (inclusive virtual), sede de empresa, grupo de salas, centro empresarial",nR1-12 (até 1250) ;  nR2-12 (acima de 1250),nR1-12,"1250,00",nR2-12,"1250,01",-,-,1.01,"Administração, Organização e Planejamento",VALIDAÇÃO
0122-9/00,Cultivo de flores e plantas ornamentais,A SER DEFINIDO PELA CNLU,Regra 5,08A.02.03,Agropecuária,nRa-02,nRa-02,Q,-,Q,-,-,1.18,Estabelecimentos não classificados nos  Itens 1.01 a 1.17,VALIDAÇÃO
0131-8/00,Cultivo de laranja,BAIXO RISCO,Regra 5,07.12.13,"Escritório (inclusive virtual), sede de empresa, grupo de salas, centro empresarial",nR1-12 (até 1250) ;  nR2-12 (acima de 1250),nR1-12,"1250,00",nR2-12,"1250,01",-,-,1.01,"Administração, Organização e Planejamento",VALIDAÇÃO
0131-8/00,Cultivo de laranja,A SER DEFINIDO PELA CNLU,Regra 5,08A.02.03,Agropecuária,nRa-02,nRa-02,Q,-,Q,-,-,1.18,Estabelecimentos não classificados nos  Itens 1.01 a 1.17,VALIDAÇÃO
0132-6/00,Cultivo de uva,BAIXO RISCO,Regra 5,07.12.13,"Escritório (inclusive virtual), sede de empresa, grupo de salas, centro empresarial",nR1-12 (até 1250) ;  nR2-12 (acima de 1250),nR1-12,"1250,00",nR2-12,"1250,01",-,-,1.01,"Administração, Organização e Planejamento",VALIDAÇÃO
0132-6/00,Cultivo de uva,A SER DEFINIDO PELA CNLU,Regra 5,08A.02.03,Agropecuária,nRa-02,nRa-02,Q,-,Q,-,-,1.18,Estabelecimentos não classificados nos  Itens 1.01 a 1.17,VALIDAÇÃO
0133-4/01,Cultivo de açaí,BAIXO RISCO,Regra 5,07.12.13,"Escritório (inclusive virtual), sede de empresa, grupo de salas, centro empresarial",nR1-12 (até 1250) ;  nR2-12 (acima de 1250),nR1-12,"1250,00",nR2-12,"1250,01",-,-,1.01,"Administração, Organização e Planejamento",VALIDAÇÃO
0133-4/01,Cultivo de açaí,A SER DEFINIDO PELA CNLU,Regra 5,08A.02.03,Agropecuária,nRa-02,nRa-02,Q,-,Q,-,-,1.18,Estabelecimentos não classificados nos  Itens 1.01 a 1.17,VALIDAÇÃO
0133-4/02,Cultivo de banana,BAIXO RISCO,Regra 5,07.12.13,"Escritório (inclusive virtual), sede de empresa, grupo de salas, centro empresarial",nR1-12 (até 1250) ;  nR2-12 (acima de 1250),nR1-12,"1250,00",nR2-12,"1250,01",-,-,1.01,"Administração, Organização e Planejamento",VALIDAÇÃO
0133-4/02,Cultivo de banana,A SER DEFINIDO PELA CNLU,Regra 5,08A.02.03,Agropecuária,nRa-02,nRa-02,Q,-,Q,-,-,1.18,Estabelecimentos não classificados nos  Itens 1.01 a 1.17,VALIDAÇÃO
0133-4/03,Cultivo de caju,BAIXO RISCO,Regra 5,07.12.13,"Escritório (inclusive virtual), sede de empresa, grupo de salas, centro empresarial",nR1-12 (até 1250) ;  nR2-12 (acima de 1250),nR1-12,"1250,00",nR2-12,"1250,01",-,-,1.01,"Administração, Organização e Planejamento",VALIDAÇÃO
0133-4/03,Cultivo de caju,A SER DEFINIDO PELA CNLU,Regra 5,08A.02.03,Agropecuária,nRa-02,nRa-02,Q,-,Q,-,-,1.18,Estabelecimentos não classificados nos  Itens 1.01 a 1.17,VALIDAÇÃO
0133-4/04,"Cultivo de cítricos, exceto laranja",BAIXO RISCO,Regra 5,07.12.13,"Escritório (inclusive virtual), sede de empresa, grupo de salas, centro empresarial",nR1-12 (até 1250) ;  nR2-12 (acima de 1250),nR1-12,"1250,00",nR2-12,"1250,01",-,-,1.01,"Administração, Organização e Planejamento",VALIDAÇÃO
0133-4/04,"Cultivo de cítricos, exceto laranja",A SER DEFINIDO PELA CNLU,Regra 5,08A.02.03,Agropecuária,nRa-02,nRa-02,Q,-,Q,-,-,1.18,Estabelecimentos não classificados nos  Itens 1.01 a 1.17,VALIDAÇÃO
0133-4/05,Cultivo de coco-da-baía,BAIXO RISCO,Regra 5,07.12.13,"Escritório (inclusive virtual), sede de empresa, grupo de salas, centro empresarial",nR1-12 (até 1250) ;  nR2-12 (acima de 1250),nR1-12,"1250,00",nR2-12,"1250,01",-,-,1.01,"Administração, Organização e Planejamento",VALIDAÇÃO
0133-4/05,Cultivo de coco-da-baía,A SER DEFINIDO PELA CNLU,Regra 5,08A.02.03,Agropecuária,nRa-02,nRa-02,Q,-,Q,-,-,1.18,Estabelecimentos não classificados nos  Itens 1.01 a 1.17,VALIDAÇÃO
0133-4/06,Cultivo de guaraná,BAIXO RISCO,Regra 5,07.12.13,"Escritório (inclusive virtual), sede de empresa, grupo de salas, centro empresarial",nR1-12 (até 1250) ;  nR2-12 (acima de 1250),nR1-12,"1250,00",nR2-12,"1250,01",-,-,1.01,"Administração, Organização e Planejamento",VALIDAÇÃO
0133-4/06,Cultivo de guaraná,A SER DEFINIDO PELA CNLU,Regra 5,08A.02.03,Agropecuária,nRa-02,nRa-02,Q,-,Q,-,-,1.18,Estabelecimentos não classificados nos  Itens 1.01 a 1.17,VALIDAÇÃO
0133-4/07,Cultivo de maçã,BAIXO RISCO,Regra 5,07.12.13,"Escritório (inclusive virtual), sede de empresa, grupo de salas, centro empresarial",nR1-12 (até 1250) ;  nR2-12 (acima de 1250),nR1-12,"1250,00",nR2-12,"1250,01",-,-,1.01,"Administração, Organização e Planejamento",VALIDAÇÃO
0133-4/07,Cultivo de maçã,A SER DEFINIDO PELA CNLU,Regra 5,08A.02.03,Agropecuária,nRa-02,nRa-02,Q,-,Q,-,-,1.18,Estabelecimentos não classificados nos  Itens 1.01 a 1.17,VALIDAÇÃO
0133-4/08,Cultivo de mamão,BAIXO RISCO,Regra 5,07.12.13,"Escritório (inclusive virtual), sede de empresa, grupo de salas, centro empresarial",nR1-12 (até 1250) ;  nR2-12 (acima de 1250),nR1-12,"1250,00",nR2-12,"1250,01",-,-,1.01,"Administração, Organização e Planejamento",VALIDAÇÃO
0133-4/08,Cultivo de mamão,A SER DEFINIDO PELA CNLU,Regra 5,08A.02.03,Agropecuária,nRa-02,nRa-02,Q,-,Q,-,-,1.18,Estabelecimentos não classificados nos  Itens 1.01 a 1.17,VALIDAÇÃO
0133-4/09,Cultivo de maracujá,BAIXO RISCO,Regra 5,07.12.13,"Escritório (inclusive virtual), sede de empresa, grupo de salas, centro empresarial",nR1-12 (até 1250) ;  nR2-12 (acima de 1250),nR1-12,"1250,00",nR2-12,"1250,01",-,-,1.01,"Administração, Organização e Planejamento",VALIDAÇÃO
0133-4/09,Cultivo de maracujá,A SER DEFINIDO PELA CNLU,Regra 5,08A.02.03,Agropecuária,nRa-02,nRa-02,Q,-,Q,-,-,1.18,Estabelecimentos não classificados nos  Itens 1.01 a 1.17,VALIDAÇÃO
0133-4/10,Cultivo de manga,BAIXO RISCO,Regra 5,07.12.13,"Escritório (inclusive virtual), sede de empresa, grupo de salas, centro empresarial",nR1-12 (até 1250) ;  nR2-12 (acima de 1250),nR1-12,"1250,00",nR2-12,"1250,01",-,-,1.01,"Administração, Organização e Planejamento",VALIDAÇÃO
0133-4/10,Cultivo de manga,A SER DEFINIDO PELA CNLU,Regra 5,08A.02.03,Agropecuária,nRa-02,nRa-02,Q,-,Q,-,-,1.18,Estabelecimentos não classificados nos  Itens 1.01 a 1.17,VALIDAÇÃO
0133-4/11,Cultivo de pêssego,BAIXO RISCO,Regra 5,07.12.13,"Escritório (inclusive virtual), sede de empresa, grupo de salas, centro empresarial",nR1-12 (até 1250) ;  nR2-12 (acima de 1250),nR1-12,"1250,00",nR2-12,"1250,01",-,-,1.01,"Administração, Organização e Planejamento",VALIDAÇÃO
0133-4/11,Cultivo de pêssego,A SER DEFINIDO PELA CNLU,Regra 5,08A.02.03,Agropecuária,nRa-02,nRa-02,Q,-,Q,-,-,1.18,Estabelecimentos não classificados nos  Itens 1.01 a 1.17,VALIDAÇÃO
0133-4/99,Cultivo de frutas de lavoura permanente não especificadas anteriormente,BAIXO RISCO,Regra 5,07.12.13,"Escritório (inclusive virtual), sede de empresa, grupo de salas, centro empresarial",nR1-12 (até 1250) ;  nR2-12 (acima de 1250),nR1-12,"1250,00",nR2-12,"1250,01",-,-,1.01,"Administração, Organização e Planejamento",VALIDAÇÃO
0133-4/99,Cultivo de frutas de lavoura permanente não especificadas anteriormente,A SER DEFINIDO PELA CNLU,Regra 5,08A.02.03,Agropecuária,nRa-02,nRa-02,Q,-,Q,-,-,1.18,Estabelecimentos não classificados nos  Itens 1.01 a 1.17,VALIDAÇÃO
0134-2/00,Cultivo de café,BAIXO RISCO,Regra 5,07.12.13,"Escritório (inclusive virtual), sede de empresa, grupo de salas, centro empresarial",nR1-12 (até 1250) ;  nR2-12 (acima de 1250),nR1-12,"1250,00",nR2-12,"1250,01",-,-,1.01,"Administração, Organização e Planejamento",VALIDAÇÃO
0134-2/00,Cultivo de café,A SER DEFINIDO PELA CNLU,Regra 5,08A.02.03,Agropecuária,nRa-02,nRa-02,Q,-,Q,-,-,1.18,Estabelecimentos não classificados nos  Itens 1.01 a 1.17,VALIDAÇÃO
0135-1/00,Cultivo de cacau,BAIXO RISCO,Regra 5,07.12.13,"Escritório (inclusive virtual), sede de empresa, grupo de salas, centro empresarial",nR1-12 (até 1250) ;  nR2-12 (acima de 1250),nR1-12,"1250,00",nR2-12,"1250,01",-,-,1.01,"Administração, Organização e Planejamento",VALIDAÇÃO
0135-1/00,Cultivo de cacau,A SER DEFINIDO PELA CNLU,Regra 5,08A.02.03,Agropecuária,nRa-02,nRa-02,Q,-,Q,-,-,1.18,Estabelecimentos não classificados nos  Itens 1.01 a 1.17,VALIDAÇÃO
0139-3/01,Cultivo de chá-da-índia,BAIXO RISCO,Regra 5,07.12.13,"Escritório (inclusive virtual), sede de empresa, grupo de salas, centro empresarial",nR1-12 (até 1250) ;  nR2-12 (acima de 1250),nR1-12,"1250,00",nR2-12,"1250,01",-,-,1.01,"Administração, Organização e Planejamento",VALIDAÇÃO
0139-3/01,Cultivo de chá-da-índia,A SER DEFINIDO PELA CNLU,Regra 5,08A.02.03,Agropecuária,nRa-02,nRa-02,Q,-,Q,-,-,1.18,Estabelecimentos não classificados nos  Itens 1.01 a 1.17,VALIDAÇÃO
0139-3/02,Cultivo de erva-mate,BAIXO RISCO,Regra 5,07.12.13,"Escritório (inclusive virtual), sede de empresa, grupo de salas, centro empresarial",nR1-12 (até 1250) ;  nR2-12 (acima de 1250),nR1-12,"1250,00",nR2-12,"1250,01",-,-,1.01,"Administração, Organização e Planejamento",VALIDAÇÃO
0139-3/02,Cultivo de erva-mate,A SER DEFINIDO PELA CNLU,Regra 5,08A.02.03,Agropecuária,nRa-02,nRa-02,Q,-,Q,-,-,1.18,Estabelecimentos não classificados nos  Itens 1.01 a 1.17,VALIDAÇÃO
0139-3/03,Cultivo de pimenta-do-reino,BAIXO RISCO,Regra 5,07.12.13,"Escritório (inclusive virtual), sede de empresa, grupo de salas, centro empresarial",nR1-12 (até 1250) ;  nR2-12 (acima de 1250),nR1-12,"1250,00",nR2-12,"1250,01",-,-,1.01,"Administração, Organização e Planejamento",VALIDAÇÃO
0139-3/03,Cultivo de pimenta-do-reino,A SER DEFINIDO PELA CNLU,Regra 5,08A.02.03,Agropecuária,nRa-02,nRa-02,Q,-,Q,-,-,1.18,Estabelecimentos não classificados nos  Itens 1.01 a 1.17,VALIDAÇÃO
0139-3/04,"Cultivo de plantas para condimento, exceto pimenta-do-reino",BAIXO RISCO,Regra 5,07.12.13,"Escritório (inclusive virtual), sede de empresa, grupo de salas, centro empresarial",nR1-12 (até 1250) ;  nR2-12 (acima de 1250),nR1-12,"1250,00",nR2-12,"1250,01",-,-,1.01,"Administração, Organização e Planejamento",VALIDAÇÃO
0139-3/04,"Cultivo de plantas para condimento, exceto pimenta-do-reino",A SER DEFINIDO PELA CNLU,Regra 5,08A.02.03,Agropecuária,nRa-02,nRa-02,Q,-,Q,-,-,1.18,Estabelecimentos não classificados nos  Itens 1.01 a 1.17,VALIDAÇÃO
0139-3/05,Cultivo de dendê,BAIXO RISCO,Regra 5,07.12.13,"Escritório (inclusive virtual), sede de empresa, grupo de salas, centro empresarial",nR1-12 (até 1250) ;  nR2-12 (acima de 1250),nR1-12,"1250,00",nR2-12,"1250,01",-,-,1.01,"Administração, Organização e Planejamento",VALIDAÇÃO
0139-3/05,Cultivo de dendê,A SER DEFINIDO PELA CNLU,Regra 5,08A.02.03,Agropecuária,nRa-02,nRa-02,Q,-,Q,-,-,1.18,Estabelecimentos não classificados nos  Itens 1.01 a 1.17,VALIDAÇÃO
0139-3/06,Cultivo de seringueira,BAIXO RISCO,Regra 5,07.12.13,"Escritório (inclusive virtual), sede de empresa, grupo de salas, centro empresarial",nR1-12 (até 1250) ;  nR2-12 (acima de 1250),nR1-12,"1250,00",nR2-12,"1250,01",-,-,1.01,"Administração, Organização e Planejamento",VALIDAÇÃO
0139-3/06,Cultivo de seringueira,A SER DEFINIDO PELA CNLU,Regra 5,08A.02.03,Agropecuária,nRa-02,nRa-02,Q,-,Q,-,-,1.18,Estabelecimentos não classificados nos  Itens 1.01 a 1.17,VALIDAÇÃO
0139-3/99,Cultivo de outras plantas de lavoura permanente não especificadas anteriormente,BAIXO RISCO,Regra 5,07.12.13,"Escritório (inclusive virtual), sede de empresa, grupo de salas, centro empresarial",nR1-12 (até 1250) ;  nR2-12 (acima de 1250),nR1-12,"1250,00",nR2-12,"1250,01",-,-,1.01,"Administração, Organização e Planejamento",VALIDAÇÃO
0139-3/99,Cultivo de outras plantas de lavoura permanente não especificadas anteriormente,A SER DEFINIDO PELA CNLU,Regra 5,08A.02.03,Agropecuária,nRa-02,nRa-02,Q,-,Q,-,-,1.18,Estabelecimentos não classificados nos  Itens 1.01 a 1.17,VALIDAÇÃO
0141-5/01,"Produção de sementes certificadas, exceto de forrageiras para pasto",BAIXO RISCO,Regra 5,07.12.13,"Escritório (inclusive virtual), sede de empresa, grupo de salas, centro empresarial",nR1-12 (até 1250) ;  nR2-12 (acima de 1250),nR1-12,"1250,00",nR2-12,"1250,01",-,-,1.01,"Administração, Organização e Planejamento",VALIDAÇÃO
0141-5/01,"Produção de sementes certificadas, exceto de forrageiras para pasto",A SER DEFINIDO PELA CNLU,Regra 5,08A.02.03,Agropecuária,nRa-02,nRa-02,Q,-,Q,-,-,1.18,Estabelecimentos não classificados nos  Itens 1.01 a 1.17,VALIDAÇÃO
0141-5/02,Produção de sementes certificadas de forrageiras para formação de pasto,BAIXO RISCO,Regra 5,07.12.13,"Escritório (inclusive virtual), sede de empresa, grupo de salas, centro empresarial",nR1-12 (até 1250) ;  nR2-12 (acima de 1250),nR1-12,"1250,00",nR2-12,"1250,01",-,-,1.01,"Administração, Organização e Planejamento",VALIDAÇÃO
0141-5/02,Produção de sementes certificadas de forrageiras para formação de pasto,A SER DEFINIDO PELA CNLU,Regra 5,08A.02.03,Agropecuária,nRa-02,nRa-02,Q,-,Q,-,-,1.18,Estabelecimentos não classificados nos  Itens 1.01 a 1.17,VALIDAÇÃO
0142-3/00,"Produção de mudas e outras formas de propagação vegetal, certificadas",BAIXO RISCO,Regra 5,07.12.13,"Escritório (inclusive virtual), sede de empresa, grupo de salas, centro empresarial",nR1-12 (até 1250) ;  nR2-12 (acima de 1250),nR1-12,"1250,00",nR2-12,"1250,01",-,-,1.01,"Administração, Organização e Planejamento",VALIDAÇÃO
0142-3/00,"Produção de mudas e outras formas de propagação vegetal, certificadas",A SER DEFINIDO PELA CNLU,Regra 5,08A.02.03,Agropecuária,nRa-02,nRa-02,Q,-,Q,-,-,1.18,Estabelecimentos não classificados nos  Itens 1.01 a 1.17,VALIDAÇÃO
0151-2/01,Criação de bovinos para corte,BAIXO RISCO,Regra 5,07.12.13,"Escritório (inclusive virtual), sede de empresa, grupo de salas, centro empresarial",nR1-12 (até 1250) ;  nR2-12 (acima de 1250),nR1-12,"1250,00",nR2-12,"1250,01",-,-,1.01,"Administração, Organização e Planejamento",VALIDAÇÃO
0151-2/01,Criação de bovinos para corte,A SER DEFINIDO PELA CNLU,Regra 5,08A.02.03,Agropecuária,nRa-02,nRa-02,Q,-,Q,-,-,1.18,Estabelecimentos não classificados nos  Itens 1.01 a 1.17,VALIDAÇÃO
0151-2/02,Criação de bovinos para leite,BAIXO RISCO,Regra 5,07.12.13,"Escritório (inclusive virtual), sede de empresa, grupo de salas, centro empresarial",nR1-12 (até 1250) ;  nR2-12 (acima de 1250),nR1-12,"1250,00",nR2-12,"1250,01",-,-,1.01,"Administração, Organização e Planejamento",VALIDAÇÃO
0151-2/02,Criação de bovinos para leite,A SER DEFINIDO PELA CNLU,Regra 5,08A.02.03,Agropecuária,nRa-02,nRa-02,Q,-,Q,-,-,1.18,Estabelecimentos não classificados nos  Itens 1.01 a 1.17,VALIDAÇÃO
0151-2/03,"Criação de bovinos, exceto para corte e leite",BAIXO RISCO,Regra 5,07.12.13,"Escritório (inclusive virtual), sede de empresa, grupo de salas, centro empresarial",nR1-12 (até 1250) ;  nR2-12 (acima de 1250),nR1-12,"1250,00",nR2-12,"1250,01",-,-,1.01,"Administração, Organização e Planejamento",VALIDAÇÃO
0151-2/03,"Criação de bovinos, exceto para corte e leite",A SER DEFINIDO PELA CNLU,Regra 5,08A.02.03,Agropecuária,nRa-02,nRa-02,Q,-,Q,-,-,1.18,Estabelecimentos não classificados nos  Itens 1.01 a 1.17,VALIDAÇÃO
0152-1/01,Criação de bufalinos,BAIXO RISCO,Regra 5,07.12.13,"Escritório (inclusive virtual), sede de empresa, grupo de salas, centro empresarial",nR1-12 (até 1250) ;  nR2-12 (acima de 1250),nR1-12,"1250,00",nR2-12,"1250,01",-,-,1.01,"Administração, Organização e Planejamento",VALIDAÇÃO
0152-1/01,Criação de bufalinos,A SER DEFINIDO PELA CNLU,Regra 5,08A.02.03,Agropecuária,nRa-02,nRa-02,Q,-,Q,-,-,1.18,Estabelecimentos não classificados nos  Itens 1.01 a 1.17,VALIDAÇÃO
0152-1/02,Criação de eqüinos,BAIXO RISCO,Regra 5,07.12.13,"Escritório (inclusive virtual), sede de empresa, grupo de salas, centro empresarial",nR1-12 (até 1250) ;  nR2-12 (acima de 1250),nR1-12,"1250,00",nR2-12,"1250,01",-,-,1.01,"Administração, Organização e Planejamento",VALIDAÇÃO
0152-1/02,Criação de eqüinos,A SER DEFINIDO PELA CNLU,Regra 5,08A.02.03,Agropecuária,nRa-02,nRa-02,Q,-,Q,-,-,1.18,Estabelecimentos não classificados nos  Itens 1.01 a 1.17,VALIDAÇÃO
0152-1/03,Criação de asininos e muares,BAIXO RISCO,Regra 5,07.12.13,"Escritório (inclusive virtual), sede de empresa, grupo de salas, centro empresarial",nR1-12 (até 1250) ;  nR2-12 (acima de 1250),nR1-12,"1250,00",nR2-12,"1250,01",-,-,1.01,"Administração, Organização e Planejamento",VALIDAÇÃO
0152-1/03,Criação de asininos e muares,A SER DEFINIDO PELA CNLU,Regra 5,08A.02.03,Agropecuária,nRa-02,nRa-02,Q,-,Q,-,-,1.18,Estabelecimentos não classificados nos  Itens 1.01 a 1.17,VALIDAÇÃO
0153-9/01,Criação de caprinos,BAIXO RISCO,Regra 5,07.12.13,"Escritório (inclusive virtual), sede de empresa, grupo de salas, centro empresarial",nR1-12 (até 1250) ;  nR2-12 (acima de 1250),nR1-12,"1250,00",nR2-12,"1250,01",-,-,1.01,"Administração, Organização e Planejamento",VALIDAÇÃO
0153-9/01,Criação de caprinos,A SER DEFINIDO PELA CNLU,Regra 5,08A.02.03,Agropecuária,nRa-02,nRa-02,Q,-,Q,-,-,1.18,Estabelecimentos não classificados nos  Itens 1.01 a 1.17,VALIDAÇÃO
0153-9/02,"Criação de ovinos, inclusive para produção de lã",BAIXO RISCO,Regra 5,07.12.13,"Escritório (inclusive virtual), sede de empresa, grupo de salas, centro empresarial",nR1-12 (até 1250) ;  nR2-12 (acima de 1250),nR1-12,"1250,00",nR2-12,"1250,01",-,-,1.01,"Administração, Organização e Planejamento",VALIDAÇÃO
0153-9/02,"Criação de ovinos, inclusive para produção de lã",A SER DEFINIDO PELA CNLU,Regra 5,08A.02.03,Agropecuária,nRa-02,nRa-02,Q,-,Q,-,-,1.18,Estabelecimentos não classificados nos  Itens 1.01 a 1.17,VALIDAÇÃO
0154-7/00,Criação de suínos,BAIXO RISCO,Regra 5,07.12.13,"Escritório (inclusive virtual), sede de empresa, grupo de salas, centro empresarial",nR1-12 (até 1250) ;  nR2-12 (acima de 1250),nR1-12,"1250,00",nR2-12,"1250,01",-,-,1.01,"Administração, Organização e Planejamento",VALIDAÇÃO
0154-7/00,Criação de suínos,A SER DEFINIDO PELA CNLU,Regra 5,08A.02.03,Agropecuária,nRa-02,nRa-02,Q,-,Q,-,-,1.18,Estabelecimentos não classificados nos  Itens 1.01 a 1.17,VALIDAÇÃO
0155-5/01,Criação de frangos para corte,BAIXO RISCO,Regra 5,07.12.13,"Escritório (inclusive virtual), sede de empresa, grupo de salas, centro empresarial",nR1-12 (até 1250) ;  nR2-12 (acima de 1250),nR1-12,"1250,00",nR2-12,"1250,01",-,-,1.01,"Administração, Organização e Planejamento",VALIDAÇÃO
0155-5/01,Criação de frangos para corte,A SER DEFINIDO PELA CNLU,Regra 5,08A.02.03,Agropecuária,nRa-02,nRa-02,Q,-,Q,-,-,1.18,Estabelecimentos não classificados nos  Itens 1.01 a 1.17,VALIDAÇÃO
0155-5/02,Produção de pintos de um dia,BAIXO RISCO,Regra 5,07.12.13,"Escritório (inclusive virtual), sede de empresa, grupo de salas, centro empresarial",nR1-12 (até 1250) ;  nR2-12 (acima de 1250),nR1-12,"1250,00",nR2-12,"1250,01",-,-,1.01,"Administração, Organização e Planejamento",VALIDAÇÃO
0155-5/02,Produção de pintos de um dia,A SER DEFINIDO PELA CNLU,Regra 5,08A.02.03,Agropecuária,nRa-02,nRa-02,Q,-,Q,-,-,1.18,Estabelecimentos não classificados nos  Itens 1.01 a 1.17,VALIDAÇÃO
0155-5/03,"Criação de outros galináceos, exceto para corte",BAIXO RISCO,Regra 5,07.12.13,"Escritório (inclusive virtual), sede de empresa, grupo de salas, centro empresarial",nR1-12 (até 1250) ;  nR2-12 (acima de 1250),nR1-12,"1250,00",nR2-12,"1250,01",-,-,1.01,"Administração, Organização e Planejamento",VALIDAÇÃO
0155-5/03,"Criação de outros galináceos, exceto para corte",A SER DEFINIDO PELA CNLU,Regra 5,08A.02.03,Agropecuária,nRa-02,nRa-02,Q,-,Q,-,-,1.18,Estabelecimentos não classificados nos  Itens 1.01 a 1.17,VALIDAÇÃO
0155-5/04,"Criação de aves, exceto galináceos",BAIXO RISCO,Regra 5,07.12.13,"Escritório (inclusive virtual), sede de empresa, grupo de salas, centro empresarial",nR1-12 (até 1250) ;  nR2-12 (acima de 1250),nR1-12,"1250,00",nR2-12,"1250,01",-,-,1.01,"Administração, Organização e Planejamento",VALIDAÇÃO
0155-5/04,"Criação de aves, exceto galináceos",A SER DEFINIDO PELA CNLU,Regra 5,08A.02.03,Agropecuária,nRa-02,nRa-02,Q,-,Q,-,-,1.18,Estabelecimentos não classificados nos  Itens 1.01 a 1.17,VALIDAÇÃO
0155-5/05,Produção de ovos,BAIXO RISCO,Regra 5,07.12.13,"Escritório (inclusive virtual), sede de empresa, grupo de salas, centro empresarial",nR1-12 (até 1250) ;  nR2-12 (acima de 1250),nR1-12,"1250,00",nR2-12,"1250,01",-,-,1.01,"Administração, Organização e Planejamento",VALIDAÇÃO
0155-5/05,Produção de ovos,A SER DEFINIDO PELA CNLU,Regra 5,08A.02.03,Agropecuária,nRa-02,nRa-02,Q,-,Q,-,-,1.18,Estabelecimentos não classificados nos  Itens 1.01 a 1.17,VALIDAÇÃO
0159-8/01,Apicultura,BAIXO RISCO,Regra 5,07.12.13,"Escritório (inclusive virtual), sede de empresa, grupo de salas, centro empresarial",nR1-12 (até 1250) ;  nR2-12 (acima de 1250),nR1-12,"1250,00",nR2-12,"1250,01",-,-,1.01,"Administração, Organização e Planejamento",VALIDAÇÃO
0159-8/01,Apicultura,A SER DEFINIDO PELA CNLU,Regra 5,08A.02.03,Agropecuária,nRa-02,nRa-02,Q,-,Q,-,-,1.18,Estabelecimentos não classificados nos  Itens 1.01 a 1.17,VALIDAÇÃO
0159-8/02,Criação de animais de estimação,BAIXO RISCO,Regra 5,07.12.13,"Escritório (inclusive virtual), sede de empresa, grupo de salas, centro empresarial",nR1-12 (até 1250) ;  nR2-12 (acima de 1250),nR1-12,"1250,00",nR2-12,"1250,01",-,-,1.01,"Administração, Organização e Planejamento",VALIDAÇÃO
0159-8/02,Criação de animais de estimação,A SER DEFINIDO PELA CNLU,Regra 5,08A.02.03,Agropecuária,nRa-02,nRa-02,Q,-,Q,-,-,1.18,Estabelecimentos não classificados nos  Itens 1.01 a 1.17,VALIDAÇÃO
0159-8/03,Criação de escargô,BAIXO RISCO,Regra 5,07.12.13,"Escritório (inclusive virtual), sede de empresa, grupo de salas, centro empresarial",nR1-12 (até 1250) ;  nR2-12 (acima de 1250),nR1-12,"1250,00",nR2-12,"1250,01",-,-,1.01,"Administração, Organização e Planejamento",VALIDAÇÃO
0159-8/03,Criação de escargô,A SER DEFINIDO PELA CNLU,Regra 5,08A.02.03,Agropecuária,nRa-02,nRa-02,Q,-,Q,-,-,1.18,Estabelecimentos não classificados nos  Itens 1.01 a 1.17,VALIDAÇÃO
0159-8/04,Criação de bicho-da-seda,BAIXO RISCO,Regra 5,07.12.13,"Escritório (inclusive virtual), sede de empresa, grupo de salas, centro empresarial",nR1-12 (até 1250) ;  nR2-12 (acima de 1250),nR1-12,"1250,00",nR2-12,"1250,01",-,-,1.01,"Administração, Organização e Planejamento",VALIDAÇÃO
0159-8/04,Criação de bicho-da-seda,A SER DEFINIDO PELA CNLU,Regra 5,08A.02.03,Agropecuária,nRa-02,nRa-02,Q,-,Q,-,-,1.18,Estabelecimentos não classificados nos  Itens 1.01 a 1.17,VALIDAÇÃO
0159-8/99,Criação de outros animais não especificados anteriormente,BAIXO RISCO,Regra 5,07.12.13,"Escritório (inclusive virtual), sede de empresa, grupo de salas, centro empresarial",nR1-12 (até 1250) ;  nR2-12 (acima de 1250),nR1-12,"1250,00",nR2-12,"1250,01",-,-,1.01,"Administração, Organização e Planejamento",VALIDAÇÃO
0159-8/99,Criação de outros animais não especificados anteriormente,A SER DEFINIDO PELA CNLU,Regra 5,08A.02.03,Agropecuária,nRa-02,nRa-02,Q,-,Q,-,-,1.18,Estabelecimentos não classificados nos  Itens 1.01 a 1.17,VALIDAÇÃO
0161-0/01,Serviço de pulverização e controle de pragas agrícolas,BAIXO RISCO,Regra 10,07.12.13,"Escritório (inclusive virtual), sede de empresa, grupo de salas, centro empresarial",nR1-12 (até 1250) ;  nR2-12 (acima de 1250),nR1-12,"1250,00",nR2-12,"1250,01",-,-,1.01,"Administração, Organização e Planejamento",VALIDAÇÃO
0161-0/02,Serviço de poda de árvores para lavouras,BAIXO RISCO,Regra 10,07.12.13,"Escritório (inclusive virtual), sede de empresa, grupo de salas, centro empresarial",nR1-12 (até 1250) ;  nR2-12 (acima de 1250),nR1-12,"1250,00",nR2-12,"1250,01",-,-,1.01,"Administração, Organização e Planejamento",VALIDAÇÃO
0161-0/03,"Serviço de preparação de terreno, cultivo e colheita",BAIXO RISCO,Regra 10,07.12.13,"Escritório (inclusive virtual), sede de empresa, grupo de salas, centro empresarial",nR1-12 (até 1250) ;  nR2-12 (acima de 1250),nR1-12,"1250,00",nR2-12,"1250,01",-,-,1.01,"Administração, Organização e Planejamento",VALIDAÇÃO
0161-0/99,Atividades de apoio à agricultura não especificadas anteriormente,BAIXO RISCO,Regra 5,07.12.13,"Escritório (inclusive virtual), sede de empresa, grupo de salas, centro empresarial",nR1-12 (até 1250) ;  nR2-12 (acima de 1250),nR1-12,"1250,00",nR2-12,"1250,01",-,-,1.01,"Administração, Organização e Planejamento",VALIDAÇÃO
0161-0/99,Atividades de apoio à agricultura não especificadas anteriormente,MÉDIO RISCO,Regra 5,07.08.07,"Locação de máquinas e aparelhos de uso agrícola, industrial, comercial, serviço, doméstico, pessoal e médico hospitalar",nR1-08 (até 500) ; nR2-08 (de 501 a 5000) ; nR3-08 (acima de 5000),nR1-08,"500,00",nR2-08,5000,nR3-08,"5000,01",1.15,Estabelecimentos de Locação e Guarda de Bens,VALIDAÇÃO
0162-8/01,Serviço de inseminação artificial em animais,BAIXO RISCO,Regra 10,07.12.13,"Escritório (inclusive virtual), sede de empresa, grupo de salas, centro empresarial",nR1-12 (até 1250) ;  nR2-12 (acima de 1250),nR1-12,"1250,00",nR2-12,"1250,01",-,-,1.01,"Administração, Organização e Planejamento",VALIDAÇÃO
0162-8/02,Serviço de tosquiamento de ovinos,BAIXO RISCO,Regra 10,07.12.13,"Escritório (inclusive virtual), sede de empresa, grupo de salas, centro empresarial",nR1-12 (até 1250) ;  nR2-12 (acima de 1250),nR1-12,"1250,00",nR2-12,"1250,01",-,-,1.01,"Administração, Organização e Planejamento",VALIDAÇÃO
0162-8/03,Serviço de manejo de animais,BAIXO RISCO,Regra 10,07.12.13,"Escritório (inclusive virtual), sede de empresa, grupo de salas, centro empresarial",nR1-12 (até 1250) ;  nR2-12 (acima de 1250),nR1-12,"1250,00",nR2-12,"1250,01",-,-,1.01,"Administração, Organização e Planejamento",VALIDAÇÃO
0162-8/99,Atividades de apoio à pecuária não especificadas anteriormente,BAIXO RISCO,Regra 5,07.12.13,"Escritório (inclusive virtual), sede de empresa, grupo de salas, centro empresarial",nR1-12 (até 1250) ;  nR2-12 (acima de 1250),nR1-12,"1250,00",nR2-12,"1250,01",-,-,1.01,"Administração, Organização e Planejamento",VALIDAÇÃO
0162-8/99,Atividades de apoio à pecuária não especificadas anteriormente,A SER DEFINIDO PELA CNLU,Regra 5,08A.02.03,Agropecuária,nRa-02,nRa-02,Q,-,Q,-,-,1.18,Estabelecimentos não classificados nos  Itens 1.01 a 1.17,VALIDAÇÃO
0163-6/00,Atividades de pós-colheita,BAIXO RISCO,Regra 5,07.12.13,"Escritório (inclusive virtual), sede de empresa, grupo de salas, centro empresarial",nR1-12 (até 1250) ;  nR2-12 (acima de 1250),nR1-12,"1250,00",nR2-12,"1250,01",-,-,1.01,"Administração, Organização e Planejamento",VALIDAÇÃO
0163-6/00,Atividades de pós-colheita,A SER DEFINIDO PELA CNLU,Regra 5,08A.02.03,Agropecuária,nRa-02,nRa-02,Q,-,Q,-,-,1.18,Estabelecimentos não classificados nos  Itens 1.01 a 1.17,VALIDAÇÃO
0170-9/00,Caça e serviços relacionados,BAIXO RISCO,Regra 10,07.12.13,"Escritório (inclusive virtual), sede de empresa, grupo de salas, centro empresarial",nR1-12 (até 1250) ;  nR2-12 (acima de 1250),nR1-12,"1250,00",nR2-12,"1250,01",-,-,1.01,"Administração, Organização e Planejamento",VALIDAÇÃO
0210-1/01,Cultivo de eucalipto,BAIXO RISCO,Regra 5,07.12.13,"Escritório (inclusive virtual), sede de empresa, grupo de salas, centro empresarial",nR1-12 (até 1250) ;  nR2-12 (acima de 1250),nR1-12,"1250,00",nR2-12,"1250,01",-,-,1.01,"Administração, Organização e Planejamento",VALIDAÇÃO
0210-1/01,Cultivo de eucalipto,A SER DEFINIDO PELA CNLU,Regra 5,08A.02.08,Silvicultura,nRa-02,nRa-02,Q,-,Q,-,-,1.18,Estabelecimentos não classificados nos  Itens 1.01 a 1.17,VALIDAÇÃO
0210-1/02,Cultivo de acácia-negra,BAIXO RISCO,Regra 5,07.12.13,"Escritório (inclusive virtual), sede de empresa, grupo de salas, centro empresarial",nR1-12 (até 1250) ;  nR2-12 (acima de 1250),nR1-12,"1250,00",nR2-12,"1250,01",-,-,1.01,"Administração, Organização e Planejamento",VALIDAÇÃO
0210-1/02,Cultivo de acácia-negra,A SER DEFINIDO PELA CNLU,Regra 5,08A.02.08,Silvicultura,nRa-02,nRa-02,Q,-,Q,-,-,1.18,Estabelecimentos não classificados nos  Itens 1.01 a 1.17,VALIDAÇÃO
0210-1/03,Cultivo de pinus,BAIXO RISCO,Regra 5,07.12.13,"Escritório (inclusive virtual), sede de empresa, grupo de salas, centro empresarial",nR1-12 (até 1250) ;  nR2-12 (acima de 1250),nR1-12,"1250,00",nR2-12,"1250,01",-,-,1.01,"Administração, Organização e Planejamento",VALIDAÇÃO
0210-1/03,Cultivo de pinus,A SER DEFINIDO PELA CNLU,Regra 5,08A.02.08,Silvicultura,nRa-02,nRa-02,Q,-,Q,-,-,1.18,Estabelecimentos não classificados nos  Itens 1.01 a 1.17,VALIDAÇÃO
0210-1/04,Cultivo de teca,BAIXO RISCO,Regra 5,07.12.13,"Escritório (inclusive virtual), sede de empresa, grupo de salas, centro empresarial",nR1-12 (até 1250) ;  nR2-12 (acima de 1250),nR1-12,"1250,00",nR2-12,"1250,01",-,-,1.01,"Administração, Organização e Planejamento",VALIDAÇÃO
0210-1/04,Cultivo de teca,A SER DEFINIDO PELA CNLU,Regra 5,08A.02.08,Silvicultura,nRa-02,nRa-02,Q,-,Q,-,-,1.18,Estabelecimentos não classificados nos  Itens 1.01 a 1.17,VALIDAÇÃO
0210-1/05,"Cultivo de espécies madeireiras, exceto eucalipto, acácia-negra, pinus e teca",BAIXO RISCO,Regra 5,07.12.13,"Escritório (inclusive virtual), sede de empresa, grupo de salas, centro empresarial",nR1-12 (até 1250) ;  nR2-12 (acima de 1250),nR1-12,"1250,00",nR2-12,"1250,01",-,-,1.01,"Administração, Organização e Planejamento",VALIDAÇÃO
0210-1/05,"Cultivo de espécies madeireiras, exceto eucalipto, acácia-negra, pinus e teca",A SER DEFINIDO PELA CNLU,Regra 5,08A.02.08,Silvicultura,nRa-02,nRa-02,Q,-,Q,-,-,1.18,Estabelecimentos não classificados nos  Itens 1.01 a 1.17,VALIDAÇÃO
0210-1/06,Cultivo de mudas em viveiros florestais,BAIXO RISCO,Regra 5,07.12.13,"Escritório (inclusive virtual), sede de empresa, grupo de salas, centro empresarial",nR1-12 (até 1250) ;  nR2-12 (acima de 1250),nR1-12,"1250,00",nR2-12,"1250,01",-,-,1.01,"Administração, Organização e Planejamento",VALIDAÇÃO
0210-1/06,Cultivo de mudas em viveiros florestais,A SER DEFINIDO PELA CNLU,Regra 5,08A.02.03,Agropecuária,nRa-02,nRa-02,Q,-,Q,-,-,1.18,Estabelecimentos não classificados nos  Itens 1.01 a 1.17,VALIDAÇÃO
0210-1/07,Extração de madeira em florestas plantadas,BAIXO RISCO,Regra 5,07.12.13,"Escritório (inclusive virtual), sede de empresa, grupo de salas, centro empresarial",nR1-12 (até 1250) ;  nR2-12 (acima de 1250),nR1-12,"1250,00",nR2-12,"1250,01",-,-,1.01,"Administração, Organização e Planejamento",VALIDAÇÃO
0210-1/07,Extração de madeira em florestas plantadas,ALTO,Regra 5,09.07.03,"Extração de produtos vegetais oleaginosos, ceríficos, medicinais e tóxicos",ID2-07,ID2-07,Q,-,Q,-,-,3.00,Estabelecimentos Industriais,VALIDAÇÃO
0210-1/08,Produção de carvão vegetal - florestas plantadas,BAIXO RISCO,Regra 5,07.12.13,"Escritório (inclusive virtual), sede de empresa, grupo de salas, centro empresarial",nR1-12 (até 1250) ;  nR2-12 (acima de 1250),nR1-12,"1250,00",nR2-12,"1250,01",-,-,1.01,"Administração, Organização e Planejamento",VALIDAÇÃO
0210-1/08,Produção de carvão vegetal - florestas plantadas,ALTO,Regra 5,09.19.19,Fabricação de carvão vegetal,ID3-19 (subgrupo 1),ID3-19 (subgrupo 1),Q,-,Q,-,-,3.00,Estabelecimentos Industriais,VALIDAÇÃO
0210-1/09,Produção de casca de acácia-negra - florestas plantadas,BAIXO RISCO,Regra 5,07.12.13,"Escritório (inclusive virtual), sede de empresa, grupo de salas, centro empresarial",nR1-12 (até 1250) ;  nR2-12 (acima de 1250),nR1-12,"1250,00",nR2-12,"1250,01",-,-,1.01,"Administração, Organização e Planejamento",VALIDAÇÃO
0210-1/09,Produção de casca de acácia-negra - florestas plantadas,ALTO,Regra 5,09.07.02,Extração de produtos tanantes e tintoriais,ID2-07,ID2-07,Q,-,Q,-,-,3.00,Estabelecimentos Industriais,VALIDAÇÃO
0210-1/99,Produção de produtos não-madeireiros não especificados anteriormente em florestas plantadas,BAIXO RISCO,Regra 5,07.12.13,"Escritório (inclusive virtual), sede de empresa, grupo de salas, centro empresarial",nR1-12 (até 1250) ;  nR2-12 (acima de 1250),nR1-12,"1250,00",nR2-12,"1250,01",-,-,1.01,"Administração, Organização e Planejamento",VALIDAÇÃO
0210-1/99,Produção de produtos não-madeireiros não especificados anteriormente em florestas plantadas,ALTO,Regra 5,09.07.03,"Extração de produtos vegetais oleaginosos, ceríficos, medicinais e tóxicos",ID2-07,ID2-07,Q,-,Q,-,-,3.00,Estabelecimentos Industriais,VALIDAÇÃO
0220-9/01,Extração de madeira em florestas nativas,BAIXO RISCO,Regra 5,07.12.13,"Escritório (inclusive virtual), sede de empresa, grupo de salas, centro empresarial",nR1-12 (até 1250) ;  nR2-12 (acima de 1250),nR1-12,"1250,00",nR2-12,"1250,01",-,-,1.01,"Administração, Organização e Planejamento",VALIDAÇÃO
0220-9/01,Extração de madeira em florestas nativas,ALTO,Regra 5,09.07.03,"Extração de produtos vegetais oleaginosos, ceríficos, medicinais e tóxicos",ID2-07,ID2-07,Q,-,Q,-,-,3.00,Estabelecimentos Industriais,VALIDAÇÃO
0220-9/02,Produção de carvão vegetal - florestas nativas,BAIXO RISCO,Regra 5,07.12.13,"Escritório (inclusive virtual), sede de empresa, grupo de salas, centro empresarial",nR1-12 (até 1250) ;  nR2-12 (acima de 1250),nR1-12,"1250,00",nR2-12,"1250,01",-,-,1.01,"Administração, Organização e Planejamento",VALIDAÇÃO
0220-9/02,Produção de carvão vegetal - florestas nativas,ALTO,Regra 5,09.19.19,Fabricação de carvão vegetal,ID3-19 (subgrupo 1),ID3-19 (subgrupo 1),Q,-,Q,-,-,1.01,"Administração, Organização e Planejamento",VALIDAÇÃO
0220-9/03,Coleta de castanha-do-pará em florestas nativas,BAIXO RISCO,Regra 10,07.12.13,"Escritório (inclusive virtual), sede de empresa, grupo de salas, centro empresarial",nR1-12 (até 1250) ;  nR2-12 (acima de 1250),nR1-12,"1250,00",nR2-12,"1250,01",-,-,1.01,"Administração, Organização e Planejamento",VALIDAÇÃO
0220-9/04,Coleta de látex em florestas nativas,BAIXO RISCO,Regra 10,07.12.13,"Escritório (inclusive virtual), sede de empresa, grupo de salas, centro empresarial",nR1-12 (até 1250) ;  nR2-12 (acima de 1250),nR1-12,"1250,00",nR2-12,"1250,01",-,-,1.01,"Administração, Organização e Planejamento",VALIDAÇÃO
0220-9/05,Coleta de palmito em florestas nativas,BAIXO RISCO,Regra 10,07.12.13,"Escritório (inclusive virtual), sede de empresa, grupo de salas, centro empresarial",nR1-12 (até 1250) ;  nR2-12 (acima de 1250),nR1-12,"1250,00",nR2-12,"1250,01",-,-,1.01,"Administração, Organização e Planejamento",VALIDAÇÃO
0220-9/06,Conservação de florestas nativas,BAIXO RISCO,Regra 10,07.12.13,"Escritório (inclusive virtual), sede de empresa, grupo de salas, centro empresarial",nR1-12 (até 1250) ;  nR2-12 (acima de 1250),nR1-12,"1250,00",nR2-12,"1250,01",-,-,1.01,"Administração, Organização e Planejamento",VALIDAÇÃO
0220-9/99,Coleta de produtos não-madeireiros não especificados anteriormente em florestas nativas,BAIXO RISCO,Regra 10,07.12.13,"Escritório (inclusive virtual), sede de empresa, grupo de salas, centro empresarial",nR1-12 (até 1250) ;  nR2-12 (acima de 1250),nR1-12,"1250,00",nR2-12,"1250,01",-,-,1.01,"Administração, Organização e Planejamento",VALIDAÇÃO
0230-6/00,Atividades de apoio à produção florestal,BAIXO RISCO,Regra 10,07.12.13,"Escritório (inclusive virtual), sede de empresa, grupo de salas, centro empresarial",nR1-12 (até 1250) ;  nR2-12 (acima de 1250),nR1-12,"1250,00",nR2-12,"1250,01",-,-,1.01,"Administração, Organização e Planejamento",VALIDAÇÃO
0311-6/01,Pesca de peixes em água salgada,BAIXO RISCO,Regra 10,07.12.13,"Escritório (inclusive virtual), sede de empresa, grupo de salas, centro empresarial",nR1-12 (até 1250) ;  nR2-12 (acima de 1250),nR1-12,"1250,00",nR2-12,"1250,01",-,-,1.01,"Administração, Organização e Planejamento",VALIDAÇÃO
0311-6/02,Pesca de crustáceos e moluscos em água salgada,BAIXO RISCO,Regra 10,07.12.13,"Escritório (inclusive virtual), sede de empresa, grupo de salas, centro empresarial",nR1-12 (até 1250) ;  nR2-12 (acima de 1250),nR1-12,"1250,00",nR2-12,"1250,01",-,-,1.01,"Administração, Organização e Planejamento",VALIDAÇÃO
0311-6/03,Coleta de outros produtos marinhos,BAIXO RISCO,Regra 10,07.12.13,"Escritório (inclusive virtual), sede de empresa, grupo de salas, centro empresarial",nR1-12 (até 1250) ;  nR2-12 (acima de 1250),nR1-12,"1250,00",nR2-12,"1250,01",-,-,1.01,"Administração, Organização e Planejamento",VALIDAÇÃO
0311-6/04,Atividades de apoio à pesca em água salgada,BAIXO RISCO,Regra 10,07.12.13,"Escritório (inclusive virtual), sede de empresa, grupo de salas, centro empresarial",nR1-12 (até 1250) ;  nR2-12 (acima de 1250),nR1-12,"1250,00",nR2-12,"1250,01",-,-,1.01,"Administração, Organização e Planejamento",VALIDAÇÃO
0312-4/01,Pesca de peixes em água doce,BAIXO RISCO,Regra 10,07.12.13,"Escritório (inclusive virtual), sede de empresa, grupo de salas, centro empresarial",nR1-12 (até 1250) ;  nR2-12 (acima de 1250),nR1-12,"1250,00",nR2-12,"1250,01",-,-,1.01,"Administração, Organização e Planejamento",VALIDAÇÃO
0312-4/02,Pesca de crustáceos e moluscos em água doce,BAIXO RISCO,Regra 10,07.12.13,"Escritório (inclusive virtual), sede de empresa, grupo de salas, centro empresarial",nR1-12 (até 1250) ;  nR2-12 (acima de 1250),nR1-12,"1250,00",nR2-12,"1250,01",-,-,1.01,"Administração, Organização e Planejamento",VALIDAÇÃO
0312-4/03,Coleta de outros produtos aquáticos de água doce,BAIXO RISCO,Regra 10,07.12.13,"Escritório (inclusive virtual), sede de empresa, grupo de salas, centro empresarial",nR1-12 (até 1250) ;  nR2-12 (acima de 1250),nR1-12,"1250,00",nR2-12,"1250,01",-,-,1.01,"Administração, Organização e Planejamento",VALIDAÇÃO
0312-4/04,Atividades de apoio à pesca em água doce,BAIXO RISCO,Regra 10,07.12.13,"Escritório (inclusive virtual), sede de empresa, grupo de salas, centro empresarial",nR1-12 (até 1250) ;  nR2-12 (acima de 1250),nR1-12,"1250,00",nR2-12,"1250,01",-,-,1.01,"Administração, Organização e Planejamento",VALIDAÇÃO
0321-3/01,Criação de peixes em água salgada e salobra,BAIXO RISCO,Regra 5,07.12.13,"Escritório (inclusive virtual), sede de empresa, grupo de salas, centro empresarial",nR1-12 (até 1250) ;  nR2-12 (acima de 1250),nR1-12,"1250,00",nR2-12,"1250,01",-,-,1.01,"Administração, Organização e Planejamento",VALIDAÇÃO
0321-3/01,Criação de peixes em água salgada e salobra,A SER DEFINIDO PELA CNLU,Regra 5,08A.02.06,Piscicultura,nRa-02,nRa-02,Q,-,Q,-,-,1.18,Estabelecimentos não classificados nos  Itens 1.01 a 1.17,VALIDAÇÃO
0321-3/02,Criação de camarões em água salgada e salobra,BAIXO RISCO,Regra 5,07.12.13,"Escritório (inclusive virtual), sede de empresa, grupo de salas, centro empresarial",nR1-12 (até 1250) ;  nR2-12 (acima de 1250),nR1-12,"1250,00",nR2-12,"1250,01",-,-,1.01,"Administração, Organização e Planejamento",VALIDAÇÃO
0321-3/02,Criação de camarões em água salgada e salobra,A SER DEFINIDO PELA CNLU,Regra 5,08A.02.06,Piscicultura,nRa-02,nRa-02,Q,-,Q,-,-,1.18,Estabelecimentos não classificados nos  Itens 1.01 a 1.17,VALIDAÇÃO
0321-3/03,Criação de ostras e mexilhões em água salgada e salobra,BAIXO RISCO,Regra 5,07.12.13,"Escritório (inclusive virtual), sede de empresa, grupo de salas, centro empresarial",nR1-12 (até 1250) ;  nR2-12 (acima de 1250),nR1-12,"1250,00",nR2-12,"1250,01",-,-,1.01,"Administração, Organização e Planejamento",VALIDAÇÃO
0321-3/03,Criação de ostras e mexilhões em água salgada e salobra,A SER DEFINIDO PELA CNLU,Regra 5,08A.02.06,Piscicultura,nRa-02,nRa-02,Q,-,Q,-,-,1.18,Estabelecimentos não classificados nos  Itens 1.01 a 1.17,VALIDAÇÃO
0321-3/04,Criação de peixes ornamentais em água salgada e salobra,BAIXO RISCO,Regra 5,07.12.13,"Escritório (inclusive virtual), sede de empresa, grupo de salas, centro empresarial",nR1-12 (até 1250) ;  nR2-12 (acima de 1250),nR1-12,"1250,00",nR2-12,"1250,01",-,-,1.01,"Administração, Organização e Planejamento",VALIDAÇÃO
0321-3/04,Criação de peixes ornamentais em água salgada e salobra,A SER DEFINIDO PELA CNLU,Regra 5,08A.02.06,Piscicultura,nRa-02,nRa-02,Q,-,Q,-,-,1.18,Estabelecimentos não classificados nos  Itens 1.01 a 1.17,VALIDAÇÃO
0321-3/05,Atividades de apoio à aquicultura em água salgada e salobra,BAIXO RISCO,Regra 10,07.12.13,"Escritório (inclusive virtual), sede de empresa, grupo de salas, centro empresarial",nR1-12 (até 1250) ;  nR2-12 (acima de 1250),nR1-12,"1250,00",nR2-12,"1250,01",-,-,1.01,"Administração, Organização e Planejamento",VALIDAÇÃO
0321-3/99,Cultivos e semicultivos da aquicultura em água salgada e salobra não especificados anteriormente,BAIXO RISCO,Regra 5,07.12.13,"Escritório (inclusive virtual), sede de empresa, grupo de salas, centro empresarial",nR1-12 (até 1250) ;  nR2-12 (acima de 1250),nR1-12,"1250,00",nR2-12,"1250,01",-,-,1.01,"Administração, Organização e Planejamento",VALIDAÇÃO
0321-3/99,Cultivos e semicultivos da aquicultura em água salgada e salobra não especificados anteriormente,A SER DEFINIDO PELA CNLU,Regra 5,08A.02.06,Piscicultura,nRa-02,nRa-02,Q,-,Q,-,-,1.18,Estabelecimentos não classificados nos  Itens 1.01 a 1.17,VALIDAÇÃO
0322-1/01,Criação de peixes em água doce,BAIXO RISCO,Regra 5,07.12.13,"Escritório (inclusive virtual), sede de empresa, grupo de salas, centro empresarial",nR1-12 (até 1250) ;  nR2-12 (acima de 1250),nR1-12,"1250,00",nR2-12,"1250,01",-,-,1.01,"Administração, Organização e Planejamento",VALIDAÇÃO
0322-1/01,Criação de peixes em água doce,A SER DEFINIDO PELA CNLU,Regra 5,08A.02.06,Piscicultura,nRa-02,nRa-02,Q,-,Q,-,-,1.18,Estabelecimentos não classificados nos  Itens 1.01 a 1.17,VALIDAÇÃO
0322-1/02,Criação de camarões em água doce,BAIXO RISCO,Regra 5,07.12.13,"Escritório (inclusive virtual), sede de empresa, grupo de salas, centro empresarial",nR1-12 (até 1250) ;  nR2-12 (acima de 1250),nR1-12,"1250,00",nR2-12,"1250,01",-,-,1.01,"Administração, Organização e Planejamento",VALIDAÇÃO
0322-1/02,Criação de camarões em água doce,A SER DEFINIDO PELA CNLU,Regra 5,08A.02.06,Piscicultura,nRa-02,nRa-02,Q,-,Q,-,-,1.18,Estabelecimentos não classificados nos  Itens 1.01 a 1.17,VALIDAÇÃO
0322-1/03,Criação de ostras e mexilhões em água doce,BAIXO RISCO,Regra 5,07.12.13,"Escritório (inclusive virtual), sede de empresa, grupo de salas, centro empresarial",nR1-12 (até 1250) ;  nR2-12 (acima de 1250),nR1-12,"1250,00",nR2-12,"1250,01",-,-,1.01,"Administração, Organização e Planejamento",VALIDAÇÃO
0322-1/03,Criação de ostras e mexilhões em água doce,A SER DEFINIDO PELA CNLU,Regra 5,08A.02.06,Piscicultura,nRa-02,nRa-02,Q,-,Q,-,-,1.18,Estabelecimentos não classificados nos  Itens 1.01 a 1.17,VALIDAÇÃO
0322-1/04,Criação de peixes ornamentais em água doce,BAIXO RISCO,Regra 5,07.12.13,"Escritório (inclusive virtual), sede de empresa, grupo de salas, centro empresarial",nR1-12 (até 1250) ;  nR2-12 (acima de 1250),nR1-12,"1250,00",nR2-12,"1250,01",-,-,1.01,"Administração, Organização e Planejamento",VALIDAÇÃO
0322-1/04,Criação de peixes ornamentais em água doce,A SER DEFINIDO PELA CNLU,Regra 5,08A.02.06,Piscicultura,nRa-02,nRa-02,Q,-,Q,-,-,1.18,Estabelecimentos não classificados nos  Itens 1.01 a 1.17,VALIDAÇÃO
0322-1/05,Ranicultura,BAIXO RISCO,Regra 5,07.12.13,"Escritório (inclusive virtual), sede de empresa, grupo de salas, centro empresarial",nR1-12 (até 1250) ;  nR2-12 (acima de 1250),nR1-12,"1250,00",nR2-12,"1250,01",-,-,1.01,"Administração, Organização e Planejamento",VALIDAÇÃO
0322-1/05,Ranicultura,A SER DEFINIDO PELA CNLU,Regra 5,08A.02.06,Piscicultura,nRa-02,nRa-02,Q,-,Q,-,-,1.18,Estabelecimentos não classificados nos  Itens 1.01 a 1.17,VALIDAÇÃO
0322-1/06,Criação de jacaré,BAIXO RISCO,Regra 5,07.12.13,"Escritório (inclusive virtual), sede de empresa, grupo de salas, centro empresarial",nR1-12 (até 1250) ;  nR2-12 (acima de 1250),nR1-12,"1250,00",nR2-12,"1250,01",-,-,1.01,"Administração, Organização e Planejamento",VALIDAÇÃO
0322-1/06,Criação de jacaré,A SER DEFINIDO PELA CNLU,Regra 5,08A.02.06,Piscicultura,nRa-02,nRa-02,Q,-,Q,-,-,1.18,Estabelecimentos não classificados nos  Itens 1.01 a 1.17,VALIDAÇÃO
0322-1/07,Atividades de apoio à aquicultura em água doce,BAIXO RISCO,Regra 10,07.12.13,"Escritório (inclusive virtual), sede de empresa, grupo de salas, centro empresarial",nR1-12 (até 1250) ;  nR2-12 (acima de 1250),nR1-12,"1250,00",nR2-12,"1250,01",-,-,1.01,"Administração, Organização e Planejamento",VALIDAÇÃO
0322-1/99,Cultivos e semicultivos da aquicultura em água doce não especificados anteriormente,BAIXO RISCO,Regra 5,07.12.13,"Escritório (inclusive virtual), sede de empresa, grupo de salas, centro empresarial",nR1-12 (até 1250) ;  nR2-12 (acima de 1250),nR1-12,"1250,00",nR2-12,"1250,01",-,-,1.01,"Administração, Organização e Planejamento",VALIDAÇÃO
0322-1/99,Cultivos e semicultivos da aquicultura em água doce não especificados anteriormente,A SER DEFINIDO PELA CNLU,Regra 5,08A.02.06,Piscicultura,nRa-02,nRa-02,Q,-,Q,-,-,1.18,Estabelecimentos não classificados nos  Itens 1.01 a 1.17,VALIDAÇÃO
0500-3/01,Extração de carvão mineral,ALTO,Regra 5,09.07.05,Extração de minerais fósseis,ID3- 07,ID3- 07,Q,-,Q,-,,3.00,Estabelecimentos Industriais,VALIDAÇÃO
0500-3/01,Extração de carvão mineral,BAIXO RISCO,Regra 5,07.12.13,"Escritório (inclusive virtual), sede de empresa, grupo de salas, centro empresarial",nR1-12 (até 1250) ;  nR2-12 (acima de 1250),nR1-12,"1250,00",nR2-12,"1250,01",,,1.01,"Administração, Organização e Planejamento",VALIDAÇÃO
0500-3/02,Beneficiamento de carvão mineral,ALTO,Regra 5,09.14.09,"Beneficiamento e preparação de minerais não metálicos, não associados, em sua localização, à extração",ID3- 14  (subgrupo 2),ID3- 14  (subgrupo 2),Q,-,Q,-,,3.00,Estabelecimentos Industriais,VALIDAÇÃO
0500-3/02,Beneficiamento de carvão mineral,BAIXO RISCO,Regra 5,07.12.13,"Escritório (inclusive virtual), sede de empresa, grupo de salas, centro empresarial",nR1-12 (até 1250) ;  nR2-12 (acima de 1250),nR1-12,"1250,00",nR2-12,"1250,01",,,1.01,"Administração, Organização e Planejamento",VALIDAÇÃO
0600-0/01,Extração de petróleo e gás natural,ALTO,Regra 5,09.07.05,Extração de minerais fósseis,ID3- 07,ID3- 07,Q,-,Q,-,,3.00,Estabelecimentos Industriais,VALIDAÇÃO
0600-0/01,Extração de petróleo e gás natural,BAIXO RISCO,Regra 5,07.12.13,"Escritório (inclusive virtual), sede de empresa, grupo de salas, centro empresarial",nR1-12 (até 1250) ;  nR2-12 (acima de 1250),nR1-12,"1250,00",nR2-12,"1250,01",,,1.01,"Administração, Organização e Planejamento",VALIDAÇÃO
0600-0/02,Extração e beneficiamento de xisto,ALTO,Regra 5,09.07.10,Extração de pedras e outros materiais de construção,ID3- 07,ID3- 07,Q,-,Q,-,,3.00,Estabelecimentos Industriais,VALIDAÇÃO
0600-0/02,Extração e beneficiamento de xisto,BAIXO RISCO,Regra 5,07.12.13,"Escritório (inclusive virtual), sede de empresa, grupo de salas, centro empresarial",nR1-12 (até 1250) ;  nR2-12 (acima de 1250),nR1-12,"1250,00",nR2-12,"1250,01",,,1.01,"Administração, Organização e Planejamento",VALIDAÇÃO
0600-0/03,Extração e beneficiamento de areias betuminosas,ALTO,Regra 5,09.07.10,Extração de pedras e outros materiais de construção,ID3- 07,ID3- 07,Q,-,Q,-,,3.00,Estabelecimentos Industriais,VALIDAÇÃO
0600-0/03,Extração e beneficiamento de areias betuminosas,BAIXO RISCO,Regra 5,07.12.13,"Escritório (inclusive virtual), sede de empresa, grupo de salas, centro empresarial",nR1-12 (até 1250) ;  nR2-12 (acima de 1250),nR1-12,"1250,00",nR2-12,"1250,01",,,1.01,"Administração, Organização e Planejamento",VALIDAÇÃO
0710-3/01,Extração de minério de ferro,ALTO,Regra 5,09.07.10,Extração de pedras e outros materiais de construção,ID3- 07,ID3- 07,Q,-,Q,-,,3.00,Estabelecimentos Industriais,VALIDAÇÃO
0710-3/01,Extração de minério de ferro,BAIXO RISCO,Regra 5,07.12.13,"Escritório (inclusive virtual), sede de empresa, grupo de salas, centro empresarial",nR1-12 (até 1250) ;  nR2-12 (acima de 1250),nR1-12,"1250,00",nR2-12,"1250,01",,,1.01,"Administração, Organização e Planejamento",VALIDAÇÃO
0710-3/02,"Pelotização, sinterização e outros beneficiamentos de minério de ferro",ALTO,Regra 5,09.17.09,Sintetização e/ou pelotização de carvão de pedra e de coque não ligadas à extração,ID3- 17,ID3- 07,Q,-,Q,-,,3.00,Estabelecimentos Industriais,VALIDAÇÃO
0710-3/02,"Pelotização, sinterização e outros beneficiamentos de minério de ferro",BAIXO RISCO,Regra 5,07.12.13,"Escritório (inclusive virtual), sede de empresa, grupo de salas, centro empresarial",nR1-12 (até 1250) ;  nR2-12 (acima de 1250),nR1-12,"1250,00",nR2-12,"1250,01",,,1.01,"Administração, Organização e Planejamento",VALIDAÇÃO
0721-9/01,Extração de minério de alumínio,ALTO,Regra 5,09.07.06,Extração de minerais metálicos não ferrosos,ID3- 07,ID3- 07,Q,-,Q,-,,3.00,Estabelecimentos Industriais,VALIDAÇÃO
0721-9/01,Extração de minério de alumínio,BAIXO RISCO,Regra 5,07.12.13,"Escritório (inclusive virtual), sede de empresa, grupo de salas, centro empresarial",nR1-12 (até 1250) ;  nR2-12 (acima de 1250),nR1-12,"1250,00",nR2-12,"1250,01",,,1.01,"Administração, Organização e Planejamento",VALIDAÇÃO
0721-9/02,Beneficiamento de minério de alumínio,ALTO,Regra 5,09.13.04,Metalurgia do alumínio e suas ligas em geral,ID3- 13  (subgrupo 1),ID3- 13  (subgrupo 1),Q,-,Q,-,,3.00,Estabelecimentos Industriais,VALIDAÇÃO
0721-9/02,Beneficiamento de minério de alumínio,BAIXO RISCO,Regra 5,07.12.13,"Escritório (inclusive virtual), sede de empresa, grupo de salas, centro empresarial",nR1-12 (até 1250) ;  nR2-12 (acima de 1250),nR1-12,"1250,00",nR2-12,"1250,01",,,1.01,"Administração, Organização e Planejamento",VALIDAÇÃO
0722-7/01,Extração de minério de estanho,ALTO,Regra 5,09.07.06,Extração de minerais metálicos não ferrosos,ID3- 07,ID3- 07,Q,-,Q,-,,3.00,Estabelecimentos Industriais,VALIDAÇÃO
0722-7/01,Extração de minério de estanho,BAIXO RISCO,Regra 5,07.12.13,"Escritório (inclusive virtual), sede de empresa, grupo de salas, centro empresarial",nR1-12 (até 1250) ;  nR2-12 (acima de 1250),nR1-12,"1250,00",nR2-12,"1250,01",,,1.01,"Administração, Organização e Planejamento",VALIDAÇÃO
0722-7/02,Beneficiamento de minério de estanho,ALTO,Regra 5,09.13.11,Metalurgia de outros metais não ferrosos em formas primárias,ID3- 13  (subgrupo 2),ID3- 13  (subgrupo 2),Q,-,Q,-,,3.00,Estabelecimentos Industriais,VALIDAÇÃO
0722-7/02,Beneficiamento de minério de estanho,BAIXO RISCO,Regra 5,07.12.13,"Escritório (inclusive virtual), sede de empresa, grupo de salas, centro empresarial",nR1-12 (até 1250) ;  nR2-12 (acima de 1250),nR1-12,"1250,00",nR2-12,"1250,01",,,1.01,"Administração, Organização e Planejamento",VALIDAÇÃO
0723-5/01,Extração de minério de manganês,ALTO,Regra 5,09.07.06,Extração de minerais metálicos não ferrosos,ID3- 07,ID3- 07,Q,-,Q,-,,3.00,Estabelecimentos Industriais,VALIDAÇÃO
0723-5/01,Extração de minério de manganês,BAIXO RISCO,Regra 5,07.12.13,"Escritório (inclusive virtual), sede de empresa, grupo de salas, centro empresarial",nR1-12 (até 1250) ;  nR2-12 (acima de 1250),nR1-12,"1250,00",nR2-12,"1250,01",,,1.01,"Administração, Organização e Planejamento",VALIDAÇÃO
0723-5/02,Beneficiamento de minério de manganês,ALTO,Regra 5,09.13.11,Metalurgia de outros metais não ferrosos em formas primárias,ID3- 13  (subgrupo 2),ID3- 13  (subgrupo 2),Q,-,Q,-,,3.00,Estabelecimentos Industriais,VALIDAÇÃO
0723-5/02,Beneficiamento de minério de manganês,BAIXO RISCO,Regra 5,07.12.13,"Escritório (inclusive virtual), sede de empresa, grupo de salas, centro empresarial",nR1-12 (até 1250) ;  nR2-12 (acima de 1250),nR1-12,"1250,00",nR2-12,"1250,01",,,1.01,"Administração, Organização e Planejamento",VALIDAÇÃO
0724-3/01,Extração de minério de metais preciosos,ALTO,Regra 5,09.07.09,Extração de metais preciosos,ID3- 07,ID3- 07,Q,-,Q,-,,3.00,Estabelecimentos Industriais,VALIDAÇÃO
0724-3/01,Extração de minério de metais preciosos,BAIXO RISCO,Regra 5,07.12.13,"Escritório (inclusive virtual), sede de empresa, grupo de salas, centro empresarial",nR1-12 (até 1250) ;  nR2-12 (acima de 1250),nR1-12,"1250,00",nR2-12,"1250,01",,,1.01,"Administração, Organização e Planejamento",VALIDAÇÃO
0724-3/02,Beneficiamento de minério de metais preciosos,ALTO,Regra 5,09.13.05,Metalurgia de metais preciosos,ID3- 13  (subgrupo 1),ID3- 13  (subgrupo 1),Q,-,Q,-,,3.00,Estabelecimentos Industriais,VALIDAÇÃO
0724-3/02,Beneficiamento de minério de metais preciosos,BAIXO RISCO,Regra 5,07.12.13,"Escritório (inclusive virtual), sede de empresa, grupo de salas, centro empresarial",nR1-12 (até 1250) ;  nR2-12 (acima de 1250),nR1-12,"1250,00",nR2-12,"1250,01",,,1.01,"Administração, Organização e Planejamento",VALIDAÇÃO
0725-1/00,Extração de minerais radioativos,ALTO,Regra 5,09.07.07,Extração de minerais não metálicos,ID3- 07,ID3- 07,Q,-,Q,-,,3.00,Estabelecimentos Industriais,VALIDAÇÃO
0725-1/00,Extração de minerais radioativos,BAIXO RISCO,Regra 5,07.12.13,"Escritório (inclusive virtual), sede de empresa, grupo de salas, centro empresarial",nR1-12 (até 1250) ;  nR2-12 (acima de 1250),nR1-12,"1250,00",nR2-12,"1250,01",,,1.01,"Administração, Organização e Planejamento",VALIDAÇÃO
0729-4/01,Extração de minérios de nióbio e titânio,ALTO,Regra 5,09.07.06,Extração de minerais metálicos não ferrosos,ID3- 07,ID3- 07,Q,-,Q,-,,3.00,Estabelecimentos Industriais,VALIDAÇÃO
0729-4/01,Extração de minérios de nióbio e titânio,BAIXO RISCO,Regra 5,07.12.13,"Escritório (inclusive virtual), sede de empresa, grupo de salas, centro empresarial",nR1-12 (até 1250) ;  nR2-12 (acima de 1250),nR1-12,"1250,00",nR2-12,"1250,01",,,1.01,"Administração, Organização e Planejamento",VALIDAÇÃO
0729-4/02,Extração de minério de tungstênio,ALTO,Regra 5,09.07.06,Extração de minerais metálicos não ferrosos,ID3- 07,ID3- 07,Q,-,Q,-,,3.00,Estabelecimentos Industriais,VALIDAÇÃO
0729-4/02,Extração de minério de tungstênio,BAIXO RISCO,Regra 5,07.12.13,"Escritório (inclusive virtual), sede de empresa, grupo de salas, centro empresarial",nR1-12 (até 1250) ;  nR2-12 (acima de 1250),nR1-12,"1250,00",nR2-12,"1250,01",,,1.01,"Administração, Organização e Planejamento",VALIDAÇÃO
0729-4/03,Extração de minério de níquel,ALTO,Regra 5,09.07.06,Extração de minerais metálicos não ferrosos,ID3- 07,ID3- 07,Q,-,Q,-,,3.00,Estabelecimentos Industriais,VALIDAÇÃO
0729-4/03,Extração de minério de níquel,BAIXO RISCO,Regra 5,07.12.13,"Escritório (inclusive virtual), sede de empresa, grupo de salas, centro empresarial",nR1-12 (até 1250) ;  nR2-12 (acima de 1250),nR1-12,"1250,00",nR2-12,"1250,01",,,1.01,"Administração, Organização e Planejamento",VALIDAÇÃO
0729-4/04,"Extração de minérios de cobre, chumbo, zinco e outros minerais metálicos não-ferrosos não especificados anteriormente",ALTO,Regra 5,09.07.06,Extração de minerais metálicos não ferrosos,ID3- 07,ID3- 07,Q,-,Q,-,,3.00,Estabelecimentos Industriais,VALIDAÇÃO
0729-4/04,"Extração de minérios de cobre, chumbo, zinco e outros minerais metálicos não-ferrosos não especificados anteriormente",BAIXO RISCO,Regra 5,07.12.13,"Escritório (inclusive virtual), sede de empresa, grupo de salas, centro empresarial",nR1-12 (até 1250) ;  nR2-12 (acima de 1250),nR1-12,"1250,00",nR2-12,"1250,01",,,1.01,"Administração, Organização e Planejamento",VALIDAÇÃO
0729-4/05,"Beneficiamento de minérios de cobre, chumbo, zinco e outros minerais metálicos não-ferrosos não especificados anteriormente",ALTO,Regra 5,09.13.11,Metalurgia de outros metais não ferrosos em formas primárias,ID3- 13  (subgrupo 2),ID3- 13  (subgrupo 2),Q,-,Q,-,,3.00,Estabelecimentos Industriais,VALIDAÇÃO
0729-4/05,"Beneficiamento de minérios de cobre, chumbo, zinco e outros minerais metálicos não-ferrosos não especificados anteriormente",BAIXO RISCO,Regra 5,07.12.13,"Escritório (inclusive virtual), sede de empresa, grupo de salas, centro empresarial",nR1-12 (até 1250) ;  nR2-12 (acima de 1250),nR1-12,"1250,00",nR2-12,"1250,01",,,1.01,"Administração, Organização e Planejamento",VALIDAÇÃO
0810-0/01,Extração de ardósia e beneficiamento associado,ALTO,Regra 5,09.07.10,Extração de pedras e outros materiais de construção,ID3-07,ID3-07,Q,-,Q,-,,3.00,Estabelecimentos Industriais,VALIDAÇÃO
0810-0/01,Extração de ardósia e beneficiamento associado,BAIXO RISCO,Regra 5,07.12.13,"Escritório (inclusive virtual), sede de empresa, grupo de salas, centro empresarial",nR1-12 (até 1250) ;  nR2-12 (acima de 1250),nR1-12,"1250,00",nR2-12,"1250,01",,,1.01,"Administração, Organização e Planejamento",VALIDAÇÃO
0810-0/02,Extração de granito e beneficiamento associado,ALTO,Regra 5,09.07.10,Extração de pedras e outros materiais de construção,ID3-07,ID3-07,Q,-,Q,-,,3.00,Estabelecimentos Industriais,VALIDAÇÃO
0810-0/02,Extração de granito e beneficiamento associado,BAIXO RISCO,Regra 5,07.12.13,"Escritório (inclusive virtual), sede de empresa, grupo de salas, centro empresarial",nR1-12 (até 1250) ;  nR2-12 (acima de 1250),nR1-12,"1250,00",nR2-12,"1250,01",,,1.01,"Administração, Organização e Planejamento",VALIDAÇÃO
0810-0/03,Extração de mármore e beneficiamento associado,ALTO,Regra 5,09.07.10,Extração de pedras e outros materiais de construção,ID3-07,ID3-07,Q,-,Q,-,,3.00,Estabelecimentos Industriais,VALIDAÇÃO
0810-0/03,Extração de mármore e beneficiamento associado,BAIXO RISCO,Regra 5,07.12.13,"Escritório (inclusive virtual), sede de empresa, grupo de salas, centro empresarial",nR1-12 (até 1250) ;  nR2-12 (acima de 1250),nR1-12,"1250,00",nR2-12,"1250,01",,,1.01,"Administração, Organização e Planejamento",VALIDAÇÃO
0810-0/04,Extração de calcário e dolomita e beneficiamento associado,ALTO,Regra 5,09.07.10,Extração de pedras e outros materiais de construção,ID3-07,ID3-07,Q,-,Q,-,,3.00,Estabelecimentos Industriais,VALIDAÇÃO
0810-0/04,Extração de calcário e dolomita e beneficiamento associado,BAIXO RISCO,Regra 5,07.12.13,"Escritório (inclusive virtual), sede de empresa, grupo de salas, centro empresarial",nR1-12 (até 1250) ;  nR2-12 (acima de 1250),nR1-12,"1250,00",nR2-12,"1250,01",,,1.01,"Administração, Organização e Planejamento",VALIDAÇÃO
0810-0/05,Extração de gesso e caulim,ALTO,Regra 5,09.07.10,Extração de pedras e outros materiais de construção,ID3-07,ID3-07,Q,-,Q,-,,3.00,Estabelecimentos Industriais,VALIDAÇÃO
0810-0/05,Extração de gesso e caulim,BAIXO RISCO,Regra 5,07.12.13,"Escritório (inclusive virtual), sede de empresa, grupo de salas, centro empresarial",nR1-12 (até 1250) ;  nR2-12 (acima de 1250),nR1-12,"1250,00",nR2-12,"1250,01",,,1.01,"Administração, Organização e Planejamento",VALIDAÇÃO
0810-0/06,"Extração de areia, cascalho ou pedregulho e beneficiamento associado",ALTO,Regra 5,09.07.10,Extração de pedras e outros materiais de construção,ID3-07,ID3-07,Q,-,Q,-,,3.00,Estabelecimentos Industriais,VALIDAÇÃO
0810-0/06,"Extração de areia, cascalho ou pedregulho e beneficiamento associado",BAIXO RISCO,Regra 5,07.12.13,"Escritório (inclusive virtual), sede de empresa, grupo de salas, centro empresarial",nR1-12 (até 1250) ;  nR2-12 (acima de 1250),nR1-12,"1250,00",nR2-12,"1250,01",,,1.01,"Administração, Organização e Planejamento",VALIDAÇÃO
0810-0/07,Extração de argila e beneficiamento associado,ALTO,Regra 5,09.07.10,Extração de pedras e outros materiais de construção,ID3-07,ID3-07,Q,-,Q,-,,3.00,Estabelecimentos Industriais,VALIDAÇÃO
0810-0/07,Extração de argila e beneficiamento associado,BAIXO RISCO,Regra 5,07.12.13,"Escritório (inclusive virtual), sede de empresa, grupo de salas, centro empresarial",nR1-12 (até 1250) ;  nR2-12 (acima de 1250),nR1-12,"1250,00",nR2-12,"1250,01",,,1.01,"Administração, Organização e Planejamento",VALIDAÇÃO
0810-0/08,Extração de saibro e beneficiamento associado,ALTO,Regra 5,09.07.10,Extração de pedras e outros materiais de construção,ID3-07,ID3-07,Q,-,Q,-,,3.00,Estabelecimentos Industriais,VALIDAÇÃO
0810-0/08,Extração de saibro e beneficiamento associado,BAIXO RISCO,Regra 5,07.12.13,"Escritório (inclusive virtual), sede de empresa, grupo de salas, centro empresarial",nR1-12 (até 1250) ;  nR2-12 (acima de 1250),nR1-12,"1250,00",nR2-12,"1250,01",,,1.01,"Administração, Organização e Planejamento",VALIDAÇÃO
0810-0/09,Extração de basalto e beneficiamento associado,ALTO,Regra 5,09.07.10,Extração de pedras e outros materiais de construção,ID3-07,ID3-07,Q,-,Q,-,,3.00,Estabelecimentos Industriais,VALIDAÇÃO
0810-0/09,Extração de basalto e beneficiamento associado,BAIXO RISCO,Regra 5,07.12.13,"Escritório (inclusive virtual), sede de empresa, grupo de salas, centro empresarial",nR1-12 (até 1250) ;  nR2-12 (acima de 1250),nR1-12,"1250,00",nR2-12,"1250,01",,,1.01,"Administração, Organização e Planejamento",VALIDAÇÃO
0810-0/10,Beneficiamento de gesso e caulim associado à extração,ALTO,Regra 5,09.14.02,"Beneficiamento e aparelhamento de artigos de concreto, cimento, estuque e gesso",ID1-14,ID1-14,Q,-,Q,-,,3.00,Estabelecimentos Industriais,VALIDAÇÃO
0810-0/10,Beneficiamento de gesso e caulim associado à extração,BAIXO RISCO,Regra 5,07.12.13,"Escritório (inclusive virtual), sede de empresa, grupo de salas, centro empresarial",nR1-12 (até 1250) ;  nR2-12 (acima de 1250),nR1-12,"1250,00",nR2-12,"1250,01",,,1.01,"Administração, Organização e Planejamento",VALIDAÇÃO
0810-0/99,Extração e britamento de pedras e outros materiais para construção e beneficiamento associado,ALTO,Regra 5,09.07.10,Extração de pedras e outros materiais de construção,ID3- 07,ID3- 07,Q,-,Q,-,,3.00,Estabelecimentos Industriais,VALIDAÇÃO
0810-0/99,Extração e britamento de pedras e outros materiais para construção e beneficiamento associado,BAIXO RISCO,Regra 5,07.12.13,"Escritório (inclusive virtual), sede de empresa, grupo de salas, centro empresarial",nR1-12 (até 1250) ;  nR2-12 (acima de 1250),nR1-12,"1250,00",nR2-12,"1250,01",,,1.01,"Administração, Organização e Planejamento",VALIDAÇÃO
0891-6/00,"Extração de minerais para fabricação de adubos, fertilizantes e outros produtos químicos",ALTO,Regra 5,09.07.07,Extração de minerais não metálicos,ID3- 07,ID3- 07,Q,-,Q,-,,3.00,Estabelecimentos Industriais,VALIDAÇÃO
0891-6/00,"Extração de minerais para fabricação de adubos, fertilizantes e outros produtos químicos",BAIXO RISCO,Regra 5,07.12.13,"Escritório (inclusive virtual), sede de empresa, grupo de salas, centro empresarial",nR1-12 (até 1250) ;  nR2-12 (acima de 1250),nR1-12,"1250,00",nR2-12,"1250,01",,,1.01,"Administração, Organização e Planejamento",VALIDAÇÃO
0892-4/01,Extração de sal marinho,ALTO,Regra 5,09.07.08,Extração de sal,ID3- 07,ID3- 07,Q,-,Q,-,,3.00,Estabelecimentos Industriais,VALIDAÇÃO
0892-4/01,Extração de sal marinho,BAIXO RISCO,Regra 5,07.12.13,"Escritório (inclusive virtual), sede de empresa, grupo de salas, centro empresarial",nR1-12 (até 1250) ;  nR2-12 (acima de 1250),nR1-12,"1250,00",nR2-12,"1250,01",,,1.01,"Administração, Organização e Planejamento",VALIDAÇÃO
0892-4/02,Extração de sal-gema,ALTO,Regra 5,09.07.08,Extração de sal,ID3- 07,ID3- 07,Q,-,Q,-,,3.00,Estabelecimentos Industriais,VALIDAÇÃO
0892-4/02,Extração de sal-gema,BAIXO RISCO,Regra 5,07.12.13,"Escritório (inclusive virtual), sede de empresa, grupo de salas, centro empresarial",nR1-12 (até 1250) ;  nR2-12 (acima de 1250),nR1-12,"1250,00",nR2-12,"1250,01",,,1.01,"Administração, Organização e Planejamento",VALIDAÇÃO
0892-4/03,Refino e outros tratamentos do sal,ALTO,Regra 49,09.14.09,"Beneficiamento e preparação de minerais não metálicos, não associados, em sua localização, à extração",ID3-14 (subgrupo 2),ID3-14 (subgrupo 2),Q,-,Q,-,,3.00,Estabelecimentos Industriais,VALIDAÇÃO
0892-4/03,Refino e outros tratamentos do sal,ALTO,Regra 49,07.12.13,"Escritório (inclusive virtual), sede de empresa, grupo de salas, centro empresarial",nR1-12 (até 1250) ;  nR2-12 (acima de 1250),nR1-12,"1250,00",nR2-12,"1250,01",,,1.01,"Administração, Organização e Planejamento",VALIDAÇÃO
0893-2/00,Extração de gemas (pedras preciosas e semipreciosas),ALTO,Regra 5,09.07.09,Extração de metais preciosos,ID3- 07,ID3- 07,Q,-,Q,-,,3.00,Estabelecimentos Industriais,VALIDAÇÃO
0893-2/00,Extração de gemas (pedras preciosas e semipreciosas),BAIXO RISCO,Regra 5,07.12.13,"Escritório (inclusive virtual), sede de empresa, grupo de salas, centro empresarial",nR1-12 (até 1250) ;  nR2-12 (acima de 1250),nR1-12,"1250,00",nR2-12,"1250,01",,,1.01,"Administração, Organização e Planejamento",VALIDAÇÃO
0899-1/01,Extração de grafita,ALTO,Regra 5,09.07.07,Extração de minerais não metálicos,ID3- 07,ID3- 07,Q,-,Q,-,,3.00,Estabelecimentos Industriais,VALIDAÇÃO
0899-1/01,Extração de grafita,BAIXO RISCO,Regra 5,07.12.13,"Escritório (inclusive virtual), sede de empresa, grupo de salas, centro empresarial",nR1-12 (até 1250) ;  nR2-12 (acima de 1250),nR1-12,"1250,00",nR2-12,"1250,01",,,1.01,"Administração, Organização e Planejamento",VALIDAÇÃO
0899-1/02,Extração de quartzo,ALTO,Regra 5,09.07.07,Extração de minerais não metálicos,ID3- 07,ID3- 07,Q,-,Q,-,,3.00,Estabelecimentos Industriais,VALIDAÇÃO
0899-1/02,Extração de quartzo,BAIXO RISCO,Regra 5,07.12.13,"Escritório (inclusive virtual), sede de empresa, grupo de salas, centro empresarial",nR1-12 (até 1250) ;  nR2-12 (acima de 1250),nR1-12,"1250,00",nR2-12,"1250,01",,,1.01,"Administração, Organização e Planejamento",VALIDAÇÃO
0899-1/03,Extração de amianto,ALTO,Regra 5,09.07.07,Extração de minerais não metálicos,ID3- 07,ID3- 07,Q,-,Q,-,,3.00,Estabelecimentos Industriais,VALIDAÇÃO
0899-1/03,Extração de amianto,BAIXO RISCO,Regra 5,07.12.13,"Escritório (inclusive virtual), sede de empresa, grupo de salas, centro empresarial",nR1-12 (até 1250) ;  nR2-12 (acima de 1250),nR1-12,"1250,00",nR2-12,"1250,01",,,1.01,"Administração, Organização e Planejamento",VALIDAÇÃO
0899-1/99,Extração de outros minerais não-metálicos não especificados anteriormente,ALTO,Regra 5,09.07.07,Extração de minerais não metálicos,ID3- 07,ID3- 07,Q,-,Q,-,,3.00,"Administração, Organização e Planejamento",VALIDAÇÃO
0899-1/99,Extração de outros minerais não-metálicos não especificados anteriormente,BAIXO RISCO,Regra 5,07.12.13,"Escritório (inclusive virtual), sede de empresa, grupo de salas, centro empresarial",nR1-12 (até 1250) ;  nR2-12 (acima de 1250),nR1-12,"1250,00",nR2-12,"1250,01",,,1.01,"Administração, Organização e Planejamento",VALIDAÇÃO
0910-6/00,Atividades de apoio à extração de petróleo e gás natural,BAIXO RISCO,Regra 10,07.12.13,"Escritório (inclusive virtual), sede de empresa, grupo de salas, centro empresarial",nR1-12 (até 1250) ;  nR2-12 (acima de 1250),nR1-12,"1250,00",nR2-12,"1250,01",,,1.01,"Administração, Organização e Planejamento",VALIDAÇÃO
0990-4/01,Atividades de apoio à extração de minério de ferro,BAIXO RISCO,Regra 10,07.12.13,"Escritório (inclusive virtual), sede de empresa, grupo de salas, centro empresarial",nR1-12 (até 1250) ;  nR2-12 (acima de 1250),nR1-12,"1250,00",nR2-12,"1250,01",,,1.01,"Administração, Organização e Planejamento",VALIDAÇÃO
0990-4/02,Atividades de apoio à extração de minerais metálicos não-ferrosos,BAIXO RISCO,Regra 10,07.12.13,"Escritório (inclusive virtual), sede de empresa, grupo de salas, centro empresarial",nR1-12 (até 1250) ;  nR2-12 (acima de 1250),nR1-12,"1250,00",nR2-12,"1250,01",,,1.01,"Administração, Organização e Planejamento",VALIDAÇÃO
0990-4/03,Atividades de apoio à extração de minerais não-metálicos,BAIXO RISCO,Regra 10,07.12.13,"Escritório (inclusive virtual), sede de empresa, grupo de salas, centro empresarial",nR1-12 (até 1250) ;  nR2-12 (acima de 1250),nR1-12,"1250,00",nR2-12,"1250,01",,,1.01,"Administração, Organização e Planejamento",VALIDAÇÃO
1011-2/01,Frigorífico - abate de bovinos,ALTO,Regra 1,09.01.01,"Abate de reses em matadouros frigoríficos e preparação de carne verde, seca e salgada, inclusive subprodutos",ID3-01,ID3-01,Q,-,Q,-,,3.00,Estabelecimentos Industriais,VALIDAÇÃO
1011-2/01,Frigorífico - abate de bovinos,ALTO,Regra 1,09.01.02,"Abate de reses em charqueamento e preparação de carne salgada,  inclusive subprodutos",ID3-01,ID3-01,Q,-,Q,-,,3.00,Estabelecimentos Industriais,VALIDAÇÃO
1011-2/01,Frigorífico - abate de bovinos,ALTO,Regra 1,09.05.03,Secagem e salga de couros e peles,ID3-05,ID3-05,Q,-,Q,-,,3.00,Estabelecimentos Industriais,VALIDAÇÃO
1011-2/01,Frigorífico - abate de bovinos,BAIXO RISCO,Regra 1,07.12.13,"Escritório (inclusive virtual), sede de empresa, grupo de salas, centro empresarial",nR1-12 (até 1250) ;  nR2-12 (acima de 1250),nR1-12,"1250,00",nR2-12,"1250,01",-,-,1.01,"Administração, Organização e Planejamento",VALIDAÇÃO
1011-2/02,Frigorífico - abate de eqüinos,ALTO,Regra 1,09.01.01,"Abate de reses em matadouros frigoríficos e preparação de carne verde, seca e salgada, inclusive subprodutos",ID3-01,ID3-01,Q,-,Q,-,,3.00,Estabelecimentos Industriais,VALIDAÇÃO
1011-2/02,Frigorífico - abate de eqüinos,ALTO,Regra 1,09.01.02,"Abate de reses em charqueamento e preparação de carne salgada,  inclusive subprodutos",ID3-01,ID3-01,Q,-,Q,-,,3.00,Estabelecimentos Industriais,VALIDAÇÃO
1011-2/02,Frigorífico - abate de eqüinos,ALTO,Regra 1,09.05.03,Secagem e salga de couros e peles,ID3-05,ID3-05,Q,-,Q,-,,3.00,Estabelecimentos Industriais,VALIDAÇÃO
1011-2/02,Frigorífico - abate de eqüinos,BAIXO RISCO,Regra 1,07.12.13,"Escritório (inclusive virtual), sede de empresa, grupo de salas, centro empresarial",nR1-12 (até 1250) ;  nR2-12 (acima de 1250),nR1-12,"1250,00",nR2-12,"1250,01",-,-,1.01,"Administração, Organização e Planejamento",VALIDAÇÃO
1011-2/03,Frigorífico - abate de ovinos e caprinos,ALTO,Regra 1,09.01.01,"Abate de reses em matadouros frigoríficos e preparação de carne verde, seca e salgada, inclusive subprodutos",ID3-01,ID3-01,Q,-,Q,-,,3.00,Estabelecimentos Industriais,VALIDAÇÃO
1011-2/03,Frigorífico - abate de ovinos e caprinos,ALTO,Regra 1,09.01.02,"Abate de reses em charqueamento e preparação de carne salgada,  inclusive subprodutos",ID3-01,ID3-01,Q,-,Q,-,,3.00,Estabelecimentos Industriais,VALIDAÇÃO
1011-2/03,Frigorífico - abate de ovinos e caprinos,ALTO,Regra 1,09.05.03,Secagem e salga de couros e peles,ID3-05,ID3-05,Q,-,Q,-,,3.00,Estabelecimentos Industriais,VALIDAÇÃO
1011-2/03,Frigorífico - abate de ovinos e caprinos,BAIXO RISCO,Regra 1,07.12.13,"Escritório (inclusive virtual), sede de empresa, grupo de salas, centro empresarial",nR1-12 (até 1250) ;  nR2-12 (acima de 1250),nR1-12,"1250,00",nR2-12,"1250,01",-,-,1.01,"Administração, Organização e Planejamento",VALIDAÇÃO
1011-2/04,Frigorífico - abate de bufalinos,ALTO,Regra 1,09.01.01,"Abate de reses em matadouros frigoríficos e preparação de carne verde, seca e salgada, inclusive subprodutos",ID3-01,ID3-01,Q,-,Q,-,,3.00,Estabelecimentos Industriais,VALIDAÇÃO
1011-2/04,Frigorífico - abate de bufalinos,ALTO,Regra 1,09.01.02,"Abate de reses em charqueamento e preparação de carne salgada,  inclusive subprodutos",ID3-01,ID3-01,Q,-,Q,-,,3.00,Estabelecimentos Industriais,VALIDAÇÃO
1011-2/04,Frigorífico - abate de bufalinos,ALTO,Regra 1,09.05.03,Secagem e salga de couros e peles,ID3-05,ID3-05,Q,-,Q,-,,3.00,Estabelecimentos Industriais,VALIDAÇÃO
1011-2/04,Frigorífico - abate de bufalinos,BAIXO RISCO,Regra 1,07.12.13,"Escritório (inclusive virtual), sede de empresa, grupo de salas, centro empresarial",nR1-12 (até 1250) ;  nR2-12 (acima de 1250),nR1-12,"1250,00",nR2-12,"1250,01",-,-,1.01,"Administração, Organização e Planejamento",VALIDAÇÃO
1011-2/05,"Matadouro - abate de reses sob contrato, exceto abate de suínos",ALTO,Regra 5,09.01.01,"Abate de reses em matadouros frigoríficos e preparação de carne verde, seca e salgada, inclusive subprodutos",ID3-01,ID3-01,Q,-,Q,-,,3.00,Estabelecimentos Industriais,VALIDAÇÃO
1011-2/05,"Matadouro - abate de reses sob contrato, exceto abate de suínos",BAIXO RISCO,Regra 5,07.12.13,"Escritório (inclusive virtual), sede de empresa, grupo de salas, centro empresarial",nR1-12 (até 1250) ;  nR2-12 (acima de 1250),nR1-12,"1250,00",nR2-12,"1250,01",-,-,1.01,"Administração, Organização e Planejamento",VALIDAÇÃO
1012-1/01,Abate de aves,ALTO,Regra 5,09.01.03,"Abate e preparação de carne de aves, suínos e pequenos animais, e preparação de subprodutos, inclusive toucinho, banha e linguiça",ID3-01,ID3-01,Q,-,Q,-,,3.00,Estabelecimentos Industriais,VALIDAÇÃO
1012-1/01,Abate de aves,BAIXO RISCO,Regra 5,07.12.13,"Escritório (inclusive virtual), sede de empresa, grupo de salas, centro empresarial",nR1-12 (até 1250) ;  nR2-12 (acima de 1250),nR1-12,"1250,00",nR2-12,"1250,01",-,-,1.01,"Administração, Organização e Planejamento",VALIDAÇÃO
1012-1/02,Abate de pequenos animais,ALTO,Regra 5,09.01.03,"Abate e preparação de carne de aves, suínos e pequenos animais, e preparação de subprodutos, inclusive toucinho, banha e linguiça",ID3-01,ID3-01,Q,-,Q,-,,3.00,Estabelecimentos Industriais,VALIDAÇÃO
1012-1/02,Abate de pequenos animais,BAIXO RISCO,Regra 5,07.12.13,"Escritório (inclusive virtual), sede de empresa, grupo de salas, centro empresarial",nR1-12 (até 1250) ;  nR2-12 (acima de 1250),nR1-12,"1250,00",nR2-12,"1250,01",-,-,1.01,"Administração, Organização e Planejamento",VALIDAÇÃO
1012-1/03,Frigorífico - abate de suínos,ALTO,Regra 5,09.01.03,"Abate e preparação de carne de aves, suínos e pequenos animais, e preparação de subprodutos, inclusive toucinho, banha e linguiça",ID3-01,ID3-01,Q,-,Q,-,,3.00,Estabelecimentos Industriais,VALIDAÇÃO
1012-1/03,Frigorífico - abate de suínos,BAIXO RISCO,Regra 5,07.12.13,"Escritório (inclusive virtual), sede de empresa, grupo de salas, centro empresarial",nR1-12 (até 1250) ;  nR2-12 (acima de 1250),nR1-12,"1250,00",nR2-12,"1250,01",-,-,1.01,"Administração, Organização e Planejamento",VALIDAÇÃO
1012-1/04,Matadouro - abate de suínos sob contrato,ALTO,Regra 5,09.01.03,"Abate e preparação de carne de aves, suínos e pequenos animais, e preparação de subprodutos, inclusive toucinho, banha e linguiça",ID3-01,ID3-01,Q,-,Q,-,,3.00,Estabelecimentos Industriais,VALIDAÇÃO
1012-1/04,Matadouro - abate de suínos sob contrato,BAIXO RISCO,Regra 5,07.12.13,"Escritório (inclusive virtual), sede de empresa, grupo de salas, centro empresarial",nR1-12 (até 1250) ;  nR2-12 (acima de 1250),nR1-12,"1250,00",nR2-12,"1250,01",-,-,1.01,"Administração, Organização e Planejamento",VALIDAÇÃO
1013-9/01,Fabricação de produtos de carne,ALTO,Regra 1,09.01.02,"Abate de reses em charqueamento e preparação de carne salgada,  inclusive subprodutos",ID3-01,ID3-01,Q,-,Q,-,,3.00,Estabelecimentos Industriais,VALIDAÇÃO
1013-9/01,Fabricação de produtos de carne,ALTO,Regra 1,09.01.01,"Abate de reses em matadouros frigoríficos e preparação de carne verde, seca e salgada, inclusive subprodutos",ID3-01,ID3-01,Q,-,Q,-,,3.00,Estabelecimentos Industriais,VALIDAÇÃO
1013-9/01,Fabricação de produtos de carne,ALTO,Regra 1,09.01.03,"Abate e preparação de carne de aves, suínos e pequenos animais, e preparação de subprodutos, inclusive toucinho, banha e linguiça",ID3-01,ID3-01,Q,-,Q,-,,3.00,Estabelecimentos Industriais,VALIDAÇÃO
1013-9/01,Fabricação de produtos de carne,ALTO,Regra 1,09.02.35,"Preparação de carne, banha e produtos de salchicharia não associados ao abate",ID3-02 (subgrupo 2),ID3-02 (subgrupo 2),Q,-,Q,-,,3.00,Estabelecimentos Industriais,VALIDAÇÃO
1013-9/01,Fabricação de produtos de carne,MÉDIO RISCO,Regra 1,07.09.02,Confecção artesanal de bebidas e comidas,nR1-09 (Qualquer área),nR1-09,Q,-,Q,-,,1.18,Estabelecimentos não classificados nos  Itens 1.01 a 1.17,VALIDAÇÃO
1013-9/01,Fabricação de produtos de carne,BAIXO RISCO,Regra 1,07.12.13,"Escritório (inclusive virtual), sede de empresa, grupo de salas, centro empresarial",nR1-12 (até 1250) ;  nR2-12 (acima de 1250),nR1-12,"1250,00",nR2-12,"1250,01",-,-,1.01,"Administração, Organização e Planejamento",VALIDAÇÃO
1013-9/02,Preparação de subprodutos do abate,ALTO,Regras 58 e 59,09.02.47,Preparação de subproduto de carne não associados ao abate,ID3-02 (subgrupo 2),ID3-02 (subgrupo 2),Q,-,Q,-,,3.00,Estabelecimentos Industriais,VALIDAÇÃO
1013-9/02,Preparação de subprodutos do abate,MÉDIO RISCO,Regras 58 e 59,07.09.02,Confecção artesanal de bebidas e comidas,nR1-09 (Qualquer área),nR1-09,Q,-,Q,-,,1.18,Estabelecimentos não classificados nos  Itens 1.01 a 1.17,VALIDAÇÃO
1013-9/02,Preparação de subprodutos do abate,BAIXO RISCO,Regras 58 e 59,07.12.13,"Escritório (inclusive virtual), sede de empresa, grupo de salas, centro empresarial",nR1-12 (até 1250) ; nR2-12 (acima de 1250),nR1-12,"1250,00",nR2-12,"1250,01",,,1.01,"Administração, Organização e Planejamento",VALIDAÇÃO
1020-1/01,"Preservação de peixes, crustáceos e moluscos",ALTO,Regras 6 e 7,09.02.36,"Preparação e conservação de pescado e fabricação de conservas de peixe, crustáceos e moluscos",ID3-02 (subgrupo 2),ID3-02 (subgrupo 2),Q,-,Q,-,,3.00,Estabelecimentos Industriais,VALIDAÇÃO
1020-1/01,"Preservação de peixes, crustáceos e moluscos",BAIXO RISCO,Regras 6 e 7,07.09.02,Confecção artesanal de bebidas e comidas,nR1-09 (Qualquer área),nR1-09,Q,-,Q,-,,1.18,Estabelecimentos não classificados nos  Itens 1.01 a 1.17,VALIDAÇÃO
1020-1/01,"Preservação de peixes, crustáceos e moluscos",BAIXO RISCO,Regras 6 e 7,07.12.13,"Escritório (inclusive virtual), sede de empresa, grupo de salas, centro empresarial",nR1-12 (até 1250) ;  nR2-12 (acima de 1250),nR1-12,"1250,00",nR2-12,"1250,01",-,-,1.01,"Administração, Organização e Planejamento",VALIDAÇÃO
1020-1/02,"Fabricação de conservas de peixes, crustáceos e moluscos",ALTO,Regras 6 e 7,09.02.36,"Preparação e conservação de pescado e fabricação de conservas de peixe, crustáceos e moluscos",ID3-02 (subgrupo 2),ID3-02 (subgrupo 2),Q,-,Q,-,,3.00,Estabelecimentos Industriais,VALIDAÇÃO
1020-1/02,"Fabricação de conservas de peixes, crustáceos e moluscos",BAIXO RISCO,Regras 6 e 7,07.09.02,Confecção artesanal de bebidas e comidas,nR1-09 (Qualquer área),nR1-09,Q,-,Q,-,,1.18,Estabelecimentos não classificados nos  Itens 1.01 a 1.17,VALIDAÇÃO
1020-1/02,"Fabricação de conservas de peixes, crustáceos e moluscos",BAIXO RISCO,Regras 6 e 7,07.12.13,"Escritório (inclusive virtual), sede de empresa, grupo de salas, centro empresarial",nR1-12 (até 1250) ;  nR2-12 (acima de 1250),nR1-12,"1250,00",nR2-12,"1250,01",-,-,1.01,"Administração, Organização e Planejamento",VALIDAÇÃO
1031-7/00,Fabricação de conservas de frutas,ALTO,Regras 6 e 7,09.02.13,"Preparação de alimentos, conservas, legumes e outros vegetais",ID3-02 (subgrupo 1),ID3-02 (subgrupo 1),Q,-,Q,-,,3.00,Estabelecimentos Industriais,VALIDAÇÃO
1031-7/00,Fabricação de conservas de frutas,BAIXO RISCO,Regras 6 e 7,07.09.02,Confecção artesanal de bebidas e comidas,nR1-09 (Qualquer área),nR1-09,Q,-,Q,-,,1.18,Estabelecimentos não classificados nos  Itens 1.01 a 1.17,VALIDAÇÃO
1031-7/00,Fabricação de conservas de frutas,BAIXO RISCO,Regras  6 e 7,07.12.13,"Escritório (inclusive virtual), sede de empresa, grupo de salas, centro empresarial",nR1-12 (até 1250) ;  nR2-12 (acima de 1250),nR1-12,"1250,00",nR2-12,"1250,01",-,-,1.01,"Administração, Organização e Planejamento",VALIDAÇÃO
1032-5/01,Fabricação de conservas de palmito,ALTO,Regras 51 e 52,09.02.13,"Preparação de alimentos, conservas, legumes e outros vegetais",ID3-02 (subgrupo 1),ID3-02 (subgrupo 1),Q,-,Q,-,,3.00,Estabelecimentos Industriais,VALIDAÇÃO
1032-5/01,Fabricação de conservas de palmito,ALTO,Regras 51 e 52,07.09.02,Confecção artesanal de bebidas e comidas,nR1-09 (Qualquer área),nR1-09,Q,-,Q,-,,1.18,Estabelecimentos não classificados nos  Itens 1.01 a 1.17,VALIDAÇÃO
1032-5/01,Fabricação de conservas de palmito,ALTO,Regras 51 e 52,07.12.13,"Escritório (inclusive virtual), sede de empresa, grupo de salas, centro empresarial",nR1-12 (até 1250) ;  nR2-12 (acima de 1250),nR1-12,"1250,00",nR2-12,"1250,01",-,-,1.01,"Administração, Organização e Planejamento",VALIDAÇÃO
1032-5/99,"Fabricação de conservas de legumes e outros vegetais, exceto palmito",ALTO,Regras 6 e 7,09.02.13,"Preparação de alimentos, conservas, legumes e outros vegetais",ID3-02 (subgrupo 1),ID3-02 (subgrupo 1),Q,-,Q,-,,3.00,Estabelecimentos Industriais,VALIDAÇÃO
1032-5/99,"Fabricação de conservas de legumes e outros vegetais, exceto palmito",BAIXO RISCO,Regras 6 e 7,07.09.02,Confecção artesanal de bebidas e comidas,nR1-09 (Qualquer área),nR1-09,Q,-,Q,,,1.18,Estabelecimentos não classificados nos  Itens 1.01 a 1.17,VALIDAÇÃO
1032-5/99,"Fabricação de conservas de legumes e outros vegetais, exceto palmito",BAIXO RISCO,Regras  6 e 7,07.12.13,"Escritório (inclusive virtual), sede de empresa, grupo de salas, centro empresarial",nR1-12 (até 1250) ;  nR2-12 (acima de 1250),nR1-12,"1250,00",nR2-12,"1250,01",-,-,1.01,"Administração, Organização e Planejamento",VALIDAÇÃO
1033-3/01,"Fabricação de sucos concentrados de frutas, hortaliças e legumes",ALTO,Regras 6 e 7,09.02.34,Fabricação de bebidas não alcoólica,ID3-02 (subgrupo 1),ID3-02 (subgrupo 1),Q,-,Q,,,3.00,Estabelecimentos Industriais,VALIDAÇÃO
1033-3/01,"Fabricação de sucos concentrados de frutas, hortaliças e legumes",BAIXO RISCO,Regras 6 e 7,07.09.02,Confecção artesanal de bebidas e comidas,nR1-09 (Qualquer área),nR1-09,Q,-,Q,,,1.18,Estabelecimentos não classificados nos  Itens 1.01 a 1.17,VALIDAÇÃO
1033-3/01,"Fabricação de sucos concentrados de frutas, hortaliças e legumes",BAIXO RISCO,Regras  6 e 7,07.12.13,"Escritório (inclusive virtual), sede de empresa, grupo de salas, centro empresarial",nR1-12 (até 1250) ;  nR2-12 (acima de 1250),nR1-12,"1250,00",nR2-12,"1250,01",-,-,1.01,"Administração, Organização e Planejamento",VALIDAÇÃO
1033-3/02,"Fabricação de sucos de frutas, hortaliças e legumes, exceto concentrados",ALTO,Regras 6 e 7,09.02.34,Fabricação de bebidas não alcoólica,ID3-02 (subgrupo 1),ID3-02 (subgrupo 1),Q,-,Q,,,3.00,Estabelecimentos Industriais,VALIDAÇÃO
1033-3/02,"Fabricação de sucos de frutas, hortaliças e legumes, exceto concentrados",BAIXO RISCO,Regras 6 e 7,07.09.02,Confecção artesanal de bebidas e comidas,nR1-09 (Qualquer área),nR1-09,Q,-,Q,,,1.18,Estabelecimentos não classificados nos  Itens 1.01 a 1.17,VALIDAÇÃO
1033-3/02,"Fabricação de sucos de frutas, hortaliças e legumes, exceto concentrados",BAIXO RISCO,Regras  6 e 7,07.12.13,"Escritório (inclusive virtual), sede de empresa, grupo de salas, centro empresarial",nR1-12 (até 1250) ;  nR2-12 (acima de 1250),nR1-12,"1250,00",nR2-12,"1250,01",-,-,1.01,"Administração, Organização e Planejamento",VALIDAÇÃO
1041-4/00,"Fabricação de óleos vegetais em bruto, exceto óleo de milho",ALTO,Regra 47,09.07.03,"Extração de produtos vegetais oleaginosos, ceríficos, medicinais e tóxicos",ID2-07,ID2-07,Q,-,Q,,,3.00,Estabelecimentos Industriais,VALIDAÇÃO
1041-4/00,"Fabricação de óleos vegetais em bruto, exceto óleo de milho",ALTO,Regra 47,09.02.37,Produção de óleos vegetais em bruto,ID3-02 (subgrupo 2),ID3-02 (subgrupo 2),Q,-,Q,,,3.00,Estabelecimentos Industriais,VALIDAÇÃO
1041-4/00,"Fabricação de óleos vegetais em bruto, exceto óleo de milho",ALTO,Regra 47,09.02.48,"Produção de óleos , gorduras e ceras vegetais e animais, em bruto; de óleos essenciais vegetais e outros produtos da destilação da madeira, exclusive refinação de produtos alimentares",ID3-02 (subgrupo 2),ID3-02 (subgrupo 2),Q,-,Q,-,,3.00,Estabelecimentos Industriais,VALIDAÇÃO
1041-4/00,"Fabricação de óleos vegetais em bruto, exceto óleo de milho",ALTO,Regra 47,07.12.13,"Escritório (inclusive virtual), sede de empresa, grupo de salas, centro empresarial",nR1-12 (até 1250) ;  nR2-12 (acima de 1250),nR1-12,"1250,00",nR2-12,"1250,01",-,-,1.01,"Administração, Organização e Planejamento",VALIDAÇÃO
1042-2/00,"Fabricação de óleos vegetais refinados, exceto óleo de milho",ALTO,Regra 46,09.02.14,Refino de óleos vegetais,ID3-02 (subgrupo 1),ID3-02 (subgrupo 1),Q,-,Q,,,3.00,Estabelecimentos Industriais,VALIDAÇÃO
1042-2/00,"Fabricação de óleos vegetais refinados, exceto óleo de milho",ALTO,Regra 46,07.12.13,"Escritório (inclusive virtual), sede de empresa, grupo de salas, centro empresarial",nR1-12 (até 1250) ;  nR2-12 (acima de 1250),nR1-12,"1250,00",nR2-12,"1250,01",-,-,1.01,"Administração, Organização e Planejamento",VALIDAÇÃO
1043-1/00,Fabricação de margarina e outras gorduras vegetais e de óleos não-comestíveis de animais,ALTO,Regra 46,09.02.15,Preparação de margarina e outras gorduras vegetais e óleos de origem animal não comestíveis,ID3-02 (subgrupo 1),ID3-02 (subgrupo 1),Q,-,Q,,,3.00,Estabelecimentos Industriais,VALIDAÇÃO
1043-1/00,Fabricação de margarina e outras gorduras vegetais e de óleos não-comestíveis de animais,ALTO,Regra 46,07.12.13,"Escritório (inclusive virtual), sede de empresa, grupo de salas, centro empresarial",nR1-12 (até 1250) ;  nR2-12 (acima de 1250),nR1-12,"1250,00",nR2-12,"1250,01",-,-,1.01,"Administração, Organização e Planejamento",VALIDAÇÃO
1051-1/00,Preparação do leite,ALTO,Regras 6 e 7,09.02.38,Preparação de leite,ID3-02 (subgrupo 2),ID3-02 (subgrupo 2),Q,-,Q,,,3.00,Estabelecimentos Industriais,VALIDAÇÃO
1051-1/00,Preparação do leite,BAIXO RISCO,Regras 6 e 7,07.09.02,Confecção artesanal de bebidas e comidas,nR1-09 (Qualquer área),nR1-09,Q,-,Q,-,,1.18,Estabelecimentos não classificados nos  Itens 1.01 a 1.17,VALIDAÇÃO
1051-1/00,Preparação do leite,BAIXO RISCO,Regras 6 e 7,07.12.13,"Escritório (inclusive virtual), sede de empresa, grupo de salas, centro empresarial",nR1-12 (até 1250) ;  nR2-12 (acima de 1250),nR1-12,"1250,00",nR2-12,"1250,01",-,-,1.01,"Administração, Organização e Planejamento",VALIDAÇÃO
1052-0/00,Fabricação de laticínios,ALTO,Regras 6 e 7,09.02.39,Fabricação de produtos do laticínio,ID3-02 (subgrupo 2),ID3-02 (subgrupo 2),Q,-,Q,,,3.00,Estabelecimentos Industriais,VALIDAÇÃO
1052-0/00,Fabricação de laticínios,BAIXO RISCO,Regras 6 e 7,07.09.02,Confecção artesanal de bebidas e comidas,nR1-09 (Qualquer área),nR1-09,Q,-,Q,-,,1.18,Estabelecimentos não classificados nos  Itens 1.01 a 1.17,VALIDAÇÃO
1052-0/00,Fabricação de laticínios,BAIXO RISCO,Regras  6 e 7,07.12.13,"Escritório (inclusive virtual), sede de empresa, grupo de salas, centro empresarial",nR1-12 (até 1250) ;  nR2-12 (acima de 1250),nR1-12,"1250,00",nR2-12,"1250,01",-,-,1.01,"Administração, Organização e Planejamento",VALIDAÇÃO
1053-8/00,Fabricação de sorvetes e outros gelados comestíveis,ALTO,Regras 51 e 52,09.02.50,Fabricação de sorvetes e outros gelados comestíveis,ID3-02 (subgrupo 2),ID3-02 (subgrupo 2),Q,-,Q,-,-,3.00,Estabelecimentos Industriais,VALIDAÇÃO
1053-8/00,Fabricação de sorvetes e outros gelados comestíveis,ALTO,Regras 51 e 52,09.02.01,Fabricação de produtos alimentícios e bebidas de modo artesanal,ID1-02,ID1-02,Q,-,Q,-,-,3.00,Estabelecimentos Industriais,VALIDAÇÃO
1053-8/00,Fabricação de sorvetes e outros gelados comestíveis,ALTO,Regras 51 e 52,07.09.02,Confecção artesanal de bebidas e comidas,nR1-09 (Qualquer área),nR1-09,Q,-,Q,-,-,1.18,Estabelecimentos não classificados nos  Itens 1.01 a 1.17,VALIDAÇÃO
1053-8/00,Fabricação de sorvetes e outros gelados comestíveis,ALTO,Regras 51 e 52,07.12.13,"Escritório (inclusive virtual), sede de empresa, grupo de salas, centro empresarial",nR1-12 (até 1250) ;  nR2-12 (acima de 1250),nR1-12,"1250,00",nR2-12,"1250,01",-,-,1.01,"Administração, Organização e Planejamento",VALIDAÇÃO
1061-9/01,Beneficiamento de arroz,ALTO,Regra 46,09.02.40,Beneficiamento do  arroz,ID3-02 (subgrupo 2),ID3-02 (subgrupo 2),Q,-,Q,-,-,3.00,Estabelecimentos Industriais,VALIDAÇÃO
1061-9/01,Beneficiamento de arroz,ALTO,Regra 46,07.12.13,"Escritório (inclusive virtual), sede de empresa, grupo de salas, centro empresarial",nR1-12 (até 1250) ;  nR2-12 (acima de 1250),nR1-12,"1250,00",nR2-12,"1250,01",-,-,1.01,"Administração, Organização e Planejamento",VALIDAÇÃO
1061-9/02,Fabricação de produtos do arroz,ALTO,Regras 51 e 52,09.02.16,"Fabricação de produtos de arroz, milho e mandioca",ID3-02 (subgrupo 1),ID3-02 (subgrupo 1),Q,-,Q,-,,3.00,Estabelecimentos Industriais,VALIDAÇÃO
1061-9/02,Fabricação de produtos do arroz,ALTO,Regras 51 e 52,07.09.02,Confecção artesanal de bebidas e comidas,nR1-09 (Qualquer área),nR1-09,Q,-,Q,-,,1.18,Estabelecimentos não classificados nos  Itens 1.01 a 1.17,VALIDAÇÃO
1061-9/02,Fabricação de produtos do arroz,ALTO,Regras 51 e 52,07.12.13,"Escritório (inclusive virtual), sede de empresa, grupo de salas, centro empresarial",nR1-12 (até 1250) ;  nR2-12 (acima de 1250),nR1-12,"1250,00",nR2-12,"1250,01",-,-,1.01,"Administração, Organização e Planejamento",VALIDAÇÃO
1062-7/00,Moagem de trigo e fabricação de derivados,ALTO,Regra 46,09.02.17,Moagem de trigo e fabricação de derivados,ID3-02 (subgrupo 1),ID3-02 (subgrupo 1),Q,-,Q,-,,3.00,Estabelecimentos Industriais,VALIDAÇÃO
1062-7/00,Moagem de trigo e fabricação de derivados,ALTO,Regra 46,07.12.13,"Escritório (inclusive virtual), sede de empresa, grupo de salas, centro empresarial",nR1-12 (até 1250) ;  nR2-12 (acima de 1250),nR1-12,"1250,00",nR2-12,"1250,01",-,-,1.01,"Administração, Organização e Planejamento",VALIDAÇÃO
1063-5/00,Fabricação de farinha de mandioca e derivados,MÉDIO RISCO,Regras 24 e 25,09.02.18,Fabricação de farinha de mandioca e derivados,ID3-02 (subgrupo 1),ID3-02 (subgrupo 1),Q,-,Q,-,,3.00,Estabelecimentos Industriais,VALIDAÇÃO
1063-5/00,Fabricação de farinha de mandioca e derivados,MÉDIO RISCO,Regras 24 e 25,07.12.13,"Escritório (inclusive virtual), sede de empresa, grupo de salas, centro empresarial",nR1-12 (até 1250) ;  nR2-12 (acima de 1250),nR1-12,"1250,00",nR2-12,"1250,01",-,-,1.01,"Administração, Organização e Planejamento",VALIDAÇÃO
1063-5/00,Fabricação de farinha de mandioca e derivados,MÉDIO RISCO,Regras 24 e 25,07.09.02,Confecção artesanal de bebidas e comidas,nR1-09 (Qualquer área),nR1-09,Q,-,Q,-,,1.18,Estabelecimentos não classificados nos  Itens 1.01 a 1.17,VALIDAÇÃO
1064-3/00,"Fabricação de farinha de milho e derivados, exceto óleos de milho",MÉDIO RISCO,Regras 24 e 25,09.02.16,"Fabricação de produtos de arroz, milho e mandioca",ID3-02 (subgrupo 1),ID3-02 (subgrupo 1),Q,-,Q,-,,3.00,Estabelecimentos Industriais,VALIDAÇÃO
1064-3/00,"Fabricação de farinha de milho e derivados, exceto óleos de milho",MÉDIO RISCO,Regras 24 e 25,09.02.19,Fabricação de fubá e farinha de milho,ID3-02 (subgrupo 1),ID3-02 (subgrupo 1),Q,-,Q,-,,3.00,Estabelecimentos Industriais,VALIDAÇÃO
1064-3/00,"Fabricação de farinha de milho e derivados, exceto óleos de milho",MÉDIO RISCO,Regras 24 e 25,07.09.02,Confecção artesanal de bebidas e comidas,nR1-09 (Qualquer área),nR1-09,Q,-,Q,-,,1.18,Estabelecimentos não classificados nos  Itens 1.01 a 1.17,VALIDAÇÃO
1064-3/00,"Fabricação de farinha de milho e derivados, exceto óleos de milho",MÉDIO RISCO,Regras 24 e 25,07.12.13,"Escritório (inclusive virtual), sede de empresa, grupo de salas, centro empresarial",nR1-12 (até 1250) ;  nR2-12 (acima de 1250),nR1-12,"1250,00",nR2-12,"1250,01",-,-,1.01,"Administração, Organização e Planejamento",VALIDAÇÃO
1065-1/01,Fabricação de amidos e féculas de vegetais,ALTO,Regra 47,09.02.20,Fabricação de amidos e féculas de vegetais,ID3-02 (subgrupo 1),ID3-02 (subgrupo 1),Q,-,Q,-,,3.00,Estabelecimentos Industriais,VALIDAÇÃO
1065-1/01,Fabricação de amidos e féculas de vegetais,ALTO,Regra 47,09.02.01,Fabricação de produtos alimentícios e bebidas de modo artesanal,ID1-02,ID1-02,,,,,,3.00,Estabelecimentos Industriais,VALIDAÇÃO
1065-1/01,Fabricação de amidos e féculas de vegetais,ALTO,Regra 47,07.09.02,Confecção artesanal de bebidas e comidas,nR1-09 (Qualquer área),nR1-09,Q,-,Q,-,,1.18,Estabelecimentos não classificados nos  Itens 1.01 a 1.17,VALIDAÇÃO
1065-1/01,Fabricação de amidos e féculas de vegetais,ALTO,Regra 47,07.12.13,"Escritório (inclusive virtual), sede de empresa, grupo de salas, centro empresarial",nR1-12 (até 1250) ;  nR2-12 (acima de 1250),nR1-12,"1250,00",nR2-12,"1250,01",-,-,1.01,"Administração, Organização e Planejamento",VALIDAÇÃO
1065-1/02,Fabricação de óleo de milho em bruto,ALTO,Regra 46,07.12.13,"Escritório (inclusive virtual), sede de empresa, grupo de salas, centro empresarial",nR1-12 (até 1250) ;  nR2-12 (acima de 1250),nR1-12,"1250,00",nR2-12,"1250,01",-,-,1.01,"Administração, Organização e Planejamento",VALIDAÇÃO
1065-1/02,Fabricação de óleo de milho em bruto,ALTO,Regra 46,09.02.41,Fabricação de óleos de milho,ID3-02 (subgrupo 2),ID3-02 (subgrupo 2),,,,,,3.00,Estabelecimentos Industriais,VALIDAÇÃO
1065-1/03,Fabricação de óleo de milho refinado,ALTO,Regra 46,09.02.41,Fabricação de óleos de milho,ID3-02 (subgrupo 2),ID3-02 (subgrupo 2),Q,-,Q,-,,3.00,Estabelecimentos Industriais,VALIDAÇÃO
1065-1/03,Fabricação de óleo de milho refinado,ALTO,Regra 46,07.12.13,"Escritório (inclusive virtual), sede de empresa, grupo de salas, centro empresarial",nR1-12 (até 1250) ;  nR2-12 (acima de 1250),nR1-12,"1250,00",nR2-12,"1250,01",-,-,1.01,"Administração, Organização e Planejamento",VALIDAÇÃO
1066-0/00,Fabricação de alimentos para animais,ALTO,Regras 56 e 57,09.02.44,Fabricação de rações balanceadas para animais,ID3-02 (subgrupo 2),ID3-02 (subgrupo 2),Q,-,Q,-,,3.00,Estabelecimentos Industriais,VALIDAÇÃO
1066-0/00,Fabricação de alimentos para animais,ALTO,Regras 56 e 57,09.02.01,Fabricação de produtos alimentícios e bebidas de modo artesanal,ID1-02,ID1-02,Q,-,Q,-,Q,3.00,Estabelecimentos Industriais,VALIDAÇÃO
1066-0/00,Fabricação de alimentos para animais,BAIXO RISCO,Regras 56 e 57,07.09.02,Confecção artesanal de bebidas e comidas,nR1-09 (Qualquer área),nR1-09,Q,-,Q,,,1.18,Estabelecimentos não classificados nos  Itens 1.01 a 1.17,VALIDAÇÃO
1066-0/00,Fabricação de alimentos para animais,BAIXO RISCO,Regras 56 e 57,07.12.13,"Escritório (inclusive virtual), sede de empresa, grupo de salas, centro empresarial",nR1-12 (até 1250) ;  nR2-12 (acima de 1250),nR1-12,"1250,00",nR2-12,"1250,01",-,-,1.01,"Administração, Organização e Planejamento",VALIDAÇÃO
1069-4/00,Moagem e fabricação de produtos de origem vegetal não especificados anteriormente,ALTO,Regra 47,09.02.26,"Beneficiamento, moagem, torrefação e fabricação de produtos alimentares de origem vegetal, não especificados ou não classificados",ID3-02 (subgrupo 1),ID3-02 (subgrupo 1),Q,-,Q,-,,3.00,Estabelecimentos Industriais,VALIDAÇÃO
1069-4/00,Moagem e fabricação de produtos de origem vegetal não especificados anteriormente,ALTO,Regra 47,09.02.01,Fabricação de produtos alimentícios e bebidas de modo artesanal,ID1-02,ID1-02,Q,-,Q,-,,3.00,Estabelecimentos Industriais,VALIDAÇÃO
1069-4/00,Moagem e fabricação de produtos de origem vegetal não especificados anteriormente,ALTO,Regra 47,07.12.13,"Escritório (inclusive virtual), sede de empresa, grupo de salas, centro empresarial",nR1-12 (até 1250) ;  nR2-12 (acima de 1250),nR1-12,"1250,00",nR2-12,"1250,01",-,-,1.01,"Administração, Organização e Planejamento",VALIDAÇÃO
1071-6/00,Fabricação de açúcar em bruto,ALTO,Regra 49,09.02.43,Usina de açúcar,ID3-02 (subgrupo 2),ID3-02 (subgrupo 2),Q,-,Q,-,,3.00,Estabelecimentos Industriais,VALIDAÇÃO
1071-6/00,Fabricação de açúcar em bruto,ALTO,Regra 49,07.12.13,"Escritório (inclusive virtual), sede de empresa, grupo de salas, centro empresarial",nR1-12 (até 1250) ;  nR2-12 (acima de 1250),nR1-12,"1250,00",nR2-12,"1250,01",-,-,1.01,"Administração, Organização e Planejamento",VALIDAÇÃO
1072-4/01,Fabricação de açúcar de cana refinado,ALTO,Regra 47,09.02.22,"Refino e moagem de açúcar, inclusive de cana",ID3-02 (subgrupo 1),ID3-02 (subgrupo 1),Q,-,Q,-,,3.00,Estabelecimentos Industriais,VALIDAÇÃO
1072-4/01,Fabricação de açúcar de cana refinado,ALTO,Regra 47,09.02.43,Usina de açúcar,ID3-02 (subgrupo 2),ID3-02 (subgrupo 2),Q,-,Q,-,,3.00,Estabelecimentos Industriais,VALIDAÇÃO
1072-4/01,Fabricação de açúcar de cana refinado,ALTO,Regra 47,07.12.13,"Escritório (inclusive virtual), sede de empresa, grupo de salas, centro empresarial",nR1-12 (até 1250) ;  nR2-12 (acima de 1250),nR1-12,"1250,00",nR2-12,"1250,01",-,-,1.01,"Administração, Organização e Planejamento",VALIDAÇÃO
1072-4/02,Fabricação de açúcar de cereais (dextrose) e de beterraba,ALTO,Regra 47,09.02.22,"Refino e moagem de açúcar, inclusive de cana",ID3-02 (subgrupo 1),ID3-02 (subgrupo 1),Q,-,Q,-,,3.00,Estabelecimentos Industriais,VALIDAÇÃO
1072-4/02,Fabricação de açúcar de cereais (dextrose) e de beterraba,ALTO,Regra 47,09.02.43,Usina de açúcar,ID3-02 (subgrupo 2),ID3-02 (subgrupo 2),Q,-,Q,-,,3.00,Estabelecimentos Industriais,VALIDAÇÃO
1072-4/02,Fabricação de açúcar de cereais (dextrose) e de beterraba,ALTO,Regra 47,09.02.49,"Fabricação de açúcar de cereais (dextrose), de beterraba, de cana de açúcar e de Stévia",ID3-02 (subgrupo 2),ID3-02 (subgrupo 2),Q,-,Q,-,,3.00,Estabelecimentos Industriais,VALIDAÇÃO
1072-4/02,Fabricação de açúcar de cereais (dextrose) e de beterraba,ALTO,Regra 47,07.12.13,"Escritório (inclusive virtual), sede de empresa, grupo de salas, centro empresarial",nR1-12 (até 1250) ;  nR2-12 (acima de 1250),nR1-12,"1250,00",nR2-12,"1250,01",-,-,1.01,"Administração, Organização e Planejamento",VALIDAÇÃO
1081-3/01,Beneficiamento de café,ALTO,Regra 49,09.02.42,"Beneficiamento de café, cereais e produtos afins",ID3-02 (subgrupo 2),ID3-02 (subgrupo 2),Q,-,Q,-,,3.00,Estabelecimentos Industriais,VALIDAÇÃO
1081-3/01,Beneficiamento de café,ALTO,Regra 49,07.12.13,"Escritório (inclusive virtual), sede de empresa, grupo de salas, centro empresarial",nR1-12 (até 1250) ;  nR2-12 (acima de 1250),nR1-12,"1250,00",nR2-12,"1250,01",-,-,1.01,"Administração, Organização e Planejamento",VALIDAÇÃO
1081-3/02,Torrefação e moagem de café,ALTO,Regra 49,09.02.46,Torrefação e moagem de café,ID3-02 (subgrupo 2),ID3-02 (subgrupo 2),Q,-,Q,-,,3.00,Estabelecimentos Industriais,VALIDAÇÃO
1081-3/02,Torrefação e moagem de café,ALTO,Regra 49,07.12.13,"Escritório (inclusive virtual), sede de empresa, grupo de salas, centro empresarial",nR1-12 (até 1250) ;  nR2-12 (acima de 1250),nR1-12,"1250,00",nR2-12,"1250,01",-,-,1.01,"Administração, Organização e Planejamento",VALIDAÇÃO
1082-1/00,Fabricação de produtos à base de café,ALTO,Regra 49,09.02.23,Fabricação de café solúvel,ID3-02 (subgrupo 1),ID3-02 (subgrupo 1),Q,-,Q,-,,3.00,Estabelecimentos Industriais,VALIDAÇÃO
1082-1/00,Fabricação de produtos à base de café,ALTO,Regra 49,07.12.13,"Escritório (inclusive virtual), sede de empresa, grupo de salas, centro empresarial",nR1-12 (até 1250) ;  nR2-12 (acima de 1250),nR1-12,"1250,00",nR2-12,"1250,01",-,-,1.01,"Administração, Organização e Planejamento",VALIDAÇÃO
1091-1/01,Fabricação de produtos de panificação industrial,ALTO,Regra 46,09.02.02,"Fabricação de produtos de padaria, confeitaria e pastelaria, rotisserie, dentre outros, com ACC de até 1.000m2, cujo potencial poluidor, em especial odores, seja passível de controle tecnológico",ID1-02,ID1-02,Q,-,Q,-,,3.00,Estabelecimentos Industriais,VALIDAÇÃO
1091-1/01,Fabricação de produtos de panificação industrial,ALTO,Regra 46,07.12.13,"Escritório (inclusive virtual), sede de empresa, grupo de salas, centro empresarial",nR1-12 (até 1250) ;  nR2-12 (acima de 1250),nR1-12,"1250,00",nR2-12,"1250,01",-,-,1.01,"Administração, Organização e Planejamento",VALIDAÇÃO
1091-1/02,Fabricação de produtos de padaria e confeitaria com predominância de produção própria,ALTO,Regras 6 e 7,09.02.02,"Fabricação de produtos de padaria, confeitaria e pastelaria, rotisserie, dentre outros, com ACC de até 1.000m2, cujo potencial poluidor, em especial odores, seja passível de controle tecnológico",ID1-02,ID1-02,Q,-,Q,-,,3.00,Estabelecimentos Industriais,VALIDAÇÃO
1091-1/02,Fabricação de produtos de padaria e confeitaria com predominância de produção própria,BAIXO RISCO,Regras 6 e 7,07.09.02,Confecção artesanal de bebidas e comidas,nR1-09 (Qualquer área),nR1-09,Q,-,Q,-,,1.18,Estabelecimentos não classificados nos  Itens 1.01 a 1.17,VALIDAÇÃO
1091-1/02,Fabricação de produtos de padaria e confeitaria com predominância de produção própria,BAIXO RISCO,Regras  6 e 7,07.12.13,"Escritório (inclusive virtual), sede de empresa, grupo de salas, centro empresarial",nR1-12 (até 1250) ;  nR2-12 (acima de 1250),nR1-12,"1250,00",nR2-12,"1250,01",-,-,1.01,"Administração, Organização e Planejamento",VALIDAÇÃO
1092-9/00,Fabricação de biscoitos e bolachas,ALTO,Regras 6 e 7,09.02.03,Fabricação de biscoitos e bolachas,ID1-02,ID1-02,Q,-,Q,-,,3.00,Estabelecimentos Industriais,VALIDAÇÃO
1092-9/00,Fabricação de biscoitos e bolachas,BAIXO RISCO,Regras 6 e 7,07.09.02,Confecção artesanal de bebidas e comidas,nR1-09 (Qualquer área),nR1-09,Q,-,Q,-,,1.18,Estabelecimentos não classificados nos  Itens 1.01 a 1.17,VALIDAÇÃO
1092-9/00,Fabricação de biscoitos e bolachas,BAIXO RISCO,Regras  6 e 7,07.12.13,"Escritório (inclusive virtual), sede de empresa, grupo de salas, centro empresarial",nR1-12 (até 1250) ;  nR2-12 (acima de 1250),nR1-12,"1250,00",nR2-12,"1250,01",-,-,1.01,"Administração, Organização e Planejamento",VALIDAÇÃO
1093-7/01,Fabricação de produtos derivados do cacau e de chocolates,ALTO,Regras 6 e 7,09.02.04,"Produção de derivados do cacau e elaboração de chocolates, gomas de mascar, balas e semelhantes, e de frutas cristalizadas",ID1-02,ID1-02,Q,-,Q,-,,3.00,Estabelecimentos Industriais,VALIDAÇÃO
1093-7/01,Fabricação de produtos derivados do cacau e de chocolates,BAIXO RISCO,Regras 6 e 7,07.09.02,Confecção artesanal de bebidas e comidas,nR1-09 (Qualquer área),nR1-09,Q,-,Q,-,,1.18,Estabelecimentos não classificados nos  Itens 1.01 a 1.17,VALIDAÇÃO
1093-7/01,Fabricação de produtos derivados do cacau e de chocolates,BAIXO RISCO,Regras  6 e 7,07.12.13,"Escritório (inclusive virtual), sede de empresa, grupo de salas, centro empresarial",nR1-12 (até 1250) ;  nR2-12 (acima de 1250),nR1-12,"1250,00",nR2-12,"1250,01",-,-,1.01,"Administração, Organização e Planejamento",VALIDAÇÃO
1093-7/02,"Fabricação de frutas cristalizadas, balas e semelhantes",ALTO,Regras 6 e 7,09.02.04,"Produção de derivados do cacau e elaboração de chocolates, gomas de mascar, balas e semelhantes, e de frutas cristalizadas",ID1-02,ID1-02,Q,-,Q,-,,3.00,Estabelecimentos Industriais,VALIDAÇÃO
1093-7/02,"Fabricação de frutas cristalizadas, balas e semelhantes",BAIXO RISCO,Regras 6 e 7,07.09.02,Confecção artesanal de bebidas e comidas,nR1-09 (Qualquer área),nR1-09,Q,-,Q,,,1.18,Estabelecimentos não classificados nos  Itens 1.01 a 1.17,VALIDAÇÃO
1093-7/02,"Fabricação de frutas cristalizadas, balas e semelhantes",BAIXO RISCO,Regras  6 e 7,07.12.13,"Escritório (inclusive virtual), sede de empresa, grupo de salas, centro empresarial",nR1-12 (até 1250) ;  nR2-12 (acima de 1250),nR1-12,"1250,00",nR2-12,"1250,01",-,-,1.01,"Administração, Organização e Planejamento",VALIDAÇÃO
1094-5/00,Fabricação de massas alimentícias,ALTO,Regras 56 e 57,09.02.09,Fabricação de massas alimentícias com ACC de até 1.000m2,ID1-02,ID1-02,Q,-,Q,-,,3.00,Estabelecimentos Industriais,VALIDAÇÃO
1094-5/00,Fabricação de massas alimentícias,ALTO,Regras 56 e 57,09.02.11,Fabricação de massas alimentícias com ACC  acima de 1.000m2,ID3-02 (subgrupo 1),ID3-02 (subgrupo 1),Q,-,Q,-,,3.00,Estabelecimentos Industriais,VALIDAÇÃO
1094-5/00,Fabricação de massas alimentícias,BAIXO RISCO,Regras 56 e 57,07.09.02,Confecção artesanal de bebidas e comidas,nR1-09 (Qualquer área),nR1-09,Q,,Q,,,1.18,Estabelecimentos não classificados nos  Itens 1.01 a 1.17,VALIDAÇÃO
1094-5/00,Fabricação de massas alimentícias,BAIXO RISCO,Regras 56 e 57,07.12.13,"Escritório (inclusive virtual), sede de empresa, grupo de salas, centro empresarial",nR1-12 (até 1250) ;  nR2-12 (acima de 1250),nR1-12,"1250,00",nR2-12,"1250,01",-,-,1.01,"Administração, Organização e Planejamento",VALIDAÇÃO
1095-3/00,"Fabricação de especiarias, molhos, temperos e condimentos",ALTO,Regras 6 e 7,09.02.24,"Fabricação de especiarias, molhos, temperos e condimentos",ID3-02 (subgrupo 1),ID3-02 (subgrupo 1),Q,-,Q,-,,3.00,Estabelecimentos Industriais,VALIDAÇÃO
1095-3/00,"Fabricação de especiarias, molhos, temperos e condimentos",BAIXO RISCO,Regras 6 e 7,07.09.02,Confecção artesanal de bebidas e comidas,nR1-09 (Qualquer área),nR1-09,Q,-,Q,-,,1.18,Estabelecimentos não classificados nos  Itens 1.01 a 1.17,VALIDAÇÃO
1095-3/00,"Fabricação de especiarias, molhos, temperos e condimentos",BAIXO RISCO,Regras  6 e 7,07.12.13,"Escritório (inclusive virtual), sede de empresa, grupo de salas, centro empresarial",nR1-12 (até 1250) ;  nR2-12 (acima de 1250),nR1-12,"1250,00",nR2-12,"1250,01",-,-,1.01,"Administração, Organização e Planejamento",VALIDAÇÃO
1096-1/00,Fabricação de alimentos e pratos prontos,ALTO,Regras 56 e 57,09.02.01,Fabricação de produtos alimentícios e bebidas de modo artesanal,ID1-02,ID1-02,Q,-,Q,-,,3.00,Estabelecimentos Industriais,VALIDAÇÃO
1096-1/00,Fabricação de alimentos e pratos prontos,ALTO,Regras 56 e 57,09.02.25,Refeições conservadas,ID3-02 (subgrupo 1),ID3-02 (subgrupo 1),Q,-,Q,-,,3.00,Estabelecimentos Industriais,VALIDAÇÃO
1096-1/00,Fabricação de alimentos e pratos prontos,BAIXO RISCO,Regras 56 e 57,07.09.02,Confecção artesanal de bebidas e comidas,nR1-09 (Qualquer área),nR1-09,Q,-,Q,-,,1.18,Estabelecimentos não classificados nos  Itens 1.01 a 1.17,VALIDAÇÃO
1096-1/00,Fabricação de alimentos e pratos prontos,BAIXO RISCO,Regras 56 e 57,07.12.13,"Escritório (inclusive virtual), sede de empresa, grupo de salas, centro empresarial",nR1-12 (até 1250) ;  nR2-12 (acima de 1250),nR1-12,"1250,00",nR2-12,"1250,01",-,-,1.01,"Administração, Organização e Planejamento",VALIDAÇÃO
1099-6/01,Fabricação de vinagres,ALTO,Regra 5,09.02.05,Fabricação de vinagre,ID1-02,ID1-02,Q,-,Q,-,,3.00,Estabelecimentos Industriais,VALIDAÇÃO
1099-6/01,Fabricação de vinagres,BAIXO RISCO,Regra 5,07.12.13,"Escritório (inclusive virtual), sede de empresa, grupo de salas, centro empresarial",nR1-12 (até 1250) ;  nR2-12 (acima de 1250),nR1-12,"1250,00",nR2-12,"1250,01",-,-,1.01,"Administração, Organização e Planejamento",VALIDAÇÃO
1099-6/02,Fabricação de pós alimentícios,ALTO,Regra 46,09.02.33,"Fabricação de refrigerantes, xaropes e pós para refrescos",ID3-02 (subgrupo 1),ID3-02 (subgrupo 1),Q,-,Q,-,,3.00,Estabelecimentos Industriais,VALIDAÇÃO
1099-6/02,Fabricação de pós alimentícios,ALTO,Regra 46,07.12.13,"Escritório (inclusive virtual), sede de empresa, grupo de salas, centro empresarial",nR1-12 (até 1250) ;  nR2-12 (acima de 1250),nR1-12,"1250,00",nR2-12,"1250,01",-,-,1.01,"Administração, Organização e Planejamento",VALIDAÇÃO
1099-6/03,Fabricação de fermentos e leveduras,ALTO,Regra 49,09.02.06,Fabricação de fermentos e leveduras,ID1-02,ID1-02,Q,-,Q,-,,3.00,Estabelecimentos Industriais,VALIDAÇÃO
1099-6/03,Fabricação de fermentos e leveduras,ALTO,Regra 49,07.12.13,"Escritório (inclusive virtual), sede de empresa, grupo de salas, centro empresarial",nR1-12 (até 1250) ;  nR2-12 (acima de 1250),nR1-12,"1250,00",nR2-12,"1250,01",-,-,1.01,"Administração, Organização e Planejamento",VALIDAÇÃO
1099-6/04,Fabricação de gelo comum,ALTO,Regras 58 e 59,09.02.07,Fabricação de gelo comum ou usando freon como refrigerante,ID1-02,ID1-02,Q,-,Q,-,,3.00,Estabelecimentos Industriais,VALIDAÇÃO
1099-6/04,Fabricação de gelo comum,MÉDIO RISCO,Regras 58 e 59,07.09.02,Confecção artesanal de bebidas e comidas,nR1-09 (Qualquer área),nR1-09,Q,-,Q,-,,1.18,Estabelecimentos não classificados nos  Itens 1.01 a 1.17,VALIDAÇÃO
1099-6/04,Fabricação de gelo comum,BAIXO RISCO,Regras 58 e 59,07.12.13,"Escritório (inclusive virtual), sede de empresa, grupo de salas, centro empresarial",nR1-12 (até 1250) ;  nR2-12 (acima de 1250),nR1-12,"1250,00",nR2-12,"1250,01",-,-,1.01,"Administração, Organização e Planejamento",VALIDAÇÃO
1099-6/05,"Fabricação de produtos para infusão (chá, mate, etc.)",MÉDIO RISCO,Regras 24 e 25,09.02.27,Fabricação de mate solúvel,ID3-02 (subgrupo 1),ID3-02 (subgrupo 1),Q,-,Q,-,,3.00,Estabelecimentos Industriais,VALIDAÇÃO
1099-6/05,"Fabricação de produtos para infusão (chá, mate, etc.)",MÉDIO RISCO,Regras 24 e 25,07.09.02,Confecção artesanal de bebidas e comidas,nR1-09 (Qualquer área),nR1-09,Q,-,Q,-,,1.18,Estabelecimentos não classificados nos  Itens 1.01 a 1.17,VALIDAÇÃO
1099-6/05,"Fabricação de produtos para infusão (chá, mate, etc.)",MÉDIO RISCO,Regras 24 e 25,07.12.13,"Escritório (inclusive virtual), sede de empresa, grupo de salas, centro empresarial",nR1-12 (até 1250) ;  nR2-12 (acima de 1250),nR1-12,"1250,00",nR2-12,"1250,01",-,-,1.01,"Administração, Organização e Planejamento",VALIDAÇÃO
1099-6/06,Fabricação de adoçantes naturais e artificiais,ALTO,Regra 46,09.02.49,"Fabricação de açúcar de cereais (dextrose), de beterraba, de cana de açúcar e de Stévia",ID3-02 (subgrupo 2),ID3-02 (subgrupo 2),Q,-,Q,-,,3.00,Estabelecimentos Industriais,VALIDAÇÃO
1099-6/06,Fabricação de adoçantes naturais e artificiais,ALTO,Regra 46,07.12.13,"Escritório (inclusive virtual), sede de empresa, grupo de salas, centro empresarial",nR1-12 (até 1250) ;  nR2-12 (acima de 1250),nR1-12,"1250,00",nR2-12,"1250,01",-,-,1.01,"Administração, Organização e Planejamento",VALIDAÇÃO
1099-6/07,Fabricação de alimentos dietéticos e complementos alimentares,ALTO,Regra 47,09.02.10,Fabricação de produtos alimentícios em geral com ACC de até 1.000m2,ID1-02,ID1-02,Q,-,Q,-,,3.00,Estabelecimentos Industriais,VALIDAÇÃO
1099-6/07,Fabricação de alimentos dietéticos e complementos alimentares,ALTO,Regra 47,07.09.02,Confecção artesanal de bebidas e comidas,nR1-09 (Qualquer área),nR1-09,Q,-,Q,-,,1.18,Estabelecimentos não classificados nos  Itens 1.01 a 1.17,VALIDAÇÃO
1099-6/07,Fabricação de alimentos dietéticos e complementos alimentares,ALTO,Regra 47,07.12.13,"Escritório (inclusive virtual), sede de empresa, grupo de salas, centro empresarial",nR1-12 (até 1250) ;  nR2-12 (acima de 1250),nR1-12,"1250,00",nR2-12,"1250,01",-,-,1.01,"Administração, Organização e Planejamento",VALIDAÇÃO
1099-6/99,Fabricação de outros produtos alimentícios não especificados anteriormente,ALTO,Regra 47,09.02.10,Fabricação de produtos alimentícios em geral com ACC de até 1.000m2,ID1-02,ID1-02,Q,-,Q,-,,3.00,Estabelecimentos Industriais,VALIDAÇÃO
1099-6/99,Fabricação de outros produtos alimentícios não especificados anteriormente,ALTO,Regra 47,09.02.12,Fabricação de produtos alimentícios em geral com ACC acima de 1.000m2,ID3-02 (subgrupo 1),ID3-02 (subgrupo 1),Q,-,Q,-,,3.00,Estabelecimentos Industriais,VALIDAÇÃO
1099-6/99,Fabricação de outros produtos alimentícios não especificados anteriormente,ALTO,Regra 47,09.02.28,"Fabricação de doces, exclusive aqueles de confeitaria",ID3-02 (subgrupo 1),ID3-02 (subgrupo 1),Q,-,Q,-,,3.00,Estabelecimentos Industriais,VALIDAÇÃO
1099-6/99,Fabricação de outros produtos alimentícios não especificados anteriormente,ALTO,Regra 47,09.02.29,Preparação de sal de cozinha,ID3-02 (subgrupo 1),ID3-02 (subgrupo 1),Q,-,Q,-,,3.00,Estabelecimentos Industriais,VALIDAÇÃO
1099-6/99,Fabricação de outros produtos alimentícios não especificados anteriormente,ALTO,Regra 47,07.09.02,Confecção artesanal de bebidas e comidas,nR1-09 (Qualquer área),nR1-09,Q,-,Q,-,,1.18,Estabelecimentos não classificados nos  Itens 1.01 a 1.17,VALIDAÇÃO
1099-6/99,Fabricação de outros produtos alimentícios não especificados anteriormente,ALTO,Regra 47,07.12.13,"Escritório (inclusive virtual), sede de empresa, grupo de salas, centro empresarial",nR1-12 (até 1250) ;  nR2-12 (acima de 1250),nR1-12,"1250,00",nR2-12,"1250,01",-,-,1.01,"Administração, Organização e Planejamento",VALIDAÇÃO
1111-9/01,Fabricação de aguardente de cana-de-açúcar,ALTO,Regras  6 e 7,09.02.30,"Fabricação, retificação, homogeneização e mistura de aguardente e outras bebidas destiladas",ID3-02 (subgrupo 1),ID3-02 (subgrupo 1),Q,-,Q,-,,3.00,Estabelecimentos Industriais,VALIDAÇÃO
1111-9/01,Fabricação de aguardente de cana-de-açúcar,BAIXO RISCO,Regras  6 e 7,07.09.02,Confecção artesanal de bebidas e comidas,nR1-09 (Qualquer área),nR1-09,Q,-,Q,-,,6.00,Estabelecimentos não classificados nos Códigos 3.00 a 5.00,VALIDAÇÃO
1111-9/01,Fabricação de aguardente de cana-de-açúcar,BAIXO RISCO,Regras  6 e 7,07.12.13,"Escritório (inclusive virtual), sede de empresa, grupo de salas, centro empresarial",nR1-12 (até 1250) ;  nR2-12 (acima de 1250),nR1-12,"1250,00",nR2-12,"1250,01",-,-,1.01,"Administração, Organização e Planejamento",VALIDAÇÃO
1111-9/02,Fabricação de outras aguardentes e bebidas destiladas,ALTO,Regras  6 e 7,09.02.30,"Fabricação, retificação, homogeneização e mistura de aguardente e outras bebidas destiladas",ID3-02 (subgrupo 1),ID3-02 (subgrupo 1),Q,-,Q,-,,3.00,Estabelecimentos Industriais,VALIDAÇÃO
1111-9/02,Fabricação de outras aguardentes e bebidas destiladas,BAIXO RISCO,Regras  6 e 7,07.09.02,Confecção artesanal de bebidas e comidas,nR1-09 (Qualquer área),nR1-09,Q,-,Q,-,,6.00,Estabelecimentos não classificados nos Códigos 3.00 a 5.00,VALIDAÇÃO
1111-9/02,Fabricação de outras aguardentes e bebidas destiladas,BAIXO RISCO,Regras  6 e 7,07.12.13,"Escritório (inclusive virtual), sede de empresa, grupo de salas, centro empresarial",nR1-12 (até 1250) ;  nR2-12 (acima de 1250),nR1-12,"1250,00",nR2-12,"1250,01",-,-,1.01,"Administração, Organização e Planejamento",VALIDAÇÃO
1112-7/00,Fabricação de vinho,ALTO,Regras  6 e 7,09.02.31,Fabricação de vinho,ID3-02 (subgrupo 1),ID3-02 (subgrupo 1),Q,-,Q,-,,3.00,Estabelecimentos Industriais,VALIDAÇÃO
1112-7/00,Fabricação de vinho,BAIXO RISCO,Regras  6 e 7,07.09.02,Confecção artesanal de bebidas e comidas,nR1-09 (Qualquer área),nR1-09,Q,-,Q,-,,6.00,Estabelecimentos não classificados nos Códigos 3.00 a 5.00,VALIDAÇÃO
1112-7/00,Fabricação de vinho,BAIXO RISCO,Regras  6 e 7,07.12.13,"Escritório (inclusive virtual), sede de empresa, grupo de salas, centro empresarial",nR1-12 (até 1250) ;  nR2-12 (acima de 1250),nR1-12,"1250,00",nR2-12,"1250,01",-,-,1.01,"Administração, Organização e Planejamento",VALIDAÇÃO
1113-5/01,"Fabricação de malte, inclusive malte uísque",ALTO,Regras  6 e 7,09.02.32,"Fabricação de malte, uisque, xaropes, cerveja e chopes",ID3-02 (subgrupo 1),ID3-02 (subgrupo 1),Q,-,Q,-,,3.00,Estabelecimentos Industriais,VALIDAÇÃO
1113-5/01,"Fabricação de malte, inclusive malte uísque",BAIXO RISCO,Regras  6 e 7,07.09.02,Confecção artesanal de bebidas e comidas,nR1-09 (Qualquer área),nR1-09,Q,-,Q,-,,1.18,Estabelecimentos não classificados nos  Itens 1.01 a 1.17,VALIDAÇÃO
1113-5/01,"Fabricação de malte, inclusive malte uísque",BAIXO RISCO,Regras  6 e 7,07.12.13,"Escritório (inclusive virtual), sede de empresa, grupo de salas, centro empresarial",nR1-12 (até 1250) ;  nR2-12 (acima de 1250),nR1-12,"1250,00",nR2-12,"1250,01",-,-,1.01,"Administração, Organização e Planejamento",VALIDAÇÃO
1113-5/02,Fabricação de cervejas e chopes,ALTO,Regras  6 e 7,09.02.32,"Fabricação de malte, uisque, xaropes, cerveja e chopes",ID3-02 (subgrupo 1),ID3-02 (subgrupo 1),Q,-,Q,-,,3.00,Estabelecimentos Industriais,VALIDAÇÃO
1113-5/02,Fabricação de cervejas e chopes,BAIXO RISCO,Regras  6 e 7,07.09.02,Confecção artesanal de bebidas e comidas,nR1-09 (Qualquer área),nR1-09,Q,-,Q,-,,1.18,Estabelecimentos não classificados nos  Itens 1.01 a 1.17,VALIDAÇÃO
1113-5/02,Fabricação de cervejas e chopes,BAIXO RISCO,Regras  6 e 7,07.12.13,"Escritório (inclusive virtual), sede de empresa, grupo de salas, centro empresarial",nR1-12 (até 1250) ;  nR2-12 (acima de 1250),nR1-12,"1250,00",nR2-12,"1250,01",-,-,1.01,"Administração, Organização e Planejamento",VALIDAÇÃO
1121-6/00,Fabricação de águas envasadas,ALTO,Regra 47,09.02.08,Engarrafamento e gaseificados de águas minerais,ID1-02,ID1-02,Q,-,Q,-,,3.00,Estabelecimentos Industriais,VALIDAÇÃO
1121-6/00,Fabricação de águas envasadas,ALTO,Regra 47,07.09.02,Confecção artesanal de bebidas e comidas,nR1-09 (Qualquer área),nR1-09,Q,-,Q,-,,1.18,Estabelecimentos não classificados nos  Itens 1.01 a 1.17,VALIDAÇÃO
1121-6/00,Fabricação de águas envasadas,ALTO,Regra 47,07.12.13,"Escritório (inclusive virtual), sede de empresa, grupo de salas, centro empresarial",nR1-12 (até 1250) ;  nR2-12 (acima de 1250),nR1-12,"1250,00",nR2-12,"1250,01",-,-,1.01,"Administração, Organização e Planejamento",VALIDAÇÃO
1122-4/01,Fabricação de refrigerantes,ALTO,Regra 5,09.02.33,"Fabricação de refrigerantes, xaropes e pós para refrescos",ID3-02 (subgrupo 1),ID3-02 (subgrupo 1),Q,-,Q,-,,3.00,Estabelecimentos Industriais,VALIDAÇÃO
1122-4/01,Fabricação de refrigerantes,BAIXO RISCO,Regra 5,07.12.13,"Escritório (inclusive virtual), sede de empresa, grupo de salas, centro empresarial",nR1-12 (até 1250) ;  nR2-12 (acima de 1250),nR1-12,"1250,00",nR2-12,"1250,01",-,-,1.01,"Administração, Organização e Planejamento",VALIDAÇÃO
1122-4/02,Fabricação de chá mate e outros chás prontos para consumo,ALTO,Regras 6 e 7,09.02.34,Fabricação de bebidas não alcoólica,ID3-02 (subgrupo 1),ID3-02 (subgrupo 1),Q,-,Q,-,,3.00,Estabelecimentos Industriais,VALIDAÇÃO
1122-4/02,Fabricação de chá mate e outros chás prontos para consumo,BAIXO RISCO,Regras 6 e 7,07.09.02,Confecção artesanal de bebidas e comidas,nR1-09 (Qualquer área),nR1-09,Q,-,Q,-,,1.18,Estabelecimentos não classificados nos  Itens 1.01 a 1.17,VALIDAÇÃO
1122-4/02,Fabricação de chá mate e outros chás prontos para consumo,BAIXO RISCO,Regras 6 e 7,07.12.13,"Escritório (inclusive virtual), sede de empresa, grupo de salas, centro empresarial",nR1-12 (até 1250) ;  nR2-12 (acima de 1250),nR1-12,"1250,00",nR2-12,"1250,01",-,-,1.01,"Administração, Organização e Planejamento",VALIDAÇÃO
1122-4/03,"Fabricação de refrescos, xaropes e pós para refrescos, exceto refrescos de frutas",ALTO,Regra 49,09.02.34,Fabricação de bebidas não alcoólica,ID3-02 (subgrupo 1),ID3-02 (subgrupo 1),Q,-,Q,-,,3.00,Estabelecimentos Industriais,VALIDAÇÃO
1122-4/03,"Fabricação de refrescos, xaropes e pós para refrescos, exceto refrescos de frutas",ALTO,Regra 49,07.12.13,"Escritório (inclusive virtual), sede de empresa, grupo de salas, centro empresarial",nR1-12 (até 1250) ;  nR2-12 (acima de 1250),nR1-12,"1250,00",nR2-12,"1250,01",-,-,1.01,"Administração, Organização e Planejamento",VALIDAÇÃO
1122-4/04,Fabricação de bebidas isotônicas,ALTO,Regra 49,09.02.34,Fabricação de bebidas não alcoólica,ID3-02 (subgrupo 1),ID3-02 (subgrupo 1),Q,-,Q,-,,3.00,Estabelecimentos Industriais,VALIDAÇÃO
1122-4/04,Fabricação de bebidas isotônicas,ALTO,Regra 49,07.12.13,"Escritório (inclusive virtual), sede de empresa, grupo de salas, centro empresarial",nR1-12 (até 1250) ;  nR2-12 (acima de 1250),nR1-12,"1250,00",nR2-12,"1250,01",-,-,1.01,"Administração, Organização e Planejamento",VALIDAÇÃO
1122-4/99,Fabricação de outras bebidas não-alcoólicas não especificadas anteriormente,ALTO,Regra 47,09.02.01,Fabricação de produtos alimentícios e bebidas de modo artesanal,ID1-02,ID1-02,Q,-,Q,-,,3.00,Estabelecimentos Industriais,VALIDAÇÃO
1122-4/99,Fabricação de outras bebidas não-alcoólicas não especificadas anteriormente,ALTO,Regra 47,09.02.34,Fabricação de bebidas não alcoólica,ID3-02 (subgrupo 1),ID3-02 (subgrupo 1),Q,-,Q,-,,3.00,Estabelecimentos Industriais,VALIDAÇÃO
1122-4/99,Fabricação de outras bebidas não-alcoólicas não especificadas anteriormente,ALTO,Regra 47,07.09.02,Confecção artesanal de bebidas e comidas,nR1-09 (Qualquer área),nR1-09,Q,-,Q,-,,6.00,Estabelecimentos não classificados nos Códigos 3.00 a 5.00,VALIDAÇÃO
1122-4/99,Fabricação de outras bebidas não-alcoólicas não especificadas anteriormente,ALTO,Regra 47,07.12.13,"Escritório (inclusive virtual), sede de empresa, grupo de salas, centro empresarial",nR1-12 (até 1250) ;  nR2-12 (acima de 1250),nR1-12,"1250,00",nR2-12,"1250,01",-,-,1.01,"Administração, Organização e Planejamento",VALIDAÇÃO
1210-7/00,Processamento industrial do fumo,ALTO,Regra 5,09.08.01,"Preparação do fumo, fabricação de cigarros, charutos e cigarrilhas e outras atividades de elaboração do tabaco não especificados ou não classificadas",ID3-08,ID3-08,Q,-,Q,-,,3.00,Estabelecimentos Industriais,VALIDAÇÃO
1210-7/00,Processamento industrial do fumo,BAIXO RISCO,Regra 5,07.12.13,"Escritório (inclusive virtual), sede de empresa, grupo de salas, centro empresarial",nR1-12 (até 1250) ;  nR2-12 (acima de 1250),nR1-12,"1250,00",nR2-12,"1250,01",-,-,1.01,"Administração, Organização e Planejamento",VALIDAÇÃO
1220-4/01,Fabricação de cigarros,ALTO,Regra 5,09.08.01,"Preparação do fumo, fabricação de cigarros, charutos e cigarrilhas e outras atividades de elaboração do tabaco não especificados ou não classificadas",ID3-08,ID3-08,Q,-,Q,-,,3.00,Estabelecimentos Industriais,VALIDAÇÃO
1220-4/01,Fabricação de cigarros,BAIXO RISCO,Regra 5,07.12.13,"Escritório (inclusive virtual), sede de empresa, grupo de salas, centro empresarial",nR1-12 (até 1250) ;  nR2-12 (acima de 1250),nR1-12,"1250,00",nR2-12,"1250,01",-,-,1.01,"Administração, Organização e Planejamento",VALIDAÇÃO
1220-4/02,Fabricação de cigarrilhas e charutos,ALTO,Regra 5,09.08.01,"Preparação do fumo, fabricação de cigarros, charutos e cigarrilhas e outras atividades de elaboração do tabaco não especificados ou não classificadas",ID3-08,ID3-08,Q,-,Q,-,,3.00,Estabelecimentos Industriais,VALIDAÇÃO
1220-4/02,Fabricação de cigarrilhas e charutos,BAIXO RISCO,Regra 5,07.12.13,"Escritório (inclusive virtual), sede de empresa, grupo de salas, centro empresarial",nR1-12 (até 1250) ;  nR2-12 (acima de 1250),nR1-12,"1250,00",nR2-12,"1250,01",-,-,1.01,"Administração, Organização e Planejamento",VALIDAÇÃO
1220-4/03,Fabricação de filtros para cigarros,ALTO,Regra 5,09.08.01,"Preparação do fumo, fabricação de cigarros, charutos e cigarrilhas e outras atividades de elaboração do tabaco não especificados ou não classificadas",ID3-08,ID3-08,Q,-,Q,-,,3.00,Estabelecimentos Industriais,VALIDAÇÃO
1220-4/03,Fabricação de filtros para cigarros,BAIXO RISCO,Regra 5,07.12.13,"Escritório (inclusive virtual), sede de empresa, grupo de salas, centro empresarial",nR1-12 (até 1250) ;  nR2-12 (acima de 1250),nR1-12,"1250,00",nR2-12,"1250,01",-,-,1.01,"Administração, Organização e Planejamento",VALIDAÇÃO
1220-4/99,"Fabricação de outros produtos do fumo, exceto cigarros, cigarrilhas e charutos",ALTO,Regra 5,09.08.02,"Fabricação de fumo em rolo, em corda e outros produtos do fumo",ID3-08,ID3-08,Q,-,Q,-,,3.00,Estabelecimentos Industriais,VALIDAÇÃO
1220-4/99,"Fabricação de outros produtos do fumo, exceto cigarros, cigarrilhas e charutos",BAIXO RISCO,Regra 5,07.12.13,"Escritório (inclusive virtual), sede de empresa, grupo de salas, centro empresarial",nR1-12 (até 1250) ;  nR2-12 (acima de 1250),nR1-12,"1250,00",nR2-12,"1250,01",-,-,1.01,"Administração, Organização e Planejamento",VALIDAÇÃO
1311-1/00,Preparação e fiação de fibras de algodão,ALTO,Regra 5,09.11.16,Fiação,ID3-11,ID3-11,Q,-,Q,-,,3.00,Estabelecimentos Industriais,VALIDAÇÃO
1311-1/00,Preparação e fiação de fibras de algodão,BAIXO RISCO,Regra 5,07.12.13,"Escritório (inclusive virtual), sede de empresa, grupo de salas, centro empresarial",nR1-12 (até 1250) ;  nR2-12 (acima de 1250),nR1-12,"1250,00",nR2-12,"1250,01",-,-,1.01,"Administração, Organização e Planejamento",VALIDAÇÃO
1312-0/00,"Preparação e fiação de fibras têxteis naturais, exceto algodão",ALTO,Regra 5,09.11.16,Fiação,ID3-11,ID3-11,Q,-,Q,-,,3.00,Estabelecimentos Industriais,VALIDAÇÃO
1312-0/00,"Preparação e fiação de fibras têxteis naturais, exceto algodão",BAIXO RISCO,Regra 5,07.12.13,"Escritório (inclusive virtual), sede de empresa, grupo de salas, centro empresarial",nR1-12 (até 1250) ;  nR2-12 (acima de 1250),nR1-12,"1250,00",nR2-12,"1250,01",-,-,1.01,"Administração, Organização e Planejamento",VALIDAÇÃO
1313-8/00,Fiação de fibras artificiais e sintéticas,ALTO,Regra 5,09.11.17,"Tecelagem, inclusive fiação e tecelagem",ID3-11,ID3-11,Q,-,Q,-,,3.00,Estabelecimentos Industriais,VALIDAÇÃO
1313-8/00,Fiação de fibras artificiais e sintéticas,BAIXO RISCO,Regra 5,07.12.13,"Escritório (inclusive virtual), sede de empresa, grupo de salas, centro empresarial",nR1-12 (até 1250) ;  nR2-12 (acima de 1250),nR1-12,"1250,00",nR2-12,"1250,01",-,-,1.01,"Administração, Organização e Planejamento",VALIDAÇÃO
1314-6/00,Fabricação de linhas para costurar e bordar,ALTO,Regra 5,09.11.15,Fabricação de linhas e fios para costurar e bordar,ID3-11,ID3-11,Q,-,Q,-,,3.00,Estabelecimentos Industriais,VALIDAÇÃO
1314-6/00,Fabricação de linhas para costurar e bordar,BAIXO RISCO,Regra 5,07.12.13,"Escritório (inclusive virtual), sede de empresa, grupo de salas, centro empresarial",nR1-12 (até 1250) ;  nR2-12 (acima de 1250),nR1-12,"1250,00",nR2-12,"1250,01",-,-,1.01,"Administração, Organização e Planejamento",VALIDAÇÃO
1321-9/00,Tecelagem de fios de algodão,ALTO,Regras 2 e 3,09.11.17,"Tecelagem, inclusive fiação e tecelagem",ID3-11,ID3-11,Q,-,Q,-,,3.00,Estabelecimentos Industriais,VALIDAÇÃO
1321-9/00,Tecelagem de fios de algodão,BAIXO RISCO,Regras 2 e 3,07.09.05,"Serviço de confecção sob medida e reparação de artigos de vestuário e similares: costureiro, alfaiate, bordadeiro, camiseiro, sapateiro etc",nR1-09 (Qualquer área),nR1-09,Q,-,Q,-,,1.18,Estabelecimentos não classificados nos  Itens 1.01 a 1.17,VALIDAÇÃO
1321-9/00,Tecelagem de fios de algodão,BAIXO RISCO,Regras 2 e 3,07.12.13,"Escritório (inclusive virtual), sede de empresa, grupo de salas, centro empresarial",nR1-12 (até 1250) ;  nR2-12 (acima de 1250),nR1-12,"1250,00",nR2-12,"1250,01",-,-,1.01,"Administração, Organização e Planejamento",VALIDAÇÃO
1322-7/00,"Tecelagem de fios de fibras têxteis naturais, exceto algodão",ALTO,Regras 2 e 3,09.11.17,"Tecelagem, inclusive fiação e tecelagem",ID3-11,ID3-11,Q,-,Q,-,,3.00,Estabelecimentos Industriais,VALIDAÇÃO
1322-7/00,"Tecelagem de fios de fibras têxteis naturais, exceto algodão",BAIXO RISCO,Regras 2 e 3,07.09.05,"Serviço de confecção sob medida e reparação de artigos de vestuário e similares: costureiro, alfaiate, bordadeiro, camiseiro, sapateiro etc",nR1-09 (Qualquer área),nR1-09,Q,-,Q,-,,1.18,Estabelecimentos não classificados nos  Itens 1.01 a 1.17,VALIDAÇÃO
1322-7/00,"Tecelagem de fios de fibras têxteis naturais, exceto algodão",BAIXO RISCO,Regras 2 e 3,07.12.13,"Escritório (inclusive virtual), sede de empresa, grupo de salas, centro empresarial",nR1-12 (até 1250) ;  nR2-12 (acima de 1250),nR1-12,"1250,00",nR2-12,"1250,01",-,-,1.01,"Administração, Organização e Planejamento",VALIDAÇÃO
1323-5/00,Tecelagem de fios de fibras artificiais e sintéticas,ALTO,Regras 2 e 3,09.11.17,"Tecelagem, inclusive fiação e tecelagem",ID3-11,ID3-11,Q,-,Q,-,,3.00,Estabelecimentos Industriais,VALIDAÇÃO
1323-5/00,Tecelagem de fios de fibras artificiais e sintéticas,BAIXO RISCO,Regras 2 e 3,07.09.05,"Serviço de confecção sob medida e reparação de artigos de vestuário e similares: costureiro, alfaiate, bordadeiro, camiseiro, sapateiro etc",nR1-09 (Qualquer área),nR1-09,Q,-,Q,-,,1.18,Estabelecimentos não classificados nos  Itens 1.01 a 1.17,VALIDAÇÃO
1323-5/00,Tecelagem de fios de fibras artificiais e sintéticas,BAIXO RISCO,Regras 2 e 3,07.12.13,"Escritório (inclusive virtual), sede de empresa, grupo de salas, centro empresarial",nR1-12 (até 1250) ;  nR2-12 (acima de 1250),nR1-12,"1250,00",nR2-12,"1250,01",-,-,1.01,"Administração, Organização e Planejamento",VALIDAÇÃO
1330-8/00,Fabricação de tecidos de malha,ALTO,Regra 5,09.11.08,Fabricação de tecidos de malha,ID2-11,ID2-11,Q,-,Q,-,,3.00,Estabelecimentos Industriais,VALIDAÇÃO
1330-8/00,Fabricação de tecidos de malha,BAIXO RISCO,Regra 5,07.12.13,"Escritório (inclusive virtual), sede de empresa, grupo de salas, centro empresarial",nR1-12 (até 1250) ;  nR2-12 (acima de 1250),nR1-12,"1250,00",nR2-12,"1250,01",-,-,1.01,"Administração, Organização e Planejamento",VALIDAÇÃO
1340-5/01,"Estamparia e texturização em fios, tecidos, artefatos têxteis e peças do vestuário",ALTO,Regras 2 e 3,09.11.20,"Estamparia e texturização em fios, tecidos e artigos têxteis, inclusive em peças de vestuário",ID3-11,ID3-11,Q,-,Q,-,,3.00,Estabelecimentos Industriais,VALIDAÇÃO
1340-5/01,"Estamparia e texturização em fios, tecidos, artefatos têxteis e peças do vestuário",BAIXO RISCO,Regras 2 e 3,07.09.17,"Outros serviços técnicos de confecção, manutenção e reparação não classificados",nR1-09 (Até 350) ; nR2-09 (Acima de 350),nR1-09,"350,00",nR2-09,"350,01",,,1.18,Estabelecimentos não classificados nos  Itens 1.01 a 1.17,VALIDAÇÃO
1340-5/01,"Estamparia e texturização em fios, tecidos, artefatos têxteis e peças do vestuário",BAIXO RISCO,Regras 2 e 3,07.12.13,"Escritório (inclusive virtual), sede de empresa, grupo de salas, centro empresarial",nR1-12 (até 1250) ;  nR2-12 (acima de 1250),nR1-12,"1250,00",nR2-12,"1250,01",-,-,1.01,"Administração, Organização e Planejamento",VALIDAÇÃO
1340-5/02,"Alvejamento, tingimento e torção em fios, tecidos, artefatos têxteis e peças do vestuário",MÉDIO RISCO,Regra 5,07.09.15,"Lavanderia, tinturaria, toalheria (industrial)",nR2-09 (Qualquer área),nR2-09,Q,-,Q,-,,3.00,Estabelecimentos Industriais,VALIDAÇÃO
1340-5/02,"Alvejamento, tingimento e torção em fios, tecidos, artefatos têxteis e peças do vestuário",BAIXO RISCO,Regra 5,07.12.13,"Escritório (inclusive virtual), sede de empresa, grupo de salas, centro empresarial",nR1-12 (até 1250) ;  nR2-12 (acima de 1250),nR1-12,"1250,00",nR2-12,"1250,01",-,-,1.01,"Administração, Organização e Planejamento",VALIDAÇÃO
1340-5/99,"Outros serviços de acabamento em fios, tecidos, artefatos têxteis e peças do vestuário",ALTO,Regras 2 e 3,09.11.19,"Serviços de acabamento em fios, tecidos e artigos têxteis produzidos por terceiros",ID3-11,ID3-11,Q,-,Q,-,,3.00,Estabelecimentos Industriais,VALIDAÇÃO
1340-5/99,"Outros serviços de acabamento em fios, tecidos, artefatos têxteis e peças do vestuário",BAIXO RISCO,Regras 2 e 3,07.09.17,"Outros serviços técnicos de confecção, manutenção e reparação não classificados",nR1-09 (Até 350) ; nR2-09 (Acima de 350),nR1-09,"350,00",nR2-09,"350,01",,,1.18,Estabelecimentos não classificados nos  Itens 1.01 a 1.17,VALIDAÇÃO
1340-5/99,"Outros serviços de acabamento em fios, tecidos, artefatos têxteis e peças do vestuário",BAIXO RISCO,regras 2 e 3,07.12.13,"Escritório (inclusive virtual), sede de empresa, grupo de salas, centro empresarial",nR1-12 (até 1250) ;  nR2-12 (acima de 1250),nR1-12,"1250,00",nR2-12,"1250,01",-,-,1.01,"Administração, Organização e Planejamento",VALIDAÇÃO
1351-1/00,Fabricação de artefatos têxteis para uso doméstico,ALTO,Regras 2 e 3,09.11.01,Confecção de artefatos diversos de tecidos,ID1-11,ID1-11,Q,-,Q,-,,3.00,Estabelecimentos Industriais,VALIDAÇÃO
1351-1/00,Fabricação de artefatos têxteis para uso doméstico,BAIXO RISCO,Regras 2 e 3,07.09.05,"Serviço de confecção sob medida e reparação de artigos de vestuário e similares: costureiro, alfaiate, bordadeiro, camiseiro, sapateiro etc",nR1-09 (Qualquer área),nR1-09,Q,-,Q,-,,1.18,Estabelecimentos não classificados nos  Itens 1.01 a 1.17,VALIDAÇÃO
1351-1/00,Fabricação de artefatos têxteis para uso doméstico,BAIXO RISCO,regras 2 e 3,07.12.13,"Escritório (inclusive virtual), sede de empresa, grupo de salas, centro empresarial",nR1-12 (até 1250) ;  nR2-12 (acima de 1250),nR1-12,"1250,00",nR2-12,"1250,01",-,-,1.01,"Administração, Organização e Planejamento",VALIDAÇÃO
1352-9/00,Fabricação de artefatos de tapeçaria,ALTO,Regras 2 e 3,09.11.04,Fabricação de artefatos de tapeçaria,ID2-11,ID2-11,Q,-,Q,-,,3.00,Estabelecimentos Industriais,VALIDAÇÃO
1352-9/00,Fabricação de artefatos de tapeçaria,BAIXO RISCO,Regras 2 e 3,07.09.05,"Serviço de confecção sob medida e reparação de artigos de vestuário e similares: costureiro, alfaiate, bordadeiro, camiseiro, sapateiro etc",nR1-09 (Qualquer área),nR1-09,Q,-,Q,-,,1.18,Estabelecimentos não classificados nos  Itens 1.01 a 1.17,VALIDAÇÃO
1352-9/00,Fabricação de artefatos de tapeçaria,BAIXO RISCO,regras 2 e 3,07.12.13,"Escritório (inclusive virtual), sede de empresa, grupo de salas, centro empresarial",nR1-12 (até 1250) ;  nR2-12 (acima de 1250),nR1-12,"1250,00",nR2-12,"1250,01",-,-,1.01,"Administração, Organização e Planejamento",VALIDAÇÃO
1353-7/00,Fabricação de artefatos de cordoaria,BAIXO RISCO,Regras 2 e 3,07.09.17,"Outros serviços técnicos de confecção, manutenção e reparação não classificados",nR1-09 (Até 350) ; nR2-09 (Acima de 350),nR1-09,"350,00",nR2-09,"350,01",,,1.18,Estabelecimentos não classificados nos  Itens 1.01 a 1.17,VALIDAÇÃO
1353-7/00,Fabricação de artefatos de cordoaria,ALTO,Regras 2 e 3,09.11.07,Fabricação de artefatos de cordoaria,ID2-11,ID2-11,Q,-,Q,-,,3.00,Estabelecimentos Industriais,VALIDAÇÃO
1353-7/00,Fabricação de artefatos de cordoaria,BAIXO RISCO,regras 2 e 3,07.12.13,"Escritório (inclusive virtual), sede de empresa, grupo de salas, centro empresarial",nR1-12 (até 1250) ;  nR2-12 (acima de 1250),nR1-12,"1250,00",nR2-12,"1250,01",-,-,1.01,"Administração, Organização e Planejamento",VALIDAÇÃO
1354-5/00,"Fabricação de tecidos especiais, inclusive artefatos",ALTO,Regras 2 e 3,09.11.05,Fabricação de tecidos especiais,ID2-11,ID2-11,Q,-,Q,-,,3.00,Estabelecimentos Industriais,VALIDAÇÃO
1354-5/00,"Fabricação de tecidos especiais, inclusive artefatos",BAIXO RISCO,Regras 2 e 3,07.09.05,"Serviço de confecção sob medida e reparação de artigos de vestuário e similares: costureiro, alfaiate, bordadeiro, camiseiro, sapateiro etc",nR1-09 (Qualquer área),nR1-09,Q,-,Q,-,,1.18,Estabelecimentos não classificados nos  Itens 1.01 a 1.17,VALIDAÇÃO
1354-5/00,"Fabricação de tecidos especiais, inclusive artefatos",BAIXO RISCO,regras 2 e 3,07.12.13,"Escritório (inclusive virtual), sede de empresa, grupo de salas, centro empresarial",nR1-12 (até 1250) ;  nR2-12 (acima de 1250),nR1-12,"1250,00",nR2-12,"1250,01",-,-,1.01,"Administração, Organização e Planejamento",VALIDAÇÃO
1359-6/00,Fabricação de outros produtos têxteis não especificados anteriormente,ALTO,Regras 2 e 3,09.11.06,"Fabricação de outros artigos têxteis, sem operações de fiação, tecelagem, beneficiamento tingimento",ID2-11,ID2-11,Q,-,Q,-,,3.00,Estabelecimentos Industriais,VALIDAÇÃO
1359-6/00,Fabricação de outros produtos têxteis não especificados anteriormente,BAIXO RISCO,Regras 2 e 3,07.09.05,"Serviço de confecção sob medida e reparação de artigos de vestuário e similares: costureiro, alfaiate, bordadeiro, camiseiro, sapateiro etc",nR1-09 (Qualquer área),nR1-09,Q,-,Q,-,,1.18,Estabelecimentos não classificados nos  Itens 1.01 a 1.17,VALIDAÇÃO
1359-6/00,Fabricação de outros produtos têxteis não especificados anteriormente,BAIXO RISCO,regras 2 e 3,07.12.13,"Escritório (inclusive virtual), sede de empresa, grupo de salas, centro empresarial",nR1-12 (até 1250) ;  nR2-12 (acima de 1250),nR1-12,"1250,00",nR2-12,"1250,01",-,-,1.01,"Administração, Organização e Planejamento",VALIDAÇÃO
1411-8/01,Confecção de roupas íntimas,BAIXO RISCO,Regras 2 e 3,07.09.05,"Serviço de confecção sob medida e reparação de artigos de vestuário e similares: costureiro, alfaiate, bordadeiro, camiseiro, sapateiro etc",nR1-09 (Qualquer área),nR1-09,Q,-,Q,-,-,1.18,Estabelecimentos não classificados nos  Itens 1.01 a 1.17,VALIDAÇÃO
1411-8/01,Confecção de roupas íntimas,BAIXO RISCO,regras 2 e 3,07.12.13,"Escritório (inclusive virtual), sede de empresa, grupo de salas, centro empresarial",nR1-12 (até 1250) ;  nR2-12 (acima de 1250),nR1-12,"1250,00",nR2-12,"1250,01",-,-,1.01,"Administração, Organização e Planejamento",VALIDAÇÃO
1411-8/01,Confecção de roupas íntimas,ALTO,Regras 2 e 3,09.11.02,Confecção de artigos de vestuário em geral,ID1-11,ID1-11,Q,-,Q,-,-,3.00,Estabelecimentos Industriais,VALIDAÇÃO
1411-8/02,Facção de roupas íntimas,BAIXO RISCO,Regras 2 e 3,07.09.05,"Serviço de confecção sob medida e reparação de artigos de vestuário e similares: costureiro, alfaiate, bordadeiro, camiseiro, sapateiro etc",nR1-09 (Qualquer área),nR1-09,Q,-,Q,-,-,1.18,Estabelecimentos não classificados nos  Itens 1.01 a 1.17,VALIDAÇÃO
1411-8/02,Facção de roupas íntimas,BAIXO RISCO,regras 2 e 3,07.12.13,"Escritório (inclusive virtual), sede de empresa, grupo de salas, centro empresarial",nR1-12 (até 1250) ;  nR2-12 (acima de 1250),nR1-12,"1250,00",nR2-12,"1250,01",-,-,1.01,"Administração, Organização e Planejamento",VALIDAÇÃO
1411-8/02,Facção de roupas íntimas,ALTO,Regras 2 e 3,09.11.02,Confecção de artigos de vestuário em geral,ID1-11,ID1-11,Q,-,Q,-,-,3.00,Estabelecimentos Industriais,VALIDAÇÃO
1412-6/01,"Confecção de peças do vestuário, exceto roupas íntimas e as confeccionadas sob medida",ALTO,Regras 2 e 3,09.11.02,Confecção de artigos de vestuário em geral,ID1-11,ID1-11,Q,-,Q,-,,3.00,Estabelecimentos Industriais,VALIDAÇÃO
1412-6/01,"Confecção de peças do vestuário, exceto roupas íntimas e as confeccionadas sob medida",BAIXO RISCO,Regras 2 e 3,07.09.05,"Serviço de confecção sob medida e reparação de artigos de vestuário e similares: costureiro, alfaiate, bordadeiro, camiseiro, sapateiro etc",nR1-09 (Qualquer área),nR1-09,Q,-,Q,-,,1.18,Estabelecimentos não classificados nos  Itens 1.01 a 1.17,VALIDAÇÃO
1412-6/01,"Confecção de peças do vestuário, exceto roupas íntimas e as confeccionadas sob medida",BAIXO RISCO,regras 2 e 3,07.12.13,"Escritório (inclusive virtual), sede de empresa, grupo de salas, centro empresarial",nR1-12 (até 1250) ;  nR2-12 (acima de 1250),nR1-12,"1250,00",nR2-12,"1250,01",-,-,1.01,"Administração, Organização e Planejamento",VALIDAÇÃO
1412-6/02,"Confecção, sob medida, de peças do vestuário, exceto roupas íntimas",BAIXO RISCO,Regras 2 e 3,07.09.05,"Serviço de confecção sob medida e reparação de artigos de vestuário e similares: costureiro, alfaiate, bordadeiro, camiseiro, sapateiro etc",nR1-09 (Qualquer área),nR1-09,Q,-,Q,-,,1.18,Estabelecimentos não classificados nos  Itens 1.01 a 1.17,VALIDAÇÃO
1412-6/02,"Confecção, sob medida, de peças do vestuário, exceto roupas íntimas",ALTO,Regras 2 e 3,09.11.02,Confecção de artigos de vestuário em geral,ID1-11,ID1-11,Q,-,Q,-,,3.00,Estabelecimentos Industriais,VALIDAÇÃO
1412-6/02,"Confecção, sob medida, de peças do vestuário, exceto roupas íntimas",BAIXO RISCO,regras 2 e 3,07.12.13,"Escritório (inclusive virtual), sede de empresa, grupo de salas, centro empresarial",nR1-12 (até 1250) ;  nR2-12 (acima de 1250),nR1-12,"1250,00",nR2-12,"1250,01",-,-,1.01,"Administração, Organização e Planejamento",VALIDAÇÃO
1412-6/03,"Facção de peças do vestuário, exceto roupas íntimas",BAIXO RISCO,Regras 2 e 3,07.09.05,"Serviço de confecção sob medida e reparação de artigos de vestuário e similares: costureiro, alfaiate, bordadeiro, camiseiro, sapateiro etc",nR1-09 (Qualquer área),nR1-09,Q,-,Q,-,-,1.18,Estabelecimentos não classificados nos  Itens 1.01 a 1.18,VALIDAÇÃO
1412-6/03,"Facção de peças do vestuário, exceto roupas íntimas",ALTO,Regras 2 e 3,09.11.02,Confecção de artigos de vestuário em geral,ID1-11,ID1-11,Q,-,Q,-,-,3.00,Estabelecimentos Industriais,VALIDAÇÃO
1412-6/03,"Facção de peças do vestuário, exceto roupas íntimas",BAIXO RISCO,regras 2 e 3,07.12.13,"Escritório (inclusive virtual), sede de empresa, grupo de salas, centro empresarial",nR1-12 (até 1250) ;  nR2-12 (acima de 1250),nR1-12,"1250,00",nR2-12,"1250,01",-,-,1.01,"Administração, Organização e Planejamento",VALIDAÇÃO
1413-4/01,"Confecção de roupas profissionais, exceto sob medida",BAIXO RISCO,Regras 2 e 3,07.09.05,"Serviço de confecção sob medida e reparação de artigos de vestuário e similares: costureiro, alfaiate, bordadeiro, camiseiro, sapateiro etc",nR1-09 (Qualquer área),nR1-09,Q,-,Q,-,-,1.18,Estabelecimentos não classificados nos  Itens 1.01 a 1.17,VALIDAÇÃO
1413-4/01,"Confecção de roupas profissionais, exceto sob medida",BAIXO RISCO,regras 2 e 3,07.12.13,"Escritório (inclusive virtual), sede de empresa, grupo de salas, centro empresarial",nR1-12 (até 1250) ;  nR2-12 (acima de 1250),nR1-12,"1250,00",nR2-12,"1250,01",-,-,1.01,"Administração, Organização e Planejamento",VALIDAÇÃO
1413-4/01,"Confecção de roupas profissionais, exceto sob medida",ALTO,Regras 2 e 3,09.11.02,Confecção de artigos de vestuário em geral,ID1-11,ID1-11,Q,-,Q,-,-,3.00,Estabelecimentos Industriais,VALIDAÇÃO
1413-4/02,"Confecção, sob medida, de roupas profissionais",BAIXO RISCO,Regras 2 e 3,07.09.05,"Serviço de confecção sob medida e reparação de artigos de vestuário e similares: costureiro, alfaiate, bordadeiro, camiseiro, sapateiro etc",nR1-09 (Qualquer área),nR1-09,Q,-,Q,-,-,1.18,Estabelecimentos não classificados nos  Itens 1.01 a 1.17,VALIDAÇÃO
1413-4/02,"Confecção, sob medida, de roupas profissionais",BAIXO RISCO,regras 2 e 3,07.12.13,"Escritório (inclusive virtual), sede de empresa, grupo de salas, centro empresarial",nR1-12 (até 1250) ;  nR2-12 (acima de 1250),nR1-12,"1250,00",nR2-12,"1250,01",-,-,1.01,"Administração, Organização e Planejamento",VALIDAÇÃO
1413-4/02,"Confecção, sob medida, de roupas profissionais",ALTO,Regras 2 e 3,09.11.02,Confecção de artigos de vestuário em geral,ID1-11,ID1-11,Q,-,Q,-,-,3.00,Estabelecimentos Industriais,VALIDAÇÃO
1413-4/03,Facção de roupas profissionais,BAIXO RISCO,Regras 2 e 3,07.09.05,"Serviço de confecção sob medida e reparação de artigos de vestuário e similares: costureiro, alfaiate, bordadeiro, camiseiro, sapateiro etc",nR1-09 (Qualquer área),nR1-09,Q,-,Q,-,-,1.18,Estabelecimentos não classificados nos  Itens 1.01 a 1.17,VALIDAÇÃO
1413-4/03,Facção de roupas profissionais,BAIXO RISCO,regras 2 e 3,07.12.13,"Escritório (inclusive virtual), sede de empresa, grupo de salas, centro empresarial",nR1-12 (até 1250) ;  nR2-12 (acima de 1250),nR1-12,"1250,00",nR2-12,"1250,01",-,-,1.01,"Administração, Organização e Planejamento",VALIDAÇÃO
1413-4/03,Facção de roupas profissionais,ALTO,Regras 2 e 3,09.11.02,Confecção de artigos de vestuário em geral,ID1-11,ID1-11,Q,-,Q,-,-,3.00,Estabelecimentos Industriais,VALIDAÇÃO
1414-2/00,"Fabricação de acessórios do vestuário, exceto para segurança e proteção",ALTO,Regras 2 e 3,09.11.02,Confecção de artigos de vestuário em geral,ID1-11,ID1-11,Q,-,Q,-,-,3.00,Estabelecimentos Industriais,VALIDAÇÃO
1414-2/00,"Fabricação de acessórios do vestuário, exceto para segurança e proteção",BAIXO RISCO,Regras 2 e 3,07.09.05,"Serviço de confecção sob medida e reparação de artigos de vestuário e similares: costureiro, alfaiate, bordadeiro, camiseiro, sapateiro etc",nR1-09 (Qualquer área),nR1-09,Q,-,Q,-,-,1.18,Estabelecimentos não classificados nos  Itens 1.01 a 1.17,VALIDAÇÃO
1414-2/00,"Fabricação de acessórios do vestuário, exceto para segurança e proteção",BAIXO RISCO,regras 2 e 3,07.12.13,"Escritório (inclusive virtual), sede de empresa, grupo de salas, centro empresarial",nR1-12 (até 1250) ;  nR2-12 (acima de 1250),nR1-12,"1250,00",nR2-12,"1250,01",-,-,1.01,"Administração, Organização e Planejamento",VALIDAÇÃO
1421-5/00,Fabricação de meias,ALTO,Regras 2 e 3,09.11.10,Fabricação de meias,ID2-11,ID2-11,Q,-,Q,-,-,3.00,Estabelecimentos Industriais,VALIDAÇÃO
1421-5/00,Fabricação de meias,BAIXO RISCO,Regras 2 e 3,07.09.05,"Serviço de confecção sob medida e reparação de artigos de vestuário e similares: costureiro, alfaiate, bordadeiro, camiseiro, sapateiro etc",nR1-09 (Qualquer área),nR1-09,Q,-,Q,-,-,1.18,Estabelecimentos não classificados nos  Itens 1.01 a 1.17,VALIDAÇÃO
1421-5/00,Fabricação de meias,BAIXO RISCO,regras 2 e 3,07.12.13,"Escritório (inclusive virtual), sede de empresa, grupo de salas, centro empresarial",nR1-12 (até 1250) ;  nR2-12 (acima de 1250),nR1-12,"1250,00",nR2-12,"1250,01",-,-,1.01,"Administração, Organização e Planejamento",VALIDAÇÃO
1422-3/00,"Fabricação de artigos do vestuário, produzidos em malharias e tricotagens, exceto meias",ALTO,Regras 2 e 3,09.11.11,Fabricação de outros artigos do vestuário produzidos em malhas (inclusive tricotagem),ID2-11,ID2-11,Q,-,Q,-,-,3.00,Estabelecimentos Industriais,VALIDAÇÃO
1422-3/00,"Fabricação de artigos do vestuário, produzidos em malharias e tricotagens, exceto meias",BAIXO RISCO,Regras 2 e 3,07.09.05,"Serviço de confecção sob medida e reparação de artigos de vestuário e similares: costureiro, alfaiate, bordadeiro, camiseiro, sapateiro etc",nR1-09 (Qualquer área),nR1-09,Q,-,Q,-,-,1.18,Estabelecimentos não classificados nos  Itens 1.01 a 1.17,VALIDAÇÃO
1422-3/00,"Fabricação de artigos do vestuário, produzidos em malharias e tricotagens, exceto meias",BAIXO RISCO,regras 2 e 3,07.12.13,"Escritório (inclusive virtual), sede de empresa, grupo de salas, centro empresarial",nR1-12 (até 1250) ;  nR2-12 (acima de 1250),nR1-12,"1250,00",nR2-12,"1250,01",-,-,1.01,"Administração, Organização e Planejamento",VALIDAÇÃO
1510-6/00,Curtimento e outras preparações de couro,ALTO,Regra 5,09.05.02,"Curtimento e outras preparações de couros e peles, inclusive subprodutos",ID3-05,ID3-05,Q,-,Q,-,-,3.00,Estabelecimentos Industriais,VALIDAÇÃO
1510-6/00,Curtimento e outras preparações de couro,BAIXO RISCO,Regra 5,07.12.13,"Escritório (inclusive virtual), sede de empresa, grupo de salas, centro empresarial",nR1-12 (até 1250) ;  nR2-12 (acima de 1250),nR1-12,"1250,00",nR2-12,"1250,01",-,-,1.01,"Administração, Organização e Planejamento",VALIDAÇÃO
1521-1/00,"Fabricação de artigos para viagem, bolsas e semelhantes de qualquer material",ALTO,Regras 2 e 3,09.05.01,"Fabricação de artigos para viagem e de artefatos diversos de couro, peles e produtos similares",ID2-05,ID2-05,Q,-,Q,-,-,3.00,Estabelecimentos Industriais,VALIDAÇÃO
1521-1/00,"Fabricação de artigos para viagem, bolsas e semelhantes de qualquer material",BAIXO RISCO,Regras 2 e 3,07.09.17,"Outros serviços técnicos de confecção, manutenção e reparação não classificados",nR1-09 (Até 350) ; nR2-09 (Acima de 350),nR1-09,"350,00",nR2-09,"350,01",,,1.18,Estabelecimentos não classificados nos  Itens 1.01 a 1.17,VALIDAÇÃO
1521-1/00,"Fabricação de artigos para viagem, bolsas e semelhantes de qualquer material",BAIXO RISCO,regras 2 e 3,07.12.13,"Escritório (inclusive virtual), sede de empresa, grupo de salas, centro empresarial",nR1-12 (até 1250) ;  nR2-12 (acima de 1250),nR1-12,"1250,00",nR2-12,"1250,01",-,-,1.01,"Administração, Organização e Planejamento",VALIDAÇÃO
1529-7/00,Fabricação de artefatos de couro não especificados anteriormente,ALTO,Regras 2 e 3,09.05.01,"Fabricação de artigos para viagem e de artefatos diversos de couro, peles e produtos similares",ID2-05,ID2-05,Q,-,Q,-,-,3.00,Estabelecimentos Industriais,VALIDAÇÃO
1529-7/00,Fabricação de artefatos de couro não especificados anteriormente,BAIXO RISCO,Regras 2 e 3,07.09.09,"Confecção e pintura de faixas, placas, cartazes, confecção de artefatos de couro e pele",nR2-09 (Qualquer área),nR2-09,Q,-,Q,-,,1.18,Estabelecimentos não classificados nos  Itens 1.01 a 1.17,VALIDAÇÃO
1529-7/00,Fabricação de artefatos de couro não especificados anteriormente,BAIXO RISCO,regras 2 e 3,07.12.13,"Escritório (inclusive virtual), sede de empresa, grupo de salas, centro empresarial",nR1-12 (até 1250) ;  nR2-12 (acima de 1250),nR1-12,"1250,00",nR2-12,"1250,01",-,-,1.01,"Administração, Organização e Planejamento",VALIDAÇÃO
1531-9/01,Fabricação de calçados de couro,ALTO,Regras 2 e 3,09.05.01,"Fabricação de artigos para viagem e de artefatos diversos de couro, peles e produtos similares",ID2-05,ID2-05,Q,-,Q,-,,3.00,Estabelecimentos Industriais,VALIDAÇÃO
1531-9/01,Fabricação de calçados de couro,BAIXO RISCO,Regras 2 e 3,07.09.17,"Outros serviços técnicos de confecção, manutenção e reparação não classificados",nR1-09 (Até 350) ; nR2-09 (Acima de 350),nR1-09,"350,00",nR2-09,"350,01",,,1.18,Estabelecimentos não classificados nos  Itens 1.01 a 1.17,VALIDAÇÃO
1531-9/01,Fabricação de calçados de couro,BAIXO RISCO,regras 2 e 3,07.12.13,"Escritório (inclusive virtual), sede de empresa, grupo de salas, centro empresarial",nR1-12 (até 1250) ;  nR2-12 (acima de 1250),nR1-12,"1250,00",nR2-12,"1250,01",-,-,1.01,"Administração, Organização e Planejamento",VALIDAÇÃO
1531-9/02,Acabamento de calçados de couro sob contrato,ALTO,Regras 2 e 3,09.05.01,"Fabricação de artigos para viagem e de artefatos diversos de couro, peles e produtos similares",ID2-05,ID2-05,Q,-,Q,-,,3.00,Estabelecimentos Industriais,VALIDAÇÃO
1531-9/02,Acabamento de calçados de couro sob contrato,BAIXO RISCO,Regras 2 e 3,07.09.05,"Serviço de confecção sob medida e reparação de artigos de vestuário e similares: costureiro, alfaiate, bordadeiro, camiseiro, sapateiro etc",nR1-09 (Qualquer área),nR1-09,Q,-,Q,-,-,1.18,Estabelecimentos não classificados nos  Itens 1.01 a 1.17,VALIDAÇÃO
1531-9/02,Acabamento de calçados de couro sob contrato,BAIXO RISCO,regras 2 e 3,07.12.13,"Escritório (inclusive virtual), sede de empresa, grupo de salas, centro empresarial",nR1-12 (até 1250) ;  nR2-12 (acima de 1250),nR1-12,"1250,00",nR2-12,"1250,01",-,-,1.01,"Administração, Organização e Planejamento",VALIDAÇÃO
1532-7/00,Fabricação de tênis de qualquer material,ALTO,Regra 5,09.05.01,"Fabricação de artigos para viagem e de artefatos diversos de couro, peles e produtos similares",ID2-05,ID2-05,Q,-,Q,-,,3.00,Estabelecimentos Industriais,VALIDAÇÃO
1532-7/00,Fabricação de tênis de qualquer material,BAIXO RISCO,Regra 5,07.12.13,"Escritório (inclusive virtual), sede de empresa, grupo de salas, centro empresarial",nR1-12 (até 1250) ;  nR2-12 (acima de 1250),nR1-12,"1250,00",nR2-12,"1250,01",-,-,1.01,"Administração, Organização e Planejamento",VALIDAÇÃO
1533-5/00,Fabricação de calçados de material sintético,ALTO,Regras 2 e 3,09.05.01,"Fabricação de artigos para viagem e de artefatos diversos de couro, peles e produtos similares",ID2-05,ID2-05,Q,-,Q,-,,3.00,Estabelecimentos Industriais,VALIDAÇÃO
1533-5/00,Fabricação de calçados de material sintético,BAIXO RISCO,Regras 2 e 3,07.09.17,"Outros serviços técnicos de confecção, manutenção e reparação não classificados",nR1-09 (Até 350) ; nR2-09 (Acima de 350),nR1-09,"350,00",nR2-09,"350,01",,,1.18,Estabelecimentos não classificados nos  Itens 1.01 a 1.17,VALIDAÇÃO
1533-5/00,Fabricação de calçados de material sintético,BAIXO RISCO,Regras 2 e 3,07.12.13,"Escritório (inclusive virtual), sede de empresa, grupo de salas, centro empresarial",nR1-12 (até 1250) ;  nR2-12 (acima de 1250),nR1-12,"1250,00",nR2-12,"1250,01",-,-,1.01,"Administração, Organização e Planejamento",VALIDAÇÃO
1539-4/00,Fabricação de calçados de materiais não especificados anteriormente,ALTO,Regras 2 e 3,09.05.01,"Fabricação de artigos para viagem e de artefatos diversos de couro, peles e produtos similares",ID2-05,ID2-05,Q,-,Q,-,,3.00,Estabelecimentos Industriais,VALIDAÇÃO
1539-4/00,Fabricação de calçados de materiais não especificados anteriormente,BAIXO RISCO,Regras 2 e 3,07.09.05,"Serviço de confecção sob medida e reparação de artigos de vestuário e similares: costureiro, alfaiate, bordadeiro, camiseiro, sapateiro etc",nR1-09 (Qualquer área),nR1-09,Q,-,Q,-,-,1.18,Estabelecimentos não classificados nos  Itens 1.01 a 1.17,VALIDAÇÃO
1539-4/00,Fabricação de calçados de materiais não especificados anteriormente,BAIXO RISCO,Regras 2 e 3,07.12.13,"Escritório (inclusive virtual), sede de empresa, grupo de salas, centro empresarial",nR1-12 (até 1250) ;  nR2-12 (acima de 1250),nR1-12,"1250,00",nR2-12,"1250,01",-,-,1.01,"Administração, Organização e Planejamento",VALIDAÇÃO
1540-8/00,"Fabricação de partes para calçados, de qualquer material",ALTO,Regras 2 e 3,09.05.01,"Fabricação de artigos para viagem e de artefatos diversos de couro, peles e produtos similares",ID2-05,ID2-05,Q,-,Q,-,,3.00,Estabelecimentos Industriais,VALIDAÇÃO
1540-8/00,"Fabricação de partes para calçados, de qualquer material",BAIXO RISCO,Regras 2 e 3,07.09.05,"Serviço de confecção sob medida e reparação de artigos de vestuário e similares: costureiro, alfaiate, bordadeiro, camiseiro, sapateiro etc",nR1-09 (Qualquer área),nR1-09,Q,-,Q,-,-,1.18,Estabelecimentos não classificados nos  Itens 1.01 a 1.17,VALIDAÇÃO
1540-8/00,"Fabricação de partes para calçados, de qualquer material",BAIXO RISCO,Regras 2 e 3,07.12.13,"Escritório (inclusive virtual), sede de empresa, grupo de salas, centro empresarial",nR1-12 (até 1250) ;  nR2-12 (acima de 1250),nR1-12,"1250,00",nR2-12,"1250,01",-,-,1.01,"Administração, Organização e Planejamento",VALIDAÇÃO
1610-2/03,Serrarias com desdobramento de madeira em bruto,ALTO,Regra 5,09.09.01,Desdobramento de madeira,ID2-09,ID2-09,Q,-,Q,-,-,3.00,Estabelecimentos Industriais,VALIDAÇÃO
1610-2/03,Serrarias com desdobramento de madeira em bruto,BAIXO RISCO,Regra 5,07.12.13,"Escritório (inclusive virtual), sede de empresa, grupo de salas, centro empresarial",nR1-12 (até 1250) ;  nR2-12 (acima de 1250),nR1-12,"1250,00",nR2-12,"1250,01",-,-,1.01,"Administração, Organização e Planejamento",VALIDAÇÃO
1610-2/04,Serrarias sem desdobramento de madeira em bruto - resserragem,MÉDIO RISCO,Regra 5,07.09.08,"Cantaria, marmoaria, carpintaria, marcenaria, vidraçaria e serraria",nR2-09 (Qualquer área),nR2-09,Q,-,Q,-,-,1.18,Estabelecimentos não classificados nos  Itens 1.01 a 1.17,VALIDAÇÃO
1610-2/04,Serrarias sem desdobramento de madeira em bruto - resserragem,BAIXO RISCO,Regra 5,07.12.13,"Escritório (inclusive virtual), sede de empresa, grupo de salas, centro empresarial",nR1-12 (até 1250) ;  nR2-12 (acima de 1250),nR1-12,"1250,00",nR2-12,"1250,01",-,-,1.01,"Administração, Organização e Planejamento",VALIDAÇÃO
1610-2/05,Serviço de tratamento de madeira realizado sob contrato,MÉDIO RISCO,Regra 5,07.09.17,"Outros serviços técnicos de confecção, manutenção e reparação não classificados",nR1-09 (Até 350) ; nR2-09 (Acima de 350),nR1-09,"350,00",nR2-09,"350,01",-,-,1.18,Estabelecimentos não classificados nos  Itens 1.01 a 1.17,VALIDAÇÃO
1610-2/05,Serviço de tratamento de madeira realizado sob contrato,BAIXO RISCO,Regra 5,07.12.13,"Escritório (inclusive virtual), sede de empresa, grupo de salas, centro empresarial",nR1-12 (até 1250) ;  nR2-12 (acima de 1250),nR1-12,"1250,00",nR2-12,"1250,01",-,-,1.01,"Administração, Organização e Planejamento",VALIDAÇÃO
1621-8/00,"Fabricação de madeira laminada e de chapas de madeira compensada, prensada e aglomerada",ALTO,Regra 5,09.09.02,Fabricação de produtos de madeira,ID2-09,ID2-09,Q,-,Q,-,,3.00,Estabelecimentos Industriais,VALIDAÇÃO
1621-8/00,"Fabricação de madeira laminada e de chapas de madeira compensada, prensada e aglomerada",BAIXO RISCO,Regra 5,07.12.13,"Escritório (inclusive virtual), sede de empresa, grupo de salas, centro empresarial",nR1-12 (até 1250) ;  nR2-12 (acima de 1250),nR1-12,"1250,00",nR2-12,"1250,01",-,-,1.01,"Administração, Organização e Planejamento",VALIDAÇÃO
1622-6/01,Fabricação de casas de madeira pré-fabricadas,ALTO,Regra 5,09.09.02,Fabricação de produtos de madeira,ID2-09,ID2-09,Q,-,Q,-,,3.00,Estabelecimentos Industriais,VALIDAÇÃO
1622-6/01,Fabricação de casas de madeira pré-fabricadas,BAIXO RISCO,Regra 5,07.12.13,"Escritório (inclusive virtual), sede de empresa, grupo de salas, centro empresarial",nR1-12 (até 1250) ;  nR2-12 (acima de 1250),nR1-12,"1250,00",nR2-12,"1250,01",-,-,1.01,"Administração, Organização e Planejamento",VALIDAÇÃO
1622-6/02,Fabricação de esquadrias de madeira e de peças de madeira para instalações industriais e comerciais,ALTO,Regras 18 e 19,09.09.02,Fabricação de produtos de madeira,ID2-09,ID2-09,Q,-,Q,-,,3.00,Estabelecimentos Industriais,VALIDAÇÃO
1622-6/02,Fabricação de esquadrias de madeira e de peças de madeira para instalações industriais e comerciais,BAIXO RISCO,Regras 18 e 19,07.09.08,"Cantaria, marmoaria, carpintaria, marcenaria, vidraçaria e serraria",nR2-09 (Qualquer área),nR2-09,Q,-,Q,-,-,1.18,Estabelecimentos não classificados nos  Itens 1.01 a 1.17,VALIDAÇÃO
1622-6/02,Fabricação de esquadrias de madeira e de peças de madeira para instalações industriais e comerciais,BAIXO RISCO,Regras 18 e 19,07.12.13,"Escritório (inclusive virtual), sede de empresa, grupo de salas, centro empresarial",nR1-12 (até 1250) ;  nR2-12 (acima de 1250),nR1-12,"1250,00",nR2-12,"1250,01",-,-,1.01,"Administração, Organização e Planejamento",VALIDAÇÃO
1622-6/99,Fabricação de outros artigos de carpintaria para construção,ALTO,Regras 18 e 19,09.09.02,Fabricação de produtos de madeira,ID2-09,ID2-09,Q,-,Q,-,,3.00,Estabelecimentos Industriais,VALIDAÇÃO
1622-6/99,Fabricação de outros artigos de carpintaria para construção,BAIXO RISCO,Regras 18 e 19,07.09.08,"Cantaria, marmoaria, carpintaria, marcenaria, vidraçaria e serraria",nR2-09 (Qualquer área),nR2-09,Q,-,Q,-,-,1.18,Estabelecimentos não classificados nos  Itens 1.01 a 1.17,VALIDAÇÃO
1622-6/99,Fabricação de outros artigos de carpintaria para construção,BAIXO RISCO,Regras 18 e 19,07.12.13,"Escritório (inclusive virtual), sede de empresa, grupo de salas, centro empresarial",nR1-12 (até 1250) ;  nR2-12 (acima de 1250),nR1-12,"1250,00",nR2-12,"1250,01",-,-,1.01,"Administração, Organização e Planejamento",VALIDAÇÃO
1623-4/00,Fabricação de artefatos de tanoaria e de embalagens de madeira,ALTO,Regras 18 e 19,09.09.04,Fabricação de artefatos de tanoaria e de embalagens de madeira,ID2-09,ID2-09,Q,-,Q,-,,3.00,Estabelecimentos Industriais,VALIDAÇÃO
1623-4/00,Fabricação de artefatos de tanoaria e de embalagens de madeira,BAIXO RISCO,Regras 18 e 19,07.09.08,"Cantaria, marmoaria, carpintaria, marcenaria, vidraçaria e serraria",nR2-09 (Qualquer área),nR2-09,Q,-,Q,-,,1.18,Estabelecimentos não classificados nos  Itens 1.01 a 1.17,VALIDAÇÃO
1623-4/00,Fabricação de artefatos de tanoaria e de embalagens de madeira,BAIXO RISCO,Regras 18 e 19,07.12.13,"Escritório (inclusive virtual), sede de empresa, grupo de salas, centro empresarial",nR1-12 (até 1250) ;  nR2-12 (acima de 1250),nR1-12,"1250,00",nR2-12,"1250,01",-,-,1.01,"Administração, Organização e Planejamento",VALIDAÇÃO
1629-3/01,"Fabricação de artefatos diversos de madeira, exceto móveis",ALTO,Regra 1,09.09.03,"Fabricação de artefatos diversos de madeira, exceto móveis",ID2-09,ID2-09,Q,-,Q,-,,3.00,Estabelecimentos Industriais,VALIDAÇÃO
1629-3/01,"Fabricação de artefatos diversos de madeira, exceto móveis",MÉDIO RISCO,Regra 1,07.09.08,"Cantaria, marmoaria, carpintaria, marcenaria, vidraçaria e serraria",nR2-09 (Qualquer área),nR2-09,,,,,,1.18,Estabelecimentos não classificados nos  Itens 1.01 a 1.17,VALIDAÇÃO
1629-3/01,"Fabricação de artefatos diversos de madeira, exceto móveis",MÉDIO RISCO,Regra 1,07.09.07,"Serviço de carga e recuperação de cartuchos, serviços de reparação de obras e objetos de arte, serviços de chaveiro e confecção de carimbos, serviços de entalhador, de maquetes e molduras, serviço de encadernação e restauração de livros, serviços de embalagem, rotulagem e encaixotamento",nR1-09 (Qualquer área),nR1-09,Q,-,Q,-,-,1.18,Estabelecimentos não classificados nos  Itens 1.01 a 1.17,VALIDAÇÃO
1629-3/01,"Fabricação de artefatos diversos de madeira, exceto móveis",BAIXO RISCO,Regra 1,07.12.13,"Escritório (inclusive virtual), sede de empresa, grupo de salas, centro empresarial",nR1-12 (até 1250) ;  nR2-12 (acima de 1250),nR1-12,"1250,00",nR2-12,"1250,01",-,-,1.01,"Administração, Organização e Planejamento",VALIDAÇÃO
1629-3/02,"Fabricação de artefatos diversos de cortiça, bambu, palha, vime e outros materiais trançados, exceto móveis",ALTO,Regra 1,09.09.05,"Fabricação de cestos, esteira  e outros artefatos de bambu, vime, junco ou palha trançadas, exceto móveis",ID2-09,ID2-09,Q,-,Q,-,,3.00,Estabelecimentos Industriais,VALIDAÇÃO
1629-3/02,"Fabricação de artefatos diversos de cortiça, bambu, palha, vime e outros materiais trançados, exceto móveis",ALTO,Regra 1,09.09.06,"Fabricação de palha preparada para garrafas, varas para pesca e artefatos de cortiça",ID2-09,ID2-09,Q,-,Q,-,,3.00,Estabelecimentos Industriais,VALIDAÇÃO
1629-3/02,"Fabricação de artefatos diversos de cortiça, bambu, palha, vime e outros materiais trançados, exceto móveis",MÉDIO RISCO,Regra 1,07.09.01,"Confecção de artefatos de bambu, vime, junco e palha, confecção de artefatos de cortiça, papelão, cartolina e cartão",nR1-09 (Qualquer área),nR1-09,Q,-,Q,-,-,1.18,Estabelecimentos não classificados nos  Itens 1.01 a 1.17,VALIDAÇÃO
1629-3/02,"Fabricação de artefatos diversos de cortiça, bambu, palha, vime e outros materiais trançados, exceto móveis",BAIXO RISCO,Regra 1,07.12.13,"Escritório (inclusive virtual), sede de empresa, grupo de salas, centro empresarial",nR1-12 (até 1250) ;  nR2-12 (acima de 1250),nR1-12,"1250,00",nR2-12,"1250,01",-,-,1.01,"Administração, Organização e Planejamento",VALIDAÇÃO
1710-9/00,Fabricação de celulose e outras pastas para a fabricação de papel,ALTO,Regra 5,09.04.02,"Fabricação de pasta mecânica e outras pastas para a fabricação de papel, papelão, cartolina e cartão",ID3-04,ID3-04,Q,-,Q,-,,3.00,Estabelecimentos Industriais,VALIDAÇÃO
1710-9/00,Fabricação de celulose e outras pastas para a fabricação de papel,BAIXO RISCO,Regra 5,07.12.13,"Escritório (inclusive virtual), sede de empresa, grupo de salas, centro empresarial",nR1-12 (até 1250) ;  nR2-12 (acima de 1250),nR1-12,"1250,00",nR2-12,"1250,01",-,-,1.01,"Administração, Organização e Planejamento",VALIDAÇÃO
1721-4/00,Fabricação de papel,ALTO,Regra 5,09.16.02,"Fabricação de papel, papelão liso ou corrugado, cartolina e cartão",ID3-16,ID3-16,Q,-,Q,-,,3.00,Estabelecimentos Industriais,VALIDAÇÃO
1721-4/00,Fabricação de papel,BAIXO RISCO,Regra 5,07.12.13,"Escritório (inclusive virtual), sede de empresa, grupo de salas, centro empresarial",nR1-12 (até 1250) ;  nR2-12 (acima de 1250),nR1-12,"1250,00",nR2-12,"1250,01",-,-,1.01,"Administração, Organização e Planejamento",VALIDAÇÃO
1722-2/00,Fabricação de cartolina e papel-cartão,ALTO,Regra 5,09.16.02,"Fabricação de papel, papelão liso ou corrugado, cartolina e cartão",ID3-16,ID3-16,Q,-,Q,-,,3.00,Estabelecimentos Industriais,VALIDAÇÃO
1722-2/00,Fabricação de cartolina e papel-cartão,BAIXO RISCO,Regra 5,07.12.13,"Escritório (inclusive virtual), sede de empresa, grupo de salas, centro empresarial",nR1-12 (até 1250) ;  nR2-12 (acima de 1250),nR1-12,"1250,00",nR2-12,"1250,01",-,-,1.01,"Administração, Organização e Planejamento",VALIDAÇÃO
1731-1/00,Fabricação de embalagens de papel,MÉDIO RISCO,Regra 22,09.16.01,"Fabricação de artefatos diversos de papel, papelão, cartolina e cartão, não associados à fabricação do papel",ID1-16,ID1-16,Q,-,Q,-,,3.00,Estabelecimentos Industriais,VALIDAÇÃO
1731-1/00,Fabricação de embalagens de papel,MÉDIO RISCO,Regra 22,09.16.03,Fabricação de embalagens de papel ou papelão liso ou corrugado,ID3-16,ID3-16,Q,-,Q,-,,3.00,Estabelecimentos Industriais,VALIDAÇÃO
1731-1/00,Fabricação de embalagens de papel,MÉDIO RISCO,Regra 22,07.09.01,"Confecção de artefatos de bambu, vime, junco e palha, confecção de artefatos de cortiça, papelão, cartolina e cartão",nR1-09 (Qualquer área),nR1-09,Q,-,Q,-,-,1.18,Estabelecimentos não classificados nos  Itens 1.01 a 1.17,VALIDAÇÃO
1731-1/00,Fabricação de embalagens de papel,MÉDIO RISCO,Regra 22,07.12.13,"Escritório (inclusive virtual), sede de empresa, grupo de salas, centro empresarial",nR1-12 (até 1250) ;  nR2-12 (acima de 1250),nR1-12,"1250,00",nR2-12,"1250,01",-,-,1.01,"Administração, Organização e Planejamento",VALIDAÇÃO
1732-0/00,Fabricação de embalagens de cartolina e papel-cartão,MÉDIO RISCO,Regra 22,09.16.03,Fabricação de embalagens de papel ou papelão liso ou corrugado,ID3-16,ID3-16,Q,-,Q,-,,3.00,Estabelecimentos Industriais,VALIDAÇÃO
1732-0/00,Fabricação de embalagens de cartolina e papel-cartão,MÉDIO RISCO,Regra 22,07.09.01,"Confecção de artefatos de bambu, vime, junco e palha, confecção de artefatos de cortiça, papelão, cartolina e cartão",nR1-09 (Qualquer área),nR1-09,Q,-,Q,-,-,1.18,Estabelecimentos não classificados nos  Itens 1.01 a 1.17,VALIDAÇÃO
1732-0/00,Fabricação de embalagens de cartolina e papel-cartão,MÉDIO RISCO,Regra 22,07.12.13,"Escritório (inclusive virtual), sede de empresa, grupo de salas, centro empresarial",nR1-12 (até 1250) ;  nR2-12 (acima de 1250),nR1-12,"1250,00",nR2-12,"1250,01",-,-,1.01,"Administração, Organização e Planejamento",VALIDAÇÃO
1733-8/00,Fabricação de chapas e de embalagens de papelão ondulado,MÉDIO RISCO,Regra 22,09.16.03,Fabricação de embalagens de papel ou papelão liso ou corrugado,ID3-16,ID3-16,Q,-,Q,-,,3.00,Estabelecimentos Industriais,VALIDAÇÃO
1733-8/00,Fabricação de chapas e de embalagens de papelão ondulado,MÉDIO RISCO,Regra 22,07.09.01,"Confecção de artefatos de bambu, vime, junco e palha, confecção de artefatos de cortiça, papelão, cartolina e cartão",nR1-09 (Qualquer área),nR1-09,Q,-,Q,-,-,1.18,Estabelecimentos não classificados nos  Itens 1.01 a 1.17,VALIDAÇÃO
1733-8/00,Fabricação de chapas e de embalagens de papelão ondulado,MÉDIO RISCO,Regra 22,07.12.13,"Escritório (inclusive virtual), sede de empresa, grupo de salas, centro empresarial",nR1-12 (até 1250) ;  nR2-12 (acima de 1250),nR1-12,"1250,00",nR2-12,"1250,01",-,-,1.01,"Administração, Organização e Planejamento",VALIDAÇÃO
1741-9/01,Fabricação de formulários contínuos,ALTO,Regra 5,09.16.01,"Fabricação de artefatos diversos de papel, papelão, cartolina e cartão, não associados à fabricação de papel",ID1-16,ID1-16,Q,-,Q,-,,3.00,Estabelecimentos Industriais,VALIDAÇÃO
1741-9/01,Fabricação de formulários contínuos,BAIXO RISCO,Regra 5,07.12.13,"Escritório (inclusive virtual), sede de empresa, grupo de salas, centro empresarial",nR1-12 (até 1250) ;  nR2-12 (acima de 1250),nR1-12,"1250,00",nR2-12,"1250,01",-,-,1.01,"Administração, Organização e Planejamento",VALIDAÇÃO
1741-9/02,"Fabricação de produtos de papel, cartolina, papel-cartão e papelão ondulado para uso comercial e de escritório, exceto formulário contínuo",ALTO,Regras 58 e 59,09.16.01,"Fabricação de artefatos diversos de papel, papelão, cartolina e cartão, não associados à fabricação de papel",ID1-16,ID1-16,Q,-,Q,-,,3.00,Estabelecimentos Industriais,VALIDAÇÃO
1741-9/02,"Fabricação de produtos de papel, cartolina, papel-cartão e papelão ondulado para uso comercial e de escritório, exceto formulário contínuo",MÉDIO RISCO,Regras 58 e 59,07.09.01,"Confecção de artefatos de bambu, vime, junco e palha, confecção de artefatos de cortiça, papelão, cartolina e cartão",nR1-09 (Qualquer área),nR1-09,Q,-,Q,-,-,1.18,Estabelecimentos não Classificados nos  Itens1.01 a 1.17,VALIDAÇÃO
1741-9/02,"Fabricação de produtos de papel, cartolina, papel-cartão e papelão ondulado para uso comercial e de escritório, exceto formulário contínuo",BAIXO RISCO,Regras 58 e 59,07.12.13,"Escritório (inclusive virtual), sede de empresa, grupo de salas, centro empresarial",nR1-12 (até 1250) ;  nR2-12 (acima de 1250),nR1-12,"1250,00",nR2-12,"1250,01",-,-,1.01,"Administração, Organização e Planejamento",VALIDAÇÃO
1742-7/01,Fabricação de fraldas descartáveis,ALTO,Regra 47,09.16.01,"Fabricação de artefatos diversos de papel, papelão, cartolina e cartão, não associados à fabricação de papel",ID1-16,ID1-16,Q,-,Q,-,,3.00,Estabelecimentos Industriais,VALIDAÇÃO
1742-7/01,Fabricação de fraldas descartáveis,ALTO,Regra 47,07.09.17,"Outros serviços técnicos de confecção, manutenção e reparação não classificados",nR1-09 (Até 350) ; nR2-09 (Acima de 350),nR1-09,"350,00",nR2-09,"350,01",,,1.18,Estabelecimentos não classificados nos  Itens 1.01 a 1.17,VALIDAÇÃO
1742-7/01,Fabricação de fraldas descartáveis,ALTO,Regra 47,07.12.13,"Escritório (inclusive virtual), sede de empresa, grupo de salas, centro empresarial",nR1-12 (até 1250) ;  nR2-12 (acima de 1250),nR1-12,"1250,00",nR2-12,"1250,01",-,-,1.01,"Administração, Organização e Planejamento",VALIDAÇÃO
1742-7/02,Fabricação de absorventes higiênicos,ALTO,Regra 49,09.16.01,"Fabricação de artefatos diversos de papel, papelão, cartolina e cartão, não associados à fabricação de papel",ID1-16,ID1-16,Q,-,Q,-,,3.00,Estabelecimentos Industriais,VALIDAÇÃO
1742-7/02,Fabricação de absorventes higiênicos,ALTO,Regra 49,07.12.13,"Escritório (inclusive virtual), sede de empresa, grupo de salas, centro empresarial",nR1-12 (até 1250) ;  nR2-12 (acima de 1250),nR1-12,"1250,00",nR2-12,"1250,01",-,-,1.01,"Administração, Organização e Planejamento",VALIDAÇÃO
1742-7/99,Fabricação de produtos de papel para uso doméstico e higiênico-sanitário não especificados anteriormente,ALTO,Regras 58 e 59,09.16.01,"Fabricação de artefatos diversos de papel, papelão, cartolina e cartão, não associados à fabricação de papel",ID1-16,ID1-16,Q,-,Q,-,,3.00,Estabelecimentos Industriais,VALIDAÇÃO
1742-7/99,Fabricação de produtos de papel para uso doméstico e higiênico-sanitário não especificados anteriormente,MÉDIO RISCO,Regras 58 e 59,07.09.01,"Confecção de artefatos de bambu, vime, junco e palha, confecção de artefatos de cortiça, papelão, cartolina e cartão",nR1-09 (Qualquer área),nR1-09,Q,-,Q,-,-,1.18,Estabelecimentos não Classificados nos  Itens1.01 a 1.17,VALIDAÇÃO
1742-7/99,Fabricação de produtos de papel para uso doméstico e higiênico-sanitário não especificados anteriormente,BAIXO RISCO,Regras 58 e 59,07.12.13,"Escritório (inclusive virtual), sede de empresa, grupo de salas, centro empresarial",nR1-12 (até 1250) ;  nR2-12 (acima de 1250),nR1-12,"1250,00",nR2-12,"1250,01",-,-,1.01,"Administração, Organização e Planejamento",VALIDAÇÃO
1749-4/00,"Fabricação de produtos de pastas celulósicas, papel, cartolina, papel-cartão e papelão ondulado não especificados anteriormente",ALTO,Regras 58 e 59,09.16.01,"Fabricação de artefatos diversos de papel, papelão, cartolina e cartão, não associados à fabricação de papel",ID1-16,ID1-16,Q,-,Q,-,,3.00,Estabelecimentos Industriais,VALIDAÇÃO
1749-4/00,"Fabricação de produtos de pastas celulósicas, papel, cartolina, papel-cartão e papelão ondulado não especificados anteriormente",MÉDIO RISCO,Regras 58 e 59,07.09.17,"Outros serviços técnicos de confecção, manutenção e reparação não classificados",nR1-09 (Até 350) ; nR2-09 (Acima de 350),nR1-09,"350,00",nR2-09,"350,01",,,1.18,Estabelecimentos não classificados nos  Itens 1.01 a 1.17,VALIDAÇÃO
1749-4/00,"Fabricação de produtos de pastas celulósicas, papel, cartolina, papel-cartão e papelão ondulado não especificados anteriormente",BAIXO RISCO,Regras 58 e 59,07.12.13,"Escritório (inclusive virtual), sede de empresa, grupo de salas, centro empresarial",nR1-12 (até 1250) ;  nR2-12 (acima de 1250),nR1-12,"1250,00",nR2-12,"1250,01",-,-,1.01,"Administração, Organização e Planejamento",VALIDAÇÃO
1811-3/01,Impressão de jornais,MÉDIO RISCO,Regra 60,07.12.09,"Copiadora, gráfica, “lan house”",nR1-12 (Até 350) ; nR2-12 (Acima de 350),nR1-12,350,nR2-12,350.01,-,-,1.18,Estabelecimentos não Classificados nos Códigos 1.01 a 1.17,VALIDAÇÃO
1811-3/01,Impressão de jornais,ALTO,Regra 60,09.06.02,Edição e impressão em geral,ID3-06,ID3-06,-,Q,-,-,-,3.00,Estabelecimentos Industriais,VALIDAÇÃO
1811-3/01,Impressão de jornais,BAIXO RISCO,Regra 60,07.12.13,"Escritório (inclusive virtual), sede de empresa, grupo de salas, centro empresarial",nR1-12 (até 1250) ;  nR2-12 (acima de 1250),nR1-12,"1250,00",nR2-12,"1250,01",-,-,1.01,"Administração, Organização e Planejamento",VALIDAÇÃO
1811-3/02,"Impressão de livros, revistas e outras publicações periódicas",MÉDIO RISCO,Regra 60,2009-12-07,"Copiadora, gráfica, “lan house”",nR1-12 (Até 350) ; nR2-12 (Acima de 350),nR1-12,350,nR2-12,350.01,-,-,1.18,Estabelecimentos não Classificados nos Códigos 1.01 a 1.17,VALIDAÇÃO
1811-3/02,"Impressão de livros, revistas e outras publicações periódicas",BAIXO RISCO,Regra 60,07.12.13,"Escritório (inclusive virtual), sede de empresa, grupo de salas, centro empresarial",nR1-12 (até 1250) ;  nR2-12 (acima de 1250),nR1-12,"1250,00",nR2-12,"1250,01",-,-,1.01,"Administração, Organização e Planejamento",VALIDAÇÃO
1811-3/02,"Impressão de livros, revistas e outras publicações periódicas",ALTO,Regra 60,09.06.02,Edição e impressão em geral,ID3-06,ID3-06,Q,-,Q,-,-,3.00,Estabelecimentos Industriais,VALIDAÇÃO
1812-1/00,Impressão de material de segurança,MÉDIO RISCO,Regra 60,07.12.09,"Copiadora, gráfica, “lan house”",nR1-12 (Até 350) ; nR2-12 (Acima de 350),nR1-12,350,nR2-12,350.01,-,-,1.18,Estabelecimentos não Classificados nos Códigos 1.01 a 1.17,VALIDAÇÃO
1812-1/00,Impressão de material de segurança,BAIXO RISCO,Regra 60,07.12.13,"Escritório (inclusive virtual), sede de empresa, grupo de salas, centro empresarial",nR1-12 (até 1250) ;  nR2-12 (acima de 1250),nR1-12,"1250,00",nR2-12,"1250,01",-,-,1.01,"Administração, Organização e Planejamento",VALIDAÇÃO
1812-1/00,Impressão de material de segurança,ALTO,Regra 60,09.06.02,Edição e impressão em geral,ID3-06,ID3-06,Q,-,Q,-,-,3.00,Estabelecimentos Industriais,VALIDAÇÃO
1813-0/01,Impressão de material para uso publicitário,MÉDIO RISCO,Regra 60,07.12.09,"Copiadora, gráfica, “lan house”",nR1-12 (Até 350) ; nR2-12 (Acima de 350),nR1-12,350,nR2-12,350.01,-,-,1.18,Estabelecimentos não Classificados nos Códigos 1.01 a 1.17,VALIDAÇÃO
1813-0/01,Impressão de material para uso publicitário,ALTO,Regra 60,09.06.02,Edição e impressão em geral,ID3-06,ID3-06,Q,-,Q,-,-,3.00,Estabelecimentos Industriais,VALIDAÇÃO
1813-0/01,Impressão de material para uso publicitário,BAIXO RISCO,Regra 60,07.12.13,"Escritório (inclusive virtual), sede de empresa, grupo de salas, centro empresarial",nR1-12 (até 1250) ;  nR2-12 (acima de 1250),nR1-12,"1250,00",nR2-12,"1250,01",-,-,1.01,"Administração, Organização e Planejamento",VALIDAÇÃO
1813-0/99,Impressão de material para outros usos,MÉDIO RISCO,Regra 60,07.12.09,"Copiadora, gráfica, “lan house”",nR1-12 (Até 350) ; nR2-12 (Acima de 350),nR1-12,350,nR2-12,350.01,-,-,1.18,Estabelecimentos não Classificados nos Códigos 1.01 a 1.17,VALIDAÇÃO
1813-0/99,Impressão de material para outros usos,BAIXO RISCO,Regra 60,07.12.13,"Escritório (inclusive virtual), sede de empresa, grupo de salas, centro empresarial",nR1-12 (até 1250) ;  nR2-12 (acima de 1250),nR1-12,"1250,00",nR2-12,"1250,01",-,-,1.01,"Administração, Organização e Planejamento",VALIDAÇÃO
1813-0/99,Impressão de material para outros usos,ALTO,Regra 60,09.06.02,Edição e impressão em geral,ID3-06,ID3-06,Q,-,Q,-,-,3.00,Estabelecimentos Industriais,VALIDAÇÃO
1821-1/00,Serviços de pré-impressão,MÉDIO RISCO,Regra 5,07.12.09,"Copiadora, gráfica, “lan house”",nR1-12 (Até 350) ; nR2-12 (Acima de 350),nR1-12,350,nR2-12,350.01,-,-,1.18,Estabelecimentos não classificados nos  Itens 1.01 a 1.17,VALIDAÇÃO
1821-1/00,Serviços de pré-impressão,BAIXO RISCO,Regra 5,07.12.13,"Escritório (inclusive virtual), sede de empresa, grupo de salas, centro empresarial",nR1-12 (até 1250) ;  nR2-12 (acima de 1250),nR1-12,"1250,00",nR2-12,"1250,01",-,-,1.01,"Administração, Organização e Planejamento",VALIDAÇÃO
1822-9/01,Serviços de encadernação e plastificação,BAIXO RISCO,Regra 4,07.12.09,"Copiadora, gráfica, “lan house”",nR1-12 (Até 350) ; nR2-12 (Acima de 350),nR1-12,350,nR2-12,350.01,-,-,1.18,Estabelecimentos não classificados nos  Itens 1.01 a 1.17,VALIDAÇÃO
1822-9/01,Serviços de encadernação e plastificação,BAIXO RISCO,Regra 4,07.12.13,"Escritório (inclusive virtual), sede de empresa, grupo de salas, centro empresarial",nR1-12 (Até 1250) ; nR2-12 (Acima de 1250),nR1-12,"1250,00",nR2-12,"1250,01",-,-,1.01,"Administração, Organização e Planejamento",VALIDAÇÃO
1822-9/99,"Serviços de acabamentos gráficos, exceto encadernação e plastificação",BAIXO RISCO,Regra 4,07.12.09,"Copiadora, gráfica, “lan house”",nR1-12 (Até 350) ; nR2-12 (Acima de 350),nR1-12,350,nR2-12,350.01,-,-,1.18,Estabelecimentos não classificados nos  Itens 1.01 a 1.17,VALIDAÇÃO
1822-9/99,"Serviços de acabamentos gráficos, exceto encadernação e plastificação",BAIXO RISCO,Regra 4,07.12.13,"Escritório (inclusive virtual), sede de empresa, grupo de salas, centro empresarial",nR1-12 (até 1250) ;  nR2-12 (acima de 1250),nR1-12,"1250,00",nR2-12,"1250,01",-,-,1.01,"Administração, Organização e Planejamento",VALIDAÇÃO
1830-0/01,Reprodução de som em qualquer suporte,MÉDIO RISCO,Regra 5,07.12.08,"Estúdio e laboratório fotográfico, gravação de vídeo, de sons e de filmagens",nR1-12 (Até 350) ; nR2-12 (Acima de 350),nR1-12,"350,00",nR2-12,"350,01",-,-,1.09,"Estabelecimentos fotográficos, de Produção Cinematográfica e Afins",VALIDAÇÃO
1830-0/01,Reprodução de som em qualquer suporte,BAIXO RISCO,Regra 5,07.12.13,"Escritório (inclusive virtual), sede de empresa, grupo de salas, centro empresarial",nR1-12 (até 1250) ; nR2-12 (acima de 1250),nR1-12,1250,nR2-12,1250.01,-,-,1.01,"Administração, Organização e Planejamento",VALIDAÇÃO
1830-0/02,Reprodução de vídeo em qualquer suporte,MÉDIO RISCO,Regra 5,07.12.08,"Estúdio e laboratório fotográfico, gravação de vídeo, de sons e de filmagens",nR1-12 (Até 350) ; nR2-12 (Acima de 350),nR1-12,"350,00",nR2-12,"350,01",-,-,1.09,"Estabelecimentos fotográficos, de Produção Cinematográfica e Afins",VALIDAÇÃO
1830-0/02,Reprodução de vídeo em qualquer suporte,BAIXO RISCO,Regra 5,07.12.13,"Escritório (inclusive virtual), sede de empresa, grupo de salas, centro empresarial",nR1-12 (até 1250) ; nR2-12 (acima de 1250),nR1-12,"1250,00",nR2-12,"1250,01",-,-,1.01,"Administração, Organização e Planejamento",VALIDAÇÃO
1830-0/03,Reprodução de software em qualquer suporte,MÉDIO RISCO,Regra 5,07.12.08,"Estúdio e laboratório fotográfico, gravação de vídeo, de sons e de filmagens",nR1-12 (Até 350) ; nR2-12 (Acima de 350),nR1-12,"350,00",nR2-12,"350,01",-,-,1.09,"Estabelecimentos fotográficos, de Produção Cinematográfica e Afins",VALIDAÇÃO
1830-0/03,Reprodução de software em qualquer suporte,BAIXO RISCO,Regra 5,07.12.13,"Escritório (inclusive virtual), sede de empresa, grupo de salas, centro empresarial",nR1-12 (até 1250) ; nR2-12 (acima de 1250),nR1-12,"1250,00",nR2-12,"1250,01",-,-,1.01,"Administração, Organização e Planejamento",VALIDAÇÃO
1910-1/00,Coquerias,ALTO,Regra 5,09.17.01,Fabricação de coque,ID3-17,ID3-17,Q,-,Q,-,,3.00,Estabelecimentos Industriais,VALIDAÇÃO
1910-1/00,Coquerias,BAIXO RISCO,Regra 5,07.12.13,"Escritório (inclusive virtual), sede de empresa, grupo de salas, centro empresarial",nR1-12 (até 1250) ;  nR2-12 (acima de 1250),nR1-12,"1250,00",nR2-12,"1250,01",-,-,1.01,"Administração, Organização e Planejamento",VALIDAÇÃO
1921-7/00,Fabricação de produtos do refino de petróleo,ALTO,Regra 5,09.17.02,Refino de petróleo,ID3-17,ID3-17,Q,-,Q,-,,3.00,Estabelecimentos Industriais,VALIDAÇÃO
1921-7/00,Fabricação de produtos do refino de petróleo,BAIXO RISCO,Regra 5,07.12.13,"Escritório (inclusive virtual), sede de empresa, grupo de salas, centro empresarial",nR1-12 (até 1250) ;  nR2-12 (acima de 1250),nR1-12,"1250,00",nR2-12,"1250,01",-,-,1.01,"Administração, Organização e Planejamento",VALIDAÇÃO
1922-5/01,Formulação de combustíveis,ALTO,Regra 5,09.17.03,"Fabricação de combustíveis e lubrificantes - gasolina, querosene, óleo combustível, gás liquefeito de petróleo e óleos lubrificantes",ID3-17,ID3-17,Q,-,Q,-,,3.00,Estabelecimentos Industriais,VALIDAÇÃO
1922-5/01,Formulação de combustíveis,BAIXO RISCO,Regra 5,07.12.13,"Escritório (inclusive virtual), sede de empresa, grupo de salas, centro empresarial",nR1-12 (até 1250) ;  nR2-12 (acima de 1250),nR1-12,"1250,00",nR2-12,"1250,01",-,-,1.01,"Administração, Organização e Planejamento",VALIDAÇÃO
1922-5/02,Rerrefino de óleos lubrificantes,ALTO,Regra 5,09.17.03,"Fabricação de combustíveis e lubrificantes - gasolina, querosene, óleo combustível, gás liquefeito de petróleo e óleos lubrificantes",ID3-17,ID3-17,Q,-,Q,-,,3.00,Estabelecimentos Industriais,VALIDAÇÃO
1922-5/02,Rerrefino de óleos lubrificantes,BAIXO RISCO,Regra 5,07.12.13,"Escritório (inclusive virtual), sede de empresa, grupo de salas, centro empresarial",nR1-12 (até 1250) ;  nR2-12 (acima de 1250),nR1-12,"1250,00",nR2-12,"1250,01",-,-,1.01,"Administração, Organização e Planejamento",VALIDAÇÃO
1922-5/99,"Fabricação de outros produtos derivados do petróleo, exceto produtos do refino",ALTO,Regra 1,09.17.24,"Fabricação de graxas lubrificantes, cera, parafinas, vaselina, coque de petróleo e outros derivados de petróleo",ID3-19 (subgrupo 2),ID3-19 (subgrupo 2),Q,-,Q,-,,3.00,Estabelecimentos Industriais,VALIDAÇÃO
1922-5/99,"Fabricação de outros produtos derivados do petróleo, exceto produtos do refino",ALTO,Regra 1,09.17.04,"Fabricação de materiais petroquímicos básicos e de produtos petroquímicos primários e intermediários, exclusive produtos finais",ID3-17,ID3-17,Q,-,Q,-,,3.00,Estabelecimentos Industriais,VALIDAÇÃO
1922-5/99,"Fabricação de outros produtos derivados do petróleo, exceto produtos do refino",ALTO,Regra 1,09.17.10,Outras formas de produção de derivados de petróleo,ID3-17,ID3-17,Q,-,Q,-,,3.00,Estabelecimentos Industriais,VALIDAÇÃO
1922-5/99,"Fabricação de outros produtos derivados do petróleo, exceto produtos do refino",BAIXO RISCO,Regra 1,07.12.13,"Escritório (inclusive virtual), sede de empresa, grupo de salas, centro empresarial",nR1-12 (até 1250) ;  nR2-12 (acima de 1250),nR1-12,"1250,00",nR2-12,"1250,01",-,-,1.01,"Administração, Organização e Planejamento",VALIDAÇÃO
1931-4/00,Fabricação de álcool,ALTO,Regra 5,09.19.01,Fabricação de álcool,ID3-19 (subgrupo 1),ID3-19 (subgrupo 1),Q,-,Q,-,-,3.00,Estabelecimentos Industriais,VALIDAÇÃO
1931-4/00,Fabricação de álcool,BAIXO RISCO,Regra 5,07.12.13,"Escritório (inclusive virtual), sede de empresa, grupo de salas, centro empresarial",nR1-12 (até 1250) ;  nR2-12 (acima de 1250),nR1-12,"1250,00",nR2-12,"1250,01",-,-,1.01,"Administração, Organização e Planejamento",VALIDAÇÃO
1932-2/00,Fabricação de biocombustíveis,ALTO,Regra 5,09.19.05,Fabricação de outros produtos químicos orgânicos,ID3-19 (subgrupo 1),ID3-19 (subgrupo 1),Q,-,Q,-,-,3.00,Estabelecimentos Industriais,VALIDAÇÃO
1932-2/00,Fabricação de biocombustíveis,BAIXO RISCO,Regra 5,07.12.13,"Escritório (inclusive virtual), sede de empresa, grupo de salas, centro empresarial",nR1-12 (até 1250) ;  nR2-12 (acima de 1250),nR1-12,"1250,00",nR2-12,"1250,01",-,-,1.01,"Administração, Organização e Planejamento",VALIDAÇÃO
2011-8/00,Fabricação de cloro e álcalis,ALTO,Regra 5,09.19.02,Fabricação de cloro e álcalis,ID3-19 (subgrupo 1),ID3-19 (subgrupo 1),Q,-,Q,-,-,3.00,Estabelecimentos Industriais,VALIDAÇÃO
2011-8/00,Fabricação de cloro e álcalis,BAIXO RISCO,Regra 5,07.12.13,"Escritório (inclusive virtual), sede de empresa, grupo de salas, centro empresarial",nR1-12 (até 1250) ;  nR2-12 (acima de 1250),nR1-12,"1250,00",nR2-12,"1250,01",-,-,1.01,"Administração, Organização e Planejamento",VALIDAÇÃO
2012-6/00,Fabricação de intermediários para fertilizantes,ALTO,Regra 5,09.19.25,Fabricação de intermediários para fertilizantes,ID3-19 (subgrupo 2),ID3-19 (subgrupo 2),Q,-,Q,-,,3.00,Estabelecimentos Industriais,VALIDAÇÃO
2012-6/00,Fabricação de intermediários para fertilizantes,BAIXO RISCO,Regra 5,07.12.13,"Escritório (inclusive virtual), sede de empresa, grupo de salas, centro empresarial",nR1-12 (até 1250) ;  nR2-12 (acima de 1250),nR1-12,"1250,00",nR2-12,"1250,01",-,-,1.01,"Administração, Organização e Planejamento",VALIDAÇÃO
2013-4/01,Fabricação de adubos e fertilizantes organominerais,ALTO,Regra 5,09.19.13,"Fabricação de fertilizantes fosfatados, nitrogenados e potássicos, adubos em geral",ID3-19 (subgrupo 1),ID3-19 (subgrupo 1),Q,-,Q,-,-,3.00,Estabelecimentos Industriais,VALIDAÇÃO
2013-4/01,Fabricação de adubos e fertilizantes organominerais,BAIXO RISCO,Regra 5,07.12.13,"Escritório (inclusive virtual), sede de empresa, grupo de salas, centro empresarial",nR1-12 (até 1250) ;  nR2-12 (acima de 1250),nR1-12,"1250,00",nR2-12,"1250,01",-,-,1.01,"Administração, Organização e Planejamento",VALIDAÇÃO
2013-4/02,"Fabricação de adubos e fertilizantes, exceto organominerais",ALTO,Regra 5,09.19.13,"Fabricação de fertilizantes fosfatados, nitrogenados e potássicos, adubos em geral",ID3-19 (subgrupo 1),ID3-19 (subgrupo 1),Q,-,Q,-,-,3.00,Estabelecimentos Industriais,VALIDAÇÃO
2013-4/02,"Fabricação de adubos e fertilizantes, exceto organominerais",BAIXO RISCO,Regra 5,07.12.13,"Escritório (inclusive virtual), sede de empresa, grupo de salas, centro empresarial",nR1-12 (até 1250) ;  nR2-12 (acima de 1250),nR1-12,"1250,00",nR2-12,"1250,01",-,-,1.01,"Administração, Organização e Planejamento",VALIDAÇÃO
2014-2/00,Fabricação de gases industriais,MÉDIO RISCO,Regra 22,09.19.03,Fabricação de gases industriais,ID3-19 (subgrupo 1),ID3-19 (subgrupo 1),Q,-,Q,-,-,3.00,Estabelecimentos Industriais,VALIDAÇÃO
2014-2/00,Fabricação de gases industriais (incluindo gelo seco),MÉDIO RISCO,Regra 22,09.02.07,Fabricação de gelo comum ou usando freon como refrigerante,ID1-02,ID1-02,Q,-,Q,-,,3.00,Estabelecimentos Industriais,VALIDAÇÃO
2014-2/00,Fabricação de gases industriais,MÉDIO RISCO,Regra 22,07.12.13,"Escritório (inclusive virtual), sede de empresa, grupo de salas, centro empresarial",nR1-12 (até 1250) ;  nR2-12 (acima de 1250),nR1-12,"1250,00",nR2-12,"1250,01",-,-,1.01,"Administração, Organização e Planejamento",VALIDAÇÃO
2019-3/01,Elaboração de combustíveis nucleares,ALTO,Regra 5,09.19.04,fabricação de outros produtos inorgânicos,ID3-19 (subgrupo 1),ID3-19 (subgrupo 1),Q,-,Q,-,-,3.00,Estabelecimentos Industriais,VALIDAÇÃO
2019-3/01,Elaboração de combustíveis nucleares,BAIXO RISCO,Regra 5,07.12.13,"Escritório (inclusive virtual), sede de empresa, grupo de salas, centro empresarial",nR1-12 (até 1250) ;  nR2-12 (acima de 1250),nR1-12,"1250,00",nR2-12,"1250,01",-,-,1.01,"Administração, Organização e Planejamento",VALIDAÇÃO
2019-3/99,Fabricação de outros produtos químicos inorgânicos não especificados anteriormente,MÉDIO RISCO,Regra 22,09.19.04,fabricação de outros produtos inorgânicos,ID3-19 (subgrupo 1),ID3-19 (subgrupo 1),Q,-,Q,-,-,3.00,Estabelecimentos Industriais,VALIDAÇÃO
2019-3/99,Fabricação de outros produtos químicos inorgânicos não especificados anteriormente,MÉDIO RISCO,Regra 22,09.07.02,Extração de produtos tanantes e tintoriais,ID2-07,ID2-07,Q,-,Q,,,3.00,Estabelecimentos Industriais,VALIDAÇÃO
2019-3/99,Fabricação de outros produtos químicos inorgânicos não especificados anteriormente,MÉDIO RISCO,Regra 22,09.13.05,Metalurgia de metais preciosos,ID3-13 (subgrupo 1,ID3-13 (subgrupo 1,Q,-,Q,-,,3.00,Estabelecimentos Industriais,VALIDAÇÃO
2019-3/99,Fabricação de outros produtos químicos inorgânicos não especificados anteriormente,MÉDIO RISCO,Regra 22,09.13.04,Metalurgia do alumínio e suas ligas em geral,ID3-13 (subgrupo 1,ID3-13 (subgrupo 1,Q,-,Q,-,,3.00,Estabelecimentos Industriais,VALIDAÇÃO
2019-3/99,Fabricação de outros produtos químicos inorgânicos não especificados anteriormente,MÉDIO RISCO,Regra 22,07.12.13,"Escritório (inclusive virtual), sede de empresa, grupo de salas, centro empresarial",nR1-12 (até 1250) ;  nR2-12 (acima de 1250),nR1-12,"1250,00",nR2-12,"1250,01",-,-,1.01,"Administração, Organização e Planejamento",VALIDAÇÃO
2021-5/00,Fabricação de produtos petroquímicos básicos,ALTO,Regra 5,09.19.26,Fabricação de produtos petroquímicos básicos,ID3-19 (subgrupo 2),ID3-19 (subgrupo 2),Q,-,Q,-,,3.00,Estabelecimentos Industriais,VALIDAÇÃO
2021-5/00,Fabricação de produtos petroquímicos básicos,BAIXO RISCO,Regra 5,07.12.13,"Escritório (inclusive virtual), sede de empresa, grupo de salas, centro empresarial",nR1-12 (até 1250) ;  nR2-12 (acima de 1250),nR1-12,"1250,00",nR2-12,"1250,01",-,-,1.01,"Administração, Organização e Planejamento",VALIDAÇÃO
2022-3/00,"Fabricação de intermediários para plastificantes, resinas e fibras",ALTO,Regra 5,09.19.27,Fabricação de intermediários para resinas e fibras,ID3-19 (subgrupo 2),ID3-19 (subgrupo 2),Q,-,Q,-,,3.00,Estabelecimentos Industriais,VALIDAÇÃO
2022-3/00,"Fabricação de intermediários para plastificantes, resinas e fibras",BAIXO RISCO,Regra 5,07.12.13,"Escritório (inclusive virtual), sede de empresa, grupo de salas, centro empresarial",nR1-12 (até 1250) ;  nR2-12 (acima de 1250),nR1-12,"1250,00",nR2-12,"1250,01",-,-,1.01,"Administração, Organização e Planejamento",VALIDAÇÃO
2029-1/00,Fabricação de produtos químicos orgânicos não especificados anteriormente,MÉDIO RISCO,Regra 22,09.19.32,Fabricação de produtos da destilação da madeira,ID3-19 (subgrupo 2),ID3-19 (subgrupo 2),Q,-,Q,-,,3.00,Estabelecimentos Industriais,VALIDAÇÃO
2029-1/00,Fabricação de produtos químicos orgânicos não especificados anteriormente,MÉDIO RISCO,Regra 22,09.19.05,Fabricação de outros produtos químicos orgânicos,ID3-19 (subgrupo 1),ID3-19 (subgrupo 1),Q,-,Q,-,-,3.00,Estabelecimentos Industriais,VALIDAÇÃO
2029-1/00,Fabricação de produtos químicos orgânicos não especificados anteriormente,MÉDIO RISCO,Regra 22,07.12.13,"Escritório (inclusive virtual), sede de empresa, grupo de salas, centro empresarial",nR1-12 (até 1250) ;  nR2-12 (acima de 1250),nR1-12,"1250,00",nR2-12,"1250,01",-,-,1.01,"Administração, Organização e Planejamento",VALIDAÇÃO
2031-2/00,Fabricação de resinas termoplásticas,ALTO,Regra 5,09.19.14,Fabricação de resinas e elastômetros,ID3-19 (subgrupo 1),ID3-19 (subgrupo 1),Q,-,Q,-,-,3.00,Estabelecimentos Industriais,VALIDAÇÃO
2031-2/00,Fabricação de resinas termoplásticas,BAIXO RISCO,Regra 5,07.12.13,"Escritório (inclusive virtual), sede de empresa, grupo de salas, centro empresarial",nR1-12 (até 1250) ;  nR2-12 (acima de 1250),nR1-12,"1250,00",nR2-12,"1250,01",-,-,1.01,"Administração, Organização e Planejamento",VALIDAÇÃO
2032-1/00,Fabricação de resinas termofixas,ALTO,Regra 5,09.19.14,Fabricação de resinas e elastômetros,ID3-19 (subgrupo 1),ID3-19 (subgrupo 1),Q,-,Q,-,-,3.00,Estabelecimentos Industriais,VALIDAÇÃO
2032-1/00,Fabricação de resinas termofixas,BAIXO RISCO,Regra 5,07.12.13,"Escritório (inclusive virtual), sede de empresa, grupo de salas, centro empresarial",nR1-12 (até 1250) ;  nR2-12 (acima de 1250),nR1-12,"1250,00",nR2-12,"1250,01",-,-,1.01,"Administração, Organização e Planejamento",VALIDAÇÃO
2033-9/00,Fabricação de elastômeros,ALTO,Regra 5,09.19.14,Fabricação de resinas e elastômetros,ID3-19 (subgrupo 1),ID3-19 (subgrupo 1),Q,-,Q,-,-,3.00,Estabelecimentos Industriais,VALIDAÇÃO
2033-9/00,Fabricação de elastômeros,BAIXO RISCO,Regra 5,07.12.13,"Escritório (inclusive virtual), sede de empresa, grupo de salas, centro empresarial",nR1-12 (até 1250) ;  nR2-12 (acima de 1250),nR1-12,"1250,00",nR2-12,"1250,01",-,-,1.01,"Administração, Organização e Planejamento",VALIDAÇÃO
2040-1/00,Fabricação de fibras artificiais e sintéticas,ALTO,Regra 5,09.19.15,"Fabricação de fibras, fios, cabos e filamentos contínuos artificiais e sintéticas",ID3-19 (subgrupo 1),ID3-19 (subgrupo 1),Q,-,Q,-,-,3.00,Estabelecimentos Industriais,VALIDAÇÃO
2040-1/00,Fabricação de fibras artificiais e sintéticas,BAIXO RISCO,Regra 5,07.12.13,"Escritório (inclusive virtual), sede de empresa, grupo de salas, centro empresarial",nR1-12 (até 1250) ;  nR2-12 (acima de 1250),nR1-12,"1250,00",nR2-12,"1250,01",-,-,1.01,"Administração, Organização e Planejamento",VALIDAÇÃO
2051-7/00,Fabricação de defensivos agrícolas,ALTO,Regra 1,09.19.16,Fabricação de defensivos agrícolas,ID3-19 (subgrupo 1),ID3-19 (subgrupo 1),Q,-,Q,-,-,3.00,Estabelecimentos Industriais,VALIDAÇÃO
2051-7/00,Fabricação de defensivos agrícolas,ALTO,Regra 1,09.19.21,Fabricação de fungicidas,ID3-19 (subgrupo 1),ID3-19 (subgrupo 1),Q,-,Q,-,-,3.00,Estabelecimentos Industriais,VALIDAÇÃO
2051-7/00,Fabricação de defensivos agrícolas,ALTO,Regra 1,09.19.22,Fabricação de herbicidas,ID3-19 (subgrupo 1),ID3-19 (subgrupo 1),Q,-,Q,-,-,3.00,Estabelecimentos Industriais,VALIDAÇÃO
2051-7/00,Fabricação de defensivos agrícolas,BAIXO RISCO,Regra 1,07.12.13,"Escritório (inclusive virtual), sede de empresa, grupo de salas, centro empresarial",nR1-12 (até 1250) ;  nR2-12 (acima de 1250),nR1-12,"1250,00",nR2-12,"1250,01",-,-,1.01,"Administração, Organização e Planejamento",VALIDAÇÃO
2052-5/00,Fabricação de desinfestantes domissanitários,ALTO,Regra 47,09.19.21,Fabricação de fungicidas,ID3-19 (subgrupo 1),ID3-19 (subgrupo 1),Q,-,Q,-,-,3.00,Estabelecimentos Industriais,VALIDAÇÃO
2052-5/00,Fabricação de desinfestantes domissanitários,ALTO,Regra 47,09.19.22,Fabricação de herbicidas,ID3-19 (subgrupo 1),ID3-19 (subgrupo 1),Q,-,Q,-,-,3.00,Estabelecimentos Industriais,VALIDAÇÃO
2052-5/00,Fabricação de desinfestantes domissanitários,ALTO,Regra 47,07.12.13,"Escritório (inclusive virtual), sede de empresa, grupo de salas, centro empresarial",nR1-12 (até 1250) ;  nR2-12 (acima de 1250),nR1-12,"1250,00",nR2-12,"1250,01",-,-,1.01,"Administração, Organização e Planejamento",VALIDAÇÃO
2061-4/00,Fabricação de sabões e detergentes sintéticos,ALTO,Regra 49,09.19.07,"Fabricação de sabões, sabonetes e detergentes em geral",ID3-19 (subgrupo 1),ID3-19 (subgrupo 1),Q,-,Q,-,-,3.00,Estabelecimentos Industriais,VALIDAÇÃO
2061-4/00,Fabricação de sabões e detergentes sintéticos,ALTO,Regra 49,07.12.13,"Escritório (inclusive virtual), sede de empresa, grupo de salas, centro empresarial",nR1-12 (até 1250) ;  nR2-12 (acima de 1250),nR1-12,"1250,00",nR2-12,"1250,01",-,-,1.01,"Administração, Organização e Planejamento",VALIDAÇÃO
2062-2/00,Fabricação de produtos de limpeza e polimento,ALTO,Regra 49,09.19.17,Fabricação de produtos de limpeza e polimento,ID3-19 (subgrupo 1),ID3-19 (subgrupo 1),Q,-,Q,-,-,3.00,Estabelecimentos Industriais,VALIDAÇÃO
2062-2/00,Fabricação de produtos de limpeza e polimento,ALTO,Regra 49,07.12.13,"Escritório (inclusive virtual), sede de empresa, grupo de salas, centro empresarial",nR1-12 (até 1250) ;  nR2-12 (acima de 1250),nR1-12,"1250,00",nR2-12,"1250,01",-,-,1.01,"Administração, Organização e Planejamento",VALIDAÇÃO
2063-1/00,"Fabricação de cosméticos, produtos de perfumaria e de higiene pessoal",ALTO,Regra 47,09.19.08,Fabricação de artigos de perfumaria e cosméticos,ID3-19 (subgrupo 1),ID3-19 (subgrupo 1),Q,-,Q,-,-,3.00,Estabelecimentos Industriais,VALIDAÇÃO
2063-1/00,"Fabricação de cosméticos, produtos de perfumaria e de higiene pessoal",ALTO,Regra 47,07.09.17,"Outros serviços técnicos de confecção, manutenção e reparação não classificados",nR1-09 (Até 350) ; nR2-09 (Acima de 350),nR1-09,"350,00",nR2-09,"350,01",,,1.18,Estabelecimentos não classificados nos  Itens 1.01 a 1.17,VALIDAÇÃO
2063-1/00,"Fabricação de cosméticos, produtos de perfumaria e de higiene pessoal",ALTO,Regra 47,07.12.13,"Escritório (inclusive virtual), sede de empresa, grupo de salas, centro empresarial",nR1-12 (até 1250) ;  nR2-12 (acima de 1250),nR1-12,"1250,00",nR2-12,"1250,01",-,-,1.01,"Administração, Organização e Planejamento",VALIDAÇÃO
2071-1/00,"Fabricação de tintas, vernizes, esmaltes e lacas",MÉDIO RISCO,Regra 23,09.19.18,"Fabricação de tintas, inclusive para impressão, vernizes, esmaltes, lacas e produtos afins",ID3-19 (subgrupo 1),ID3-19 (subgrupo 1),Q,-,Q,-,-,3.00,Estabelecimentos Industriais,VALIDAÇÃO
2071-1/00,"Fabricação de tintas, vernizes, esmaltes e lacas",MÉDIO RISCO,Regra 23,07.12.13,"Escritório (inclusive virtual), sede de empresa, grupo de salas, centro empresarial",nR1-12 (até 1250) ;  nR2-12 (acima de 1250),nR1-12,"1250,00",nR2-12,"1250,01",-,-,1.01,"Administração, Organização e Planejamento",VALIDAÇÃO
2072-0/00,Fabricação de tintas de impressão,ALTO,Regra 5,09.19.18,"Fabricação de tintas, inclusive para impressão, vernizes, esmaltes, lacas e produtos afins",ID3-19 (subgrupo 1),ID3-19 (subgrupo 1),Q,-,Q,-,-,3.00,Estabelecimentos Industriais,VALIDAÇÃO
2072-0/00,Fabricação de tintas de impressão,BAIXO RISCO,Regra 5,07.12.13,"Escritório (inclusive virtual), sede de empresa, grupo de salas, centro empresarial",nR1-12 (até 1250) ;  nR2-12 (acima de 1250),nR1-12,"1250,00",nR2-12,"1250,01",-,-,1.01,"Administração, Organização e Planejamento",VALIDAÇÃO
2073-8/00,"Fabricação de impermeabilizantes, solventes e produtos afins",ALTO,Regra 5,09.19.31,"Fabricação de impermeabilizantes, solventes e produtos afins",ID3-19 (subgrupo 2),ID3-19 (subgrupo 2),Q,-,Q,-,,3.00,Estabelecimentos Industriais,VALIDAÇÃO
2073-8/00,"Fabricação de impermeabilizantes, solventes e produtos afins",BAIXO RISCO,Regra 5,07.12.13,"Escritório (inclusive virtual), sede de empresa, grupo de salas, centro empresarial",nR1-12 (até 1250) ;  nR2-12 (acima de 1250),nR1-12,"1250,00",nR2-12,"1250,01",-,-,1.01,"Administração, Organização e Planejamento",VALIDAÇÃO
2091-6/00,Fabricação de adesivos e selantes,MÉDIO RISCO,Regra 23,09.19.10,Fabricação de aditivos de uso industrial,ID3-19 (subgrupo 1),ID3-19 (subgrupo 1),Q,-,Q,-,-,3.00,Estabelecimentos Industriais,VALIDAÇÃO
2091-6/00,Fabricação de adesivos e selantes,MÉDIO RISCO,Regra 23,07.12.13,"Escritório (inclusive virtual), sede de empresa, grupo de salas, centro empresarial",nR1-12 (até 1250) ;  nR2-12 (acima de 1250),nR1-12,"1250,00",nR2-12,"1250,01",-,-,1.01,"Administração, Organização e Planejamento",VALIDAÇÃO
2092-4/01,"Fabricação de pólvoras, explosivos e detonantes",ALTO,Regra 46,09.19.29,"Fabricação de explosivos (fabricação de pólvora, explosivos e detonantes, munição para caça e esporte e artigos pirotécnicos",ID3-19 (subgrupo 2),ID3-19 (subgrupo 2),Q,-,Q,-,,3.00,Estabelecimentos Industriais,VALIDAÇÃO
2092-4/01,"Fabricação de pólvoras, explosivos e detonantes",ALTO,Regra 46,07.12.13,"Escritório (inclusive virtual), sede de empresa, grupo de salas, centro empresarial",nR1-12 (até 1250) ;  nR2-12 (acima de 1250),nR1-12,"1250,00",nR2-12,"1250,01",-,-,1.01,"Administração, Organização e Planejamento",VALIDAÇÃO
2092-4/02,Fabricação de artigos pirotécnicos,ALTO,Regra 46,09.19.29,"Fabricação de explosivos (fabricação de pólvora, explosivos e detonantes, munição para caça e esporte e artigos pirotécnicos",ID3-19 (subgrupo 2),ID3-19 (subgrupo 2),Q,-,Q,-,,3.00,Estabelecimentos Industriais,VALIDAÇÃO
2092-4/02,Fabricação de artigos pirotécnicos,ALTO,Regra 46,07.12.13,"Escritório (inclusive virtual), sede de empresa, grupo de salas, centro empresarial",nR1-12 (até 1250) ;  nR2-12 (acima de 1250),nR1-12,"1250,00",nR2-12,"1250,01",-,-,1.01,"Administração, Organização e Planejamento",VALIDAÇÃO
2092-4/03,Fabricação de fósforos de segurança,ALTO,Regra 46,09.19.30,Fabricação de fósforos de segurança,ID3-19 (subgrupo 2),ID3-19 (subgrupo 2),Q,-,Q,-,,3.00,Estabelecimentos Industriais,VALIDAÇÃO
2092-4/03,Fabricação de fósforos de segurança,ALTO,Regra 46,07.12.13,"Escritório (inclusive virtual), sede de empresa, grupo de salas, centro empresarial",nR1-12 (até 1250) ;  nR2-12 (acima de 1250),nR1-12,"1250,00",nR2-12,"1250,01",-,-,1.01,"Administração, Organização e Planejamento",VALIDAÇÃO
2093-2/00,Fabricação de aditivos de uso industrial,MÉDIO RISCO,Regra 22,09.19.10,Fabricação de aditivos de uso industrial,ID3-19 (subgrupo 1),ID3-19 (subgrupo 1),Q,-,Q,-,-,3.00,Estabelecimentos Industriais,VALIDAÇÃO
2093-2/00,Fabricação de aditivos de uso industrial,MÉDIO RISCO,Regra 22,09.19.23,"Fabricação de concentrados aromáticos naturais, artificiais e sintéticos",ID3-19 (subgrupo 1),ID3-19 (subgrupo 1),Q,-,Q,-,-,3.00,Estabelecimentos Industriais,VALIDAÇÃO
2093-2/00,Fabricação de aditivos de uso industrial,MÉDIO RISCO,Regra 22,07.12.13,"Escritório (inclusive virtual), sede de empresa, grupo de salas, centro empresarial",nR1-12 (até 1250) ;  nR2-12 (acima de 1250),nR1-12,"1250,00",nR2-12,"1250,01",-,-,1.01,"Administração, Organização e Planejamento",VALIDAÇÃO
2094-1/00,Fabricação de catalisadores,ALTO,Regra 5,09.19.09,Fabricação de catalisadores,ID3-19 (subgrupo 1),ID3-19 (subgrupo 1),Q,-,Q,-,-,3.00,Estabelecimentos Industriais,VALIDAÇÃO
2094-1/00,Fabricação de catalisadores,BAIXO RISCO,Regra 5,07.12.13,"Escritório (inclusive virtual), sede de empresa, grupo de salas, centro empresarial",nR1-12 (até 1250) ;  nR2-12 (acima de 1250),nR1-12,"1250,00",nR2-12,"1250,01",-,-,1.01,"Administração, Organização e Planejamento",VALIDAÇÃO
2099-1/01,"Fabricação de chapas, filmes, papéis e outros materiais e produtos químicos para fotografia",ALTO,Regra 5,09.19.11,"Fabricação de chapas, filmes, papéis e outros materiais e produtos químicos para fotografia",ID3-19 (subgrupo 1),ID3-19 (subgrupo 1),Q,-,Q,-,-,3.00,Estabelecimentos Industriais,VALIDAÇÃO
2099-1/01,"Fabricação de chapas, filmes, papéis e outros materiais e produtos químicos para fotografia",BAIXO RISCO,Regra 5,07.12.13,"Escritório (inclusive virtual), sede de empresa, grupo de salas, centro empresarial",nR1-12 (até 1250) ;  nR2-12 (acima de 1250),nR1-12,"1250,00",nR2-12,"1250,01",-,-,1.01,"Administração, Organização e Planejamento",VALIDAÇÃO
2099-1/99,Fabricação de outros produtos químicos não especificados anteriormente,ALTO,Regra 1,09.19.04,fabricação de outros produtos inorgânicos,ID3-19 (subgrupo 1),ID3-19 (subgrupo 1),Q,-,Q,-,-,3.00,Estabelecimentos Industriais,VALIDAÇÃO
2099-1/99,Fabricação de outros produtos químicos não especificados anteriormente,ALTO,Regra 1,09.19.05,Fabricação de outros produtos químicos orgânicos,ID3-19 (subgrupo 1),ID3-19 (subgrupo 1),Q,-,Q,-,-,3.00,Estabelecimentos Industriais,VALIDAÇÃO
2099-1/99,Fabricação de outros produtos químicos não especificados anteriormente,BAIXO RISCO,Regra 1,07.12.13,"Escritório (inclusive virtual), sede de empresa, grupo de salas, centro empresarial",nR1-12 (até 1250) ;  nR2-12 (acima de 1250),nR1-12,"1250,00",nR2-12,"1250,01",-,-,1.01,"Administração, Organização e Planejamento",VALIDAÇÃO
2110-6/00,Fabricação de produtos farmoquímicos,ALTO,Regra 49,09.19.06,Fabricação de produtos farmacêuticos e farmoquímicos em geral,ID3-19 (subgrupo 1),ID3-19 (subgrupo 1),Q,-,Q,-,-,3.00,Estabelecimentos Industriais,VALIDAÇÃO
2110-6/00,Fabricação de produtos farmoquímicos,ALTO,Regra 49,07.12.13,"Escritório (inclusive virtual), sede de empresa, grupo de salas, centro empresarial",nR1-12 (até 1250) ;  nR2-12 (acima de 1250),nR1-12,"1250,00",nR2-12,"1250,01",-,-,1.01,"Administração, Organização e Planejamento",VALIDAÇÃO
2121-1/01,Fabricação de medicamentos alopáticos para uso humano,ALTO,Regra 49,09.19.06,Fabricação de produtos farmacêuticos e farmoquímicos em geral,ID3-19 (subgrupo 1),ID3-19 (subgrupo 1),Q,-,Q,-,-,3.00,Estabelecimentos Industriais,VALIDAÇÃO
2121-1/01,Fabricação de medicamentos alopáticos para uso humano,ALTO,Regra 49,07.12.13,"Escritório (inclusive virtual), sede de empresa, grupo de salas, centro empresarial",nR1-12 (até 1250) ;  nR2-12 (acima de 1250),nR1-12,"1250,00",nR2-12,"1250,01",-,-,1.01,"Administração, Organização e Planejamento",VALIDAÇÃO
2121-1/02,Fabricação de medicamentos homeopáticos para uso humano,ALTO,Regra 47,09.19.06,Fabricação de produtos farmacêuticos e farmoquímicos em geral,ID3-19 (subgrupo 1),ID3-19 (subgrupo 1),Q,-,Q,-,-,3.00,Estabelecimentos Industriais,VALIDAÇÃO
2121-1/02,Fabricação de medicamentos homeopáticos para uso humano,ALTO,Regra 47,07.09.17,"Outros serviços técnicos de confecção, manutenção e reparação não classificados",nR1-09 (Até 350) ; nR2-09 (Acima de 350),nR1-09,"350,00",nR2-09,"350,01",-,-,1.18,Estabelecimentos não classificados nos  Itens 1.01 a 1.18,VALIDAÇÃO
2121-1/02,Fabricação de medicamentos homeopáticos para uso humano,ALTO,Regra 47,07.12.13,"Escritório (inclusive virtual), sede de empresa, grupo de salas, centro empresarial",nR1-12 (até 1250) ;  nR2-12 (acima de 1250),nR1-12,"1250,00",nR2-12,"1250,01",-,-,1.01,"Administração, Organização e Planejamento",VALIDAÇÃO
2121-1/03,Fabricação de medicamentos fitoterápicos para uso humano,ALTO,Regra 47,09.19.06,Fabricação de produtos farmacêuticos e farmoquímicos em geral,ID3-19 (subgrupo 1),ID3-19 (subgrupo 1),Q,-,Q,-,-,3.00,Estabelecimentos Industriais,VALIDAÇÃO
2121-1/03,Fabricação de medicamentos fitoterápicos para uso humano,ALTO,Regra 47,07.09.17,"Outros serviços técnicos de confecção, manutenção e reparação não classificados",nR1-09 (Até 350) ; nR2-09 (Acima de 350),nR1-09,"350,00",nR2-09,"350,01",-,-,1.18,Estabelecimentos não classificados nos  Itens 1.01 a 1.18,VALIDAÇÃO
2121-1/03,Fabricação de medicamentos fitoterápicos para uso humano,ALTO,Regra 47,07.12.13,"Escritório (inclusive virtual), sede de empresa, grupo de salas, centro empresarial",nR1-12 (até 1250) ;  nR2-12 (acima de 1250),nR1-12,"1250,00",nR2-12,"1250,01",-,-,1.01,"Administração, Organização e Planejamento",VALIDAÇÃO
2122-0/00,Fabricação de medicamentos para uso veterinário,ALTO,Regra 5,09.19.06,Fabricação de produtos farmacêuticos e farmoquímicos em geral,ID3-19 (subgrupo 1),ID3-19 (subgrupo 1),Q,-,Q,-,-,3.00,Estabelecimentos Industriais,VALIDAÇÃO
2122-0/00,Fabricação de medicamentos para uso veterinário,BAIXO RISCO,Regra 5,07.12.13,"Escritório (inclusive virtual), sede de empresa, grupo de salas, centro empresarial",nR1-12 (até 1250) ;  nR2-12 (acima de 1250),nR1-12,"1250,00",nR2-12,"1250,01",-,-,1.01,"Administração, Organização e Planejamento",VALIDAÇÃO
2123-8/00,Fabricação de preparações farmacêuticas,ALTO,Regra 49,09.19.06,Fabricação de produtos farmacêuticos e farmoquímicos em geral,ID3-19 (subgrupo 1),ID3-19 (subgrupo 1),Q,-,Q,-,-,3.00,Estabelecimentos Industriais,VALIDAÇÃO
2123-8/00,Fabricação de preparações farmacêuticas,ALTO,Regra 49,07.12.13,"Escritório (inclusive virtual), sede de empresa, grupo de salas, centro empresarial",nR1-12 (até 1250) ;  nR2-12 (acima de 1250),nR1-12,"1250,00",nR2-12,"1250,01",-,-,1.01,"Administração, Organização e Planejamento",VALIDAÇÃO
2211-1/00,Fabricação de pneumáticos e de câmaras de ar,ALTO,Regra 5,09.03.01,"Fabricação de artigos e artefatos e espuma de borracha, dentre outros, que não utilizem processos de regeneração de borracha",ID3-03 (subgrupo 1),ID3-03 (subgrupo 1),Q,-,Q,-,,3.00,Estabelecimentos Industriais,VALIDAÇÃO
2211-1/00,Fabricação de pneumáticos e de câmaras de ar,BAIXO RISCO,Regra 5,07.12.13,"Escritório (inclusive virtual), sede de empresa, grupo de salas, centro empresarial",nR1-12 (até 1250) ;  nR2-12 (acima de 1250),nR1-12,"1250,00",nR2-12,"1250,01",-,-,1.01,"Administração, Organização e Planejamento",VALIDAÇÃO
2212-9/00,Reforma de pneumáticos usados,ALTO,Regra 46,09.03.03,Regeneração de borracha,ID3-03 (subgrupo 2),ID3-03 (subgrupo 2),Q,-,Q,-,,3.00,Estabelecimentos Industriais,VALIDAÇÃO
2212-9/00,Reforma de pneumáticos usados,ALTO,Regra 46,07.12.13,"Escritório (inclusive virtual), sede de empresa, grupo de salas, centro empresarial",nR1-12 (até 1250) ;  nR2-12 (acima de 1250),nR1-12,"1250,00",nR2-12,"1250,01",-,-,1.01,"Administração, Organização e Planejamento",VALIDAÇÃO
2219-6/00,Fabricação de artefatos de borracha não especificados anteriormente,MÉDIO RISCO,Regra 22,09.13.03,Fabricação de tubos e canos em geral,ID3-13 (subgrupo 1),ID3-13 (subgrupo 1),Q,-,Q,-,,3.00,Estabelecimentos Industriais,VALIDAÇÃO
2219-6/00,Fabricação de artefatos de borracha não especificados anteriormente,MÉDIO RISCO,Regra 22,09.03.01,"Fabricação de artigos e artefatos e espuma de borracha, dentre outros, que não utilizem processos de regeneração de borracha",ID3-03 (subgrupo 1),ID3-03 (subgrupo 1),Q,-,Q,-,,3.00,Estabelecimentos Industriais,VALIDAÇÃO
2219-6/00,Fabricação de artefatos de borracha não especificados anteriormente,MÉDIO RISCO,Regra 22,09.03.02,Beneficiamento de borracha natural,ID3-03 (subgrupo 2),ID3-03 (subgrupo 2),Q,-,Q,-,,3.00,Estabelecimentos Industriais,VALIDAÇÃO
2219-6/00,Fabricação de artefatos de borracha não especificados anteriormente,MÉDIO RISCO,Regra 22,07.12.13,"Escritório (inclusive virtual), sede de empresa, grupo de salas, centro empresarial",nR1-12 (até 1250) ;  nR2-12 (acima de 1250),nR1-12,"1250,00",nR2-12,"1250,01",-,-,1.01,"Administração, Organização e Planejamento",VALIDAÇÃO
2221-8/00,Fabricação de laminados planos e tubulares de material plástico,ALTO,Regra 1,09.13.03,Fabricação de tubos e canos em geral,ID3-13 (subgrupo 1),ID3-13 (subgrupo 1),Q,-,Q,-,,3.00,Estabelecimentos Industriais,VALIDAÇÃO
2221-8/00,Fabricação de laminados planos e tubulares de material plástico,ALTO,Regra 1,09.18.01,Fabricação de produtos e artefatos de plástico diversos reforçados ou não com fibra de vidro,ID2-18,ID2-18,Q,-,Q,-,,3.00,Estabelecimentos Industriais,VALIDAÇÃO
2221-8/00,Fabricação de laminados planos e tubulares de material plástico,BAIXO RISCO,Regra 1,07.12.13,"Escritório (inclusive virtual), sede de empresa, grupo de salas, centro empresarial",nR1-12 (até 1250) ;  nR2-12 (acima de 1250),nR1-12,"1250,00",nR2-12,"1250,01",-,-,1.01,"Administração, Organização e Planejamento",VALIDAÇÃO
2222-6/00,Fabricação de embalagens de material plástico,ALTO,Regra 47,09.18.01,Fabricação de produtos e artefatos de plástico diversos reforçados ou não com fibra de vidro,ID2-18,ID2-18,Q,-,Q,-,,3.00,Estabelecimentos Industriais,VALIDAÇÃO
2222-6/00,Fabricação de embalagens de material plástico,ALTO,Regra 47,07.09.17,"Outros serviços técnicos de confecção, manutenção e reparação não classificados",nR1-09 (Até 350) ; nR2-09 (Acima de 350),nR1-09,"350,00",nR2-09,"350,01",-,-,1.18,Estabelecimentos não classificados nos  Itens 1.01 a 1.18,VALIDAÇÃO
2222-6/00,Fabricação de embalagens de material plástico,ALTO,Regra 47,07.12.13,"Escritório (inclusive virtual), sede de empresa, grupo de salas, centro empresarial",nR1-12 (até 1250) ;  nR2-12 (acima de 1250),nR1-12,"1250,00",nR2-12,"1250,01",-,-,1.01,"Administração, Organização e Planejamento",VALIDAÇÃO
2223-4/00,Fabricação de tubos e acessórios de material plástico para uso na construção,ALTO,Regra 1,09.13.03,Fabricação de tubos e canos em geral,ID3-13 (subgrupo 1),ID3-13 (subgrupo 1),Q,-,Q,-,,3.00,Estabelecimentos Industriais,VALIDAÇÃO
2223-4/00,Fabricação de tubos e acessórios de material plástico para uso na construção,ALTO,Regra 1,09.18.01,Fabricação de produtos e artefatos de plástico diversos reforçados ou não com fibra de vidro,ID2-18,ID2-18,Q,-,Q,-,,3.00,Estabelecimentos Industriais,VALIDAÇÃO
2223-4/00,Fabricação de tubos e acessórios de material plástico para uso na construção,BAIXO RISCO,Regra 1,07.12.13,"Escritório (inclusive virtual), sede de empresa, grupo de salas, centro empresarial",nR1-12 (até 1250) ;  nR2-12 (acima de 1250),nR1-12,"1250,00",nR2-12,"1250,01",-,-,1.01,"Administração, Organização e Planejamento",VALIDAÇÃO
2229-3/01,Fabricação de artefatos de material plástico para uso pessoal e doméstico,ALTO,Regra 1,09.18.01,Fabricação de produtos e artefatos de plástico diversos reforçados ou não com fibra de vidro,ID2-18,ID2-18,Q,-,Q,-,,3.00,Estabelecimentos Industriais,VALIDAÇÃO
2229-3/01,Fabricação de artefatos de material plástico para uso pessoal e doméstico,ALTO,Regra 1,09.15.05,Fabricação e acabamento de artigos diversos do mobiliário,ID2-15,ID2-15,Q,-,Q,-,,3.00,Estabelecimentos Industriais,VALIDAÇÃO
2229-3/01,Fabricação de artefatos de material plástico para uso pessoal e doméstico,BAIXO RISCO,Regra 1,07.12.13,"Escritório (inclusive virtual), sede de empresa, grupo de salas, centro empresarial",nR1-12 (até 1250) ;  nR2-12 (acima de 1250),nR1-12,"1250,00",nR2-12,"1250,01",-,-,1.01,"Administração, Organização e Planejamento",VALIDAÇÃO
2229-3/02,Fabricação de artefatos de material plástico para usos industriais,ALTO,Regra 5,09.18.01,Fabricação de produtos e artefatos de plástico diversos reforçados ou não com fibra de vidro,ID2-18,ID2-18,Q,-,Q,-,,3.00,Estabelecimentos Industriais,VALIDAÇÃO
2229-3/02,Fabricação de artefatos de material plástico para usos industriais,BAIXO RISCO,Regra 5,07.12.13,"Escritório (inclusive virtual), sede de empresa, grupo de salas, centro empresarial",nR1-12 (até 1250) ;  nR2-12 (acima de 1250),nR1-12,"1250,00",nR2-12,"1250,01",-,-,1.01,"Administração, Organização e Planejamento",VALIDAÇÃO
2229-3/03,"Fabricação de artefatos de material plástico para uso na construção, exceto tubos e acessórios",ALTO,Regra 5,09.18.01,Fabricação de produtos e artefatos de plástico diversos reforçados ou não com fibra de vidro,ID2-18,ID2-18,Q,-,Q,-,,3.00,Estabelecimentos Industriais,VALIDAÇÃO
2229-3/03,"Fabricação de artefatos de material plástico para uso na construção, exceto tubos e acessórios",BAIXO RISCO,Regra 5,07.12.13,"Escritório (inclusive virtual), sede de empresa, grupo de salas, centro empresarial",nR1-12 (até 1250) ;  nR2-12 (acima de 1250),nR1-12,"1250,00",nR2-12,"1250,01",-,-,1.01,"Administração, Organização e Planejamento",VALIDAÇÃO
2229-3/99,Fabricação de artefatos de material plástico para outros usos não especificados anteriormente,ALTO,Regra 5,09.18.01,Fabricação de produtos e artefatos de plástico diversos reforçados ou não com fibra de vidro,ID2-18,ID2-18,Q,-,Q,-,,3.00,Estabelecimentos Industriais,VALIDAÇÃO
2229-3/99,Fabricação de artefatos de material plástico para outros usos não especificados anteriormente,BAIXO RISCO,Regra 5,07.12.13,"Escritório (inclusive virtual), sede de empresa, grupo de salas, centro empresarial",nR1-12 (até 1250) ; nR2-12 (acima de 1250),nR1-12,1250,nR2-12,1250.01,-,-,1.01,"Administração, Organização e Planejamento",VALIDAÇÃO
2311-7/00,Fabricação de vidro plano e de segurança,ALTO,Regra 1,09.14.01,"Beneficiamento e aparelhamento de artigos de vidro, cristal e vidro refratário",ID1-14,ID1-14,Q,-,Q,-,,3.00,Estabelecimentos Industriais,VALIDAÇÃO
2311-7/00,Fabricação de vidro plano e de segurança,ALTO,Regra 1,09.14.03,"Fabricação de vidro, artigos de vidro e cristal",ID3-14 (subgrupo 1),ID3-14 (subgrupo 1),Q,-,Q,-,,3.00,Estabelecimentos Industriais,VALIDAÇÃO
2311-7/00,Fabricação de vidro plano e de segurança,BAIXO RISCO,Regra 1,07.12.13,"Escritório (inclusive virtual), sede de empresa, grupo de salas, centro empresarial",nR1-12 (até 1250) ;  nR2-12 (acima de 1250),nR1-12,"1250,00",nR2-12,"1250,01",-,-,1.01,"Administração, Organização e Planejamento",VALIDAÇÃO
2312-5/00,Fabricação de embalagens de vidro,ALTO,Regra 47,09.14.01,"Beneficiamento e aparelhamento de artigos de vidro, cristal e vidro refratário",ID1-14,ID1-14,Q,-,Q,-,,3.00,Estabelecimentos Industriais,VALIDAÇÃO
2312-5/00,Fabricação de embalagens de vidro,ALTO,Regra 47,09.14.03,"Fabricação de vidro, artigos de vidro e cristal",ID3-14 (subgrupo 1),ID3-14 (subgrupo 1),Q,-,Q,-,,3.00,Estabelecimentos Industriais,VALIDAÇÃO
2312-5/00,Fabricação de embalagens de vidro,ALTO,Regra 47,07.12.13,"Escritório (inclusive virtual), sede de empresa, grupo de salas, centro empresarial",nR1-12 (até 1250) ;  nR2-12 (acima de 1250),nR1-12,"1250,00",nR2-12,"1250,01",-,-,1.01,"Administração, Organização e Planejamento",VALIDAÇÃO
2319-2/00,Fabricação de artigos de vidro,MÉDIO RISCO,Regra 1,07.09.17,"Outros serviços técnicos de confecção, manutenção e reparação não classificados",nR1-09 (Até 350) ; nR2-09 (Acima de 350),nR1-09,"350,00",nR2-09,"350,01",-,-,1.18,Estabelecimentos não classificados nos  Itens 1.01 a 1.18,VALIDAÇÃO
2319-2/00,Fabricação de artigos de vidro,ALTO,Regra 1,09.14.03,"Fabricação de vidro, artigos de vidro e cristal",ID3-14 (subgrupo 1),ID3-14 (subgrupo 1),Q,-,Q,-,,3.00,Estabelecimentos Industriais,VALIDAÇÃO
2319-2/00,Fabricação de artigos de vidro,BAIXO RISCO,Regra 1,07.12.13,"Escritório (inclusive virtual), sede de empresa, grupo de salas, centro empresarial",nR1-12 (até 1250) ;  nR2-12 (acima de 1250),nR1-12,"1250,00",nR2-12,"1250,01",-,-,1.01,"Administração, Organização e Planejamento",VALIDAÇÃO
2320-6/00,Fabricação de cimento,ALTO,Regra 46,09.14.10,"Fabricação de cimento, não associada, em sua localização, à extração de minérios",ID3-14 (subgrupo 2),ID3-14 (subgrupo 2),Q,-,Q,-,,3.00,Estabelecimentos Industriais,VALIDAÇÃO
2320-6/00,Fabricação de cimento,ALTO,Regra 46,07.12.13,"Escritório (inclusive virtual), sede de empresa, grupo de salas, centro empresarial",nR1-12 (até 1250) ;  nR2-12 (acima de 1250),nR1-12,"1250,00",nR2-12,"1250,01",-,-,1.01,"Administração, Organização e Planejamento",VALIDAÇÃO
2330-3/01,"Fabricação de estruturas pré-moldadas de concreto armado, em série e sob encomenda",ALTO,Regra 5,09.14.04,"Fabricação de artefatos de concreto, cimento, estuque",ID3-14 (subgrupo 1),ID3-14 (subgrupo 1),Q,-,Q,-,,3.00,Estabelecimentos Industriais,VALIDAÇÃO
2330-3/01,"Fabricação de estruturas pré-moldadas de concreto armado, em série e sob encomenda",BAIXO RISCO,Regra 5,07.12.13,"Escritório (inclusive virtual), sede de empresa, grupo de salas, centro empresarial",nR1-12 (até 1250) ;  nR2-12 (acima de 1250),nR1-12,"1250,00",nR2-12,"1250,01",-,-,1.01,"Administração, Organização e Planejamento",VALIDAÇÃO
2330-3/02,Fabricação de artefatos de cimento para uso na construção,ALTO,Regra 1,09.13.03,Fabricação de tubos e canos em geral,ID3-13 (subgrupo 1),ID3-13 (subgrupo 1),Q,-,Q,-,,3.00,Estabelecimentos Industriais,VALIDAÇÃO
2330-3/02,Fabricação de artefatos de cimento para uso na construção,ALTO,Regra 1,09.14.04,"Fabricação de artefatos de concreto, cimento, estuque",ID3-14 (subgrupo 1),ID3-14 (subgrupo 1),Q,-,Q,-,,3.00,Estabelecimentos Industriais,VALIDAÇÃO
2330-3/02,Fabricação de artefatos de cimento para uso na construção,BAIXO RISCO,Regra 1,07.12.13,"Escritório (inclusive virtual), sede de empresa, grupo de salas, centro empresarial",nR1-12 (até 1250) ;  nR2-12 (acima de 1250),nR1-12,"1250,00",nR2-12,"1250,01",-,-,1.01,"Administração, Organização e Planejamento",VALIDAÇÃO
2330-3/03,Fabricação de artefatos de fibrocimento para uso na construção,ALTO,Regra 5,09.14.04,"Fabricação de artefatos de concreto, cimento, estuque",ID3-14 (subgrupo 1),ID3-14 (subgrupo 1),Q,-,Q,-,,3.00,Estabelecimentos Industriais,VALIDAÇÃO
2330-3/03,Fabricação de artefatos de fibrocimento para uso na construção,BAIXO RISCO,Regra 5,07.12.13,"Escritório (inclusive virtual), sede de empresa, grupo de salas, centro empresarial",nR1-12 (até 1250) ;  nR2-12 (acima de 1250),nR1-12,"1250,00",nR2-12,"1250,01",-,-,1.01,"Administração, Organização e Planejamento",VALIDAÇÃO
2330-3/04,Fabricação de casas pré-moldadas de concreto,ALTO,Regra 5,09.14.02,"Beneficiamento e aparelhamento de artigos de concreto, cimento, estuque e gesso",ID1-14,ID1-14,Q,-,Q,-,,3.00,Estabelecimentos Industriais,VALIDAÇÃO
2330-3/04,Fabricação de casas pré-moldadas de concreto,BAIXO RISCO,Regra 5,07.12.13,"Escritório (inclusive virtual), sede de empresa, grupo de salas, centro empresarial",nR1-12 (até 1250) ;  nR2-12 (acima de 1250),nR1-12,"1250,00",nR2-12,"1250,01",-,-,1.01,"Administração, Organização e Planejamento",VALIDAÇÃO
2330-3/05,Preparação de massa de concreto e argamassa para construção,ALTO,Regra 46,09.14.02,"Beneficiamento e aparelhamento de artigos de concreto, cimento, estuque e gesso",ID1-14,ID1-14,Q,-,Q,-,,3.00,Estabelecimentos Industriais,VALIDAÇÃO
2330-3/05,Preparação de massa de concreto e argamassa para construção,ALTO,Regra 46,07.12.13,"Escritório (inclusive virtual), sede de empresa, grupo de salas, centro empresarial",nR1-12 (até 1250) ;  nR2-12 (acima de 1250),nR1-12,"1250,00",nR2-12,"1250,01",-,-,1.01,"Administração, Organização e Planejamento",VALIDAÇÃO
2330-3/99,"Fabricação de outros artefatos e produtos de concreto, cimento, fibrocimento, gesso e materiais semelhantes",ALTO,Regra 1,09.14.04,"Fabricação de artefatos de concreto, cimento, estuque",ID3-14 (subgrupo 1),ID3-14 (subgrupo 1),Q,-,Q,-,-,3.00,Estabelecimentos Industriais,VALIDAÇÃO
2330-3/99,"Fabricação de outros artefatos e produtos de concreto, cimento, fibrocimento, gesso e materiais semelhantes",BAIXO RISCO,Regra 1,07.12.13,"Escritório (inclusive virtual), sede de empresa, grupo de salas, centro empresarial",nR1-12 (até 1250) ;  nR2-12 (acima de 1250),nR1-12,"1250,00",nR2-12,"1250,01",-,-,1.01,"Administração, Organização e Planejamento",VALIDAÇÃO
2330-3/99,"Fabricação de outros artefatos e produtos de concreto, cimento, fibrocimento, gesso e materiais semelhantes",MÉDIO RISCO,Regra 1,07.09.17,"Outros serviços técnicos de confecção, manutenção e reparação não classificados",nR1-09 (Até 350) ; nR2-09 (Acima de 350),nR1-09,"350,00",nR2-09,"350,01",-,-,1.18,Estabelecimentos não classificados nos  Itens 1.01 a 1.18,VALIDAÇÃO
2341-9/00,Fabricação de produtos cerâmicos refratários,ALTO,Regra 47,09.14.02,"Beneficiamento e aparelhamento de artigos de concreto, cimento, estuque e gesso",ID1-14,ID1-14,Q,-,Q,-,,3.00,Estabelecimentos Industriais,VALIDAÇÃO
2341-9/00,Fabricação de produtos cerâmicos refratários,ALTO,Regra 47,09.14.05,Fabricação de produtos cerâmicos,ID3-14 (subgrupo 1),ID3-14 (subgrupo 1),Q,-,Q,-,,3.00,Estabelecimentos Industriais,VALIDAÇÃO
2341-9/00,Fabricação de produtos cerâmicos refratários,ALTO,Regra 47,07.12.13,"Escritório (inclusive virtual), sede de empresa, grupo de salas, centro empresarial",nR1-12 (até 1250) ;  nR2-12 (acima de 1250),nR1-12,"1250,00",nR2-12,"1250,01",-,-,1.01,"Administração, Organização e Planejamento",VALIDAÇÃO
2342-7/01,Fabricação de azulejos e pisos,ALTO,Regra 5,09.14.05,Fabricação de produtos cerâmicos,ID3-14 (subgrupo 1),ID3-14 (subgrupo 1),Q,-,Q,-,,3.00,Estabelecimentos Industriais,VALIDAÇÃO
2342-7/01,Fabricação de azulejos e pisos,BAIXO RISCO,Regra 5,07.12.13,"Escritório (inclusive virtual), sede de empresa, grupo de salas, centro empresarial",nR1-12 (até 1250) ;  nR2-12 (acima de 1250),nR1-12,"1250,00",nR2-12,"1250,01",-,-,1.01,"Administração, Organização e Planejamento",VALIDAÇÃO
2342-7/02,"Fabricação de artefatos de cerâmica e barro cozido para uso na construção, exceto azulejos e pisos",ALTO,Regra 1,09.14.05,Fabricação de produtos cerâmicos,ID3-14 (subgrupo 1),ID3-14 (subgrupo 1),Q,-,Q,-,,3.00,Estabelecimentos Industriais,VALIDAÇÃO
2342-7/02,"Fabricação de artefatos de cerâmica e barro cozido para uso na construção, exceto azulejos e pisos",ALTO,Regra 1,09.14.08,"Fabricação de telhas, tijolos e outros artigos de barro cozido, exclusive de cerâmica, não associado, em sua localização, à extração do barro",ID3-14 (subgrupo 2),ID3-14 (subgrupo 2),Q,-,Q,-,,3.00,Estabelecimentos Industriais,VALIDAÇÃO
2342-7/02,"Fabricação de artefatos de cerâmica e barro cozido para uso na construção, exceto azulejos e pisos",ALTO,Regra 1,09.13.03,Fabricação de tubos e canos em geral,ID3-13 (subgrupo 1),ID3-13 (subgrupo 1),Q,-,Q,-,,3.00,Estabelecimentos Industriais,VALIDAÇÃO
2342-7/02,"Fabricação de artefatos de cerâmica e barro cozido para uso na construção, exceto azulejos e pisos",BAIXO RISCO,Regra 1,07.12.13,"Escritório (inclusive virtual), sede de empresa, grupo de salas, centro empresarial",nR1-12 (até 1250) ;  nR2-12 (acima de 1250),nR1-12,"1250,00",nR2-12,"1250,01",-,-,1.01,"Administração, Organização e Planejamento",VALIDAÇÃO
2349-4/01,Fabricação de material sanitário de cerâmica,ALTO,Regra 5,09.14.05,Fabricação de produtos cerâmicos,ID3-14 (subgrupo 1),ID3-14 (subgrupo 1),Q,-,Q,-,,3.00,Estabelecimentos Industriais,VALIDAÇÃO
2349-4/01,Fabricação de material sanitário de cerâmica,BAIXO RISCO,Regra 5,07.12.13,"Escritório (inclusive virtual), sede de empresa, grupo de salas, centro empresarial",nR1-12 (até 1250) ;  nR2-12 (acima de 1250),nR1-12,"1250,00",nR2-12,"1250,01",-,-,1.01,"Administração, Organização e Planejamento",VALIDAÇÃO
2349-4/99,Fabricação de produtos cerâmicos não-refratários não especificados anteriormente,ALTO,Regra 47,09.14.05,Fabricação de produtos cerâmicos,ID3-14 (subgrupo 1),ID3-14 (subgrupo 1),Q,-,Q,-,,3.00,Estabelecimentos Industriais,VALIDAÇÃO
2349-4/99,Fabricação de produtos cerâmicos não-refratários não especificados anteriormente,ALTO,Regra 47,09.14.08,"Fabricação de telhas, tijolos e outros artigos de barro cozido, exclusive de cerâmica, não associado, em sua localização, à extração do barro",ID3-14 (subgrupo 2),ID3-14 (subgrupo 2),Q,-,Q,-,,3.00,Estabelecimentos Industriais,VALIDAÇÃO
2349-4/99,Fabricação de produtos cerâmicos não-refratários não especificados anteriormente,ALTO,Regra 47,07.09.17,"Outros serviços técnicos de confecção, manutenção e reparação não classificados",nR1-09 (Até 350) ; nR2-09 (Acima de 350),nR1-09,"350,00",nR2-09,"350,01",-,-,1.18,Estabelecimentos não classificados nos  Itens 1.01 a 1.18,VALIDAÇÃO
2349-4/99,Fabricação de produtos cerâmicos não-refratários não especificados anteriormente,ALTO,Regra 47,07.12.13,"Escritório (inclusive virtual), sede de empresa, grupo de salas, centro empresarial",nR1-12 (até 1250) ;  nR2-12 (acima de 1250),nR1-12,"1250,00",nR2-12,"1250,01",-,-,1.01,"Administração, Organização e Planejamento",VALIDAÇÃO
2391-5/01,"Britamento de pedras, exceto associado à extração",ALTO,Regra 5,09.21.01,"Britamento de pedras não associado, em sua localização, à extração da pedra",ID3-21,ID3-21,Q,-,Q,-,,3.00,Estabelecimentos Industriais,VALIDAÇÃO
2391-5/01,"Britamento de pedras, exceto associado à extração",BAIXO RISCO,Regra 5,07.12.13,"Escritório (inclusive virtual), sede de empresa, grupo de salas, centro empresarial",nR1-12 (até 1250) ;  nR2-12 (acima de 1250),nR1-12,"1250,00",nR2-12,"1250,01",-,-,1.01,"Administração, Organização e Planejamento",VALIDAÇÃO
2391-5/02,"Aparelhamento de pedras para construção, exceto associado à extração",ALTO,Regra 47,07.09.08,"Cantaria, marmoaria, carpintaria, marcenaria, vidraçaria e serraria",nR2-09 (Qualquer área),nR2-09,Q,-,Q,-,-,1.18,Estabelecimentos não classificados nos  Itens 1.01 a 1.17,VALIDAÇÃO
2391-5/02,"Aparelhamento de pedras para construção, exceto associado à extração",ALTO,Regra 47,09.14.06,Aparelhamento de pedras,ID3-14 (subgrupo 1),ID3-14 (subgrupo 1),Q,-,Q,-,,3.00,Estabelecimentos Industriais,VALIDAÇÃO
2391-5/02,"Aparelhamento de pedras para construção, exceto associado à extração",ALTO,Regra 47,07.12.13,"Escritório (inclusive virtual), sede de empresa, grupo de salas, centro empresarial",nR1-12 (até 1250) ;  nR2-12 (acima de 1250),nR1-12,"1250,00",nR2-12,"1250,01",-,-,1.01,"Administração, Organização e Planejamento",VALIDAÇÃO
2391-5/03,"Aparelhamento de placas e execução de trabalhos em mármore, granito, ardósia e outras pedras",ALTO,Regra 47,07.09.08,"Cantaria, marmoaria, carpintaria, marcenaria, vidraçaria e serraria",nR2-09 (Qualquer área),nR2-09,Q,-,Q,-,-,1.18,Estabelecimentos não classificados nos  Itens 1.01 a 1.17,VALIDAÇÃO
2391-5/03,"Aparelhamento de placas e execução de trabalhos em mármore, granito, ardósia e outras pedras",ALTO,Regra 47,09.14.06,Aparelhamento de pedras,ID3-14 (subgrupo 1),ID3-14 (subgrupo 1),Q,-,Q,-,,3.00,Estabelecimentos Industriais,VALIDAÇÃO
2391-5/03,"Aparelhamento de placas e execução de trabalhos em mármore, granito, ardósia e outras pedras",ALTO,Regra 47,07.12.13,"Escritório (inclusive virtual), sede de empresa, grupo de salas, centro empresarial",nR1-12 (até 1250) ;  nR2-12 (acima de 1250),nR1-12,"1250,00",nR2-12,"1250,01",-,-,1.01,"Administração, Organização e Planejamento",VALIDAÇÃO
2392-3/00,Fabricação de cal e gesso,ALTO,Regra 49,09.14.11,"Fabricação de gesso e cal virgem hidratada e não associada, em sua localização, à extração de minérios",ID3-14 (subgrupo 2),ID3-14 (subgrupo 2),Q,-,Q,-,,3.00,Estabelecimentos Industriais,VALIDAÇÃO
2392-3/00,Fabricação de cal e gesso,ALTO,Regra 49,07.12.13,"Escritório (inclusive virtual), sede de empresa, grupo de salas, centro empresarial",nR1-12 (até 1250) ;  nR2-12 (acima de 1250),nR1-12,"1250,00",nR2-12,"1250,01",-,-,1.01,"Administração, Organização e Planejamento",VALIDAÇÃO
2399-1/01,"Decoração, lapidação, gravação, vitrificação e outros trabalhos em cerâmica, louça, vidro e cristal",ALTO,Regra 1,09.14.01,"Beneficiamento e aparelhamento de artigos de vidro, cristal e vidro refratário",ID1-14,ID1-14,Q,-,Q,-,,3.00,Estabelecimentos Industriais,VALIDAÇÃO
2399-1/01,"Decoração, lapidação, gravação, vitrificação e outros trabalhos em cerâmica, louça, vidro e cristal",ALTO,Regra 1,09.14.05,Fabricação de produtos cerâmicos,ID3-14 (subgrupo 1),ID3-14 (subgrupo 1),Q,-,Q,-,-,3.00,Estabelecimentos Industriais,VALIDAÇÃO
2399-1/01,"Decoração, lapidação, gravação, vitrificação e outros trabalhos em cerâmica, louça, vidro e cristal",MÉDIO RISCO,Regra 1,07.09.08,"Cantaria, marmoaria, carpintaria, marcenaria, vidraçaria e serraria",nR2-09 (Qualquer área),nR2-09,Q,-,Q,-,-,1.18,Estabelecimentos não classificados nos  Itens 1.01 a 1.17,VALIDAÇÃO
2399-1/01,"Decoração, lapidação, gravação, vitrificação e outros trabalhos em cerâmica, louça, vidro e cristal",BAIXO RISCO,Regra 1,07.12.13,"Escritório (inclusive virtual), sede de empresa, grupo de salas, centro empresarial",nR1-12 (até 1250) ;  nR2-12 (acima de 1250),nR1-12,"1250,00",nR2-12,"1250,01",-,-,1.01,"Administração, Organização e Planejamento",VALIDAÇÃO
2399-1/02,Fabricação de abrasivos,ALTO,Regra 5,09.13.02,"Fabricação de produtos de metal, exceto máquinas e equipamentos",ID3-13 (subgrupo 1,ID3-13 (subgrupo 1,Q,-,Q,-,,3.00,Estabelecimentos Industriais,VALIDAÇÃO
2399-1/02,Fabricação de abrasivos,BAIXO RISCO,Regra 5,07.12.13,"Escritório (inclusive virtual), sede de empresa, grupo de salas, centro empresarial",nR1-12 (até 1250) ;  nR2-12 (acima de 1250),nR1-12,"1250,00",nR2-12,"1250,01",-,-,1.01,"Administração, Organização e Planejamento",VALIDAÇÃO
2399-1/99,Fabricação de outros produtos de minerais não-metálicos não especificados anteriormente,ALTO,Regra 5,09.14.03,"Fabricação de vidro, artigos de vidro e cristal",ID3-14 (subgrupo 1),ID3-14 (subgrupo 1),Q,-,Q,-,,3.00,Estabelecimentos Industriais,VALIDAÇÃO
2399-1/99,Fabricação de outros produtos de minerais não-metálicos não especificados anteriormente,BAIXO RISCO,Regra 5,07.12.13,"Escritório (inclusive virtual), sede de empresa, grupo de salas, centro empresarial",nR1-12 (até 1250) ;  nR2-12 (acima de 1250),nR1-12,"1250,00",nR2-12,"1250,01",-,-,1.01,"Administração, Organização e Planejamento",VALIDAÇÃO
2411-3/00,Produção de ferro-gusa,ALTO,Regra 5,09.13.09,Produção de Gusa,ID3-13 (subgrupo 2),ID3-13 (subgrupo 2),Q,-,Q,-,,3.00,Estabelecimentos Industriais,VALIDAÇÃO
2411-3/00,Produção de ferro-gusa,BAIXO RISCO,Regra 5,07.12.13,"Escritório (inclusive virtual), sede de empresa, grupo de salas, centro empresarial",nR1-12 (até 1250) ;  nR2-12 (acima de 1250),nR1-12,"1250,00",nR2-12,"1250,01",-,-,1.01,"Administração, Organização e Planejamento",VALIDAÇÃO
2412-1/00,Produção de ferroligas,ALTO,Regra 5,09.13.10,Produção de ferro e aço e ferroligas em formas primárias e semiacabados,ID3-13 (subgrupo 2),ID3-13 (subgrupo 2),Q,-,Q,-,,3.00,Estabelecimentos Industriais,VALIDAÇÃO
2412-1/00,Produção de ferroligas,BAIXO RISCO,Regra 5,07.12.13,"Escritório (inclusive virtual), sede de empresa, grupo de salas, centro empresarial",nR1-12 (até 1250) ;  nR2-12 (acima de 1250),nR1-12,"1250,00",nR2-12,"1250,01",-,-,1.01,"Administração, Organização e Planejamento",VALIDAÇÃO
2421-1/00,Produção de semiacabados de aço,ALTO,Regra 1,09.13.01,Siderurgias integradas,ID3-13 (subgrupo 1),ID3-13 (subgrupo 1),Q,-,Q,-,,3.00,Estabelecimentos Industriais,VALIDAÇÃO
2421-1/00,Produção de semiacabados de aço,ALTO,Regra 1,09.13.10,Produção de ferro e aço e ferroligas em formas primárias e semiacabados,ID3-13 (subgrupo 2),ID3-13 (subgrupo 2),Q,-,Q,-,,3.00,Estabelecimentos Industriais,VALIDAÇÃO
2421-1/00,Produção de semiacabados de aço,BAIXO RISCO,Regra 1,07.12.13,"Escritório (inclusive virtual), sede de empresa, grupo de salas, centro empresarial",nR1-12 (até 1250) ;  nR2-12 (acima de 1250),nR1-12,"1250,00",nR2-12,"1250,01",-,-,1.01,"Administração, Organização e Planejamento",VALIDAÇÃO
2422-9/01,"Produção de laminados planos de aço ao carbono, revestidos ou não",ALTO,Regra 5,09.13.10,Produção de ferro e aço e ferroligas em formas primárias e semiacabados,ID3-13 (subgrupo 2),ID3-13 (subgrupo 2),Q,-,Q,-,,3.00,Estabelecimentos Industriais,VALIDAÇÃO
2422-9/01,"Produção de laminados planos de aço ao carbono, revestidos ou não",BAIXO RISCO,Regra 5,07.12.13,"Escritório (inclusive virtual), sede de empresa, grupo de salas, centro empresarial",nR1-12 (até 1250) ;  nR2-12 (acima de 1250),nR1-12,"1250,00",nR2-12,"1250,01",-,-,1.01,"Administração, Organização e Planejamento",VALIDAÇÃO
2422-9/02,Produção de laminados planos de aços especiais,ALTO,Regra 5,09.13.10,Produção de ferro e aço e ferroligas em formas primárias e semiacabados,ID3-13 (subgrupo 2),ID3-13 (subgrupo 2),Q,-,Q,-,,3.00,Estabelecimentos Industriais,VALIDAÇÃO
2422-9/02,Produção de laminados planos de aços especiais,BAIXO RISCO,Regra 5,07.12.13,"Escritório (inclusive virtual), sede de empresa, grupo de salas, centro empresarial",nR1-12 (até 1250) ;  nR2-12 (acima de 1250),nR1-12,"1250,00",nR2-12,"1250,01",-,-,1.01,"Administração, Organização e Planejamento",VALIDAÇÃO
2423-7/01,Produção de tubos de aço sem costura,ALTO,Regra 5,09.13.03,Fabricação de tubos e canos em geral,ID3-13 (subgrupo 1),ID3-13 (subgrupo 1),Q,-,Q,-,,3.00,Estabelecimentos Industriais,VALIDAÇÃO
2423-7/01,Produção de tubos de aço sem costura,BAIXO RISCO,Regra 5,07.12.13,"Escritório (inclusive virtual), sede de empresa, grupo de salas, centro empresarial",nR1-12 (até 1250) ;  nR2-12 (acima de 1250),nR1-12,"1250,00",nR2-12,"1250,01",-,-,1.01,"Administração, Organização e Planejamento",VALIDAÇÃO
2423-7/02,"Produção de laminados longos de aço, exceto tubos",ALTO,Regra 5,09.13.10,Produção de ferro e aço e ferroligas em formas primárias e semiacabados,ID3-13 (subgrupo 2),ID3-13 (subgrupo 2),Q,-,Q,-,,3.00,Estabelecimentos Industriais,VALIDAÇÃO
2423-7/02,"Produção de laminados longos de aço, exceto tubos",BAIXO RISCO,Regra 5,07.12.13,"Escritório (inclusive virtual), sede de empresa, grupo de salas, centro empresarial",nR1-12 (até 1250) ;  nR2-12 (acima de 1250),nR1-12,"1250,00",nR2-12,"1250,01",-,-,1.01,"Administração, Organização e Planejamento",VALIDAÇÃO
2424-5/01,Produção de arames de aço,ALTO,Regra 5,09.13.10,Produção de ferro e aço e ferroligas em formas primárias e semiacabados,ID3-13 (subgrupo 2),ID3-13 (subgrupo 2),Q,-,Q,-,,3.00,Estabelecimentos Industriais,VALIDAÇÃO
2424-5/01,Produção de arames de aço,BAIXO RISCO,Regra 5,07.12.13,"Escritório (inclusive virtual), sede de empresa, grupo de salas, centro empresarial",nR1-12 (até 1250) ;  nR2-12 (acima de 1250),nR1-12,"1250,00",nR2-12,"1250,01",-,-,1.01,"Administração, Organização e Planejamento",VALIDAÇÃO
2424-5/02,"Produção de relaminados, trefilados e perfilados de aço, exceto arames",ALTO,Regra 5,09.13.10,Produção de ferro e aço e ferroligas em formas primárias e semiacabados,ID3-13 (subgrupo 2),ID3-13 (subgrupo 2),Q,-,Q,-,,3.00,Estabelecimentos Industriais,VALIDAÇÃO
2424-5/02,"Produção de relaminados, trefilados e perfilados de aço, exceto arames",BAIXO RISCO,Regra 5,07.12.13,"Escritório (inclusive virtual), sede de empresa, grupo de salas, centro empresarial",nR1-12 (até 1250) ;  nR2-12 (acima de 1250),nR1-12,"1250,00",nR2-12,"1250,01",-,-,1.01,"Administração, Organização e Planejamento",VALIDAÇÃO
2431-8/00,Produção de tubos de aço com costura,ALTO,Regra 5,09.13.03,Fabricação de tubos e canos em geral,ID3-13 (subgrupo 1),ID3-13 (subgrupo 1),Q,-,Q,-,,3.00,Estabelecimentos Industriais,VALIDAÇÃO
2431-8/00,Produção de tubos de aço com costura,BAIXO RISCO,Regra 5,07.12.13,"Escritório (inclusive virtual), sede de empresa, grupo de salas, centro empresarial",nR1-12 (até 1250) ;  nR2-12 (acima de 1250),nR1-12,"1250,00",nR2-12,"1250,01",-,-,1.01,"Administração, Organização e Planejamento",VALIDAÇÃO
2439-3/00,Produção de outros tubos de ferro e aço,ALTO,Regra 5,09.13.03,Fabricação de tubos e canos em geral,ID3-13 (subgrupo 1),ID3-13 (subgrupo 1),Q,-,Q,-,,3.00,Estabelecimentos Industriais,VALIDAÇÃO
2439-3/00,Produção de outros tubos de ferro e aço,BAIXO RISCO,Regra 5,07.12.13,"Escritório (inclusive virtual), sede de empresa, grupo de salas, centro empresarial",nR1-12 (até 1250) ;  nR2-12 (acima de 1250),nR1-12,"1250,00",nR2-12,"1250,01",-,-,1.01,"Administração, Organização e Planejamento",VALIDAÇÃO
2441-5/01,Produção de alumínio e suas ligas em formas primárias,ALTO,Regra 5,09.13.04,Metalurgia do alumínio e suas ligas em geral,ID3-13 (subgrupo 1),ID3-13 (subgrupo 1),Q,-,Q,-,,3.00,Estabelecimentos Industriais,VALIDAÇÃO
2441-5/01,Produção de alumínio e suas ligas em formas primárias,BAIXO RISCO,Regra 5,07.12.13,"Escritório (inclusive virtual), sede de empresa, grupo de salas, centro empresarial",nR1-12 (até 1250) ;  nR2-12 (acima de 1250),nR1-12,"1250,00",nR2-12,"1250,01",-,-,1.01,"Administração, Organização e Planejamento",VALIDAÇÃO
2441-5/02,Produção de laminados de alumínio,ALTO,Regra 1,09.13.04,Metalurgia do alumínio e suas ligas em geral,ID3-13 (subgrupo 1),ID3-13 (subgrupo 1),Q,-,Q,-,,3.00,Estabelecimentos Industriais,VALIDAÇÃO
2441-5/02,Produção de laminados de alumínio,ALTO,Regra 1,09.13.03,Fabricação de tubos e canos em geral,ID3-13 (subgrupo 1),ID3-13 (subgrupo 1),Q,-,Q,-,,3.00,Estabelecimentos Industriais,VALIDAÇÃO
2441-5/02,Produção de laminados de alumínio,BAIXO RISCO,Regra 1,07.12.13,"Escritório (inclusive virtual), sede de empresa, grupo de salas, centro empresarial",nR1-12 (até 1250) ;  nR2-12 (acima de 1250),nR1-12,"1250,00",nR2-12,"1250,01",-,-,1.01,"Administração, Organização e Planejamento",VALIDAÇÃO
2442-3/00,Metalurgia dos metais preciosos,ALTO,Regra 5,09.13.05,Metalurgia de metais preciosos,ID3-13 (subgrupo 1),ID3-13 (subgrupo 1),Q,-,Q,-,,3.00,Estabelecimentos Industriais,VALIDAÇÃO
2442-3/00,Metalurgia dos metais preciosos,BAIXO RISCO,Regra 5,07.12.13,"Escritório (inclusive virtual), sede de empresa, grupo de salas, centro empresarial",nR1-12 (até 1250) ;  nR2-12 (acima de 1250),nR1-12,"1250,00",nR2-12,"1250,01",-,-,1.01,"Administração, Organização e Planejamento",VALIDAÇÃO
2443-1/00,Metalurgia do cobre,ALTO,Regra 5,09.13.03,Fabricação de tubos e canos em geral,ID3-13 (subgrupo 1),ID3-13 (subgrupo 1),Q,-,Q,-,,3.00,Estabelecimentos Industriais,VALIDAÇÃO
2443-1/00,Metalurgia do cobre,BAIXO RISCO,Regra 5,07.12.13,"Escritório (inclusive virtual), sede de empresa, grupo de salas, centro empresarial",nR1-12 (até 1250) ;  nR2-12 (acima de 1250),nR1-12,"1250,00",nR2-12,"1250,01",-,-,1.01,"Administração, Organização e Planejamento",VALIDAÇÃO
2449-1/01,Produção de zinco em formas primárias,ALTO,Regra 5,09.13.11,Metalurgia dos metais não ferrosos em formas primárias,ID3-13 (subgrupo 2),ID3-13 (subgrupo 2),Q,-,Q,-,,3.00,Estabelecimentos Industriais,VALIDAÇÃO
2449-1/01,Produção de zinco em formas primárias,BAIXO RISCO,Regra 5,07.12.13,"Escritório (inclusive virtual), sede de empresa, grupo de salas, centro empresarial",nR1-12 (até 1250) ;  nR2-12 (acima de 1250),nR1-12,"1250,00",nR2-12,"1250,01",-,-,1.01,"Administração, Organização e Planejamento",VALIDAÇÃO
2449-1/02,Produção de laminados de zinco,ALTO,Regra 5,09.13.03,Fabricação de tubos e canos em geral,ID3-13 (subgrupo 1),ID3-13 (subgrupo 1),Q,-,Q,-,,3.00,Estabelecimentos Industriais,VALIDAÇÃO
2449-1/02,Produção de laminados de zinco,BAIXO RISCO,Regra 5,07.12.13,"Escritório (inclusive virtual), sede de empresa, grupo de salas, centro empresarial",nR1-12 (até 1250) ;  nR2-12 (acima de 1250),nR1-12,"1250,00",nR2-12,"1250,01",-,-,1.01,"Administração, Organização e Planejamento",VALIDAÇÃO
2449-1/03,Fabricação de ânodos para galvanoplastia,ALTO,Regra 1,09.13.11,Metalurgia dos metais não ferrosos em formas primárias,ID3-13 (subgrupo 2),ID3-13 (subgrupo 2),Q,-,Q,-,,3.00,Estabelecimentos Industriais,VALIDAÇÃO
2449-1/03,Fabricação de ânodos para galvanoplastia,ALTO,Regra 1,09.13.06,Metalurgia de outros metais não-ferrosos e suas ligas em geral,ID3-13 (subgrupo 1),ID3-13 (subgrupo 1),Q,-,Q,-,,3.00,Estabelecimentos Industriais,VALIDAÇÃO
2449-1/03,Fabricação de ânodos para galvanoplastia,BAIXO RISCO,Regra 1,07.12.13,"Escritório (inclusive virtual), sede de empresa, grupo de salas, centro empresarial",nR1-12 (até 1250) ;  nR2-12 (acima de 1250),nR1-12,"1250,00",nR2-12,"1250,01",-,-,1.01,"Administração, Organização e Planejamento",VALIDAÇÃO
2449-1/99,Metalurgia de outros metais não-ferrosos e suas ligas não especificados anteriormente,ALTO,Regra 1,09.13.06,Metalurgia de outros metais não-ferrosos e suas ligas em geral,ID3-13 (subgrupo 1),ID3-13 (subgrupo 1),Q,-,Q,-,,3.00,Estabelecimentos Industriais,VALIDAÇÃO
2449-1/99,Metalurgia de outros metais não-ferrosos e suas ligas não especificados anteriormente,ALTO,Regra 1,09.13.07,Fundição,ID3-13 (subgrupo 1),ID3-13 (subgrupo 1),Q,-,Q,-,,3.00,Estabelecimentos Industriais,VALIDAÇÃO
2449-1/99,Metalurgia de outros metais não-ferrosos e suas ligas não especificados anteriormente,ALTO,Regra 1,09.13.04,Metalurgia do alumínio e suas ligas em geral,ID3-13 (subgrupo 1),ID3-13 (subgrupo 1),Q,-,Q,-,,3.00,Estabelecimentos Industriais,VALIDAÇÃO
2449-1/99,Metalurgia de outros metais não-ferrosos e suas ligas não especificados anteriormente,ALTO,Regra 1,09.13.11,Metalurgia dos metais não ferrosos em formas primárias,ID3-13 (subgrupo 2),ID3-13 (subgrupo 2),Q,-,Q,-,,3.00,Estabelecimentos Industriais,VALIDAÇÃO
2449-1/99,Metalurgia de outros metais não-ferrosos e suas ligas não especificados anteriormente,ALTO,Regra 1,09.13.03,Fabricação de tubos e canos em geral,ID3-13 (subgrupo 1),ID3-13 (subgrupo 1),Q,-,Q,-,,3.00,Estabelecimentos Industriais,VALIDAÇÃO
2449-1/99,Metalurgia de outros metais não-ferrosos e suas ligas não especificados anteriormente,BAIXO RISCO,Regra 1,07.12.13,"Escritório (inclusive virtual), sede de empresa, grupo de salas, centro empresarial",nR1-12 (até 1250) ;  nR2-12 (acima de 1250),nR1-12,"1250,00",nR2-12,"1250,01",-,-,1.01,"Administração, Organização e Planejamento",VALIDAÇÃO
2451-2/00,Fundição de ferro e aço,ALTO,Regra 1,09.13.01,Siderurgias integradas,ID3-13 (subgrupo 1),ID3-13 (subgrupo 1),Q,-,Q,-,,3.00,Estabelecimentos Industriais,VALIDAÇÃO
2451-2/00,Fundição de ferro e aço,ALTO,Regra 1,09.13.07,Fundição,ID3-13 (subgrupo 1),ID3-13 (subgrupo 1),Q,-,Q,-,,3.00,Estabelecimentos Industriais,VALIDAÇÃO
2451-2/00,Fundição de ferro e aço,BAIXO RISCO,Regra 1,07.12.13,"Escritório (inclusive virtual), sede de empresa, grupo de salas, centro empresarial",nR1-12 (até 1250) ;  nR2-12 (acima de 1250),nR1-12,"1250,00",nR2-12,"1250,01",-,-,1.01,"Administração, Organização e Planejamento",VALIDAÇÃO
2452-1/00,Fundição de metais não-ferrosos e suas ligas,ALTO,Regra 1,09.13.07,Fundição,ID3-13 (subgrupo 1),ID3-13 (subgrupo 1),Q,-,Q,-,,3.00,Estabelecimentos Industriais,VALIDAÇÃO
2452-1/00,Fundição de metais não-ferrosos e suas ligas,ALTO,Regra 1,09.13.11,Metalurgia dos metais não ferrosos em formas primárias,ID3-13 (subgrupo 2),ID3-13 (subgrupo 2),Q,-,Q,-,,3.00,Estabelecimentos Industriais,VALIDAÇÃO
2452-1/00,Fundição de metais não-ferrosos e suas ligas,ALTO,Regra 1,09.13.12,"Produção de ligas de metais não ferrosos em formas primárias, exclusive de metais preciosos",ID3-13 (subgrupo 2),ID3-13 (subgrupo 2),Q,-,Q,-,,3.00,Estabelecimentos Industriais,VALIDAÇÃO
2452-1/00,Fundição de metais não-ferrosos e suas ligas,ALTO,Regra 1,09.13.06,Metalurgia de outros metais não-ferrosos e suas ligas em geral,ID3-13 (subgrupo 1),ID3-13 (subgrupo 1),Q,-,Q,-,,3.00,Estabelecimentos Industriais,VALIDAÇÃO
2452-1/00,Fundição de metais não-ferrosos e suas ligas,ALTO,Regra 1,09.13.04,Metalurgia do alumínio e suas ligas em geral,ID3-13 (subgrupo 1),ID3-13 (subgrupo 1),Q,-,Q,-,,3.00,Estabelecimentos Industriais,VALIDAÇÃO
2452-1/00,Fundição de metais não-ferrosos e suas ligas,BAIXO RISCO,Regra 1,07.12.13,"Escritório (inclusive virtual), sede de empresa, grupo de salas, centro empresarial",nR1-12 (até 1250) ;  nR2-12 (acima de 1250),nR1-12,"1250,00",nR2-12,"1250,01",-,-,1.01,"Administração, Organização e Planejamento",VALIDAÇÃO
2511-0/00,Fabricação de estruturas metálicas,ALTO,Regra 1,09.13.10,Produção de ferro e aço e ferroligas em formas primárias e semiacabados,ID3-13 (subgrupo 2),ID3-13 (subgrupo 2),Q,-,Q,-,,3.00,Estabelecimentos Industriais,VALIDAÇÃO
2511-0/00,Fabricação de estruturas metálicas,ALTO,Regra 1,09.13.02,"Fabricação de produtos de metal, exceto máquinas e equipamentos",ID3-13 (subgrupo 1),ID3-13 (subgrupo 1),Q,-,Q,-,,3.00,Estabelecimentos Industriais,VALIDAÇÃO
2511-0/00,Fabricação de estruturas metálicas,MÉDIO RISCO,Regra 1,07.09.14,"Serviços de soldagem, serralheria, funilaria e tornearia, manutenção e reparação de artefatos de metal, serviços de tratamento termoquímico (cobreagem, cromagem, douração, etc)",nR2-09 (Qualquer área),nR2-09,Q,-,Q,-,,1.18,Estabelecimentos não classificados nos  Itens 1.01 a 1.17,VALIDAÇÃO
2511-0/00,Fabricação de estruturas metálicas,BAIXO RISCO,Regra 1,07.12.13,"Escritório (inclusive virtual), sede de empresa, grupo de salas, centro empresarial",nR1-12 (até 1250) ;  nR2-12 (acima de 1250),nR1-12,"1250,00",nR2-12,"1250,01",-,-,1.01,"Administração, Organização e Planejamento",VALIDAÇÃO
2512-8/00,Fabricação de esquadrias de metal,ALTO,Regras 58 e 59,09.13.02,"Fabricação de produtos de metal, exceto máquinas e equipamentos",ID3-13 (subgrupo 1),ID3-13 (subgrupo 1),Q,-,Q,-,,3.00,Estabelecimentos Industriais,VALIDAÇÃO
2512-8/00,Fabricação de esquadrias de metal,MÉDIO RISCO,Regras 58 e 59,07.09.14,"Serviços de soldagem, serralheria, funilaria e tornearia, manutenção e reparação de artefatos de metal, serviços de tratamento termoquímico (cobreagem, cromagem, douração, etc)",nR2-09 (Qualquer área),nR2-09,Q,-,Q,-,,1.18,Estabelecimentos não classificados nos  Itens 1.01 a 1.17,VALIDAÇÃO
2512-8/00,Fabricação de esquadrias de metal,BAIXO RISCO,Regras 58 e 59,07.12.13,"Escritório (inclusive virtual), sede de empresa, grupo de salas, centro empresarial",nR1-12 (até 1250) ;  nR2-12 (acima de 1250),nR1-12,"1250,00",nR2-12,"1250,01",-,-,1.01,"Administração, Organização e Planejamento",VALIDAÇÃO
2513-6/00,Fabricação de obras de caldeiraria pesada,ALTO,Regra 49,09.13.02,"Fabricação de produtos de metal, exceto máquinas e equipamentos",ID3-13 (subgrupo 1),ID3-13 (subgrupo 1),Q,-,Q,-,,3.00,Estabelecimentos Industriais,VALIDAÇÃO
2513-6/00,Fabricação de obras de caldeiraria pesada,ALTO,Regra 49,07.12.13,"Escritório (inclusive virtual), sede de empresa, grupo de salas, centro empresarial",nR1-12 (até 1250) ;  nR2-12 (acima de 1250),nR1-12,"1250,00",nR2-12,"1250,01",-,-,1.01,"Administração, Organização e Planejamento",VALIDAÇÃO
2521-7/00,"Fabricação de tanques, reservatórios metálicos e caldeiras para aquecimento central",ALTO,Regra 5,09.13.02,"Fabricação de produtos de metal, exceto máquinas e equipamentos",ID3-13 (subgrupo 1),ID3-13 (subgrupo 1),Q,-,Q,-,,3.00,Estabelecimentos Industriais,VALIDAÇÃO
2521-7/00,"Fabricação de tanques, reservatórios metálicos e caldeiras para aquecimento central",BAIXO RISCO,Regra 5,07.12.13,"Escritório (inclusive virtual), sede de empresa, grupo de salas, centro empresarial",nR1-12 (até 1250) ;  nR2-12 (acima de 1250),nR1-12,"1250,00",nR2-12,"1250,01",-,-,1.01,"Administração, Organização e Planejamento",VALIDAÇÃO
2522-5/00,"Fabricação de caldeiras geradoras de vapor, exceto para aquecimento central e para veículos",ALTO,Regra 49,09.13.02,"Fabricação de produtos de metal, exceto máquinas e equipamentos",ID3-13 (subgrupo 1),ID3-13 (subgrupo 1),Q,-,Q,-,,3.00,Estabelecimentos Industriais,VALIDAÇÃO
2522-5/00,"Fabricação de caldeiras geradoras de vapor, exceto para aquecimento central e para veículos",ALTO,Regra 49,07.12.13,"Escritório (inclusive virtual), sede de empresa, grupo de salas, centro empresarial",nR1-12 (até 1250) ;  nR2-12 (acima de 1250),nR1-12,"1250,00",nR2-12,"1250,01",-,-,1.01,"Administração, Organização e Planejamento",VALIDAÇÃO
2531-4/01,Produção de forjados de aço,ALTO,Regra 1,09.13.11,Metalurgia dos metais não ferrosos em formas primárias,ID3-13 (subgrupo 2),ID3-13 (subgrupo 2),Q,-,Q,-,,3.00,Estabelecimentos Industriais,VALIDAÇÃO
2531-4/01,Produção de forjados de aço,ALTO,Regra 1,09.13.01,Siderurgias integradas,ID3-13 (subgrupo 1),ID3-13 (subgrupo 1),Q,-,Q,-,,3.00,Estabelecimentos Industriais,VALIDAÇÃO
2531-4/01,Produção de forjados de aço,ALTO,Regra 1,09.13.06,Metalurgia de outros metais não-ferrosos e suas ligas em geral,ID3-13 (subgrupo 1),ID3-13 (subgrupo 1),Q,-,Q,-,,3.00,Estabelecimentos Industriais,VALIDAÇÃO
2531-4/01,Produção de forjados de aço,BAIXO RISCO,Regra 1,07.12.13,"Escritório (inclusive virtual), sede de empresa, grupo de salas, centro empresarial",nR1-12 (até 1250) ;  nR2-12 (acima de 1250),nR1-12,"1250,00",nR2-12,"1250,01",-,-,1.01,"Administração, Organização e Planejamento",VALIDAÇÃO
2531-4/02,Produção de forjados de metais não-ferrosos e suas ligas,ALTO,Regra 1,09.13.06,Metalurgia de outros metais não-ferrosos e suas ligas em geral,ID3-13 (subgrupo 1),ID3-13 (subgrupo 1),Q,-,Q,-,,3.00,Estabelecimentos Industriais,VALIDAÇÃO
2531-4/02,Produção de forjados de metais não-ferrosos e suas ligas,ALTO,Regra 1,09.13.01,Siderurgias integradas,ID3-13 (subgrupo 1),ID3-13 (subgrupo 1),Q,-,Q,-,,3.00,Estabelecimentos Industriais,VALIDAÇÃO
2531-4/02,Produção de forjados de metais não-ferrosos e suas ligas,BAIXO RISCO,Regra 1,07.12.13,"Escritório (inclusive virtual), sede de empresa, grupo de salas, centro empresarial",nR1-12 (até 1250) ;  nR2-12 (acima de 1250),nR1-12,"1250,00",nR2-12,"1250,01",-,-,1.01,"Administração, Organização e Planejamento",VALIDAÇÃO
2532-2/01,Produção de artefatos estampados de metal,ALTO,Regra 1,09.13.04,Metalurgia do alumínio e suas ligas em geral,ID3-13 (subgrupo 1),ID3-13 (subgrupo 1),Q,-,Q,-,,3.00,Estabelecimentos Industriais,VALIDAÇÃO
2532-2/01,Produção de artefatos estampados de metal,MÉDIO RISCO,Regra 1,07.09.14,"Serviços de soldagem, serralheria, funilaria e tornearia, manutenção e reparação de artefatos de metal, serviços de tratamento termoquímico (cobreagem, cromagem, douração, etc)",nR2-09 (Qualquer área),nR2-09,Q,-,Q,-,,1.18,Estabelecimentos não classificados nos  Itens 1.01 a 1.17,VALIDAÇÃO
2532-2/01,Produção de artefatos estampados de metal,BAIXO RISCO,Regra 1,07.12.13,"Escritório (inclusive virtual), sede de empresa, grupo de salas, centro empresarial",nR1-12 (até 1250) ;  nR2-12 (acima de 1250),nR1-12,"1250,00",nR2-12,"1250,01",-,-,1.01,"Administração, Organização e Planejamento",VALIDAÇÃO
2532-2/02,Metalurgia do pó,ALTO,Regra 5,09.13.11,Metalurgia dos metais não ferrosos em formas primárias,ID3-13 (subgrupo 2),ID3-13 (subgrupo 2),Q,-,Q,-,,3.00,Estabelecimentos Industriais,VALIDAÇÃO
2532-2/02,Metalurgia do pó,BAIXO RISCO,Regra 5,07.12.13,"Escritório (inclusive virtual), sede de empresa, grupo de salas, centro empresarial",nR1-12 (até 1250) ;  nR2-12 (acima de 1250),nR1-12,"1250,00",nR2-12,"1250,01",-,-,1.01,"Administração, Organização e Planejamento",VALIDAÇÃO
2539-0/01,"Serviços de usinagem, tornearia e solda",MÉDIO RISCO,Regra 5,07.09.14,"Serviços de soldagem, serralheria, funilaria e tornearia, manutenção e reparação de artefatos de metal, serviços de tratamento termoquímico (cobreagem, cromagem, douração, etc)",nR2-09 (Qualquer área),nR2-09,Q,-,Q,-,,1.18,Estabelecimentos não classificados nos  Itens 1.01 a 1.17,VALIDAÇÃO
2539-0/01,"Serviços de usinagem, tornearia e solda",BAIXO RISCO,Regra 5,07.12.13,"Escritório (inclusive virtual), sede de empresa, grupo de salas, centro empresarial",nR1-12 (até 1250) ;  nR2-12 (acima de 1250),nR1-12,"1250,00",nR2-12,"1250,01",-,-,1.01,"Administração, Organização e Planejamento",VALIDAÇÃO
2539-0/02,Serviços de tratamento e revestimento em metais,MÉDIO RISCO,Regra 5,07.09.14,"Serviços de soldagem, serralheria, funilaria e tornearia, manutenção e reparação de artefatos de metal, serviços de tratamento termoquímico (cobreagem, cromagem, douração, etc)",nR2-09 (Qualquer área),nR2-09,Q,-,Q,-,,1.18,Estabelecimentos não classificados nos  Itens 1.01 a 1.17,VALIDAÇÃO
2539-0/02,Serviços de tratamento e revestimento em metais,BAIXO RISCO,Regra 5,07.12.13,"Escritório (inclusive virtual), sede de empresa, grupo de salas, centro empresarial",nR1-12 (até 1250) ;  nR2-12 (acima de 1250),nR1-12,"1250,00",nR2-12,"1250,01",-,-,1.01,"Administração, Organização e Planejamento",VALIDAÇÃO
2541-1/00,Fabricação de artigos de cutelaria,ALTO,Regra 1,09.12.19,"Fabricação de armas, munições e equipamentos militares",ID3-12,ID3-12,Q,-,Q,-,,3.00,Estabelecimentos Industriais,VALIDAÇÃO
2541-1/00,Fabricação de artigos de cutelaria,ALTO,Regra 1,09.13.02,"Fabricação de produtos de metal, exceto máquinas e equipamentos",ID3-13 (subgrupo 1),ID3-13 (subgrupo 1),Q,-,Q,-,,3.00,Estabelecimentos Industriais,VALIDAÇÃO
2541-1/00,Fabricação de artigos de cutelaria,BAIXO RISCO,Regra 1,07.12.13,"Escritório (inclusive virtual), sede de empresa, grupo de salas, centro empresarial",nR1-12 (até 1250) ;  nR2-12 (acima de 1250),nR1-12,"1250,00",nR2-12,"1250,01",-,-,1.01,"Administração, Organização e Planejamento",VALIDAÇÃO
2542-0/00,"Fabricação de artigos de serralheria, exceto esquadrias",ALTO,Regra 1,09.13.04,Metalurgia do alumínio e suas ligas em geral,ID3-13 (subgrupo 1),ID3-13 (subgrupo 1),Q,-,Q,-,,3.00,Estabelecimentos Industriais,VALIDAÇÃO
2542-0/00,"Fabricação de artigos de serralheria, exceto esquadrias",MÉDIO RISCO,Regra 1,07.09.14,"Serviços de soldagem, serralheria, funilaria e tornearia, manutenção e reparação de artefatos de metal, serviços de tratamento termoquímico (cobreagem, cromagem, douração, etc)",nR2-09 (Qualquer área),nR2-09,Q,-,Q,-,,1.18,Estabelecimentos não classificados nos  Itens 1.01 a 1.17,VALIDAÇÃO
2542-0/00,"Fabricação de artigos de serralheria, exceto esquadrias",BAIXO RISCO,Regra 1,07.12.13,"Escritório (inclusive virtual), sede de empresa, grupo de salas, centro empresarial",nR1-12 (até 1250) ;  nR2-12 (acima de 1250),nR1-12,"1250,00",nR2-12,"1250,01",-,-,1.01,"Administração, Organização e Planejamento",VALIDAÇÃO
2543-8/00,Fabricação de ferramentas,ALTO,Regra 1,09.13.07,Fundição,ID3-13 (subgrupo 1),ID3-13 (subgrupo 1),Q,-,Q,-,,3.00,Estabelecimentos Industriais,VALIDAÇÃO
2543-8/00,Fabricação de ferramentas,ALTO,Regra 1,09.13.02,"Fabricação de produtos de metal, exceto máquinas e equipamentos",ID3-13 (subgrupo 1),ID3-13 (subgrupo 1),Q,-,Q,-,,3.00,Estabelecimentos Industriais,VALIDAÇÃO
2543-8/00,Fabricação de ferramentas,BAIXO RISCO,Regra 1,07.12.13,"Escritório (inclusive virtual), sede de empresa, grupo de salas, centro empresarial",nR1-12 (até 1250) ;  nR2-12 (acima de 1250),nR1-12,"1250,00",nR2-12,"1250,01",-,-,1.01,"Administração, Organização e Planejamento",VALIDAÇÃO
2550-1/01,"Fabricação de equipamento bélico pesado, exceto veículos militares de combate",ALTO,Regra 46,09.12.19,"Fabricação de armas, munições e equipamentos militares",ID3-12,ID3-12,Q,-,Q,-,,3.00,Estabelecimentos Industriais,VALIDAÇÃO
2550-1/01,"Fabricação de equipamento bélico pesado, exceto veículos militares de combate",ALTO,Regra 46,07.12.13,"Escritório (inclusive virtual), sede de empresa, grupo de salas, centro empresarial",nR1-12 (até 1250) ;  nR2-12 (acima de 1250),nR1-12,"1250,00",nR2-12,"1250,01",-,-,1.01,"Administração, Organização e Planejamento",VALIDAÇÃO
2550-1/02,"Fabricação de armas de fogo, outras armas e munições",ALTO,Regra 46,09.12.19,"Fabricação de armas, munições e equipamentos militares",ID3-12,ID3-12,Q,-,Q,-,,3.00,Estabelecimentos Industriais,VALIDAÇÃO
2550-1/02,"Fabricação de armas de fogo, outras armas e munições",ALTO,Regra 46,07.12.13,"Escritório (inclusive virtual), sede de empresa, grupo de salas, centro empresarial",nR1-12 (até 1250) ;  nR2-12 (acima de 1250),nR1-12,"1250,00",nR2-12,"1250,01",-,-,1.01,"Administração, Organização e Planejamento",VALIDAÇÃO
2591-8/00,Fabricação de embalagens metálicas,MÉDIO RISCO,Regra 22,09.13.04,Metalurgia do alumínio e suas ligas em geral,ID3-13 (subgrupo 1),ID3-13 (subgrupo 1),Q,-,Q,-,,3.00,Estabelecimentos Industriais,VALIDAÇÃO
2591-8/00,Fabricação de embalagens metálicas,MÉDIO RISCO,Regra 22,09.13.02,"Fabricação de produtos de metal, exceto máquinas e equipamentos",ID3-13 (subgrupo 1),ID3-13 (subgrupo 1),Q,-,Q,-,,3.00,Estabelecimentos Industriais,VALIDAÇÃO
2591-8/00,Fabricação de embalagens metálicas,MÉDIO RISCO,Regra 22,07.12.13,"Escritório (inclusive virtual), sede de empresa, grupo de salas, centro empresarial",nR1-12 (até 1250) ;  nR2-12 (acima de 1250),nR1-12,"1250,00",nR2-12,"1250,01",-,-,1.01,"Administração, Organização e Planejamento",VALIDAÇÃO
2592-6/01,Fabricação de produtos de trefilados de metal padronizados,ALTO,Regra 5,09.13.02,"Fabricação de produtos de metal, exceto máquinas e equipamentos",ID3-13 (subgrupo 1),ID3-13 (subgrupo 1),Q,-,Q,-,,3.00,Estabelecimentos Industriais,VALIDAÇÃO
2592-6/01,Fabricação de produtos de trefilados de metal padronizados,BAIXO RISCO,Regra 5,07.12.13,"Escritório (inclusive virtual), sede de empresa, grupo de salas, centro empresarial",nR1-12 (até 1250) ;  nR2-12 (acima de 1250),nR1-12,"1250,00",nR2-12,"1250,01",-,-,1.01,"Administração, Organização e Planejamento",VALIDAÇÃO
2592-6/02,"Fabricação de produtos de trefilados de metal, exceto padronizados",ALTO,Regra 1,09.13.10,Produção de ferro e aço e ferroligas em formas primárias e semiacabados,ID3-13 (subgrupo 2),ID3-13 (subgrupo 2),Q,-,Q,-,,3.00,Estabelecimentos Industriais,VALIDAÇÃO
2592-6/02,"Fabricação de produtos de trefilados de metal, exceto padronizados",ALTO,Regra 1,09.13.06,Metalurgia de outros metais não-ferrosos e suas ligas em geral,ID3-13 (subgrupo 1),ID3-13 (subgrupo 1),Q,-,Q,-,,3.00,Estabelecimentos Industriais,VALIDAÇÃO
2592-6/02,"Fabricação de produtos de trefilados de metal, exceto padronizados",ALTO,Regra 1,09.13.04,Metalurgia do alumínio e suas ligas em geral,ID3-13 (subgrupo 1),ID3-13 (subgrupo 1),Q,-,Q,-,,3.00,Estabelecimentos Industriais,VALIDAÇÃO
2592-6/02,"Fabricação de produtos de trefilados de metal, exceto padronizados",ALTO,Regra 1,09.13.11,Metalurgia dos metais não ferrosos em formas primárias,ID3-13 (subgrupo 2),ID3-13 (subgrupo 2),Q,-,Q,-,,3.00,Estabelecimentos Industriais,VALIDAÇÃO
2592-6/02,"Fabricação de produtos de trefilados de metal, exceto padronizados",ALTO,Regra 1,09.13.02,"Fabricação de produtos de metal, exceto máquinas e equipamentos",ID3-13 (subgrupo 1),ID3-13 (subgrupo 1),Q,-,Q,-,,3.00,Estabelecimentos Industriais,VALIDAÇÃO
2592-6/02,"Fabricação de produtos de trefilados de metal, exceto padronizados",BAIXO RISCO,Regra 1,07.12.13,"Escritório (inclusive virtual), sede de empresa, grupo de salas, centro empresarial",nR1-12 (até 1250) ;  nR2-12 (acima de 1250),nR1-12,"1250,00",nR2-12,"1250,01",-,-,1.01,"Administração, Organização e Planejamento",VALIDAÇÃO
2593-4/00,Fabricação de artigos de metal para uso doméstico e pessoal,ALTO,Regra 1,09.13.02,"Fabricação de produtos de metal, exceto máquinas e equipamentos",ID3-13 (subgrupo 1),ID3-13 (subgrupo 1),Q,-,Q,-,,3.00,Estabelecimentos Industriais,VALIDAÇÃO
2593-4/00,Fabricação de artigos de metal para uso doméstico e pessoal,ALTO,Regra 1,09.13.04,Metalurgia do alumínio e suas ligas em geral,ID3-13 (subgrupo 1),ID3-13 (subgrupo 1),Q,-,Q,-,,3.00,Estabelecimentos Industriais,VALIDAÇÃO
2593-4/00,Fabricação de artigos de metal para uso doméstico e pessoal,BAIXO RISCO,Regra 1,07.12.13,"Escritório (inclusive virtual), sede de empresa, grupo de salas, centro empresarial",nR1-12 (até 1250) ;  nR2-12 (acima de 1250),nR1-12,"1250,00",nR2-12,"1250,01",-,-,1.01,"Administração, Organização e Planejamento",VALIDAÇÃO
2599-3/01,Serviços de confecção de armações metálicas para a construção,MÉDIO RISCO,Regra 5,07.09.14,"Serviços de soldagem, serralheria, funilaria e tornearia, manutenção e reparação de artefatos de metal, serviços de tratamento termoquímico (cobreagem, cromagem, douração, etc)",nR2-09 (Qualquer área),nR2-09,Q,-,Q,-,,1.18,Estabelecimentos não classificados nos  Itens 1.01 a 1.17,VALIDAÇÃO
2599-3/01,Serviços de confecção de armações metálicas para a construção,BAIXO RISCO,Regra 5,07.12.13,"Escritório (inclusive virtual), sede de empresa, grupo de salas, centro empresarial",nR1-12 (até 1250) ;  nR2-12 (acima de 1250),nR1-12,"1250,00",nR2-12,"1250,01",-,-,1.01,"Administração, Organização e Planejamento",VALIDAÇÃO
2599-3/02,Serviço de corte e dobra de metais,MÉDIO RISCO,Regra 5,07.09.14,"Serviços de soldagem, serralheria, funilaria e tornearia, manutenção e reparação de artefatos de metal, serviços de tratamento termoquímico (cobreagem, cromagem, douração, etc)",nR2-09 (Qualquer área),nR2-09,Q,-,Q,-,,1.18,Estabelecimentos não classificados nos  Itens 1.01 a 1.17,VALIDAÇÃO
2599-3/02,Serviço de corte e dobra de metais,BAIXO RISCO,Regra 5,07.12.13,"Escritório (inclusive virtual), sede de empresa, grupo de salas, centro empresarial",nR1-12 (até 1250) ;  nR2-12 (acima de 1250),nR1-12,"1250,00",nR2-12,"1250,01",-,-,1.01,"Administração, Organização e Planejamento",VALIDAÇÃO
2599-3/99,Fabricação de outros produtos de metal não especificados anteriormente,MÉDIO RISCO,Regra 1,07.09.14,"Serviços de soldagem, serralheria, funilaria e tornearia, manutenção e reparação de artefatos de metal, serviços de tratamento termoquímico (cobreagem, cromagem, douração, etc)",nR2-09 (Qualquer área),nR2-09,Q,-,Q,-,,1.18,Estabelecimentos não classificados nos  Itens 1.01 a 1.17,VALIDAÇÃO
2599-3/99,Fabricação de outros produtos de metal não especificados anteriormente,ALTO,Regra 1,09.13.02,"Fabricação de produtos de metal, exceto máquinas e equipamentos",ID3-13 (subgrupo 1),ID3-13 (subgrupo 1),Q,-,Q,-,,3.00,Estabelecimentos Industriais,VALIDAÇÃO
2599-3/99,Fabricação de outros produtos de metal não especificados anteriormente,BAIXO RISCO,Regra 1,07.12.13,"Escritório (inclusive virtual), sede de empresa, grupo de salas, centro empresarial",nR1-12 (até 1250) ;  nR2-12 (acima de 1250),nR1-12,"1250,00",nR2-12,"1250,01",-,-,1.01,"Administração, Organização e Planejamento",VALIDAÇÃO
2610-8/00,Fabricação de componentes eletrônicos,ALTO,Regra 1,09.12.02,Fabricação de máquinas e equipamentos de sistemas eletrônicos para processamento de dados,ID1-12,ID1-12,Q,-,Q,-,,3.00,Estabelecimentos Industriais,VALIDAÇÃO
2610-8/00,Fabricação de componentes eletrônicos,ALTO,Regra 1,09.14.03,"Fabricação de vidro, artigos de vidro e cristal",ID3-14 (subgrupo 1),ID3-14 (subgrupo 1),Q,-,Q,-,,3.00,Estabelecimentos Industriais,VALIDAÇÃO
2610-8/00,Fabricação de componentes eletrônicos,MÉDIO RISCO,Regra 1,07.09.17,"Outros serviços técnicos de confecção, manutenção e reparação não classificados",nR1-09 (Até 350) ; nR2-09 (Acima de 350),nR1-09,"350,00",nR2-09,"350,01",,,1.18,Estabelecimentos não classificados nos Códigos 1.01 a 1.17,VALIDAÇÃO
2610-8/00,Fabricação de componentes eletrônicos,BAIXO RISCO,Regra 1,07.12.13,"Escritório (inclusive virtual), sede de empresa, grupo de salas, centro empresarial",nR1-12 (até 1250) ; nR2-12 (acima de 1250),nR1-12,1250,nR2-12,1250.01,-,-,1.01,"Administração, Organização e Planejamento",VALIDAÇÃO
2621-3/00,Fabricação de equipamentos de informática,ALTO,Regra 1,09.12.03,Fabricação de computadores,ID1-12,ID1-12,Q,-,Q,-,,3.00,Estabelecimentos Industriais,VALIDAÇÃO
2621-3/00,Fabricação de equipamentos de informática,MÉDIO RISCO,Regra 1,07.09.17,"Outros serviços técnicos de confecção, manutenção e reparação não classificados",nR1-09 (Até 350) ; nR2-09 (Acima de 350),nR1-09,"350,00",nR2-09,"350,01",,,1.18,Estabelecimentos não classificados nos Códigos 1.01 a 1.17,VALIDAÇÃO
2621-3/00,Fabricação de equipamentos de informática,BAIXO RISCO,Regra 1,07.12.13,"Escritório (inclusive virtual), sede de empresa, grupo de salas, centro empresarial",nR1-12 (até 1250) ; nR2-12 (acima de 1250),nR1-12,1250,nR2-12,1250.01,-,-,1.01,"Administração, Organização e Planejamento",VALIDAÇÃO
2622-1/00,Fabricação de periféricos para equipamentos de informática,ALTO,Regra 5,09.12.04,Fabricação de equipamentos periféricos para máquinas eletrônicas para tratamento da informação,ID1-12,ID1-12,Q,-,Q,-,,3.00,Estabelecimentos Industriais,VALIDAÇÃO
2622-1/00,Fabricação de periféricos para equipamentos de informática,BAIXO RISCO,Regra 5,07.12.13,"Escritório (inclusive virtual), sede de empresa, grupo de salas, centro empresarial",nR1-12 (até 1250) ; nR2-12 (acima de 1250),nR1-12,1250,nR2-12,1250.01,-,-,1.01,"Administração, Organização e Planejamento",VALIDAÇÃO
2631-1/00,"Fabricação de equipamentos transmissores de comunicação, peças e acessórios",ALTO,Regra 1,09.10.03,"Fabricação de geradores, transformadores e e motores elétricos",ID3-10,ID3-10,Q,-,Q,-,,3.00,Estabelecimentos Industriais,VALIDAÇÃO
2631-1/00,"Fabricação de equipamentos transmissores de comunicação, peças e acessórios",ALTO,Regra 1,09.12.14,"Fabricação de máquinas, aparelhos e materiais elétricos: geradores, transformadores e motores elétricos, fios e cabos, dentre outros",ID3-12,ID3-12,Q,-,Q,-,,3.00,Estabelecimentos Industriais,VALIDAÇÃO
2631-1/00,"Fabricação de equipamentos transmissores de comunicação, peças e acessórios",BAIXO RISCO,Regra 1,07.12.13,"Escritório (inclusive virtual), sede de empresa, grupo de salas, centro empresarial",nR1-12 (até 1250) ; nR2-12 (acima de 1250),nR1-12,1250,nR2-12,1250.01,-,-,1.01,"Administração, Organização e Planejamento",VALIDAÇÃO
2632-9/00,"Fabricação de aparelhos telefônicos e de outros equipamentos de comunicação, peças e acessórios",ALTO,Regra 5,09.10.07,Fabricação de outros equipamentos e aparelhos elétricos,ID3-10,ID3-10,Q,-,Q,-,,3.00,Estabelecimentos Industriais,VALIDAÇÃO
2632-9/00,"Fabricação de aparelhos telefônicos e de outros equipamentos de comunicação, peças e acessórios",BAIXO RISCO,Regra 5,07.12.13,"Escritório (inclusive virtual), sede de empresa, grupo de salas, centro empresarial",nR1-12 (até 1250) ; nR2-12 (acima de 1250),nR1-12,1250,nR2-12,1250.01,-,-,1.01,"Administração, Organização e Planejamento",VALIDAÇÃO
2640-0/00,"Fabricação de aparelhos de recepção, reprodução, gravação e amplificação de áudio e vídeo",ALTO,Regra 5,09.10.07,Fabricação de outros equipamentos e aparelhos elétricos,ID3-10,ID3-10,Q,-,Q,-,,3.00,Estabelecimentos Industriais,VALIDAÇÃO
2640-0/00,"Fabricação de aparelhos de recepção, reprodução, gravação e amplificação de áudio e vídeo",BAIXO RISCO,Regra 5,07.12.13,"Escritório (inclusive virtual), sede de empresa, grupo de salas, centro empresarial",nR1-12 (até 1250) ; nR2-12 (acima de 1250),nR1-12,1250,nR2-12,1250.01,-,-,1.01,"Administração, Organização e Planejamento",VALIDAÇÃO
2651-5/00,"Fabricação de aparelhos e equipamentos de medida, teste e controle",ALTO,Regra 1,09.12.02,Fabricação de máquinas e equipamentos de sistemas eletrônicos para processamento de dados,ID1-12,ID1-12,Q,-,Q,-,,3.00,Estabelecimentos Industriais,VALIDAÇÃO
2651-5/00,"Fabricação de aparelhos e equipamentos de medida, teste e controle",ALTO,Regra 1,09.12.07,"Fabricação de máquinas, aparelhos e equipamentos de sistemas eletrônicos dedicados à automação industrial e controle do processo produtivo",ID1-12,ID1-12,Q,-,Q,-,,3.00,Estabelecimentos Industriais,VALIDAÇÃO
2651-5/00,"Fabricação de aparelhos e equipamentos de medida, teste e controle",ALTO,Regra 1,09.12.06,"Fabricação de aparelhos e instrumentos de medida, teste e controle, exclusive equipamentos para controle de processos industriais",ID1-12,ID1-12,Q,-,Q,-,,3.00,Estabelecimentos Industriais,VALIDAÇÃO
2651-5/00,"Fabricação de aparelhos e equipamentos de medida, teste e controle",BAIXO RISCO,Regra 1,07.12.13,"Escritório (inclusive virtual), sede de empresa, grupo de salas, centro empresarial",nR1-12 (até 1250) ; nR2-12 (acima de 1250),nR1-12,1250,nR2-12,1250.01,-,-,1.01,"Administração, Organização e Planejamento",VALIDAÇÃO
2652-3/00,Fabricação de cronômetros e relógios,ALTO,Regra 5,09.12.09,Fabricação de cronômetros e relógios,ID1-12,ID1-12,Q,-,Q,-,,3.00,Estabelecimentos Industriais,VALIDAÇÃO
2652-3/00,Fabricação de cronômetros e relógios,BAIXO RISCO,Regra 5,07.12.13,"Escritório (inclusive virtual), sede de empresa, grupo de salas, centro empresarial",nR1-12 (até 1250) ; nR2-12 (acima de 1250),nR1-12,1250,nR2-12,1250.01,-,-,1.01,"Administração, Organização e Planejamento",VALIDAÇÃO
2660-4/00,Fabricação de aparelhos eletromédicos e eletroterapêuticos e equipamentos de irradiação,ALTO,Regra 49,09.12.05,"Fabricação de aparelhos e instrumentos para usos médico-hospitalar, odontológicos e de laboratórios e aparelhos ortopédicos em geral, inclusive sob encomenda",ID1-12,ID1-12,Q,-,Q,-,,3.00,Estabelecimentos Industriais,VALIDAÇÃO
2660-4/00,Fabricação de aparelhos eletromédicos e eletroterapêuticos e equipamentos de irradiação,ALTO,Regra 49,07.12.13,"Escritório (inclusive virtual), sede de empresa, grupo de salas, centro empresarial",nR1-12 (até 1250) ; nR2-12 (acima de 1250),nR1-12,1250,nR2-12,1250.01,-,-,1.01,"Administração, Organização e Planejamento",VALIDAÇÃO
2670-1/01,"Fabricação de equipamentos e instrumentos ópticos, peças e acessórios",ALTO,Regra 5,09.12.08,"Fabricação de aparelhos, instrumentos e materiais óticos, fotográficos e cinematográficos",ID1-12,ID1-12,Q,-,Q,-,,3.00,Estabelecimentos Industriais,VALIDAÇÃO
2670-1/01,"Fabricação de equipamentos e instrumentos ópticos, peças e acessórios",BAIXO RISCO,Regra 5,07.12.13,"Escritório (inclusive virtual), sede de empresa, grupo de salas, centro empresarial",nR1-12 (até 1250) ; nR2-12 (acima de 1250),nR1-12,1250,nR2-12,1250.01,-,-,1.01,"Administração, Organização e Planejamento",VALIDAÇÃO
2670-1/02,"Fabricação de aparelhos fotográficos e cinematográficos, peças e acessórios",ALTO,Regra 5,09.12.08,"Fabricação de aparelhos, instrumentos e materiais óticos, fotográficos e cinematográficos",ID1-12,ID1-12,Q,-,Q,-,,3.00,Estabelecimentos Industriais,VALIDAÇÃO
2670-1/02,"Fabricação de aparelhos fotográficos e cinematográficos, peças e acessórios",BAIXO RISCO,Regra 5,07.12.13,"Escritório (inclusive virtual), sede de empresa, grupo de salas, centro empresarial",nR1-12 (até 1250) ; nR2-12 (acima de 1250),nR1-12,1250,nR2-12,1250.01,-,-,1.01,"Administração, Organização e Planejamento",VALIDAÇÃO
2680-9/00,"Fabricação de mídias virgens, magnéticas e ópticas",ALTO,Regra 5,09.19.12,Fabricação de discos e fitas virgens,ID3-19 (subgrupo 1),ID3-19 (subgrupo 1),Q,-,Q,-,-,3.00,Estabelecimentos Industriais,VALIDAÇÃO
2680-9/00,"Fabricação de mídias virgens, magnéticas e ópticas",BAIXO RISCO,Regra 5,07.12.13,"Escritório (inclusive virtual), sede de empresa, grupo de salas, centro empresarial",nR1-12 (até 1250) ; nR2-12 (acima de 1250),nR1-12,1250,nR2-12,1250.01,-,-,1.01,"Administração, Organização e Planejamento",VALIDAÇÃO
2710-4/01,"Fabricação de geradores de corrente contínua e alternada, peças e acessórios",ALTO,Regra 47,09.12.14,"Fabricação de máquinas, aparelhos e materiais elétricos: geradores, transformadores e motores elétricos, fios e cabos, dentre outros",ID3-12,ID3-12,Q,-,Q,-,,3.00,Estabelecimentos Industriais,VALIDAÇÃO
2710-4/01,"Fabricação de geradores de corrente contínua e alternada, peças e acessórios",ALTO,Regra 47,09.10.03,"Fabricação de geradores, transformadores e e motores elétricos",ID3-10,ID3-10,Q,-,Q,-,,3.00,Estabelecimentos Industriais,VALIDAÇÃO
2710-4/01,"Fabricação de geradores de corrente contínua e alternada, peças e acessórios",ALTO,Regra 47,07.09.17,"Outros serviços técnicos de confecção, manutenção e reparação não classificados",nR1-09 (Até 350) ; nR2-09 (Acima de 350),nR1-09,"350,00",nR2-09,"350,01",,,1.18,Estabelecimentos não classificados nos Códigos 1.01 a 1.17,VALIDAÇÃO
2710-4/01,"Fabricação de geradores de corrente contínua e alternada, peças e acessórios",ALTO,Regra 47,07.12.13,"Escritório (inclusive virtual), sede de empresa, grupo de salas, centro empresarial",nR1-12 (até 1250) ; nR2-12 (acima de 1250),nR1-12,1250,nR2-12,1250.01,-,-,1.01,"Administração, Organização e Planejamento",VALIDAÇÃO
2710-4/02,"Fabricação de transformadores, indutores, conversores, sincronizadores e semelhantes, peças e acessórios",ALTO,Regra 47,09.12.14,"Fabricação de máquinas, aparelhos e materiais elétricos: geradores, transformadores e motores elétricos, fios e cabos, dentre outros",ID3-12,ID3-12,Q,-,Q,-,,3.00,Estabelecimentos Industriais,VALIDAÇÃO
2710-4/02,"Fabricação de transformadores, indutores, conversores, sincronizadores e semelhantes, peças e acessórios",ALTO,Regra 47,09.10.03,"Fabricação de geradores, transformadores e e motores elétricos",ID3-10,ID3-10,Q,-,Q,-,,3.00,Estabelecimentos Industriais,VALIDAÇÃO
2710-4/02,"Fabricação de transformadores, indutores, conversores, sincronizadores e semelhantes, peças e acessórios",ALTO,Regra 47,07.12.13,"Escritório (inclusive virtual), sede de empresa, grupo de salas, centro empresarial",nR1-12 (até 1250) ; nR2-12 (acima de 1250),nR1-12,1250,nR2-12,1250.01,-,-,1.01,"Administração, Organização e Planejamento",VALIDAÇÃO
2710-4/03,"Fabricação de motores elétricos, peças e acessórios",ALTO,Regra 1,09.12.14,"Fabricação de máquinas, aparelhos e materiais elétricos: geradores, transformadores e motores elétricos, fios e cabos, dentre outros",ID3-12,ID3-12,Q,-,Q,-,,3.00,Estabelecimentos Industriais,VALIDAÇÃO
2710-4/03,"Fabricação de motores elétricos, peças e acessórios",ALTO,Regra 1,09.10.03,"Fabricação de geradores, transformadores e e motores elétricos",ID3-10,ID3-10,Q,-,Q,-,,3.00,Estabelecimentos Industriais,VALIDAÇÃO
2710-4/03,"Fabricação de motores elétricos, peças e acessórios",BAIXO RISCO,Regra 1,07.12.13,"Escritório (inclusive virtual), sede de empresa, grupo de salas, centro empresarial",nR1-12 (até 1250) ; nR2-12 (acima de 1250),nR1-12,1250,nR2-12,1250.01,-,-,1.01,"Administração, Organização e Planejamento",VALIDAÇÃO
2721-0/00,"Fabricação de pilhas, baterias e acumuladores elétricos, exceto para veículos automotores",ALTO,Regra 47,09.12.14,"Fabricação de máquinas, aparelhos e materiais elétricos: geradores, transformadores e motores elétricos, fios e cabos, dentre outros",ID3-12,ID3-12,Q,-,Q,-,,3.00,Estabelecimentos Industriais,VALIDAÇÃO
2721-0/00,"Fabricação de pilhas, baterias e acumuladores elétricos, exceto para veículos automotores",ALTO,Regra 47,09.10.01,"Fabricação de pilhas, baterias e acumuladores elétricos",ID3-10,ID3-10,Q,-,Q,-,,3.00,Estabelecimentos Industriais,VALIDAÇÃO
2721-0/00,"Fabricação de pilhas, baterias e acumuladores elétricos, exceto para veículos automotores",ALTO,Regra 47,07.12.13,"Escritório (inclusive virtual), sede de empresa, grupo de salas, centro empresarial",nR1-12 (até 1250) ; nR2-12 (acima de 1250),nR1-12,1250,nR2-12,1250.01,-,-,1.01,"Administração, Organização e Planejamento",VALIDAÇÃO
2722-8/01,Fabricação de baterias e acumuladores para veículos automotores,ALTO,Regra 46,09.10.01,"Fabricação de pilhas, baterias e acumuladores elétricos",ID3-10,ID3-10,Q,-,Q,-,,3.00,Estabelecimentos Industriais,VALIDAÇÃO
2722-8/01,Fabricação de baterias e acumuladores para veículos automotores,ALTO,Regra 46,07.12.13,"Escritório (inclusive virtual), sede de empresa, grupo de salas, centro empresarial",nR1-12 (até 1250) ; nR2-12 (acima de 1250),nR1-12,1250,nR2-12,1250.01,-,-,1.01,"Administração, Organização e Planejamento",VALIDAÇÃO
2722-8/02,Recondicionamento de baterias e acumuladores para veículos automotores,ALTO,Regra 46,09.10.01,"Fabricação de pilhas, baterias e acumuladores elétricos",ID3-10,ID3-10,Q,-,Q,-,,3.00,Estabelecimentos Industriais,VALIDAÇÃO
2722-8/02,Recondicionamento de baterias e acumuladores para veículos automotores,ALTO,Regra 46,07.12.13,"Escritório (inclusive virtual), sede de empresa, grupo de salas, centro empresarial",nR1-12 (até 1250) ; nR2-12 (acima de 1250),nR1-12,1250,nR2-12,1250.01,-,-,1.01,"Administração, Organização e Planejamento",VALIDAÇÃO
2731-7/00,Fabricação de aparelhos e equipamentos para distribuição e controle de energia elétrica,ALTO,Regra 49,09.10.04,Fabricação de equipamentos para distribuição e controle de energia elétrica,ID3-10,ID3-10,Q,-,Q,-,,3.00,Estabelecimentos Industriais,VALIDAÇÃO
2731-7/00,Fabricação de aparelhos e equipamentos para distribuição e controle de energia elétrica,ALTO,Regra 49,07.12.13,"Escritório (inclusive virtual), sede de empresa, grupo de salas, centro empresarial",nR1-12 (até 1250) ; nR2-12 (acima de 1250),nR1-12,1250,nR2-12,1250.01,-,-,1.01,"Administração, Organização e Planejamento",VALIDAÇÃO
2732-5/00,Fabricação de material elétrico para instalações em circuito de consumo,ALTO,Regra 49,09.12.14,"Fabricação de máquinas, aparelhos e materiais elétricos: geradores, transformadores e motores elétricos, fios e cabos, dentre outros",ID3-12,ID3-12,Q,-,Q,-,,3.00,Estabelecimentos Industriais,VALIDAÇÃO
2732-5/00,Fabricação de material elétrico para instalações em circuito de consumo,ALTO,Regra 49,07.12.13,"Escritório (inclusive virtual), sede de empresa, grupo de salas, centro empresarial",nR1-12 (até 1250) ; nR2-12 (acima de 1250),nR1-12,1250,nR2-12,1250.01,-,-,1.01,"Administração, Organização e Planejamento",VALIDAÇÃO
2733-3/00,"Fabricação de fios, cabos e condutores elétricos isolados",ALTO,Regra 47,09.12.14,"Fabricação de máquinas, aparelhos e materiais elétricos: geradores, transformadores e motores elétricos, fios e cabos, dentre outros",ID3-12,ID3-12,Q,-,Q,-,,3.00,Estabelecimentos Industriais,VALIDAÇÃO
2733-3/00,"Fabricação de fios, cabos e condutores elétricos isolados",ALTO,Regra 47,09.10.05,"Fabricação de fios, cabos e condutores elétricos isolados",ID3-10,ID3-10,Q,-,Q,-,,3.00,Estabelecimentos Industriais,VALIDAÇÃO
2733-3/00,"Fabricação de fios, cabos e condutores elétricos isolados",ALTO,Regra 47,07.12.13,"Escritório (inclusive virtual), sede de empresa, grupo de salas, centro empresarial",nR1-12 (até 1250) ; nR2-12 (acima de 1250),nR1-12,1250,nR2-12,1250.01,-,-,1.01,"Administração, Organização e Planejamento",VALIDAÇÃO
2740-6/01,Fabricação de lâmpadas,ALTO,Regra 49,09.10.02,Fabricação de lâmpadas e equipamentos de iluminação,ID3-10,ID3-10,Q,-,Q,-,,3.00,Estabelecimentos Industriais,VALIDAÇÃO
2740-6/01,Fabricação de lâmpadas,ALTO,Regra 49,07.12.13,"Escritório (inclusive virtual), sede de empresa, grupo de salas, centro empresarial",nR1-12 (até 1250) ; nR2-12 (acima de 1250),nR1-12,1250,nR2-12,1250.01,-,-,1.01,"Administração, Organização e Planejamento",VALIDAÇÃO
2740-6/02,Fabricação de luminárias e outros equipamentos de iluminação,ALTO,Regra 47,07.09.17,"Outros serviços técnicos de confecção, manutenção e reparação não classificados",nR1-09 (Até 350) ; nR2-09 (Acima de 350),nR1-09,"350,00",nR2-09,"350,01",-,-,1.18,Estabelecimentos não classificados nos Códigos 1.01 a 1.17,VALIDAÇÃO
2740-6/02,Fabricação de luminárias e outros equipamentos de iluminação,ALTO,Regra 47,09.10.02,Fabricação de lâmpadas e equipamentos de iluminação,ID3-10,ID3-10,Q,-,Q,-,,3.00,Estabelecimentos Industriais,VALIDAÇÃO
2740-6/02,Fabricação de luminárias e outros equipamentos de iluminação,ALTO,Regra 47,07.12.13,"Escritório (inclusive virtual), sede de empresa, grupo de salas, centro empresarial",nR1-12 (até 1250) ; nR2-12 (acima de 1250),nR1-12,1250,nR2-12,1250.01,-,-,1.01,"Administração, Organização e Planejamento",VALIDAÇÃO
2751-1/00,"Fabricação de fogões, refrigeradores e máquinas de lavar e secar para uso doméstico, peças e acessórios",ALTO,Regra 49,09.12.20,Fabricação de eletrodomésticos,ID3-12,ID3-12,Q,-,Q,-,,3.00,Estabelecimentos Industriais,VALIDAÇÃO
2751-1/00,"Fabricação de fogões, refrigeradores e máquinas de lavar e secar para uso doméstico, peças e acessórios",ALTO,Regra 49,07.12.13,"Escritório (inclusive virtual), sede de empresa, grupo de salas, centro empresarial",nR1-12 (até 1250) ; nR2-12 (acima de 1250),nR1-12,1250,nR2-12,1250.01,-,-,1.01,"Administração, Organização e Planejamento",VALIDAÇÃO
2759-7/01,"Fabricação de aparelhos elétricos de uso pessoal, peças e acessórios",ALTO,Regra 49,09.10.07,Fabricação de outros equipamentos e aparelhos elétricos,ID3-10,ID3-10,Q,-,Q,-,,3.00,Estabelecimentos Industriais,VALIDAÇÃO
2759-7/01,"Fabricação de aparelhos elétricos de uso pessoal, peças e acessórios",ALTO,Regra 49,07.12.13,"Escritório (inclusive virtual), sede de empresa, grupo de salas, centro empresarial",nR1-12 (até 1250) ; nR2-12 (acima de 1250),nR1-12,1250,nR2-12,1250.01,-,-,1.01,"Administração, Organização e Planejamento",VALIDAÇÃO
2759-7/99,"Fabricação de outros aparelhos eletrodomésticos não especificados anteriormente, peças e acessórios",ALTO,Regra 47,09.12.20,Fabricação de eletrodomésticos,ID3-12,ID3-12,Q,-,Q,-,,3.00,Estabelecimentos Industriais,VALIDAÇÃO
2759-7/99,"Fabricação de outros aparelhos eletrodomésticos não especificados anteriormente, peças e acessórios",ALTO,Regra 47,09.12.18,Fabricação de outras máquinas e equipamentos de uso específico,ID3-12,ID3-12,Q,-,Q,-,,3.00,Estabelecimentos Industriais,VALIDAÇÃO
2759-7/99,"Fabricação de outros aparelhos eletrodomésticos não especificados anteriormente, peças e acessórios",ALTO,Regra 47,09.10.07,Fabricação de outros equipamentos e aparelhos elétricos,ID3-10,ID3-10,Q,-,Q,-,,3.00,Estabelecimentos Industriais,VALIDAÇÃO
2759-7/99,"Fabricação de outros aparelhos eletrodomésticos não especificados anteriormente, peças e acessórios",ALTO,Regra 47,09.13.02,"Fabricação de produtos de metal, exceto máquinas e equipamentos",ID3-13 (subgrupo 1),ID3-13 (subgrupo 1),Q,-,Q,-,,3.00,Estabelecimentos Industriais,VALIDAÇÃO
2759-7/99,"Fabricação de outros aparelhos eletrodomésticos não especificados anteriormente, peças e acessórios",ALTO,Regra 47,07.12.13,"Escritório (inclusive virtual), sede de empresa, grupo de salas, centro empresarial",nR1-12 (até 1250) ; nR2-12 (acima de 1250),nR1-12,1250,nR2-12,1250.01,-,-,1.01,"Administração, Organização e Planejamento",VALIDAÇÃO
2790-2/01,"Fabricação de eletrodos, contatos e outros artigos de carvão e grafita para uso elétrico, eletroímãs e isoladores",ALTO,Regra 5,09.10.07,Fabricação de outros equipamentos e aparelhos elétricos,ID3-10,ID3-10,Q,-,Q,-,,3.00,Estabelecimentos Industriais,VALIDAÇÃO
2790-2/01,"Fabricação de eletrodos, contatos e outros artigos de carvão e grafita para uso elétrico, eletroímãs e isoladores",BAIXO RISCO,Regra 5,07.12.13,"Escritório (inclusive virtual), sede de empresa, grupo de salas, centro empresarial",nR1-12 (até 1250) ; nR2-12 (acima de 1250),nR1-12,1250,nR2-12,1250.01,-,-,1.01,"Administração, Organização e Planejamento",VALIDAÇÃO
2790-2/02,Fabricação de equipamentos para sinalização e alarme,ALTO,Regra 49,09.10.07,Fabricação de outros equipamentos e aparelhos elétricos,ID3-10,ID3-10,Q,-,Q,-,,3.00,Estabelecimentos Industriais,VALIDAÇÃO
2790-2/02,Fabricação de equipamentos para sinalização e alarme,ALTO,Regra 49,07.12.13,"Escritório (inclusive virtual), sede de empresa, grupo de salas, centro empresarial",nR1-12 (até 1250) ; nR2-12 (acima de 1250),nR1-12,1250,nR2-12,1250.01,-,-,1.01,"Administração, Organização e Planejamento",VALIDAÇÃO
2790-2/99,Fabricação de outros equipamentos e aparelhos elétricos não especificados anteriormente,ALTO,Regra 47,09.10.07,Fabricação de outros equipamentos e aparelhos elétricos,ID3-10,ID3-10,Q,-,Q,-,,3.00,Estabelecimentos Industriais,VALIDAÇÃO
2790-2/99,Fabricação de outros equipamentos e aparelhos elétricos não especificados anteriormente,ALTO,Regra 47,07.09.17,"Outros serviços técnicos de confecção, manutenção e reparação não classificados",nR1-09 (Até 350) ; nR2-09 (Acima de 350),nR1-09,"350,00",nR2-09,"350,01",,,1.18,Estabelecimentos não classificados nos Códigos 1.01 a 1.17,VALIDAÇÃO
2790-2/99,Fabricação de outros equipamentos e aparelhos elétricos não especificados anteriormente,ALTO,Regra 47,07.12.13,"Escritório (inclusive virtual), sede de empresa, grupo de salas, centro empresarial",nR1-12 (até 1250) ; nR2-12 (acima de 1250),nR1-12,1250,nR2-12,1250.01,-,-,1.01,"Administração, Organização e Planejamento",VALIDAÇÃO
2811-9/00,"Fabricação de motores e turbinas, peças e acessórios, exceto para aviões e veículos rodoviários",ALTO,Regra 5,09.12.12,"Fabricação de motores, bombas, compressores e equipamentos de transmissão",ID3-12,ID3-12,Q,-,Q,-,,3.00,Estabelecimentos Industriais,VALIDAÇÃO
2811-9/00,"Fabricação de motores e turbinas, peças e acessórios, exceto para aviões e veículos rodoviários",BAIXO RISCO,Regra 5,07.12.13,"Escritório (inclusive virtual), sede de empresa, grupo de salas, centro empresarial",nR1-12 (até 1250) ; nR2-12 (acima de 1250),nR1-12,1250,nR2-12,1250.01,-,-,1.01,"Administração, Organização e Planejamento",VALIDAÇÃO
2812-7/00,"Fabricação de equipamentos hidráulicos e pneumáticos, peças e acessórios, exceto válvulas",ALTO,Regra 5,09.12.12,"Fabricação de motores, bombas, compressores e equipamentos de transmissão",ID3-12,ID3-12,Q,-,Q,-,,3.00,Estabelecimentos Industriais,VALIDAÇÃO
2812-7/00,"Fabricação de equipamentos hidráulicos e pneumáticos, peças e acessórios, exceto válvulas",BAIXO RISCO,Regra 5,07.12.13,"Escritório (inclusive virtual), sede de empresa, grupo de salas, centro empresarial",nR1-12 (até 1250) ; nR2-12 (acima de 1250),nR1-12,1250,nR2-12,1250.01,-,-,1.01,"Administração, Organização e Planejamento",VALIDAÇÃO
2813-5/00,"Fabricação de válvulas, registros e dispositivos semelhantes, peças e acessórios",ALTO,Regra 5,09.12.12,"Fabricação de motores, bombas, compressores e equipamentos de transmissão",ID3-12,ID3-12,Q,-,Q,-,,3.00,Estabelecimentos Industriais,VALIDAÇÃO
2813-5/00,"Fabricação de válvulas, registros e dispositivos semelhantes, peças e acessórios",BAIXO RISCO,Regra 5,07.12.13,"Escritório (inclusive virtual), sede de empresa, grupo de salas, centro empresarial",nR1-12 (até 1250) ; nR2-12 (acima de 1250),nR1-12,1250,nR2-12,1250.01,-,-,1.01,"Administração, Organização e Planejamento",VALIDAÇÃO
2814-3/01,"Fabricação de compressores para uso industrial, peças e acessórios",ALTO,Regra 5,09.12.12,"Fabricação de motores, bombas, compressores e equipamentos de transmissão",ID3-12,ID3-12,Q,-,Q,-,,3.00,Estabelecimentos Industriais,VALIDAÇÃO
2814-3/01,"Fabricação de compressores para uso industrial, peças e acessórios",BAIXO RISCO,Regra 5,07.12.13,"Escritório (inclusive virtual), sede de empresa, grupo de salas, centro empresarial",nR1-12 (até 1250) ; nR2-12 (acima de 1250),nR1-12,1250,nR2-12,1250.01,-,-,1.01,"Administração, Organização e Planejamento",VALIDAÇÃO
2814-3/02,"Fabricação de compressores para uso não-industrial, peças e acessórios",ALTO,Regra 5,09.12.12,"Fabricação de motores, bombas, compressores e equipamentos de transmissão",ID3-12,ID3-12,Q,-,Q,-,,3.00,Estabelecimentos Industriais,VALIDAÇÃO
2814-3/02,"Fabricação de compressores para uso não-industrial, peças e acessórios",BAIXO RISCO,Regra 5,07.12.13,"Escritório (inclusive virtual), sede de empresa, grupo de salas, centro empresarial",nR1-12 (até 1250) ; nR2-12 (acima de 1250),nR1-12,1250,nR2-12,1250.01,-,-,1.01,"Administração, Organização e Planejamento",VALIDAÇÃO
2815-1/01,Fabricação de rolamentos para fins industriais,ALTO,Regra 5,09.12.12,"Fabricação de motores, bombas, compressores e equipamentos de transmissão",ID3-12,ID3-12,Q,-,Q,-,,3.00,Estabelecimentos Industriais,VALIDAÇÃO
2815-1/01,Fabricação de rolamentos para fins industriais,BAIXO RISCO,Regra 5,07.12.13,"Escritório (inclusive virtual), sede de empresa, grupo de salas, centro empresarial",nR1-12 (até 1250) ; nR2-12 (acima de 1250),nR1-12,1250,nR2-12,1250.01,-,-,1.01,"Administração, Organização e Planejamento",VALIDAÇÃO
2815-1/02,"Fabricação de equipamentos de transmissão para fins industriais, exceto rolamentos",ALTO,Regra 5,09.12.12,"Fabricação de motores, bombas, compressores e equipamentos de transmissão",ID3-12,ID3-12,Q,-,Q,-,,3.00,Estabelecimentos Industriais,VALIDAÇÃO
2815-1/02,"Fabricação de equipamentos de transmissão para fins industriais, exceto rolamentos",BAIXO RISCO,Regra 5,07.12.13,"Escritório (inclusive virtual), sede de empresa, grupo de salas, centro empresarial",nR1-12 (até 1250) ; nR2-12 (acima de 1250),nR1-12,1250,nR2-12,1250.01,-,-,1.01,"Administração, Organização e Planejamento",VALIDAÇÃO
2821-6/01,"Fabricação de fornos industriais, aparelhos e equipamentos não-elétricos para instalações térmicas, peças e acessórios",ALTO,Regra 1,09.12.18,Fabricação de outras máquinas e equipamentos de uso específico,ID3-12,ID3-12,Q,-,Q,-,,3.00,Estabelecimentos Industriais,VALIDAÇÃO
2821-6/01,"Fabricação de fornos industriais, aparelhos e equipamentos não-elétricos para instalações térmicas, peças e acessórios",MÉDIO RISCO,Regra 1,07.09.17,"Outros serviços técnicos de confecção, manutenção e reparação não classificados",nR1-09 (Até 350) ; nR2-09 (Acima de 350),nR1-09,"350,00",nR2-09,"350,01",,,1.18,Estabelecimentos não classificados nos Códigos 1.01 a 1.17,VALIDAÇÃO
2821-6/01,"Fabricação de fornos industriais, aparelhos e equipamentos não-elétricos para instalações térmicas, peças e acessórios",BAIXO RISCO,Regra 1,07.12.13,"Escritório (inclusive virtual), sede de empresa, grupo de salas, centro empresarial",nR1-12 (até 1250) ; nR2-12 (acima de 1250),nR1-12,1250,nR2-12,1250.01,-,-,1.01,"Administração, Organização e Planejamento",VALIDAÇÃO
2821-6/02,"Fabricação de estufas e fornos elétricos para fins industriais, peças e acessórios",ALTO,Regra 49,09.12.18,Fabricação de outras máquinas e equipamentos de uso específico,ID3-12,ID3-12,Q,-,Q,-,,3.00,Estabelecimentos Industriais,VALIDAÇÃO
2821-6/02,"Fabricação de estufas e fornos elétricos para fins industriais, peças e acessórios",ALTO,Regra 49,07.12.13,"Escritório (inclusive virtual), sede de empresa, grupo de salas, centro empresarial",nR1-12 (até 1250) ; nR2-12 (acima de 1250),nR1-12,1250,nR2-12,1250.01,-,-,1.01,"Administração, Organização e Planejamento",VALIDAÇÃO
2822-4/01,"Fabricação de máquinas, equipamentos e aparelhos para transporte e elevação de pessoas, peças e acessórios",ALTO,Regra 47,07.09.12,"Serviços de manutenção e reparação de artigos esportivos e recreativos, de máquinas, aparelhos e equipamentos em geral, inclusive elevadores",nR2-09 (Qualquer área),nR2-09,Q,-,Q,-,,1.12,"Estabelecimentos de Instalação, Reparos e Manutenção de Máquinas, Motores e Aparelhos e Equipamentos",VALIDAÇÃO
2822-4/01,"Fabricação de máquinas, equipamentos e aparelhos para transporte e elevação de pessoas, peças e acessórios",ALTO,Regra 47,09.12.18,Fabricação de outras máquinas e equipamentos de uso específico,ID3-12,ID3-12,Q,-,Q,-,,3.00,Estabelecimentos Industriais,VALIDAÇÃO
2822-4/01,"Fabricação de máquinas, equipamentos e aparelhos para transporte e elevação de pessoas, peças e acessórios",ALTO,Regra 47,07.12.13,"Escritório (inclusive virtual), sede de empresa, grupo de salas, centro empresarial",nR1-12 (até 1250) ; nR2-12 (acima de 1250),nR1-12,1250,nR2-12,1250.01,-,-,1.01,"Administração, Organização e Planejamento",VALIDAÇÃO
2822-4/02,"Fabricação de máquinas, equipamentos e aparelhos para transporte e elevação de cargas, peças e acessórios",ALTO,Regra 49,09.12.18,Fabricação de outras máquinas e equipamentos de uso específico,ID3-12,ID3-12,Q,-,Q,-,,3.00,Estabelecimentos Industriais,VALIDAÇÃO
2822-4/02,"Fabricação de máquinas, equipamentos e aparelhos para transporte e elevação de cargas, peças e acessórios",ALTO,Regra 49,07.12.13,"Escritório (inclusive virtual), sede de empresa, grupo de salas, centro empresarial",nR1-12 (até 1250) ; nR2-12 (acima de 1250),nR1-12,1250,nR2-12,1250.01,-,-,1.01,"Administração, Organização e Planejamento",VALIDAÇÃO
2823-2/00,"Fabricação de máquinas e aparelhos de refrigeração e ventilação para uso industrial e comercial, peças e acessórios",ALTO,Regra 5,09.12.12,"Fabricação de motores, bombas, compressores e equipamentos de transmissão",ID3-12,ID3-12,Q,-,Q,-,,3.00,Estabelecimentos Industriais,VALIDAÇÃO
2823-2/00,"Fabricação de máquinas e aparelhos de refrigeração e ventilação para uso industrial e comercial, peças e acessórios",BAIXO RISCO,Regra 5,07.12.13,"Escritório (inclusive virtual), sede de empresa, grupo de salas, centro empresarial",nR1-12 (até 1250) ; nR2-12 (acima de 1250),nR1-12,1250,nR2-12,1250.01,-,-,1.01,"Administração, Organização e Planejamento",VALIDAÇÃO
2824-1/01,Fabricação de aparelhos e equipamentos de ar condicionado para uso industrial,ALTO,Regra 49,09.12.18,Fabricação de outras máquinas e equipamentos de uso específico,ID3-12,ID3-12,Q,-,Q,-,,3.00,Estabelecimentos Industriais,VALIDAÇÃO
2824-1/01,Fabricação de aparelhos e equipamentos de ar condicionado para uso industrial,ALTO,Regra 49,07.12.13,"Escritório (inclusive virtual), sede de empresa, grupo de salas, centro empresarial",nR1-12 (até 1250) ; nR2-12 (acima de 1250),nR1-12,1250,nR2-12,1250.01,-,-,1.01,"Administração, Organização e Planejamento",VALIDAÇÃO
2824-1/02,Fabricação de aparelhos e equipamentos de ar condicionado para uso não-industrial,ALTO,Regra 49,09.12.20,Fabricação de eletrodomésticos,ID3-12,ID3-12,Q,-,Q,-,,3.00,Estabelecimentos Industriais,VALIDAÇÃO
2824-1/02,Fabricação de aparelhos e equipamentos de ar condicionado para uso não-industrial,ALTO,Regra 49,07.12.13,"Escritório (inclusive virtual), sede de empresa, grupo de salas, centro empresarial",nR1-12 (até 1250) ; nR2-12 (acima de 1250),nR1-12,1250,nR2-12,1250.01,-,-,1.01,"Administração, Organização e Planejamento",VALIDAÇÃO
2825-9/00,"Fabricação de máquinas e equipamentos para saneamento básico e ambiental, peças e acessórios",ALTO,Regra 5,09.12.18,Fabricação de outras máquinas e equipamentos de uso específico,ID3-12,ID3-12,Q,-,Q,-,,3.00,Estabelecimentos Industriais,VALIDAÇÃO
2825-9/00,"Fabricação de máquinas e equipamentos para saneamento básico e ambiental, peças e acessórios",BAIXO RISCO,Regra 5,07.12.13,"Escritório (inclusive virtual), sede de empresa, grupo de salas, centro empresarial",nR1-12 (até 1250) ; nR2-12 (acima de 1250),nR1-12,1250,nR2-12,1250.01,-,-,1.01,"Administração, Organização e Planejamento",VALIDAÇÃO
2829-1/01,"Fabricação de máquinas de escrever, calcular e outros equipamentos não-eletrônicos para escritório, peças e acessórios",ALTO,Regra 5,09.12.01,Fabricação de máquinas para escritório em geral,ID1-12,ID1-12,Q,-,Q,-,,3.00,Estabelecimentos Industriais,VALIDAÇÃO
2829-1/01,"Fabricação de máquinas de escrever, calcular e outros equipamentos não-eletrônicos para escritório, peças e acessórios",BAIXO RISCO,Regra 5,07.12.13,"Escritório (inclusive virtual), sede de empresa, grupo de salas, centro empresarial",nR1-12 (até 1250) ; nR2-12 (acima de 1250),nR1-12,1250,nR2-12,1250.01,-,-,1.01,"Administração, Organização e Planejamento",VALIDAÇÃO
2829-1/99,"Fabricação de outras máquinas e equipamentos de uso geral não especificados anteriormente, peças e acessórios",ALTO,Regra 47,09.12.13,Fabricação de máquinas e equipamentos de uso geral,ID3-12,ID3-12,Q,-,Q,-,,3.00,Estabelecimentos Industriais,VALIDAÇÃO
2829-1/99,"Fabricação de outras máquinas e equipamentos de uso geral não especificados anteriormente, peças e acessórios",ALTO,Regra 47,07.09.17,"Outros serviços técnicos de confecção, manutenção e reparação não classificados",nR1-09 (Até 350) ; nR2-09 (Acima de 350),nR1-09,"350,00",nR2-09,"350,01",,,1.18,Estabelecimentos não classificados nos Códigos 1.01 a 1.17,VALIDAÇÃO
2829-1/99,"Fabricação de outras máquinas e equipamentos de uso geral não especificados anteriormente, peças e acessórios",ALTO,Regra 47,07.12.13,"Escritório (inclusive virtual), sede de empresa, grupo de salas, centro empresarial",nR1-12 (até 1250) ; nR2-12 (acima de 1250),nR1-12,1250,nR2-12,1250.01,-,-,1.01,"Administração, Organização e Planejamento",VALIDAÇÃO
2831-3/00,"Fabricação de tratores agrícolas, peças e acessórios",ALTO,Regra 5,09.12.15,"Fabricação de tratores e de máquinas e equipamentos para agricultura, avicultura e obtenção de produtos animais",ID3-12,ID3-12,Q,-,Q,-,,3.00,Estabelecimentos Industriais,VALIDAÇÃO
2831-3/00,"Fabricação de tratores agrícolas, peças e acessórios",BAIXO RISCO,Regra 5,07.12.13,"Escritório (inclusive virtual), sede de empresa, grupo de salas, centro empresarial",nR1-12 (até 1250) ; nR2-12 (acima de 1250),nR1-12,1250,nR2-12,1250.01,-,-,1.01,"Administração, Organização e Planejamento",VALIDAÇÃO
2832-1/00,"Fabricação de equipamentos para irrigação agrícola, peças e acessórios",ALTO,Regra 5,09.12.15,"Fabricação de tratores e de máquinas e equipamentos para agricultura, avicultura e obtenção de produtos animais",ID3-12,ID3-12,Q,-,Q,-,,3.00,Estabelecimentos Industriais,VALIDAÇÃO
2832-1/00,"Fabricação de equipamentos para irrigação agrícola, peças e acessórios",BAIXO RISCO,Regra 5,07.12.13,"Escritório (inclusive virtual), sede de empresa, grupo de salas, centro empresarial",nR1-12 (até 1250) ; nR2-12 (acima de 1250),nR1-12,1250,nR2-12,1250.01,-,-,1.01,"Administração, Organização e Planejamento",VALIDAÇÃO
2833-0/00,"Fabricação de máquinas e equipamentos para a agricultura e pecuária, peças e acessórios, exceto para irrigação",ALTO,Regra 5,09.12.15,"Fabricação de tratores e de máquinas e equipamentos para agricultura, avicultura e obtenção de produtos animais",ID3-12,ID3-12,Q,-,Q,-,,3.00,Estabelecimentos Industriais,VALIDAÇÃO
2833-0/00,"Fabricação de máquinas e equipamentos para a agricultura e pecuária, peças e acessórios, exceto para irrigação",BAIXO RISCO,Regra 5,07.12.13,"Escritório (inclusive virtual), sede de empresa, grupo de salas, centro empresarial",nR1-12 (até 1250) ; nR2-12 (acima de 1250),nR1-12,1250,nR2-12,1250.01,-,-,1.01,"Administração, Organização e Planejamento",VALIDAÇÃO
2840-2/00,"Fabricação de máquinas-ferramenta, peças e acessórios",ALTO,Regra 5,09.12.16,Fabricação de máquinas-ferramenta,ID3-12,ID3-12,Q,-,Q,-,,3.00,Estabelecimentos Industriais,VALIDAÇÃO
2840-2/00,"Fabricação de máquinas-ferramenta, peças e acessórios",BAIXO RISCO,Regra 5,07.12.13,"Escritório (inclusive virtual), sede de empresa, grupo de salas, centro empresarial",nR1-12 (até 1250) ; nR2-12 (acima de 1250),nR1-12,1250,nR2-12,1250.01,-,-,1.01,"Administração, Organização e Planejamento",VALIDAÇÃO
2851-8/00,"Fabricação de máquinas e equipamentos para a prospecção e extração de petróleo, peças e acessórios",ALTO,Regra 5,09.12.18,Fabricação de outras máquinas e equipamentos de uso específico,ID3-12,ID3-12,Q,-,Q,-,,3.00,Estabelecimentos Industriais,VALIDAÇÃO
2851-8/00,"Fabricação de máquinas e equipamentos para a prospecção e extração de petróleo, peças e acessórios",BAIXO RISCO,Regra 5,07.12.13,"Escritório (inclusive virtual), sede de empresa, grupo de salas, centro empresarial",nR1-12 (até 1250) ; nR2-12 (acima de 1250),nR1-12,1250,nR2-12,1250.01,-,-,1.01,"Administração, Organização e Planejamento",VALIDAÇÃO
2852-6/00,"Fabricação de outras máquinas e equipamentos para uso na extração mineral, peças e acessórios, exceto na extração de petróleo",ALTO,Regra 5,09.12.18,Fabricação de outras máquinas e equipamentos de uso específico,ID3-12,ID3-12,Q,-,Q,-,,3.00,Estabelecimentos Industriais,VALIDAÇÃO
2852-6/00,"Fabricação de outras máquinas e equipamentos para uso na extração mineral, peças e acessórios, exceto na extração de petróleo",BAIXO RISCO,Regra 5,07.12.13,"Escritório (inclusive virtual), sede de empresa, grupo de salas, centro empresarial",nR1-12 (até 1250) ; nR2-12 (acima de 1250),nR1-12,1250,nR2-12,1250.01,-,-,1.01,"Administração, Organização e Planejamento",VALIDAÇÃO
2853-4/00,"Fabricação de tratores, peças e acessórios, exceto agrícolas",ALTO,Regra 5,09.12.18,Fabricação de outras máquinas e equipamentos de uso específico,ID3-12,ID3-12,Q,-,Q,-,,3.00,Estabelecimentos Industriais,VALIDAÇÃO
2853-4/00,"Fabricação de tratores, peças e acessórios, exceto agrícolas",BAIXO RISCO,Regra 5,07.12.13,"Escritório (inclusive virtual), sede de empresa, grupo de salas, centro empresarial",nR1-12 (até 1250) ; nR2-12 (acima de 1250),nR1-12,1250,nR2-12,1250.01,-,-,1.01,"Administração, Organização e Planejamento",VALIDAÇÃO
2854-2/00,"Fabricação de máquinas e equipamentos para terraplenagem, pavimentação e construção, peças e acessórios, exceto tratores",ALTO,Regra 5,09.12.17,Fabricação de máquinas e equipamentos para as indústrias de extração mineral e construção,ID3-12,ID3-12,Q,-,Q,-,,3.00,Estabelecimentos Industriais,VALIDAÇÃO
2854-2/00,"Fabricação de máquinas e equipamentos para terraplenagem, pavimentação e construção, peças e acessórios, exceto tratores",BAIXO RISCO,Regra 5,07.12.13,"Escritório (inclusive virtual), sede de empresa, grupo de salas, centro empresarial",nR1-12 (até 1250) ; nR2-12 (acima de 1250),nR1-12,1250,nR2-12,1250.01,-,-,1.01,"Administração, Organização e Planejamento",VALIDAÇÃO
2861-5/00,"Fabricação de máquinas para a indústria metalúrgica, peças e acessórios, exceto máquinas-ferramenta",ALTO,Regra 5,09.12.18,Fabricação de outras máquinas e equipamentos de uso específico,ID3-12,ID3-12,Q,-,Q,-,,3.00,Estabelecimentos Industriais,VALIDAÇÃO
2861-5/00,"Fabricação de máquinas para a indústria metalúrgica, peças e acessórios, exceto máquinas-ferramenta",BAIXO RISCO,Regra 5,07.12.13,"Escritório (inclusive virtual), sede de empresa, grupo de salas, centro empresarial",nR1-12 (até 1250) ; nR2-12 (acima de 1250),nR1-12,1250,nR2-12,1250.01,-,-,1.01,"Administração, Organização e Planejamento",VALIDAÇÃO
2862-3/00,"Fabricação de máquinas e equipamentos para as indústrias de alimentos, bebidas e fumo, peças e acessórios",ALTO,Regra 5,09.12.18,Fabricação de outras máquinas e equipamentos de uso específico,ID3-12,ID3-12,Q,-,Q,-,,3.00,Estabelecimentos Industriais,VALIDAÇÃO
2862-3/00,"Fabricação de máquinas e equipamentos para as indústrias de alimentos, bebidas e fumo, peças e acessórios",BAIXO RISCO,Regra 5,07.12.13,"Escritório (inclusive virtual), sede de empresa, grupo de salas, centro empresarial",nR1-12 (até 1250) ; nR2-12 (acima de 1250),nR1-12,1250,nR2-12,1250.01,-,-,1.01,"Administração, Organização e Planejamento",VALIDAÇÃO
2863-1/00,"Fabricação de máquinas e equipamentos para a indústria têxtil, peças e acessórios",ALTO,Regra 5,09.12.18,Fabricação de outras máquinas e equipamentos de uso específico,ID3-12,ID3-12,Q,-,Q,-,,3.00,Estabelecimentos Industriais,VALIDAÇÃO
2863-1/00,"Fabricação de máquinas e equipamentos para a indústria têxtil, peças e acessórios",BAIXO RISCO,Regra 5,07.12.13,"Escritório (inclusive virtual), sede de empresa, grupo de salas, centro empresarial",nR1-12 (até 1250) ; nR2-12 (acima de 1250),nR1-12,1250,nR2-12,1250.01,-,-,1.01,"Administração, Organização e Planejamento",VALIDAÇÃO
2864-0/00,"Fabricação de máquinas e equipamentos para as indústrias do vestuário, do couro e de calçados, peças e acessórios",ALTO,Regra 5,09.12.18,Fabricação de outras máquinas e equipamentos de uso específico,ID3-12,ID3-12,Q,-,Q,-,,3.00,Estabelecimentos Industriais,VALIDAÇÃO
2864-0/00,"Fabricação de máquinas e equipamentos para as indústrias do vestuário, do couro e de calçados, peças e acessórios",BAIXO RISCO,Regra 5,07.12.13,"Escritório (inclusive virtual), sede de empresa, grupo de salas, centro empresarial",nR1-12 (até 1250) ; nR2-12 (acima de 1250),nR1-12,1250,nR2-12,1250.01,-,-,1.01,"Administração, Organização e Planejamento",VALIDAÇÃO
2865-8/00,"Fabricação de máquinas e equipamentos para as indústrias de celulose, papel e papelão e artefatos, peças e acessórios",ALTO,Regra 5,09.12.18,Fabricação de outras máquinas e equipamentos de uso específico,ID3-12,ID3-12,Q,-,Q,-,,3.00,Estabelecimentos Industriais,VALIDAÇÃO
2865-8/00,"Fabricação de máquinas e equipamentos para as indústrias de celulose, papel e papelão e artefatos, peças e acessórios",BAIXO RISCO,Regra 5,07.12.13,"Escritório (inclusive virtual), sede de empresa, grupo de salas, centro empresarial",nR1-12 (até 1250) ; nR2-12 (acima de 1250),nR1-12,1250,nR2-12,1250.01,-,-,1.01,"Administração, Organização e Planejamento",VALIDAÇÃO
2866-6/00,"Fabricação de máquinas e equipamentos para a indústria do plástico, peças e acessórios",ALTO,Regra 5,09.12.18,Fabricação de outras máquinas e equipamentos de uso específico,ID3-12,ID3-12,Q,-,Q,-,,3.00,Estabelecimentos Industriais,VALIDAÇÃO
2866-6/00,"Fabricação de máquinas e equipamentos para a indústria do plástico, peças e acessórios",BAIXO RISCO,Regra 5,07.12.13,"Escritório (inclusive virtual), sede de empresa, grupo de salas, centro empresarial",nR1-12 (até 1250) ; nR2-12 (acima de 1250),nR1-12,1250,nR2-12,1250.01,-,-,1.01,"Administração, Organização e Planejamento",VALIDAÇÃO
2869-1/00,"Fabricação de máquinas e equipamentos para uso industrial específico não especificados anteriormente, peças e acessórios",ALTO,Regra 5,09.12.18,Fabricação de outras máquinas e equipamentos de uso específico,ID3-12,ID3-12,Q,-,Q,-,,3.00,Estabelecimentos Industriais,VALIDAÇÃO
2869-1/00,"Fabricação de máquinas e equipamentos para uso industrial específico não especificados anteriormente, peças e acessórios",BAIXO RISCO,Regra 5,07.12.13,"Escritório (inclusive virtual), sede de empresa, grupo de salas, centro empresarial",nR1-12 (até 1250) ; nR2-12 (acima de 1250),nR1-12,1250,nR2-12,1250.01,-,-,1.01,"Administração, Organização e Planejamento",VALIDAÇÃO
2910-7/01,"Fabricação de automóveis, camionetas e utilitários",ALTO,Regra 5,09.20.01,"Fabricação de automóveis, camionetas e utilitários",ID3-20,ID3-20,Q,-,Q,-,-,3.00,Estabelecimentos Industriais,VALIDAÇÃO
2910-7/01,"Fabricação de automóveis, camionetas e utilitários",BAIXO RISCO,Regra 5,07.12.13,"Escritório (inclusive virtual), sede de empresa, grupo de salas, centro empresarial",nR1-12 (até 1250) ; nR2-12 (acima de 1250),nR1-12,1250,nR2-12,1250.01,-,-,1.01,"Administração, Organização e Planejamento",VALIDAÇÃO
2910-7/02,"Fabricação de chassis com motor para automóveis, camionetas e utilitários",ALTO,Regra 5,09.20.01,"Fabricação de automóveis, camionetas e utilitários",ID3-20,ID3-20,Q,-,Q,-,-,3.00,Estabelecimentos Industriais,VALIDAÇÃO
2910-7/02,"Fabricação de chassis com motor para automóveis, camionetas e utilitários",BAIXO RISCO,Regra 5,07.12.13,"Escritório (inclusive virtual), sede de empresa, grupo de salas, centro empresarial",nR1-12 (até 1250) ; nR2-12 (acima de 1250),nR1-12,1250,nR2-12,1250.01,-,-,1.01,"Administração, Organização e Planejamento",VALIDAÇÃO
2910-7/03,"Fabricação de motores para automóveis, camionetas e utilitários",ALTO,Regra 5,09.12.12,"Fabricação de motores, bombas, compressores e equipamentos de transmissão",ID2-12,ID2-12,Q,-,Q,-,,3.00,Estabelecimentos Industriais,VALIDAÇÃO
2910-7/03,"Fabricação de motores para automóveis, camionetas e utilitários",BAIXO RISCO,Regra 5,07.12.13,"Escritório (inclusive virtual), sede de empresa, grupo de salas, centro empresarial",nR1-12 (até 1250) ; nR2-12 (acima de 1250),nR1-12,1250,nR2-12,1250.01,-,-,1.01,"Administração, Organização e Planejamento",VALIDAÇÃO
2920-4/01,Fabricação de caminhões e ônibus,ALTO,Regra 5,09.20.02,Fabricação de caminhões e ônibus,ID3-20,ID3-20,Q,-,Q,-,-,3.00,Estabelecimentos Industriais,VALIDAÇÃO
2920-4/01,Fabricação de caminhões e ônibus,BAIXO RISCO,Regra 5,07.12.13,"Escritório (inclusive virtual), sede de empresa, grupo de salas, centro empresarial",nR1-12 (até 1250) ; nR2-12 (acima de 1250),nR1-12,1250,nR2-12,1250.01,-,-,1.01,"Administração, Organização e Planejamento",VALIDAÇÃO
2920-4/02,Fabricação de motores para caminhões e ônibus,ALTO,Regra 5,09.20.02,Fabricação de caminhões e ônibus,ID3-20,ID3-20,Q,-,Q,-,-,3.00,Estabelecimentos Industriais,VALIDAÇÃO
2920-4/02,Fabricação de motores para caminhões e ônibus,BAIXO RISCO,Regra 5,07.12.13,"Escritório (inclusive virtual), sede de empresa, grupo de salas, centro empresarial",nR1-12 (até 1250) ; nR2-12 (acima de 1250),nR1-12,1250,nR2-12,1250.01,-,-,1.01,"Administração, Organização e Planejamento",VALIDAÇÃO
2930-1/01,"Fabricação de cabines, carrocerias e reboques para caminhões",ALTO,Regra 5,09.20.03,"Fabricação de cabines, carrocerias e reboques",ID3-20,ID3-20,Q,-,Q,-,-,3.00,Estabelecimentos Industriais,VALIDAÇÃO
2930-1/01,"Fabricação de cabines, carrocerias e reboques para caminhões",BAIXO RISCO,Regra 5,07.12.13,"Escritório (inclusive virtual), sede de empresa, grupo de salas, centro empresarial",nR1-12 (até 1250) ; nR2-12 (acima de 1250),nR1-12,1250,nR2-12,1250.01,-,-,1.01,"Administração, Organização e Planejamento",VALIDAÇÃO
2930-1/02,Fabricação de carrocerias para ônibus,ALTO,Regra 5,09.20.03,"Fabricação de cabines, carrocerias e reboques",ID3-20,ID3-20,Q,-,Q,-,-,3.00,Estabelecimentos Industriais,VALIDAÇÃO
2930-1/02,Fabricação de carrocerias para ônibus,BAIXO RISCO,Regra 5,07.12.13,"Escritório (inclusive virtual), sede de empresa, grupo de salas, centro empresarial",nR1-12 (até 1250) ; nR2-12 (acima de 1250),nR1-12,1250,nR2-12,1250.01,-,-,1.01,"Administração, Organização e Planejamento",VALIDAÇÃO
2930-1/03,"Fabricação de cabines, carrocerias e reboques para outros veículos automotores, exceto caminhões e ônibus",ALTO,Regra 5,09.20.03,"Fabricação de cabines, carrocerias e reboques",ID3-20,ID3-20,Q,-,Q,-,-,3.00,Estabelecimentos Industriais,VALIDAÇÃO
2930-1/03,"Fabricação de cabines, carrocerias e reboques para outros veículos automotores, exceto caminhões e ônibus",BAIXO RISCO,Regra 5,07.12.13,"Escritório (inclusive virtual), sede de empresa, grupo de salas, centro empresarial",nR1-12 (até 1250) ; nR2-12 (acima de 1250),nR1-12,1250,nR2-12,1250.01,-,-,1.01,"Administração, Organização e Planejamento",VALIDAÇÃO
2941-7/00,Fabricação de peças e acessórios para o sistema motor de veículos automotores,ALTO,Regra 1,09.12.12,"Fabricação de motores, bombas, compressores e equipamentos de transmissão",ID3-12,ID3-12,Q,-,Q,-,,3.00,Estabelecimentos Industriais,VALIDAÇÃO
2941-7/00,Fabricação de peças e acessórios para o sistema motor de veículos automotores,ALTO,Regra 1,09.12.10,Fabricação de peças e acessórios para veículos automotores (indústrias de montagem),ID2-12,ID2-12,Q,-,Q,-,,3.00,Estabelecimentos Industriais,VALIDAÇÃO
2941-7/00,Fabricação de peças e acessórios para o sistema motor de veículos automotores,BAIXO RISCO,Regra 1,07.12.13,"Escritório (inclusive virtual), sede de empresa, grupo de salas, centro empresarial",nR1-12 (até 1250) ; nR2-12 (acima de 1250),nR1-12,1250,nR2-12,1250.01,-,-,1.01,"Administração, Organização e Planejamento",VALIDAÇÃO
2942-5/00,Fabricação de peças e acessórios para os sistemas de marcha e transmissão de veículos automotores,ALTO,Regra 5,09.12.10,Fabricação de peças e acessórios para veículos automotores (indústrias de montagem),ID2-12,ID2-12,Q,-,Q,-,,3.00,Estabelecimentos Industriais,VALIDAÇÃO
2942-5/00,Fabricação de peças e acessórios para os sistemas de marcha e transmissão de veículos automotores,BAIXO RISCO,Regra 5,07.12.13,"Escritório (inclusive virtual), sede de empresa, grupo de salas, centro empresarial",nR1-12 (até 1250) ; nR2-12 (acima de 1250),nR1-12,1250,nR2-12,1250.01,-,-,1.01,"Administração, Organização e Planejamento",VALIDAÇÃO
2943-3/00,Fabricação de peças e acessórios para o sistema de freios de veículos automotores,ALTO,Regra 5,09.12.10,Fabricação de peças e acessórios para veículos automotores (indústrias de montagem),ID2-12,ID2-12,Q,-,Q,-,,3.00,Estabelecimentos Industriais,VALIDAÇÃO
2943-3/00,Fabricação de peças e acessórios para o sistema de freios de veículos automotores,BAIXO RISCO,Regra 5,07.12.13,"Escritório (inclusive virtual), sede de empresa, grupo de salas, centro empresarial",nR1-12 (até 1250) ; nR2-12 (acima de 1250),nR1-12,1250,nR2-12,1250.01,-,-,1.01,"Administração, Organização e Planejamento",VALIDAÇÃO
2944-1/00,Fabricação de peças e acessórios para o sistema de direção e suspensão de veículos automotores,ALTO,Regra 5,09.12.10,Fabricação de peças e acessórios para veículos automotores (indústrias de montagem),ID2-12,ID2-12,Q,-,Q,-,,3.00,Estabelecimentos Industriais,VALIDAÇÃO
2944-1/00,Fabricação de peças e acessórios para o sistema de direção e suspensão de veículos automotores,BAIXO RISCO,Regra 5,07.12.13,"Escritório (inclusive virtual), sede de empresa, grupo de salas, centro empresarial",nR1-12 (até 1250) ; nR2-12 (acima de 1250),nR1-12,1250,nR2-12,1250.01,-,-,1.01,"Administração, Organização e Planejamento",VALIDAÇÃO
2945-0/00,"Fabricação de material elétrico e eletrônico para veículos automotores, exceto baterias",ALTO,Regra 47,09.12.12,"Fabricação de motores, bombas, compressores e equipamentos de transmissão",ID3-12,ID3-12,Q,-,Q,-,,3.00,Estabelecimentos Industriais,VALIDAÇÃO
2945-0/00,"Fabricação de material elétrico e eletrônico para veículos automotores, exceto baterias",ALTO,Regra 47,09.12.14,"Fabricação de máquinas, aparelhos e materiais elétricos: geradores, transformadores e motores elétricos, fios e cabos, dentre outros",ID3-12,ID3-12,Q,-,Q,-,,3.00,Estabelecimentos Industriais,VALIDAÇÃO
2945-0/00,"Fabricação de material elétrico e eletrônico para veículos automotores, exceto baterias",ALTO,Regra 47,09.10.06,"Fabricação de material elétrico para veículos, exclusive baterias",ID3-10,ID3-10,Q,-,Q,-,,3.00,Estabelecimentos Industriais,VALIDAÇÃO
2945-0/00,"Fabricação de material elétrico e eletrônico para veículos automotores, exceto baterias",ALTO,Regra 47,07.12.13,"Escritório (inclusive virtual), sede de empresa, grupo de salas, centro empresarial",nR1-12 (até 1250) ; nR2-12 (acima de 1250),nR1-12,1250,nR2-12,1250.01,-,-,1.01,"Administração, Organização e Planejamento",VALIDAÇÃO
2949-2/01,Fabricação de bancos e estofados para veículos automotores,ALTO,Regra 49,09.15.06,Fabricação de bancos e estofados para veículos automotivos,ID2-15,ID2-15,Q,-,Q,-,,3.00,Estabelecimentos Industriais,VALIDAÇÃO
2949-2/01,Fabricação de bancos e estofados para veículos automotores,ALTO,Regra 49,07.12.13,"Escritório (inclusive virtual), sede de empresa, grupo de salas, centro empresarial",nR1-12 (até 1250) ; nR2-12 (acima de 1250),nR1-12,1250,nR2-12,1250.01,-,-,1.01,"Administração, Organização e Planejamento",VALIDAÇÃO
2949-2/99,Fabricação de outras peças e acessórios para veículos automotores não especificadas anteriormente,ALTO,Regra 1,09.13.03,Fabricação de tubos e canos em geral,ID3-13 (subgrupo 1),ID3-13 (subgrupo 1),Q,-,Q,-,,3.00,Estabelecimentos Industriais,VALIDAÇÃO
2949-2/99,Fabricação de outras peças e acessórios para veículos automotores não especificadas anteriormente,ALTO,Regra 1,09.12.10,Fabricação de peças e acessórios para veículos automotores (indústrias de montagem),ID2-12,ID2-12,Q,-,Q,-,,3.00,Estabelecimentos Industriais,VALIDAÇÃO
2949-2/99,Fabricação de outras peças e acessórios para veículos automotores não especificadas anteriormente,BAIXO RISCO,Regra 1,07.12.13,"Escritório (inclusive virtual), sede de empresa, grupo de salas, centro empresarial",nR1-12 (até 1250) ; nR2-12 (acima de 1250),nR1-12,1250,nR2-12,1250.01,-,-,1.01,"Administração, Organização e Planejamento",VALIDAÇÃO
2950-6/00,Recondicionamento e recuperação de motores para veículos automotores,ALTO,Regra 49,09.12.11,Recondicionamento e recuperação de motores para veículos automotores,ID2-12,ID2-12,Q,-,Q,-,-,3.00,Estabelecimentos Industriais,VALIDAÇÃO
2950-6/00,Recondicionamento e recuperação de motores para veículos automotores,ALTO,Regra 49,07.12.13,"Escritório (inclusive virtual), sede de empresa, grupo de salas, centro empresarial",nR1-12 (até 1250) ;  nR2-12 (acima de 1250),nR1-12,"1250,00",nR2-12,"1250,01",-,-,1.01,"Administração, Organização e Planejamento",VALIDAÇÃO
3011-3/01,Construção de embarcações de grande porte,ALTO,Regra 5,09.20.04,Construção e reparação de embarcações,ID3-20,ID3-20,Q,-,Q,-,-,3.00,Estabelecimentos Industriais,VALIDAÇÃO
3011-3/01,Construção de embarcações de grande porte,BAIXO RISCO,Regra 5,07.12.13,"Escritório (inclusive virtual), sede de empresa, grupo de salas, centro empresarial",nR1-12 (até 1250) ;  nR2-12 (acima de 1250),nR1-12,"1250,00",nR2-12,"1250,01",-,-,1.01,"Administração, Organização e Planejamento",VALIDAÇÃO
3011-3/02,"Construção de embarcações para uso comercial e para usos especiais, exceto de grande porte",ALTO,Regra 5,09.20.04,Construção e reparação de embarcações,ID3-20,ID3-20,Q,-,Q,-,-,3.00,Estabelecimentos Industriais,VALIDAÇÃO
3011-3/02,"Construção de embarcações para uso comercial e para usos especiais, exceto de grande porte",BAIXO RISCO,Regra 5,07.12.13,"Escritório (inclusive virtual), sede de empresa, grupo de salas, centro empresarial",nR1-12 (até 1250) ;  nR2-12 (acima de 1250),nR1-12,"1250,00",nR2-12,"1250,01",-,-,1.01,"Administração, Organização e Planejamento",VALIDAÇÃO
3012-1/00,Construção de embarcações para esporte e lazer,ALTO,Regra 5,09.20.04,Construção e reparação de embarcações,ID3-20,ID3-20,Q,-,Q,-,-,3.00,Estabelecimentos Industriais,VALIDAÇÃO
3012-1/00,Construção de embarcações para esporte e lazer,BAIXO RISCO,Regra 5,07.12.13,"Escritório (inclusive virtual), sede de empresa, grupo de salas, centro empresarial",nR1-12 (até 1250) ;  nR2-12 (acima de 1250),nR1-12,"1250,00",nR2-12,"1250,01",-,-,1.01,"Administração, Organização e Planejamento",VALIDAÇÃO
3031-8/00,"Fabricação de locomotivas, vagões e outros materiais rodantes",ALTO,Regra 5,09.20.05,"Construção, montagem e reparação de de veículos ferroviários",ID3-20,ID3-20,Q,-,Q,-,-,3.00,Estabelecimentos Industriais,VALIDAÇÃO
3031-8/00,"Fabricação de locomotivas, vagões e outros materiais rodantes",BAIXO RISCO,Regra 5,07.12.13,"Escritório (inclusive virtual), sede de empresa, grupo de salas, centro empresarial",nR1-12 (até 1250) ;  nR2-12 (acima de 1250),nR1-12,"1250,00",nR2-12,"1250,01",-,-,1.01,"Administração, Organização e Planejamento",VALIDAÇÃO
3032-6/00,Fabricação de peças e acessórios para veículos ferroviários,ALTO,Regra 5,09.20.05,"Construção, montagem e reparação de de veículos ferroviários",ID3-20,ID3-20,Q,-,Q,-,-,3.00,Estabelecimentos Industriais,VALIDAÇÃO
3032-6/00,Fabricação de peças e acessórios para veículos ferroviários,BAIXO RISCO,Regra 5,07.12.13,"Escritório (inclusive virtual), sede de empresa, grupo de salas, centro empresarial",nR1-12 (até 1250) ;  nR2-12 (acima de 1250),nR1-12,"1250,00",nR2-12,"1250,01",-,-,1.01,"Administração, Organização e Planejamento",VALIDAÇÃO
3041-5/00,Fabricação de aeronaves,ALTO,Regra 5,09.20.06,Construção de aeronaves,ID3-20,ID3-20,Q,-,Q,-,-,3.00,Estabelecimentos Industriais,VALIDAÇÃO
3041-5/00,Fabricação de aeronaves,BAIXO RISCO,Regra 5,07.12.13,"Escritório (inclusive virtual), sede de empresa, grupo de salas, centro empresarial",nR1-12 (até 1250) ;  nR2-12 (acima de 1250),nR1-12,"1250,00",nR2-12,"1250,01",-,-,1.01,"Administração, Organização e Planejamento",VALIDAÇÃO
3042-3/00,"Fabricação de turbinas, motores e outros componentes e peças para aeronaves",ALTO,Regra 5,09.20.06,Construção de aeronaves,ID3-20,ID3-20,Q,-,Q,-,-,3.00,Estabelecimentos Industriais,VALIDAÇÃO
3042-3/00,"Fabricação de turbinas, motores e outros componentes e peças para aeronaves",BAIXO RISCO,Regra 5,07.12.13,"Escritório (inclusive virtual), sede de empresa, grupo de salas, centro empresarial",nR1-12 (até 1250) ;  nR2-12 (acima de 1250),nR1-12,"1250,00",nR2-12,"1250,01",-,-,1.01,"Administração, Organização e Planejamento",VALIDAÇÃO
3050-4/00,Fabricação de veículos militares de combate,ALTO,Regra 5,09.20.01,"Fabricação de automóveis, camionetas e utilitários",ID3-20,ID3-20,Q,-,Q,-,-,3.00,Estabelecimentos Industriais,VALIDAÇÃO
3050-4/00,Fabricação de veículos militares de combate,BAIXO RISCO,Regra 5,07.12.13,"Escritório (inclusive virtual), sede de empresa, grupo de salas, centro empresarial",nR1-12 (até 1250) ;  nR2-12 (acima de 1250),nR1-12,"1250,00",nR2-12,"1250,01",-,-,1.01,"Administração, Organização e Planejamento",VALIDAÇÃO
3091-1/01,Fabricação de motocicletas,ALTO,Regra 5,09.20.01,"Fabricação de automóveis, camionetas e utilitários",ID3-20,ID3-20,Q,-,Q,-,-,3.00,Estabelecimentos Industriais,VALIDAÇÃO
3091-1/01,Fabricação de motocicletas,BAIXO RISCO,Regra 5,07.12.13,"Escritório (inclusive virtual), sede de empresa, grupo de salas, centro empresarial",nR1-12 (até 1250) ;  nR2-12 (acima de 1250),nR1-12,"1250,00",nR2-12,"1250,01",-,-,1.01,"Administração, Organização e Planejamento",VALIDAÇÃO
3091-1/02,Fabricação de peças e acessórios para motocicletas,ALTO,Regra 5,09.12.12,"Fabricação de motores, bombas, compressores e equipamentos de transmissão",ID3-12,ID3-12,Q,-,Q,-,,3.00,Estabelecimentos Industriais,VALIDAÇÃO
3091-1/02,Fabricação de peças e acessórios para motocicletas,BAIXO RISCO,Regra 5,07.12.13,"Escritório (inclusive virtual), sede de empresa, grupo de salas, centro empresarial",nR1-12 (até 1250) ;  nR2-12 (acima de 1250),nR1-12,"1250,00",nR2-12,"1250,01",-,-,1.01,"Administração, Organização e Planejamento",VALIDAÇÃO
3092-0/00,"Fabricação de bicicletas e triciclos não-motorizados, peças e acessórios",MÉDIO RISCO,Regra 23,09.20.07,Fabricação de outros equipamentos de transporte,ID3-20,ID3-20,Q,-,Q,-,-,3.00,Estabelecimentos Industriais,VALIDAÇÃO
3092-0/00,"Fabricação de bicicletas e triciclos não-motorizados, peças e acessórios",MÉDIO RISCO,Regra 23,07.12.13,"Escritório (inclusive virtual), sede de empresa, grupo de salas, centro empresarial",nR1-12 (até 1250) ;  nR2-12 (acima de 1250),nR1-12,"1250,00",nR2-12,"1250,01",-,-,1.01,"Administração, Organização e Planejamento",VALIDAÇÃO
3099-7/00,Fabricação de equipamentos de transporte não especificados anteriormente,ALTO,Regra 5,09.20.07,Fabricação de outros equipamentos de transporte,ID3-20,ID3-20,Q,-,Q,-,-,3.00,Estabelecimentos Industriais,VALIDAÇÃO
3099-7/00,Fabricação de equipamentos de transporte não especificados anteriormente,BAIXO RISCO,Regra 5,07.12.13,"Escritório (inclusive virtual), sede de empresa, grupo de salas, centro empresarial",nR1-12 (até 1250) ;  nR2-12 (acima de 1250),nR1-12,"1250,00",nR2-12,"1250,01",-,-,1.01,"Administração, Organização e Planejamento",VALIDAÇÃO
3101-2/00,Fabricação de móveis com predominância de madeira,MÉDIO RISCO,Regras 58 e 59,07.09.08,"Cantaria, marmoaria, carpintaria, marcenaria, vidraçaria e serraria",nR2-09 (Qualquer área),nR2-09,Q,-,Q,-,,1.18,Estabelecimentos não classificados nos  Itens 1.01 a 1.17,VALIDAÇÃO
3101-2/00,Fabricação de móveis com predominância de madeira,ALTO,Regras 58 e 59,09.15.01,Fabricação de móveis com predominância de madeira,ID2-15,ID2-15,Q,-,Q,-,,3.00,Estabelecimentos Industriais,VALIDAÇÃO
3101-2/00,Fabricação de móveis com predominância de madeira,BAIXO RISCO,Regras 58 e 59,07.12.13,"Escritório (inclusive virtual), sede de empresa, grupo de salas, centro empresarial",nR1-12 (até 1250) ;  nR2-12 (acima de 1250),nR1-12,"1250,00",nR2-12,"1250,01",-,-,1.01,"Administração, Organização e Planejamento",VALIDAÇÃO
3102-1/00,Fabricação de móveis com predominância de metal,MÉDIO RISCO,Regras 58 e 59,07.09.14,"Serviços de soldagem, serralheria, funilaria e tornearia, manutenção e reparação de artefatos de metal, serviços de tratamento termoquímico (cobreagem, cromagem, douração, etc)",nR2-09 (Qualquer área),nR2-09,Q,-,Q,-,,1.18,Estabelecimentos não classificados nos  Itens 1.01 a 1.17,VALIDAÇÃO
3102-1/00,Fabricação de móveis com predominância de metal,ALTO,Regras 58 e 59,09.15.02,Fabricação de móveis com predominância de metal,ID2-15,ID2-15,Q,-,Q,-,,3.00,Estabelecimentos Industriais,VALIDAÇÃO
3102-1/00,Fabricação de móveis com predominância de metal,BAIXO RISCO,Regras 58 e 59,07.12.13,"Escritório (inclusive virtual), sede de empresa, grupo de salas, centro empresarial",nR1-12 (até 1250) ;  nR2-12 (acima de 1250),nR1-12,"1250,00",nR2-12,"1250,01",-,-,1.01,"Administração, Organização e Planejamento",VALIDAÇÃO
3103-9/00,"Fabricação de móveis de outros materiais, exceto madeira e metal",ALTO,Regra 1,09.15.05,Fabricação e acabamento de artigos diversos do mobiliário,ID2-15,ID2-15,Q,-,Q,-,,3.00,Estabelecimentos Industriais,VALIDAÇÃO
3103-9/00,"Fabricação de móveis de outros materiais, exceto madeira e metal",ALTO,Regra 1,09.15.03,Fabricação de móveis de outros materiais,ID2-15,ID2-15,Q,-,Q,-,,3.00,Estabelecimentos Industriais,VALIDAÇÃO
3103-9/00,"Fabricação de móveis de outros materiais, exceto madeira e metal",MÉDIO RISCO,Regra 1,07.09.01,"Confecção de artefatos de bambu, vime, junco e palha, confecção de artefatos de cortiça, papelão, cartolina e cartão",nR1-09 (Qualquer área),nR1-09,Q,-,Q,-,-,1.18,Estabelecimentos não classificados nos  Itens 1.01 a 1.17,VALIDAÇÃO
3103-9/00,"Fabricação de móveis de outros materiais, exceto madeira e metal",BAIXO RISCO,Regra 1,07.12.13,"Escritório (inclusive virtual), sede de empresa, grupo de salas, centro empresarial",nR1-12 (até 1250) ;  nR2-12 (acima de 1250),nR1-12,"1250,00",nR2-12,"1250,01",-,-,1.01,"Administração, Organização e Planejamento",VALIDAÇÃO
3104-7/00,Fabricação de colchões,ALTO,Regra 47,09.15.04,Fabricação de colchões,ID2-15,ID2-15,Q,-,Q,-,,3.00,Estabelecimentos Industriais,VALIDAÇÃO
3104-7/00,Fabricação de colchões,ALTO,Regra 47,07.09.17,"Outros serviços técnicos de confecção, manutenção e reparação não classificados",nR1-09 (Até 350) ; nR2-09 (Acima de 350),nR1-09,"350,00",nR2-09,"350,01",,,1.18,Estabelecimentos não classificados nos  Itens 1.01 a 1.17,VALIDAÇÃO
3104-7/00,Fabricação de colchões,ALTO,Regra 47,07.12.13,"Escritório (inclusive virtual), sede de empresa, grupo de salas, centro empresarial",nR1-12 (até 1250) ;  nR2-12 (acima de 1250),nR1-12,"1250,00",nR2-12,"1250,01",-,-,1.01,"Administração, Organização e Planejamento",VALIDAÇÃO
3211-6/01,Lapidação de gemas,ALTO,Regras 18 e 19,09.14.09,"Beneficiamento e preparação de minerais não metálicos, não associados, em sua localização, à extração",ID3-14 (subgrupo 2),ID3-14 (subgrupo 2),Q,-,Q,-,,3.00,Estabelecimentos Industriais,VALIDAÇÃO
3211-6/01,Lapidação de gemas,BAIXO RISCO,Regras 18 e 19,07.09.17,"Outros serviços técnicos de confecção, manutenção e reparação não classificados",nR1-09 (Até 350) ; nR2-09 (Acima de 350),nR1-09,"350,00",nR2-09,"350,01",,,1.18,Estabelecimentos não classificados nos Códigos 1.01 a 1.17,VALIDAÇÃO
3211-6/01,Lapidação de gemas,BAIXO RISCO,Regras 18 e 19,07.12.13,"Escritório (inclusive virtual), sede de empresa, grupo de salas, centro empresarial",nR1-12 (até 1250) ;  nR2-12 (acima de 1250),nR1-12,"1250,00",nR2-12,"1250,01",-,-,1.01,"Administração, Organização e Planejamento",VALIDAÇÃO
3211-6/02,Fabricação de artefatos de joalheria e ourivesaria,ALTO,Regras 18 e 19,09.13.02,"Fabricação de produtos de metal, exceto máquinas e equipamentos",ID3-13 (subgrupo 1),ID3-13 (subgrupo 1),Q,-,Q,-,,3.00,Estabelecimentos Industriais,VALIDAÇÃO
3211-6/02,Fabricação de artefatos de joalheria e ourivesaria,BAIXO RISCO,Regras 18 e 19,07.09.17,"Outros serviços técnicos de confecção, manutenção e reparação não classificados",nR1-09 (Até 350) ; nR2-09 (Acima de 350),nR1-09,"350,00",nR2-09,"350,01",,,1.18,Estabelecimentos não classificados nos Códigos 1.01 a 1.17,VALIDAÇÃO
3211-6/02,Fabricação de artefatos de joalheria e ourivesaria,BAIXO RISCO,Regras 18 e 19,07.12.13,"Escritório (inclusive virtual), sede de empresa, grupo de salas, centro empresarial",nR1-12 (até 1250) ;  nR2-12 (acima de 1250),nR1-12,"1250,00",nR2-12,"1250,01",-,-,1.01,"Administração, Organização e Planejamento",VALIDAÇÃO
3211-6/03,Cunhagem de moedas e medalhas,ALTO,Regras 18 e 19,09.13.02,"Fabricação de produtos de metal, exceto máquinas e equipamentos",ID3-13 (subgrupo 1),ID3-13 (subgrupo 1),Q,-,Q,-,,3.00,Estabelecimentos Industriais,VALIDAÇÃO
3211-6/03,Cunhagem de moedas e medalhas,BAIXO RISCO,Regras 18 e 19,07.09.17,"Outros serviços técnicos de confecção, manutenção e reparação não classificados",nR1-09 (Até 350) ; nR2-09 (Acima de 350),nR1-09,"350,00",nR2-09,"350,01",,,1.18,Estabelecimentos não classificados nos Códigos 1.01 a 1.17,VALIDAÇÃO
3211-6/03,Cunhagem de moedas e medalhas,BAIXO RISCO,Regras 18 e 19,07.12.13,"Escritório (inclusive virtual), sede de empresa, grupo de salas, centro empresarial",nR1-12 (até 1250) ;  nR2-12 (acima de 1250),nR1-12,"1250,00",nR2-12,"1250,01",-,-,1.01,"Administração, Organização e Planejamento",VALIDAÇÃO
3212-4/00,Fabricação de bijuterias e artefatos semelhantes,ALTO,Regras 18 e 19,09.13.02,"Fabricação de produtos de metal, exceto máquinas e equipamentos",ID3-13 (subgrupo 1),ID3-13 (subgrupo 1),Q,-,Q,-,,3.00,Estabelecimentos Industriais,VALIDAÇÃO
3212-4/00,Fabricação de bijuterias e artefatos semelhantes,BAIXO RISCO,Regras 18 e 19,07.09.17,"Outros serviços técnicos de confecção, manutenção e reparação não classificados",nR1-09 (Até 350) ; nR2-09 (Acima de 350),nR1-09,"350,00",nR2-09,"350,01",,,1.18,Estabelecimentos não classificados nos Códigos 1.01 a 1.17,VALIDAÇÃO
3212-4/00,Fabricação de bijuterias e artefatos semelhantes,BAIXO RISCO,Regras 18 e 19,07.12.13,"Escritório (inclusive virtual), sede de empresa, grupo de salas, centro empresarial",nR1-12 (até 1250) ;  nR2-12 (acima de 1250),nR1-12,"1250,00",nR2-12,"1250,01",-,-,1.01,"Administração, Organização e Planejamento",VALIDAÇÃO
3220-5/00,"Fabricação de instrumentos musicais, peças e acessórios",ALTO,Regras 18 e 19,09.12.18,Fabricação de outras máquinas e equipamentos de uso específico,ID3-12,ID3-12,Q,-,Q,-,,3.00,Estabelecimentos Industriais,VALIDAÇÃO
3220-5/00,"Fabricação de instrumentos musicais, peças e acessórios",BAIXO RISCO,Regras 18 e 19,07.09.17,"Outros serviços técnicos de confecção, manutenção e reparação não classificados",nR1-09 (Até 350) ; nR2-09 (Acima de 350),nR1-09,"350,00",nR2-09,"350,01",,,1.18,Estabelecimentos não classificados nos Códigos 1.01 a 1.17,VALIDAÇÃO
3220-5/00,"Fabricação de instrumentos musicais, peças e acessórios",BAIXO RISCO,Regras 18 e 19,07.12.13,"Escritório (inclusive virtual), sede de empresa, grupo de salas, centro empresarial",nR1-12 (até 1250) ;  nR2-12 (acima de 1250),nR1-12,"1250,00",nR2-12,"1250,01",-,-,1.01,"Administração, Organização e Planejamento",VALIDAÇÃO
3230-2/00,Fabricação de artefatos para pesca e esporte,ALTO,Regra 5,09.12.18,Fabricação de outras máquinas e equipamentos de uso específico,ID3-12,ID3-12,Q,-,Q,-,,3.00,Estabelecimentos Industriais,VALIDAÇÃO
3230-2/00,Fabricação de artefatos para pesca e esporte,BAIXO RISCO,Regra 5,07.12.13,"Escritório (inclusive virtual), sede de empresa, grupo de salas, centro empresarial",nR1-12 (até 1250) ;  nR2-12 (acima de 1250),nR1-12,"1250,00",nR2-12,"1250,01",-,-,1.01,"Administração, Organização e Planejamento",VALIDAÇÃO
3240-0/01,Fabricação de jogos eletrônicos,ALTO,Regra 49,09.12.18,Fabricação de outras máquinas e equipamentos de uso específico,ID3-12,ID3-12,Q,-,Q,-,,3.00,Estabelecimentos Industriais,VALIDAÇÃO
3240-0/01,Fabricação de jogos eletrônicos,ALTO,Regra 49,07.12.13,"Escritório (inclusive virtual), sede de empresa, grupo de salas, centro empresarial",nR1-12 (até 1250) ;  nR2-12 (acima de 1250),nR1-12,"1250,00",nR2-12,"1250,01",-,-,1.01,"Administração, Organização e Planejamento",VALIDAÇÃO
3240-0/02,"Fabricação de mesas de bilhar, de sinuca e acessórios não associada à locação",ALTO,Regras 18 e 19,09.15.05,Fabricação e acabamento de artigos diversos do mobiliário,ID2-15,ID2-15,Q,-,Q,-,-,3.00,Estabelecimentos Industriais,VALIDAÇÃO
3240-0/02,"Fabricação de mesas de bilhar, de sinuca e acessórios não associada à locação",BAIXO RISCO,Regras 18 e 19,07.09.08,"Cantaria, marmoaria, carpintaria, marcenaria, vidraçaria e serraria",nR2-09 (Qualquer área),nR2-09,Q,-,Q,-,-,1.18,Estabelecimentos não classificados nos  Itens 1.01 a 1.17,VALIDAÇÃO
3240-0/02,"Fabricação de mesas de bilhar, de sinuca e acessórios não associada à locação",BAIXO RISCO,Regras 18 e 19,07.12.13,"Escritório (inclusive virtual), sede de empresa, grupo de salas, centro empresarial",nR1-12 (até 1250) ;  nR2-12 (acima de 1250),nR1-12,"1250,00",nR2-12,"1250,01",-,-,1.01,"Administração, Organização e Planejamento",VALIDAÇÃO
3240-0/03,"Fabricação de mesas de bilhar, de sinuca e acessórios associada à locação",ALTO,Regras 18 e 19,09.15.05,Fabricação e acabamento de artigos diversos do mobiliário,ID2-15,ID2-15,Q,-,Q,-,-,3.00,Estabelecimentos Industriais,VALIDAÇÃO
3240-0/03,"Fabricação de mesas de bilhar, de sinuca e acessórios associada à locação",BAIXO RISCO,Regras 18 e 19,07.09.08,"Cantaria, marmoaria, carpintaria, marcenaria, vidraçaria e serraria",nR2-09 (Qualquer área),nR2-09,Q,-,Q,-,-,1.18,Estabelecimentos não classificados nos  Itens 1.01 a 1.17,VALIDAÇÃO
3240-0/03,"Fabricação de mesas de bilhar, de sinuca e acessórios associada à locação",BAIXO RISCO,Regras 18 e 19,07.12.13,"Escritório (inclusive virtual), sede de empresa, grupo de salas, centro empresarial",nR1-12 (até 1250) ;  nR2-12 (acima de 1250),nR1-12,"1250,00",nR2-12,"1250,01",-,-,1.01,"Administração, Organização e Planejamento",VALIDAÇÃO
3240-0/99,Fabricação de outros brinquedos e jogos recreativos não especificados anteriormente,ALTO,Regras 18 e 19,09.12.18,Fabricação de outras máquinas e equipamentos de uso específico,ID3-12,ID3-12,Q,-,Q,-,,3.00,Estabelecimentos Industriais,VALIDAÇÃO
3240-0/99,Fabricação de outros brinquedos e jogos recreativos não especificados anteriormente,BAIXO RISCO,Regras 18 e 19,07.09.17,"Outros serviços técnicos de confecção, manutenção e reparação não classificados",nR1-09 (Até 350) ; nR2-09 (Acima de 350),nR1-09,"350,00",nR2-09,"350,01",-,-,1.18,Estabelecimentos não classificados nos Códigos 1.01 a 1.17,VALIDAÇÃO
3240-0/99,Fabricação de outros brinquedos e jogos recreativos não especificados anteriormente,BAIXO RISCO,Regras 18 e 19,07.12.13,"Escritório (inclusive virtual), sede de empresa, grupo de salas, centro empresarial",nR1-12 (até 1250) ;  nR2-12 (acima de 1250),nR1-12,"1250,00",nR2-12,"1250,01",-,-,1.01,"Administração, Organização e Planejamento",VALIDAÇÃO
3250-7/01,"Fabricação de instrumentos não-eletrônicos e utensílios para uso médico, cirúrgico, odontológico e de laboratório",ALTO,Regra 49,09.12.05,"Fabricação de aparelhos e instrumentos para usos médico-hospitalar, odontológicos e de laboratórios e aparelhos ortopédicos em geral, inclusive sob encomenda",ID1-12,ID1-12,Q,-,Q,-,,3.00,Estabelecimentos Industriais,VALIDAÇÃO
3250-7/01,"Fabricação de instrumentos não-eletrônicos e utensílios para uso médico, cirúrgico, odontológico e de laboratório",ALTO,Regra 49,07.12.13,"Escritório (inclusive virtual), sede de empresa, grupo de salas, centro empresarial",nR1-12 (até 1250) ;  nR2-12 (acima de 1250),nR1-12,"1250,00",nR2-12,"1250,01",-,-,1.01,"Administração, Organização e Planejamento",VALIDAÇÃO
3250-7/02,"Fabricação de mobiliário para uso médico, cirúrgico, odontológico e de laboratório",ALTO,Regra 49,09.15.02,Fabricação de móveis com predominância de metal,ID2-15,ID2-15,Q,-,Q,-,,3.00,Estabelecimentos Industriais,VALIDAÇÃO
3250-7/02,"Fabricação de mobiliário para uso médico, cirúrgico, odontológico e de laboratório",ALTO,Regra 49,07.12.13,"Escritório (inclusive virtual), sede de empresa, grupo de salas, centro empresarial",nR1-12 (até 1250) ;  nR2-12 (acima de 1250),nR1-12,"1250,00",nR2-12,"1250,01",-,-,1.01,"Administração, Organização e Planejamento",VALIDAÇÃO
3250-7/03,Fabricação de aparelhos e utensílios para correção de defeitos físicos e aparelhos ortopédicos em geral sob encomenda,ALTO,Regra 49,09.12.05,"Fabricação de aparelhos e instrumentos para usos médico-hospitalar, odontológicos e de laboratórios e aparelhos ortopédicos em geral, inclusive sob encomenda",ID1-12,ID1-12,Q,-,Q,-,,3.00,Estabelecimentos Industriais,VALIDAÇÃO
3250-7/03,Fabricação de aparelhos e utensílios para correção de defeitos físicos e aparelhos ortopédicos em geral sob encomenda,ALTO,Regra 49,07.12.13,"Escritório (inclusive virtual), sede de empresa, grupo de salas, centro empresarial",nR1-12 (até 1250) ;  nR2-12 (acima de 1250),nR1-12,"1250,00",nR2-12,"1250,01",-,-,1.01,"Administração, Organização e Planejamento",VALIDAÇÃO
3250-7/04,"Fabricação de aparelhos e utensílios para correção de defeitos físicos e aparelhos ortopédicos em geral, exceto sob encomenda",ALTO,Regra 49,09.12.05,"Fabricação de aparelhos e instrumentos para usos médico-hospitalar, odontológicos e de laboratórios e aparelhos ortopédicos em geral, inclusive sob encomenda",ID1-12,ID1-12,Q,-,Q,-,,3.00,Estabelecimentos Industriais,VALIDAÇÃO
3250-7/04,"Fabricação de aparelhos e utensílios para correção de defeitos físicos e aparelhos ortopédicos em geral, exceto sob encomenda",ALTO,Regra 49,07.12.13,"Escritório (inclusive virtual), sede de empresa, grupo de salas, centro empresarial",nR1-12 (até 1250) ;  nR2-12 (acima de 1250),nR1-12,"1250,00",nR2-12,"1250,01",-,-,1.01,"Administração, Organização e Planejamento",VALIDAÇÃO
3250-7/05,Fabricação de materiais para medicina e odontologia,ALTO,Regra 47,09.14.04,"Fabricação de artefatos de concreto, cimento, estuque",ID3-14 (subgrupo 1),ID3-14 (subgrupo 1),Q,-,Q,-,-,3.00,Estabelecimentos Industriais,VALIDAÇÃO
3250-7/05,Fabricação de materiais para medicina e odontologia,ALTO,Regra 47,07.09.17,"Outros serviços técnicos de confecção, manutenção e reparação não classificados",nR1-09 (Até 350) ; nR2-09 (Acima de 350),nR1-09,"350,00",nR2-09,"350,01",,,1.18,Estabelecimentos não classificados nos  Itens 1.01 a 1.17,VALIDAÇÃO
3250-7/05,Fabricação de materiais para medicina e odontologia,ALTO,Regra 47,07.12.13,"Escritório (inclusive virtual), sede de empresa, grupo de salas, centro empresarial",nR1-12 (até 1250) ;  nR2-12 (acima de 1250),nR1-12,"1250,00",nR2-12,"1250,01",-,-,1.01,"Administração, Organização e Planejamento",VALIDAÇÃO
3250-7/06,Serviços de prótese dentária,MÉDIO RISCO,Regra 5,07.05.09,Outros serviços de assistência à saúde não classificados,nR1-05 (Até 500) ; nR2-05 (Acima de 500),nR1-05,"500,00",nR2-05,"500,01",,,1.16,Estabelecimentos de Saúde,VALIDAÇÃO
3250-7/06,Serviços de prótese dentária,BAIXO RISCO,Regra 5,07.12.13,"Escritório (inclusive virtual), sede de empresa, grupo de salas, centro empresarial",nR1-12 (até 1250) ;  nR2-12 (acima de 1250),nR1-12,"1250,00",nR2-12,"1250,01",-,-,1.01,"Administração, Organização e Planejamento",VALIDAÇÃO
3250-7/07,Fabricação de artigos ópticos,ALTO,Regra 1,09.14.03,"Fabricação de vidro, artigos de vidro e cristal",ID3-14 (subgrupo 1),ID3-14 (subgrupo 1),-,Q,Q,-,-,3.00,Estabelecimentos Industriais,VALIDAÇÃO
3250-7/07,Fabricação de artigos ópticos,MÉDIO RISCO,Regra 1,07.09.17,"Outros serviços técnicos de confecção, manutenção e reparação não classificados",nR1-09 (Até 350) ; nR2-09 (Acima de 350),nR1-09,nR2-09,"350,00","350,01",,,1.18,Estabelecimentos não classificados nos  Itens 1.01 a 1.17,VALIDAÇÃO
3250-7/07,Fabricação de artigos ópticos,BAIXO RISCO,Regra 1,07.12.13,"Escritório (inclusive virtual), sede de empresa, grupo de salas, centro empresarial",nR1-12 (até 1250) ;  nR2-12 (acima de 1250),nR1-12,nR2-12,"1250,00","1250,01",-,-,1.01,"Administração, Organização e Planejamento",VALIDAÇÃO
3250-7/09,Serviço de laboratório óptico,ALTO,Regra 47,09.12.18,Fabricação de outras máquinas e equipamentos de uso específico,ID3-12,ID3-12,Q,-,Q,-,,3.00,Estabelecimentos Industriais,VALIDAÇÃO
3250-7/09,Serviço de laboratório óptico,ALTO,Regra 47,07.09.17,"Outros serviços técnicos de confecção, manutenção e reparação não classificados",nR1-09 (Até 350) ; nR2-09 (Acima de 350),nR1-09,"350,00",nR2-09,"350,01",,,1.18,Estabelecimentos não classificados nos  Itens 1.01 a 1.17,VALIDAÇÃO
3250-7/09,Serviço de laboratório óptico,ALTO,Regra 47,07.12.13,"Escritório (inclusive virtual), sede de empresa, grupo de salas, centro empresarial",nR1-12 (até 1250) ;  nR2-12 (acima de 1250),nR1-12,"1250,00",nR2-12,"1250,01",-,-,1.01,"Administração, Organização e Planejamento",VALIDAÇÃO
3291-4/00,"Fabricação de escovas, pincéis e vassouras",ALTO,Regras 58 e 59,09.09.03,"Fabricação de artefatos diversos de madeira, exceto móveis",ID2-09,ID2-09,Q,-,Q,-,,3.00,Estabelecimentos Industriais,VALIDAÇÃO
3291-4/00,"Fabricação de escovas, pincéis e vassouras",MÉDIO RISCO,Regras 58 e 59,07.09.17,"Outros serviços técnicos de confecção, manutenção e reparação não classificados",nR1-09 (Até 350) ; nR2-09 (Acima de 350),nR1-09,"350,00",nR2-09,"350,01",,,1.18,Estabelecimentos não classificados nos  Itens 1.01 a 1.17,VALIDAÇÃO
3291-4/00,"Fabricação de escovas, pincéis e vassouras",BAIXO RISCO,Regras 58 e 59,07.12.13,"Escritório (inclusive virtual), sede de empresa, grupo de salas, centro empresarial",nR1-12 (até 1250) ;  nR2-12 (acima de 1250),nR1-12,"1250,00",nR2-12,"1250,01",-,-,1.01,"Administração, Organização e Planejamento",VALIDAÇÃO
3292-2/01,Fabricação de roupas de proteção e segurança e resistentes a fogo,ALTO,Regras 58 e 59,09.11.02,Confecção de artigos de vestuário em geral,ID1-11,ID1-11,Q,-,Q,-,-,3.00,Estabelecimentos Industriais,VALIDAÇÃO
3292-2/01,Fabricação de roupas de proteção e segurança e resistentes a fogo,MÉDIO RISCO,Regras 58 e 59,07.09.05,"Serviço de confecção sob medida e reparação de artigos de vestuário e similares: costureiro, alfaiate, bordadeiro, camiseiro, sapateiro etc",nR1-09 (Qualquer área),nR1-09,Q,-,Q,-,-,1.18,Estabelecimentos não classificados nos  Itens 1.01 a 1.17,VALIDAÇÃO
3292-2/01,Fabricação de roupas de proteção e segurança e resistentes a fogo,BAIXO RISCO,Regras 58 e 59,07.12.13,"Escritório (inclusive virtual), sede de empresa, grupo de salas, centro empresarial",nR1-12 (até 1250) ;  nR2-12 (acima de 1250),nR1-12,"1250,00",nR2-12,"1250,01",-,-,1.01,"Administração, Organização e Planejamento",VALIDAÇÃO
3292-2/02,Fabricação de equipamentos e acessórios para segurança pessoal e profissional,ALTO,Regra 47,09.18.01,Fabricação de produtos e artefatos de plástico diversos reforçados ou não com fibra de vidro,ID2-18,ID2-18,Q,-,Q,-,,3.00,Estabelecimentos Industriais,VALIDAÇÃO
3292-2/02,Fabricação de equipamentos e acessórios para segurança pessoal e profissional,ALTO,Regra 47,09.11.01,Confecção de artefatos diversos de tecidos,ID1-11,ID1-11,,,,,,3.00,Estabelecimentos Industriais,VALIDAÇÃO
3292-2/02,Fabricação de equipamentos e acessórios para segurança pessoal e profissional,ALTO,Regra 47,07.12.13,"Escritório (inclusive virtual), sede de empresa, grupo de salas, centro empresarial",nR1-12 (até 1250) ;  nR2-12 (acima de 1250),nR1-12,"1250,00",nR2-12,"1250,01",-,-,1.01,"Administração, Organização e Planejamento",VALIDAÇÃO
3299-0/01,Fabricação de guarda-chuvas e similares,ALTO,Regra 5,09.12.18,Fabricação de outras máquinas e equipamentos de uso específico,ID3-12,ID3-12,Q,-,Q,-,,3.00,Estabelecimentos Industriais,VALIDAÇÃO
3299-0/01,Fabricação de guarda-chuvas e similares,BAIXO RISCO,Regra 5,07.12.13,"Escritório (inclusive virtual), sede de empresa, grupo de salas, centro empresarial",nR1-12 (até 1250) ;  nR2-12 (acima de 1250),nR1-12,"1250,00",nR2-12,"1250,01",-,-,1.01,"Administração, Organização e Planejamento",VALIDAÇÃO
3299-0/02,"Fabricação de canetas, lápis e outros artigos para escritório",ALTO,Regras 58 e 59,09.18.01,Fabricação de produtos e artefatos de plástico diversos reforçados ou não com fibra de vidro,ID2-18,ID2-18,Q,-,Q,-,,3.00,Estabelecimentos Industriais,VALIDAÇÃO
3299-0/02,"Fabricação de canetas, lápis e outros artigos para escritório",MÉDIO RISCO,Regras 58 e 59,07.09.17,"Outros serviços técnicos de confecção, manutenção e reparação não classificados",nR1-09 (Até 350) ; nR2-09 (Acima de 350),nR1-09,"350,00",nR2-09,"350,01",,,1.18,Estabelecimentos não classificados nos  Itens 1.01 a 1.17,VALIDAÇÃO
3299-0/02,"Fabricação de canetas, lápis e outros artigos para escritório",BAIXO RISCO,Regras 58 e 59,07.12.13,"Escritório (inclusive virtual), sede de empresa, grupo de salas, centro empresarial",nR1-12 (até 1250) ;  nR2-12 (acima de 1250),nR1-12,"1250,00",nR2-12,"1250,01",-,-,1.01,"Administração, Organização e Planejamento",VALIDAÇÃO
3299-0/03,"Fabricação de letras, letreiros e placas de qualquer material, exceto luminosos",MÉDIO RISCO,Regra 5,07.09.09,"Confecção e pintura de faixas, placas, cartazes, confecção de artefatos de couro e pele",nR2-09 (Qualquer área),nR2-09,Q,-,Q,-,,1.18,Estabelecimentos não classificados nos  Itens 1.01 a 1.17,VALIDAÇÃO
3299-0/03,"Fabricação de letras, letreiros e placas de qualquer material, exceto luminosos",BAIXO RISCO,Regra 5,07.12.13,"Escritório (inclusive virtual), sede de empresa, grupo de salas, centro empresarial",nR1-12 (até 1250) ;  nR2-12 (acima de 1250),nR1-12,"1250,00",nR2-12,"1250,01",-,-,1.01,"Administração, Organização e Planejamento",VALIDAÇÃO
3299-0/04,Fabricação de painéis e letreiros luminosos,MÉDIO RISCO,Regra 5,07.09.09,"Confecção e pintura de faixas, placas, cartazes, confecção de artefatos de couro e pele",nR2-09 (Qualquer área),nR2-09,Q,-,Q,-,,1.18,Estabelecimentos não classificados nos  Itens 1.01 a 1.17,VALIDAÇÃO
3299-0/04,Fabricação de painéis e letreiros luminosos,BAIXO RISCO,Regra 5,07.12.13,"Escritório (inclusive virtual), sede de empresa, grupo de salas, centro empresarial",nR1-12 (até 1250) ;  nR2-12 (acima de 1250),nR1-12,"1250,00",nR2-12,"1250,01",-,-,1.01,"Administração, Organização e Planejamento",VALIDAÇÃO
3299-0/05,Fabricação de aviamentos para costura,ALTO,Regra 5,09.11.09,Fabricação de aviamentos para costura,ID2-11,ID2-11,Q,-,Q,-,,3.00,Estabelecimentos Industriais,VALIDAÇÃO
3299-0/05,Fabricação de aviamentos para costura,BAIXO RISCO,Regra 5,07.12.13,"Escritório (inclusive virtual), sede de empresa, grupo de salas, centro empresarial",nR1-12 (até 1250) ;  nR2-12 (acima de 1250),nR1-12,"1250,00",nR2-12,"1250,01",-,-,1.01,"Administração, Organização e Planejamento",VALIDAÇÃO
3299-0/06,"Fabricação de velas, inclusive decorativas",MÉDIO RISCO,Regra 23,09.19.20,Fabricação de velas,ID3-19 (subgrupo 1),ID3-19 (subgrupo 1),Q,-,Q,-,-,3.00,Estabelecimentos Industriais,VALIDAÇÃO
3299-0/06,"Fabricação de velas, inclusive decorativas",MÉDIO RISCO,Regra 23,07.12.13,"Escritório (inclusive virtual), sede de empresa, grupo de salas, centro empresarial",nR1-12 (até 1250) ;  nR2-12 (acima de 1250),nR1-12,"1250,00",nR2-12,"1250,01",-,-,1.01,"Administração, Organização e Planejamento",VALIDAÇÃO
3299-0/99,Fabricação de produtos diversos não especificados anteriormente,MÉDIO RISCO,Regra 22,09.12.18,Fabricação de outras máquinas e equipamentos de uso específico,ID3-12,ID3-12,Q,-,Q,-,,3.00,Estabelecimentos Industriais,VALIDAÇÃO
3299-0/99,Fabricação de produtos diversos não especificados anteriormente,MÉDIO RISCO,Regra 22,07.09.17,"Outros serviços técnicos de confecção, manutenção e reparação não classificados",nR1-09 (Até 350) ; nR2-09 (Acima de 350),nR1-09,"350,00",nR2-09,"350,01",,,1.18,Estabelecimentos não classificados nos  Itens 1.01 a 1.17,VALIDAÇÃO
3299-0/99,Fabricação de produtos diversos não especificados anteriormente,MÉDIO RISCO,Regra 22,07.12.13,"Escritório (inclusive virtual), sede de empresa, grupo de salas, centro empresarial",nR1-12 (até 1250) ;  nR2-12 (acima de 1250),nR1-12,"1250,00",nR2-12,"1250,01",-,-,1.01,"Administração, Organização e Planejamento",VALIDAÇÃO
3311-2/00,"Manutenção e reparação de tanques, reservatórios metálicos e caldeiras, exceto para veículos",MÉDIO RISCO,Regra 5,07.09.17,"Outros serviços técnicos de confecção, manutenção e reparação não classificados",nR1-09 (Até 350) ; nR2-09 (Acima de 350),nR1-09,"350,00",nR2-09,"350,01",,,1.12,"Estabelecimentos de Instalação, Reparos e Manutenção de Máquinas, Motores e Aparelhos e Equipamentos",VALIDAÇÃO
3311-2/00,"Manutenção e reparação de tanques, reservatórios metálicos e caldeiras, exceto para veículos",BAIXO RISCO,Regra 5,07.12.13,"Escritório (inclusive virtual), sede de empresa, grupo de salas, centro empresarial",nR1-12 (até 1250) ;  nR2-12 (acima de 1250),nR1-12,"1250,00",nR2-12,"1250,01",-,-,1.01,"Administração, Organização e Planejamento",VALIDAÇÃO
3312-1/02,"Manutenção e reparação de aparelhos e instrumentos de medida, teste e controle",MÉDIO RISCO,Regra 5,07.09.12,"Serviços de manutenção e reparação de artigos esportivos e recreativos, de máquinas, aparelhos e equipamentos em geral, inclusive elevadores",nR2-09 (Qualquer área),nR2-09,Q,-,Q,-,,1.12,"Estabelecimentos de Instalação, Reparos e Manutenção de Máquinas, Motores e Aparelhos e Equipamentos",VALIDAÇÃO
3312-1/02,"Manutenção e reparação de aparelhos e instrumentos de medida, teste e controle",BAIXO RISCO,Regra 5,07.12.13,"Escritório (inclusive virtual), sede de empresa, grupo de salas, centro empresarial",nR1-12 (até 1250) ;  nR2-12 (acima de 1250),nR1-12,"1250,00",nR2-12,"1250,01",-,-,1.01,"Administração, Organização e Planejamento",VALIDAÇÃO
3312-1/03,Manutenção e reparação de aparelhos eletromédicos e eletroterapêuticos e equipamentos de irradiação,MÉDIO RISCO,Regra 5,07.09.12,"Serviços de manutenção e reparação de artigos esportivos e recreativos, de máquinas, aparelhos e equipamentos em geral, inclusive elevadores",nR2-09 (Qualquer área),nR2-09,Q,-,Q,-,,1.12,"Estabelecimentos de Instalação, Reparos e Manutenção de Máquinas, Motores e Aparelhos e Equipamentos",VALIDAÇÃO
3312-1/03,Manutenção e reparação de aparelhos eletromédicos e eletroterapêuticos e equipamentos de irradiação,BAIXO RISCO,Regra 5,07.12.13,"Escritório (inclusive virtual), sede de empresa, grupo de salas, centro empresarial",nR1-12 (até 1250) ;  nR2-12 (acima de 1250),nR1-12,"1250,00",nR2-12,"1250,01",-,-,1.01,"Administração, Organização e Planejamento",VALIDAÇÃO
3312-1/04,Manutenção e reparação de equipamentos e instrumentos ópticos,MÉDIO RISCO,Regra 5,07.09.12,"Serviços de manutenção e reparação de artigos esportivos e recreativos, de máquinas, aparelhos e equipamentos em geral, inclusive elevadores",nR2-09 (Qualquer área),nR2-09,Q,-,Q,-,,1.12,"Estabelecimentos de Instalação, Reparos e Manutenção de Máquinas, Motores e Aparelhos e Equipamentos",VALIDAÇÃO
3312-1/04,Manutenção e reparação de equipamentos e instrumentos ópticos,BAIXO RISCO,Regra 5,07.12.13,"Escritório (inclusive virtual), sede de empresa, grupo de salas, centro empresarial",nR1-12 (até 1250) ;  nR2-12 (acima de 1250),nR1-12,"1250,00",nR2-12,"1250,01",-,-,1.01,"Administração, Organização e Planejamento",VALIDAÇÃO
3313-9/01,"Manutenção e reparação de geradores, transformadores e motores elétricos",MÉDIO RISCO,Regra 5,07.09.12,"Serviços de manutenção e reparação de artigos esportivos e recreativos, de máquinas, aparelhos e equipamentos em geral, inclusive elevadores",nR2-09 (Qualquer área),nR2-09,Q,-,Q,-,,1.12,"Estabelecimentos de Instalação, Reparos e Manutenção de Máquinas, Motores e Aparelhos e Equipamentos",VALIDAÇÃO
3313-9/01,"Manutenção e reparação de geradores, transformadores e motores elétricos",BAIXO RISCO,Regra 5,07.12.13,"Escritório (inclusive virtual), sede de empresa, grupo de salas, centro empresarial",nR1-12 (até 1250) ;  nR2-12 (acima de 1250),nR1-12,"1250,00",nR2-12,"1250,01",-,-,1.01,"Administração, Organização e Planejamento",VALIDAÇÃO
3313-9/02,"Manutenção e reparação de baterias e acumuladores elétricos, exceto para veículos",MÉDIO RISCO,Regra 5,07.09.12,"Serviços de manutenção e reparação de artigos esportivos e recreativos, de máquinas, aparelhos e equipamentos em geral, inclusive elevadores",nR2-09 (Qualquer área),nR2-09,Q,-,Q,-,,1.12,"Estabelecimentos de Instalação, Reparos e Manutenção de Máquinas, Motores e Aparelhos e Equipamentos",VALIDAÇÃO
3313-9/02,"Manutenção e reparação de baterias e acumuladores elétricos, exceto para veículos",BAIXO RISCO,Regra 5,07.12.13,"Escritório (inclusive virtual), sede de empresa, grupo de salas, centro empresarial",nR1-12 (até 1250) ;  nR2-12 (acima de 1250),nR1-12,"1250,00",nR2-12,"1250,01",-,-,1.01,"Administração, Organização e Planejamento",VALIDAÇÃO
3313-9/99,"Manutenção e reparação de máquinas, aparelhos e materiais elétricos não especificados anteriormente",MÉDIO RISCO,Regra 5,07.09.12,"Serviços de manutenção e reparação de artigos esportivos e recreativos, de máquinas, aparelhos e equipamentos em geral, inclusive elevadores",nR2-09 (Qualquer área),nR2-09,Q,-,Q,-,,1.12,"Estabelecimentos de Instalação, Reparos e Manutenção de Máquinas, Motores e Aparelhos e Equipamentos",VALIDAÇÃO
3313-9/99,"Manutenção e reparação de máquinas, aparelhos e materiais elétricos não especificados anteriormente",BAIXO RISCO,Regra 5,07.12.13,"Escritório (inclusive virtual), sede de empresa, grupo de salas, centro empresarial",nR1-12 (até 1250) ;  nR2-12 (acima de 1250),nR1-12,"1250,00",nR2-12,"1250,01",-,-,1.01,"Administração, Organização e Planejamento",VALIDAÇÃO
3314-7/01,Manutenção e reparação de máquinas motrizes não-elétricas,MÉDIO RISCO,Regra 5,07.09.12,"Serviços de manutenção e reparação de artigos esportivos e recreativos, de máquinas, aparelhos e equipamentos em geral, inclusive elevadores",nR2-09 (Qualquer área),nR2-09,Q,-,Q,-,,1.12,"Estabelecimentos de Instalação, Reparos e Manutenção de Máquinas, Motores e Aparelhos e Equipamentos",VALIDAÇÃO
3314-7/01,Manutenção e reparação de máquinas motrizes não-elétricas,BAIXO RISCO,Regra 5,07.12.13,"Escritório (inclusive virtual), sede de empresa, grupo de salas, centro empresarial",nR1-12 (até 1250) ;  nR2-12 (acima de 1250),nR1-12,"1250,00",nR2-12,"1250,01",-,-,1.01,"Administração, Organização e Planejamento",VALIDAÇÃO
3314-7/02,"Manutenção e reparação de equipamentos hidráulicos e pneumáticos, exceto válvulas",MÉDIO RISCO,Regra 5,07.09.12,"Serviços de manutenção e reparação de artigos esportivos e recreativos, de máquinas, aparelhos e equipamentos em geral, inclusive elevadores",nR2-09 (Qualquer área),nR2-09,Q,-,Q,-,,1.12,"Estabelecimentos de Instalação, Reparos e Manutenção de Máquinas, Motores e Aparelhos e Equipamentos",VALIDAÇÃO
3314-7/02,"Manutenção e reparação de equipamentos hidráulicos e pneumáticos, exceto válvulas",BAIXO RISCO,Regra 5,07.12.13,"Escritório (inclusive virtual), sede de empresa, grupo de salas, centro empresarial",nR1-12 (até 1250) ;  nR2-12 (acima de 1250),nR1-12,"1250,00",nR2-12,"1250,01",-,-,1.01,"Administração, Organização e Planejamento",VALIDAÇÃO
3314-7/03,Manutenção e reparação de válvulas industriais,MÉDIO RISCO,Regra 5,07.09.12,"Serviços de manutenção e reparação de artigos esportivos e recreativos, de máquinas, aparelhos e equipamentos em geral, inclusive elevadores",nR2-09 (Qualquer área),nR2-09,Q,-,Q,-,,1.12,"Estabelecimentos de Instalação, Reparos e Manutenção de Máquinas, Motores e Aparelhos e Equipamentos",VALIDAÇÃO
3314-7/03,Manutenção e reparação de válvulas industriais,BAIXO RISCO,Regra 5,07.12.13,"Escritório (inclusive virtual), sede de empresa, grupo de salas, centro empresarial",nR1-12 (até 1250) ;  nR2-12 (acima de 1250),nR1-12,"1250,00",nR2-12,"1250,01",-,-,1.01,"Administração, Organização e Planejamento",VALIDAÇÃO
3314-7/04,Manutenção e reparação de compressores,MÉDIO RISCO,Regra 5,07.09.12,"Serviços de manutenção e reparação de artigos esportivos e recreativos, de máquinas, aparelhos e equipamentos em geral, inclusive elevadores",nR2-09 (Qualquer área),nR2-09,Q,-,Q,-,,1.12,"Estabelecimentos de Instalação, Reparos e Manutenção de Máquinas, Motores e Aparelhos e Equipamentos",VALIDAÇÃO
3314-7/04,Manutenção e reparação de compressores,BAIXO RISCO,Regra 5,07.12.13,"Escritório (inclusive virtual), sede de empresa, grupo de salas, centro empresarial",nR1-12 (até 1250) ;  nR2-12 (acima de 1250),nR1-12,"1250,00",nR2-12,"1250,01",-,-,1.01,"Administração, Organização e Planejamento",VALIDAÇÃO
3314-7/05,Manutenção e reparação de equipamentos de transmissão para fins industriais,MÉDIO RISCO,Regra 5,07.09.12,"Serviços de manutenção e reparação de artigos esportivos e recreativos, de máquinas, aparelhos e equipamentos em geral, inclusive elevadores",nR2-09 (Qualquer área),nR2-09,Q,-,Q,-,,1.12,"Estabelecimentos de Instalação, Reparos e Manutenção de Máquinas, Motores e Aparelhos e Equipamentos",VALIDAÇÃO
3314-7/05,Manutenção e reparação de equipamentos de transmissão para fins industriais,BAIXO RISCO,Regra 5,07.12.13,"Escritório (inclusive virtual), sede de empresa, grupo de salas, centro empresarial",nR1-12 (até 1250) ;  nR2-12 (acima de 1250),nR1-12,"1250,00",nR2-12,"1250,01",-,-,1.01,"Administração, Organização e Planejamento",VALIDAÇÃO
3314-7/06,"Manutenção e reparação de máquinas, aparelhos e equipamentos para instalações térmicas",MÉDIO RISCO,Regra 5,07.09.12,"Serviços de manutenção e reparação de artigos esportivos e recreativos, de máquinas, aparelhos e equipamentos em geral, inclusive elevadores",nR2-09 (Qualquer área),nR2-09,Q,-,Q,-,,1.12,"Estabelecimentos de Instalação, Reparos e Manutenção de Máquinas, Motores e Aparelhos e Equipamentos",VALIDAÇÃO
3314-7/06,"Manutenção e reparação de máquinas, aparelhos e equipamentos para instalações térmicas",BAIXO RISCO,Regra 5,07.12.13,"Escritório (inclusive virtual), sede de empresa, grupo de salas, centro empresarial",nR1-12 (até 1250) ;  nR2-12 (acima de 1250),nR1-12,"1250,00",nR2-12,"1250,01",-,-,1.01,"Administração, Organização e Planejamento",VALIDAÇÃO
3314-7/07,Manutenção e reparação de máquinas e aparelhos de refrigeração e ventilação para uso industrial e comercial,MÉDIO RISCO,Regra 5,07.09.12,"Serviços de manutenção e reparação de artigos esportivos e recreativos, de máquinas, aparelhos e equipamentos em geral, inclusive elevadores",nR2-09 (Qualquer área),nR2-09,Q,-,Q,-,,1.12,"Estabelecimentos de Instalação, Reparos e Manutenção de Máquinas, Motores e Aparelhos e Equipamentos",VALIDAÇÃO
3314-7/07,Manutenção e reparação de máquinas e aparelhos de refrigeração e ventilação para uso industrial e comercial,BAIXO RISCO,Regra 5,07.12.13,"Escritório (inclusive virtual), sede de empresa, grupo de salas, centro empresarial",nR1-12 (até 1250) ;  nR2-12 (acima de 1250),nR1-12,"1250,00",nR2-12,"1250,01",-,-,1.01,"Administração, Organização e Planejamento",VALIDAÇÃO
3314-7/08,"Manutenção e reparação de máquinas, equipamentos e aparelhos para transporte e elevação de cargas",MÉDIO RISCO,Regra 5,07.09.12,"Serviços de manutenção e reparação de artigos esportivos e recreativos, de máquinas, aparelhos e equipamentos em geral, inclusive elevadores",nR2-09 (Qualquer área),nR2-09,Q,-,Q,-,,1.12,"Estabelecimentos de Instalação, Reparos e Manutenção de Máquinas, Motores e Aparelhos e Equipamentos",VALIDAÇÃO
3314-7/08,"Manutenção e reparação de máquinas, equipamentos e aparelhos para transporte e elevação de cargas",BAIXO RISCO,Regra 5,07.12.13,"Escritório (inclusive virtual), sede de empresa, grupo de salas, centro empresarial",nR1-12 (até 1250) ;  nR2-12 (acima de 1250),nR1-12,"1250,00",nR2-12,"1250,01",-,-,1.01,"Administração, Organização e Planejamento",VALIDAÇÃO
3314-7/09,"Manutenção e reparação de máquinas de escrever, calcular e de outros equipamentos não-eletrônicos para escritório",MÉDIO RISCO,Regra 5,07.09.17,"Outros serviços técnicos de confecção, manutenção e reparação não classificados",nR1-09 (Até 350) ; nR2-09 (Acima de 350),nR1-09,"350,00",nR2-09,"350,01",,,1.12,"Estabelecimentos de Instalação, Reparos e Manutenção de Máquinas, Motores e Aparelhos e Equipamentos",VALIDAÇÃO
3314-7/09,"Manutenção e reparação de máquinas de escrever, calcular e de outros equipamentos não-eletrônicos para escritório",BAIXO RISCO,Regra 5,07.12.13,"Escritório (inclusive virtual), sede de empresa, grupo de salas, centro empresarial",nR1-12 (até 1250) ;  nR2-12 (acima de 1250),nR1-12,"1250,00",nR2-12,"1250,01",-,-,1.01,"Administração, Organização e Planejamento",VALIDAÇÃO
3314-7/10,Manutenção e reparação de máquinas e equipamentos para uso geral não especificados anteriormente,MÉDIO RISCO,Regra 5,07.09.12,"Serviços de manutenção e reparação de artigos esportivos e recreativos, de máquinas, aparelhos e equipamentos em geral, inclusive elevadores",nR2-09 (Qualquer área),nR2-09,Q,-,Q,-,,1.12,"Estabelecimentos de Instalação, Reparos e Manutenção de Máquinas, Motores e Aparelhos e Equipamentos",VALIDAÇÃO
3314-7/10,Manutenção e reparação de máquinas e equipamentos para uso geral não especificados anteriormente,BAIXO RISCO,Regra 5,07.12.13,"Escritório (inclusive virtual), sede de empresa, grupo de salas, centro empresarial",nR1-12 (até 1250) ;  nR2-12 (acima de 1250),nR1-12,"1250,00",nR2-12,"1250,01",-,-,1.01,"Administração, Organização e Planejamento",VALIDAÇÃO
3314-7/11,Manutenção e reparação de máquinas e equipamentos para agricultura e pecuária,MÉDIO RISCO,Regra 5,07.09.12,"Serviços de manutenção e reparação de artigos esportivos e recreativos, de máquinas, aparelhos e equipamentos em geral, inclusive elevadores",nR2-09 (Qualquer área),nR2-09,Q,-,Q,-,,1.12,"Estabelecimentos de Instalação, Reparos e Manutenção de Máquinas, Motores e Aparelhos e Equipamentos",VALIDAÇÃO
3314-7/11,Manutenção e reparação de máquinas e equipamentos para agricultura e pecuária,BAIXO RISCO,Regra 5,07.12.13,"Escritório (inclusive virtual), sede de empresa, grupo de salas, centro empresarial",nR1-12 (até 1250) ;  nR2-12 (acima de 1250),nR1-12,"1250,00",nR2-12,"1250,01",-,-,1.01,"Administração, Organização e Planejamento",VALIDAÇÃO
3314-7/12,Manutenção e reparação de tratores agrícolas,MÉDIO RISCO,Regra 5,07.09.12,"Serviços de manutenção e reparação de artigos esportivos e recreativos, de máquinas, aparelhos e equipamentos em geral, inclusive elevadores",nR2-09 (Qualquer área),nR2-09,Q,-,Q,-,,1.12,"Estabelecimentos de Instalação, Reparos e Manutenção de Máquinas, Motores e Aparelhos e Equipamentos",VALIDAÇÃO
3314-7/12,Manutenção e reparação de tratores agrícolas,BAIXO RISCO,Regra 5,07.12.13,"Escritório (inclusive virtual), sede de empresa, grupo de salas, centro empresarial",nR1-12 (até 1250) ;  nR2-12 (acima de 1250),nR1-12,"1250,00",nR2-12,"1250,01",-,-,1.01,"Administração, Organização e Planejamento",VALIDAÇÃO
3314-7/13,Manutenção e reparação de máquinas-ferramenta,MÉDIO RISCO,Regra 5,07.09.12,"Serviços de manutenção e reparação de artigos esportivos e recreativos, de máquinas, aparelhos e equipamentos em geral, inclusive elevadores",nR2-09 (Qualquer área),nR2-09,Q,-,Q,-,,1.12,"Estabelecimentos de Instalação, Reparos e Manutenção de Máquinas, Motores e Aparelhos e Equipamentos",VALIDAÇÃO
3314-7/13,Manutenção e reparação de máquinas-ferramenta,BAIXO RISCO,Regra 5,07.12.13,"Escritório (inclusive virtual), sede de empresa, grupo de salas, centro empresarial",nR1-12 (até 1250) ;  nR2-12 (acima de 1250),nR1-12,"1250,00",nR2-12,"1250,01",-,-,1.01,"Administração, Organização e Planejamento",VALIDAÇÃO
3314-7/14,Manutenção e reparação de máquinas e equipamentos para a prospecção e extração de petróleo,MÉDIO RISCO,Regra 5,07.09.12,"Serviços de manutenção e reparação de artigos esportivos e recreativos, de máquinas, aparelhos e equipamentos em geral, inclusive elevadores",nR2-09 (Qualquer área),nR2-09,Q,-,Q,-,,1.12,"Estabelecimentos de Instalação, Reparos e Manutenção de Máquinas, Motores e Aparelhos e Equipamentos",VALIDAÇÃO
3314-7/14,Manutenção e reparação de máquinas e equipamentos para a prospecção e extração de petróleo,BAIXO RISCO,Regra 5,07.12.13,"Escritório (inclusive virtual), sede de empresa, grupo de salas, centro empresarial",nR1-12 (até 1250) ;  nR2-12 (acima de 1250),nR1-12,"1250,00",nR2-12,"1250,01",-,-,1.01,"Administração, Organização e Planejamento",VALIDAÇÃO
3314-7/15,"Manutenção e reparação de máquinas e equipamentos para uso na extração mineral, exceto na extração de petróleo",MÉDIO RISCO,Regra 5,07.09.12,"Serviços de manutenção e reparação de artigos esportivos e recreativos, de máquinas, aparelhos e equipamentos em geral, inclusive elevadores",nR2-09 (Qualquer área),nR2-09,Q,-,Q,-,,1.12,"Estabelecimentos de Instalação, Reparos e Manutenção de Máquinas, Motores e Aparelhos e Equipamentos",VALIDAÇÃO
3314-7/15,"Manutenção e reparação de máquinas e equipamentos para uso na extração mineral, exceto na extração de petróleo",BAIXO RISCO,Regra 5,07.12.13,"Escritório (inclusive virtual), sede de empresa, grupo de salas, centro empresarial",nR1-12 (até 1250) ;  nR2-12 (acima de 1250),nR1-12,"1250,00",nR2-12,"1250,01",-,-,1.01,"Administração, Organização e Planejamento",VALIDAÇÃO
3314-7/16,"Manutenção e reparação de tratores, exceto agrícolas",MÉDIO RISCO,Regra 5,07.09.12,"Serviços de manutenção e reparação de artigos esportivos e recreativos, de máquinas, aparelhos e equipamentos em geral, inclusive elevadores",nR2-09 (Qualquer área),nR2-09,Q,-,Q,-,,1.12,"Estabelecimentos de Instalação, Reparos e Manutenção de Máquinas, Motores e Aparelhos e Equipamentos",VALIDAÇÃO
3314-7/16,"Manutenção e reparação de tratores, exceto agrícolas",BAIXO RISCO,Regra 5,07.12.13,"Escritório (inclusive virtual), sede de empresa, grupo de salas, centro empresarial",nR1-12 (até 1250) ;  nR2-12 (acima de 1250),nR1-12,"1250,00",nR2-12,"1250,01",-,-,1.01,"Administração, Organização e Planejamento",VALIDAÇÃO
3314-7/17,"Manutenção e reparação de máquinas e equipamentos de terraplenagem, pavimentação e construção, exceto tratores",MÉDIO RISCO,Regra 5,07.09.12,"Serviços de manutenção e reparação de artigos esportivos e recreativos, de máquinas, aparelhos e equipamentos em geral, inclusive elevadores",nR2-09 (Qualquer área),nR2-09,Q,-,Q,-,,1.12,"Estabelecimentos de Instalação, Reparos e Manutenção de Máquinas, Motores e Aparelhos e Equipamentos",VALIDAÇÃO
3314-7/17,"Manutenção e reparação de máquinas e equipamentos de terraplenagem, pavimentação e construção, exceto tratores",BAIXO RISCO,Regra 5,07.12.13,"Escritório (inclusive virtual), sede de empresa, grupo de salas, centro empresarial",nR1-12 (até 1250) ;  nR2-12 (acima de 1250),nR1-12,"1250,00",nR2-12,"1250,01",-,-,1.01,"Administração, Organização e Planejamento",VALIDAÇÃO
3314-7/18,"Manutenção e reparação de máquinas para a indústria metalúrgica, exceto máquinas-ferramenta",MÉDIO RISCO,Regra 5,07.09.12,"Serviços de manutenção e reparação de artigos esportivos e recreativos, de máquinas, aparelhos e equipamentos em geral, inclusive elevadores",nR2-09 (Qualquer área),nR2-09,Q,-,Q,-,,1.12,"Estabelecimentos de Instalação, Reparos e Manutenção de Máquinas, Motores e Aparelhos e Equipamentos",VALIDAÇÃO
3314-7/18,"Manutenção e reparação de máquinas para a indústria metalúrgica, exceto máquinas-ferramenta",BAIXO RISCO,Regra 5,07.12.13,"Escritório (inclusive virtual), sede de empresa, grupo de salas, centro empresarial",nR1-12 (até 1250) ;  nR2-12 (acima de 1250),nR1-12,"1250,00",nR2-12,"1250,01",-,-,1.01,"Administração, Organização e Planejamento",VALIDAÇÃO
3314-7/19,"Manutenção e reparação de máquinas e equipamentos para as indústrias de alimentos, bebidas e fumo",MÉDIO RISCO,Regra 5,07.09.12,"Serviços de manutenção e reparação de artigos esportivos e recreativos, de máquinas, aparelhos e equipamentos em geral, inclusive elevadores",nR2-09 (Qualquer área),nR2-09,Q,-,Q,-,,1.12,"Estabelecimentos de Instalação, Reparos e Manutenção de Máquinas, Motores e Aparelhos e Equipamentos",VALIDAÇÃO
3314-7/19,"Manutenção e reparação de máquinas e equipamentos para as indústrias de alimentos, bebidas e fumo",BAIXO RISCO,Regra 5,07.12.13,"Escritório (inclusive virtual), sede de empresa, grupo de salas, centro empresarial",nR1-12 (até 1250) ;  nR2-12 (acima de 1250),nR1-12,"1250,00",nR2-12,"1250,01",-,-,1.01,"Administração, Organização e Planejamento",VALIDAÇÃO
3314-7/20,"Manutenção e reparação de máquinas e equipamentos para a indústria têxtil, do vestuário, do couro e calçados",MÉDIO RISCO,Regra 5,07.09.12,"Serviços de manutenção e reparação de artigos esportivos e recreativos, de máquinas, aparelhos e equipamentos em geral, inclusive elevadores",nR2-09 (Qualquer área),nR2-09,Q,-,Q,-,,1.12,"Estabelecimentos de Instalação, Reparos e Manutenção de Máquinas, Motores e Aparelhos e Equipamentos",VALIDAÇÃO
3314-7/20,"Manutenção e reparação de máquinas e equipamentos para a indústria têxtil, do vestuário, do couro e calçados",BAIXO RISCO,Regra 5,07.12.13,"Escritório (inclusive virtual), sede de empresa, grupo de salas, centro empresarial",nR1-12 (até 1250) ;  nR2-12 (acima de 1250),nR1-12,"1250,00",nR2-12,"1250,01",-,-,1.01,"Administração, Organização e Planejamento",VALIDAÇÃO
3314-7/21,"Manutenção e reparação de máquinas e aparelhos para a indústria de celulose, papel e papelão e artefatos",MÉDIO RISCO,Regra 5,07.09.12,"Serviços de manutenção e reparação de artigos esportivos e recreativos, de máquinas, aparelhos e equipamentos em geral, inclusive elevadores",nR2-09 (Qualquer área),nR2-09,Q,-,Q,-,,1.12,"Estabelecimentos de Instalação, Reparos e Manutenção de Máquinas, Motores e Aparelhos e Equipamentos",VALIDAÇÃO
3314-7/21,"Manutenção e reparação de máquinas e aparelhos para a indústria de celulose, papel e papelão e artefatos",BAIXO RISCO,Regra 5,07.12.13,"Escritório (inclusive virtual), sede de empresa, grupo de salas, centro empresarial",nR1-12 (até 1250) ;  nR2-12 (acima de 1250),nR1-12,"1250,00",nR2-12,"1250,01",-,-,1.01,"Administração, Organização e Planejamento",VALIDAÇÃO
3314-7/22,Manutenção e reparação de máquinas e aparelhos para a indústria do plástico,MÉDIO RISCO,Regra 5,07.09.12,"Serviços de manutenção e reparação de artigos esportivos e recreativos, de máquinas, aparelhos e equipamentos em geral, inclusive elevadores",nR2-09 (Qualquer área),nR2-09,Q,-,Q,-,,1.12,"Estabelecimentos de Instalação, Reparos e Manutenção de Máquinas, Motores e Aparelhos e Equipamentos",VALIDAÇÃO
3314-7/22,Manutenção e reparação de máquinas e aparelhos para a indústria do plástico,BAIXO RISCO,Regra 5,07.12.13,"Escritório (inclusive virtual), sede de empresa, grupo de salas, centro empresarial",nR1-12 (até 1250) ;  nR2-12 (acima de 1250),nR1-12,"1250,00",nR2-12,"1250,01",-,-,1.01,"Administração, Organização e Planejamento",VALIDAÇÃO
3314-7/99,Manutenção e reparação de outras máquinas e equipamentos para usos industriais não especificados anteriormente,MÉDIO RISCO,Regra 5,07.09.12,"Serviços de manutenção e reparação de artigos esportivos e recreativos, de máquinas, aparelhos e equipamentos em geral, inclusive elevadores",nR2-09 (Qualquer área),nR2-09,Q,-,Q,-,,1.12,"Estabelecimentos de Instalação, Reparos e Manutenção de Máquinas, Motores e Aparelhos e Equipamentos",VALIDAÇÃO
3314-7/99,Manutenção e reparação de outras máquinas e equipamentos para usos industriais não especificados anteriormente,BAIXO RISCO,Regra 5,07.12.13,"Escritório (inclusive virtual), sede de empresa, grupo de salas, centro empresarial",nR1-12 (até 1250) ;  nR2-12 (acima de 1250),nR1-12,"1250,00",nR2-12,"1250,01",-,-,1.01,"Administração, Organização e Planejamento",VALIDAÇÃO
3315-5/00,Manutenção e reparação de veículos ferroviários,MÉDIO RISCO,Regra 5,07.09.17,"Outros serviços técnicos de confecção, manutenção e reparação não classificados",nR1-09 (Até 350) ; nR2-09 (Acima de 350),nR1-09,"350,00",nR2-09,"350,01",,,1.12,"Estabelecimentos de Instalação, Reparos e Manutenção de Máquinas, Motores e Aparelhos e Equipamentos",VALIDAÇÃO
3315-5/00,Manutenção e reparação de veículos ferroviários,BAIXO RISCO,Regra 5,07.12.13,"Escritório (inclusive virtual), sede de empresa, grupo de salas, centro empresarial",nR1-12 (até 1250) ;  nR2-12 (acima de 1250),nR1-12,"1250,00",nR2-12,"1250,01",-,-,1.01,"Administração, Organização e Planejamento",VALIDAÇÃO
3316-3/01,"Manutenção e reparação de aeronaves, exceto a manutenção na pista",MÉDIO RISCO,Regra 5,07.09.17,"Outros serviços técnicos de confecção, manutenção e reparação não classificados",nR1-09 (Até 350) ; nR2-09 (Acima de 350),nR1-09,"350,00",nR2-09,"350,01",,,1.12,"Estabelecimentos de Instalação, Reparos e Manutenção de Máquinas, Motores e Aparelhos e Equipamentos",VALIDAÇÃO
3316-3/01,"Manutenção e reparação de aeronaves, exceto a manutenção na pista",BAIXO RISCO,Regra 5,07.12.13,"Escritório (inclusive virtual), sede de empresa, grupo de salas, centro empresarial",nR1-12 (até 1250) ;  nR2-12 (acima de 1250),nR1-12,"1250,00",nR2-12,"1250,01",-,-,1.01,"Administração, Organização e Planejamento",VALIDAÇÃO
3316-3/02,Manutenção de aeronaves na pista,MÉDIO RISCO,Regra 5,07.09.17,"Outros serviços técnicos de confecção, manutenção e reparação não classificados",nR1-09 (Até 350) ; nR2-09 (Acima de 350),nR1-09,"350,00",nR2-09,"350,01",-,-,1.12,"Estabelecimentos de Instalação, Reparos e Manutenção de Máquinas, Motores e Aparelhos e Equipamentos",VALIDAÇÃO
3316-3/02,Manutenção de aeronaves na pista,BAIXO RISCO,Regra 5,07.12.13,"Escritório (inclusive virtual), sede de empresa, grupo de salas, centro empresarial",nR1-12 (até 1250) ;  nR2-12 (acima de 1250),nR1-12,"1250,00",nR2-12,"1250,01",-,-,1.01,"Administração, Organização e Planejamento",VALIDAÇÃO
3317-1/01,Manutenção e reparação de embarcações e estruturas flutuantes,MÉDIO RISCO,Regra 5,07.09.17,"Outros serviços técnicos de confecção, manutenção e reparação não classificados",nR1-09 (Até 350) ; nR2-09 (Acima de 350),nR1-09,"350,00",nR2-09,"350,01",-,-,1.12,"Estabelecimentos de Instalação, Reparos e Manutenção de Máquinas, Motores e Aparelhos e Equipamentos",VALIDAÇÃO
3317-1/01,Manutenção e reparação de embarcações e estruturas flutuantes,BAIXO RISCO,Regra 5,07.12.13,"Escritório (inclusive virtual), sede de empresa, grupo de salas, centro empresarial",nR1-12 (até 1250) ;  nR2-12 (acima de 1250),nR1-12,"1250,00",nR2-12,"1250,01",-,-,1.01,"Administração, Organização e Planejamento",VALIDAÇÃO
3317-1/02,Manutenção e reparação de embarcações para esporte e lazer,MÉDIO RISCO,Regra 5,07.09.17,"Outros serviços técnicos de confecção, manutenção e reparação não classificados",nR1-09 (Até 350) ; nR2-09 (Acima de 350),nR1-09,"350,00",nR2-09,"350,01",-,-,1.12,"Estabelecimentos de Instalação, Reparos e Manutenção de Máquinas, Motores e Aparelhos e Equipamentos",VALIDAÇÃO
3317-1/02,Manutenção e reparação de embarcações para esporte e lazer,BAIXO RISCO,Regra 5,07.12.13,"Escritório (inclusive virtual), sede de empresa, grupo de salas, centro empresarial",nR1-12 (até 1250) ;  nR2-12 (acima de 1250),nR1-12,"1250,00",nR2-12,"1250,01",-,-,1.01,"Administração, Organização e Planejamento",VALIDAÇÃO
3319-8/00,Manutenção e reparação de equipamentos e produtos não especificados anteriormente,MÉDIO RISCO,Regra 5,07.09.17,"Outros serviços técnicos de confecção, manutenção e reparação não classificados",nR1-09 (Até 350) ; nR2-09 (Acima de 350),nR1-09,"350,00",nR2-09,"350,01",-,-,1.12,"Estabelecimentos de Instalação, Reparos e Manutenção de Máquinas, Motores e Aparelhos e Equipamentos",VALIDAÇÃO
3319-8/00,Manutenção e reparação de equipamentos e produtos não especificados anteriormente,BAIXO RISCO,Regra 5,07.12.13,"Escritório (inclusive virtual), sede de empresa, grupo de salas, centro empresarial",nR1-12 (até 1250) ;  nR2-12 (acima de 1250),nR1-12,"1250,00",nR2-12,"1250,01",-,-,1.01,"Administração, Organização e Planejamento",VALIDAÇÃO
3321-0/00,Instalação de máquinas e equipamentos industriais,MÉDIO RISCO,Regra 5,07.09.12,"Serviços de manutenção e reparação de artigos esportivos e recreativos, de máquinas, aparelhos e equipamentos em geral, inclusive elevadores",nR2-09 (Qualquer área),nR2-09,Q,-,Q,-,-,1.12,"Estabelecimentos de Instalação, Reparos e Manutenção de Máquinas, Motores e Aparelhos e Equipamentos",VALIDAÇÃO
3321-0/00,Instalação de máquinas e equipamentos industriais,BAIXO RISCO,Regra 5,07.12.13,"Escritório (inclusive virtual), sede de empresa, grupo de salas, centro empresarial",nR1-12 (até 1250) ;  nR2-12 (acima de 1250),nR1-12,"1250,00",nR2-12,"1250,01",-,-,1.01,"Administração, Organização e Planejamento",VALIDAÇÃO
3329-5/01,Serviços de montagem de móveis de qualquer material,BAIXO RISCO,Regra 4,07.09.08,"Cantaria, marmoaria, carpintaria, marcenaria, vidraçaria e serraria",nR2-09 (Qualquer área),nR2-09,Q,-,Q,-,-,1.18,Estabelecimentos não classificados nos  Itens 1.01 a 1.17,VALIDAÇÃO
3329-5/01,Serviços de montagem de móveis de qualquer material,BAIXO RISCO,Regra 4,07.12.13,"Escritório (inclusive virtual), sede de empresa, grupo de salas, centro empresarial",nR1-12 (até 1250) ;  nR2-12 (acima de 1250),nR1-12,"1250,00",nR2-12,"1250,01",-,-,1.01,"Administração, Organização e Planejamento",VALIDAÇÃO
3329-5/99,Instalação de outros equipamentos não especificados anteriormente,MÉDIO RISCO,Regra 5,07.09.17,"Outros serviços técnicos de confecção, manutenção e reparação não classificados",nR1-09 (Até 350) ; nR2-09 (Acima de 350),nR1-09,"350,00",nR2-09,"350,01",-,-,1.12,"Estabelecimentos de Instalação, Reparos e Manutenção de Máquinas, Motores e Aparelhos e Equipamentos",VALIDAÇÃO
3329-5/99,Instalação de outros equipamentos não especificados anteriormente,BAIXO RISCO,Regra 5,07.12.13,"Escritório (inclusive virtual), sede de empresa, grupo de salas, centro empresarial",nR1-12 (até 1250) ;  nR2-12 (acima de 1250),nR1-12,"1250,00",nR2-12,"1250,01",-,-,1.01,"Administração, Organização e Planejamento",VALIDAÇÃO
3511-5/01,Geração de energia elétrica,A SER DEFINIDO PELA CNLU,Regra 1,08.01.01,Estações e subestações reguladoras de energia elétrica,nR4-01,nR4-01,Q,-,Q,-,-,6.00,Estabelecimentos não classificados nos Códigos 3.00 a 5.00,VALIDAÇÃO
3511-5/01,Geração de energia elétrica,A SER DEFINIDO PELA CNLU,Regra 1,08.01.02,Usinas hidrelétricas,nR4-01,nR4-01,Q,-,Q,-,-,6.00,Estabelecimentos não classificados nos Códigos 3.00 a 5.00,VALIDAÇÃO
3511-5/01,Geração de energia elétrica,A SER DEFINIDO PELA CNLU,Regra 1,08.01.03,Usinas termoelétricas,nR4-01,nR4-01,Q,-,Q,-,-,6.00,Estabelecimentos não classificados nos Códigos 3.00 a 5.00,VALIDAÇÃO
3511-5/01,Geração de energia elétrica,A SER DEFINIDO PELA CNLU,Regra 1,08.01.04,Usinas eólicas,nR4-01,nR4-01,Q,-,Q,-,-,6.00,Estabelecimentos não classificados nos Códigos 3.00 a 5.00,VALIDAÇÃO
3511-5/01,Geração de energia elétrica,A SER DEFINIDO PELA CNLU,Regra 1,08.01.05,Usinas fotovoltaicas,nR4-01,nR4-01,Q,-,Q,-,-,6.00,Estabelecimentos não classificados nos Códigos 3.00 a 5.00,VALIDAÇÃO
3511-5/01,Geração de energia elétrica,A SER DEFINIDO PELA CNLU,Regra 1,08.01.06,Usinas de biomassa,nR4-01,nR4-01,Q,-,Q,-,-,6.00,Estabelecimentos não classificados nos Códigos 3.00 a 5.00,VALIDAÇÃO
3511-5/01,Geração de energia elétrica,A SER DEFINIDO PELA CNLU,Regra 1,08.01.07,Usinas elevatórias,nR4-01,nR4-01,Q,-,Q,-,-,6.00,Estabelecimentos não classificados nos Códigos 3.00 a 5.00,VALIDAÇÃO
3511-5/01,Geração de energia elétrica,BAIXO RISCO,Regra 1,07.12.13,"Escritório (inclusive virtual), sede de empresa, grupo de salas, centro empresarial",nR1-12 (até 1250) ;  nR2-12 (acima de 1250),nR1-12,"1250,00",nR2-12,"1250,01",-,-,1.01,"Administração, Organização e Planejamento",VALIDAÇÃO
3511-5/02,Atividades de coordenação e controle da operação da geração e transmissão de energia elétrica,BAIXO RISCO,Regra 10,07.12.13,"Escritório (inclusive virtual), sede de empresa, grupo de salas, centro empresarial",nR1-12 (até 1250) ;  nR2-12 (acima de 1250),nR1-12,"1250,00",nR2-12,"1250,01",-,-,1.01,"Administração, Organização e Planejamento",VALIDAÇÃO
3512-3/00,Transmissão de energia elétrica,BAIXO RISCO,Regra 10,07.12.13,"Escritório (inclusive virtual), sede de empresa, grupo de salas, centro empresarial",nR1-12 (até 1250) ;  nR2-12 (acima de 1250),nR1-12,"1250,00",nR2-12,"1250,01",-,-,1.01,"Administração, Organização e Planejamento",VALIDAÇÃO
3513-1/00,Comércio atacadista de energia elétrica,BAIXO RISCO,Regra 10,07.12.13,"Escritório (inclusive virtual), sede de empresa, grupo de salas, centro empresarial",nR1-12 (até 1250) ;  nR2-12 (acima de 1250),nR1-12,"1250,00",nR2-12,"1250,01",-,-,1.01,"Administração, Organização e Planejamento",VALIDAÇÃO
3514-0/00,Distribuição de energia elétrica,MÉDIO RISCO,Regras 54 e 55,07.11.01,"Gestão e administração de serviços públicos, concessionárias de serviços públicos, cartórios",nR2-11 (Qualquer área),nR2-11,Q,-,Q,-,-,6.00,Estabelecimentos não Classificados nos Códigos 3.00 a 5.00,VALIDAÇÃO
3514-0/00,Distribuição de energia elétrica,MÉDIO RISCO,Regras 54 e 55,08.01.11,Central Elétrica,nR4-01,nR4-01,Q,-,Q,-,-,6.00,Estabelecimentos não Classificados nos Códigos 3.00 a 5.01,VALIDAÇÃO
3514-0/00,Distribuição de energia elétrica,BAIXO RISCO,Regras 54 e 55,07.12.13,"Escritório (inclusive virtual), sede de empresa, grupo de salas, centro empresarial",nR1-12 (até 1250) ;  nR2-12 (acima de 1250),nR1-12,"1250,00",nR2-12,"1250,01",-,-,1.01,"Administração, Organização e Planejamento",VALIDAÇÃO
3520-4/01,Produção de gás; processamento de gás natural,ALTO,Regra 5,09.17.06,Fabricação de gás,ID3-17,ID3-17,Q,-,Q,-,,3.00,Estabelecimentos Industriais,VALIDAÇÃO
3520-4/01,Produção de gás; processamento de gás natural,BAIXO RISCO,Regra 5,07.12.13,"Escritório (inclusive virtual), sede de empresa, grupo de salas, centro empresarial",nR1-12 (até 1250) ;  nR2-12 (acima de 1250),nR1-12,"1250,00",nR2-12,"1250,01",-,-,1.01,"Administração, Organização e Planejamento",VALIDAÇÃO
3520-4/02,Distribuição de combustíveis gasosos por redes urbanas,ALTO,Regra 49,09.17.10,Outras formas de produção de derivados de petróleo,ID3-17,ID3-17,Q,-,Q,-,,3.00,Estabelecimentos Industriais,VALIDAÇÃO
3520-4/02,Distribuição de combustíveis gasosos por redes urbanas,ALTO,Regra 49,07.12.13,"Escritório (inclusive virtual), sede de empresa, grupo de salas, centro empresarial",nR1-12 (até 1250) ;  nR2-12 (acima de 1250),nR1-12,"1250,00",nR2-12,"1250,01",-,-,1.01,"Administração, Organização e Planejamento",VALIDAÇÃO
3530-1/00,"Produção e distribuição de vapor, água quente e ar condicionado",ALTO,Regra 49,09.10.07,Fabricação de outros equipamentos e aparelhos elétricos,ID3-10,ID3-10,Q,-,Q,-,,3.00,Estabelecimentos Industriais,VALIDAÇÃO
3530-1/00,"Produção e distribuição de vapor, água quente e ar condicionado",ALTO,Regra 49,07.12.13,"Escritório (inclusive virtual), sede de empresa, grupo de salas, centro empresarial",nR1-12 (até 1250) ;  nR2-12 (acima de 1250),nR1-12,"1250,00",nR2-12,"1250,01",-,-,1.01,"Administração, Organização e Planejamento",VALIDAÇÃO
3600-6/01,"Captação, tratamento e distribuição de água",A SER DEFINIDO PELA CNLU,Regra 5,08.02.01,Estação de tratamento de água,nR4-02,nR4-02,Q,-,Q,-,,6.00,Estabelecimentos não Classificados nos Códigos 3.00 a 5.00,VALIDAÇÃO
3600-6/01,"Captação, tratamento e distribuição de água",BAIXO RISCO,Regra 5,07.12.13,"Escritório (inclusive virtual), sede de empresa, grupo de salas, centro empresarial",nR1-12 (até 1250) ;  nR2-12 (acima de 1250),nR1-12,"1250,00",nR2-12,"1250,01",,,1.01,"Administração, Organização e Planejamento",VALIDAÇÃO
3600-6/02,Distribuição de água por caminhões,ALTO,Regra 49,07.08.02,Central de armazenamento e distribuição de mercadoria e cargas em geral,nR1-08 (até 500) ; nR2-08 (de 501 a 5000) ; nR3-08 (acima de 5000),nR1-08,"500,00",nR2-08,5000,nR3-08,"5000,01",1.17,Estabelecimentos de Transportes e afins,VALIDAÇÃO
3600-6/02,Distribuição de água por caminhões,ALTO,Regra 49,07.12.13,"Escritório (inclusive virtual), sede de empresa, grupo de salas, centro empresarial",nR1-12 (até 1250) ;  nR2-12 (acima de 1250),nR1-12,"1250,00",nR2-12,"1250,01",-,-,1.01,"Administração, Organização e Planejamento",VALIDAÇÃO
3701-1/00,Gestão de redes de esgoto,MÉDIO RISCO,Regra 1,07.11.01,"Gestão e administração de serviços públicos, concessionárias de serviços públicos, cartórios",nR2-11 (Qualquer área),nR2-11,Q,-,Q,-,-,6.00,Estabelecimentos não Classificados nos Códigos 3.00 a 5.00,VALIDAÇÃO
3701-1/00,Gestão de redes de esgoto,A SER DEFINIDO PELA CNLU,Regra 1,08.02.05,Estação de tratamento de esgoto,nR4-02,nR4-02,Q,-,Q,-,-,6.00,Estabelecimentos não Classificados nos Códigos 3.00 a 5.00,VALIDAÇÃO
3701-1/00,Gestão de redes de esgoto,BAIXO RISCO,Regra 1,07.12.13,"Escritório (inclusive virtual), sede de empresa, grupo de salas, centro empresarial",nR1-12 (até 1250) ;  nR2-12 (acima de 1250),nR1-12,"1250,00",nR2-12,"1250,01",-,-,1.01,"Administração, Organização e Planejamento",VALIDAÇÃO
3702-9/00,"Atividades relacionadas a esgoto, exceto a gestão de redes",MÉDIO RISCO,Regra 23,08.02.05,Estação de tratamento de esgoto,nR4-02,nR4-02,Q,-,Q,-,-,6.00,Estabelecimentos não Classificados nos Códigos 3.00 a 5.00,VALIDAÇÃO
3702-9/00,"Atividades relacionadas a esgoto, exceto a gestão de redes",MÉDIO RISCO,Regra 23,07.12.13,"Escritório (inclusive virtual), sede de empresa, grupo de salas, centro empresarial",nR1-12 (até 1250) ;  nR2-12 (acima de 1250),nR1-12,"1250,00",nR2-12,"1250,01",-,-,1.01,"Administração, Organização e Planejamento",VALIDAÇÃO
3811-4/00,Coleta de resíduos não-perigosos,MÉDIO RISCO,Regra 23,07.08.02,Central de armazenamento e distribuição de mercadoria e cargas em geral,nR1-08 (até 500) ; nR2-08 (de 501 a 5000) ; nR3-08 (acima de 5000),nR1-08,"500,00",nR2-08,"5000,00",nR3-08,"5000,01",1.17,Estabelecimentos de Transportes e afins,VALIDAÇÃO
3811-4/00,Coleta de resíduos não-perigosos,MÉDIO RISCO,Regra 23,07.12.13,"Escritório (inclusive virtual), sede de empresa, grupo de salas, centro empresarial",nR1-12 (até 1250) ;  nR2-12 (acima de 1250),nR1-12,"1250,00",nR2-12,"1250,01",-,-,1.01,"Administração, Organização e Planejamento",VALIDAÇÃO
3812-2/00,Coleta de resíduos perigosos,ALTO,Regra 49,07.08.02,Central de armazenamento e distribuição de mercadoria e cargas em geral,nR1-08 (até 500) ; nR2-08 (de 501 a 5000) ; nR3-08 (acima de 5000),nR1-08,"500,00",nR2-08,5000,nR3-08,"5000,01",1.17,Estabelecimentos de Transportes e afins,VALIDAÇÃO
3812-2/00,Coleta de resíduos perigosos,ALTO,Regra 49,07.12.13,"Escritório (inclusive virtual), sede de empresa, grupo de salas, centro empresarial",nR1-12 (até 1250) ;  nR2-12 (acima de 1250),nR1-12,"1250,00",nR2-12,"1250,01",-,-,1.01,"Administração, Organização e Planejamento",VALIDAÇÃO
3821-1/00,Tratamento e disposição de resíduos não-perigosos,MÉDIO RISCO,Regra 23,08.03.05,Usina de tratamento de resíduos não inertes,nR4-03,nR4-03,Q,-,Q,-,,3.00,Estabelecimentos Industriais,VALIDAÇÃO
3821-1/00,Tratamento e disposição de resíduos não-perigosos,MÉDIO RISCO,Regra 23,07.12.13,"Escritório (inclusive virtual), sede de empresa, grupo de salas, centro empresarial",nR1-12 (até 1250) ;  nR2-12 (acima de 1250),nR1-12,"1250,00",nR2-12,"1250,01",-,-,1.01,"Administração, Organização e Planejamento",VALIDAÇÃO
3822-0/00,Tratamento e disposição de resíduos perigosos,ALTO,Regra 49,08.03.05,Usina de tratamento de resíduos não inertes,nR4-03,nR4-03,Q,-,Q,-,,3.00,Estabelecimentos Industriais,VALIDAÇÃO
3822-0/00,Tratamento e disposição de resíduos perigosos,ALTO,Regra 49,07.12.13,"Escritório (inclusive virtual), sede de empresa, grupo de salas, centro empresarial",nR1-12 (até 1250) ;  nR2-12 (acima de 1250),nR1-12,"1250,00",nR2-12,"1250,01",-,-,1.01,"Administração, Organização e Planejamento",VALIDAÇÃO
3831-9/01,Recuperação de sucatas de alumínio,ALTO,Regra 1,09.13.08,Reciclagem de sucatas metálicas,ID3-13 (subgrupo 1),ID3-13 (subgrupo 1),Q,-,Q,-,,3.00,Estabelecimentos Industriais,VALIDAÇÃO
3831-9/01,Recuperação de sucatas de alumínio,MÉDIO RISCO,Regra 1,07.09.14,"Serviços de soldagem, serralheria, funilaria e tornearia, manutenção e reparação de artefatos de metal, serviços de tratamento termoquímico (cobreagem, cromagem, douração, etc)",nR2-09 (Qualquer área),nR2-09,Q,-,Q,-,,1.18,Estabelecimentos não Classificados nos Itens 1.01 a 1.17,VALIDAÇÃO
3831-9/01,Recuperação de sucatas de alumínio,BAIXO RISCO,Regra 1,07.12.13,"Escritório (inclusive virtual), sede de empresa, grupo de salas, centro empresarial",nR1-12 (até 1250) ;  nR2-12 (acima de 1250),nR1-12,"1250,00",nR2-12,"1250,01",-,-,1.01,"Administração, Organização e Planejamento",VALIDAÇÃO
3831-9/99,"Recuperação de materiais metálicos, exceto alumínio",ALTO,Regra 47,09.13.08,Reciclagem de sucatas metálicas,ID3-13 (subgrupo 1),ID3-13 (subgrupo 1),Q,-,Q,-,,3.00,Estabelecimentos Industriais,VALIDAÇÃO
3831-9/99,"Recuperação de materiais metálicos, exceto alumínio",ALTO,Regra 47,07.09.14,"Serviços de soldagem, serralheria, funilaria e tornearia, manutenção e reparação de artefatos de metal, serviços de tratamento termoquímico (cobreagem, cromagem, douração, etc)",nR2-09 (Qualquer área),nR2-09,Q,-,Q,-,,1.18,Estabelecimentos não Classificados nos Itens 1.01 a 1.17,VALIDAÇÃO
3831-9/99,"Recuperação de materiais metálicos, exceto alumínio",ALTO,Regra 47,07.09.16,Serviço de desmanche,nR2-09 (Qualquer área),nR2-09,Q,-,Q,-,,1.18,Estabelecimentos não Classificados nos Itens 1.01 a 1.17,VALIDAÇÃO
3831-9/99,"Recuperação de materiais metálicos, exceto alumínio",ALTO,Regra 47,07.12.13,"Escritório (inclusive virtual), sede de empresa, grupo de salas, centro empresarial",nR1-12 (até 1250) ;  nR2-12 (acima de 1250),nR1-12,"1250,00",nR2-12,"1250,01",-,-,1.01,"Administração, Organização e Planejamento",VALIDAÇÃO
3832-7/00,Recuperação de materiais plásticos,ALTO,Regra 47,09.14.07,Reciclagem de sucatas não metálicas,ID3-14 (subgrupo 1),ID3-14 (subgrupo 1),Q,-,Q,-,-,3.00,Estabelecimentos Industriais,VALIDAÇÃO
3832-7/00,Recuperação de materiais plásticos,ALTO,Regra 47,07.09.17,"Outros serviços técnicos de confecção, manutenção e reparação não classificados",nR1-09 (Até 350) ; nR2-09 (Acima de 350),nR1-09,"350,00",nR2-09,"350,01",,,1.18,Estabelecimentos não classificados nos  Itens 1.01 a 1.17,VALIDAÇÃO
3832-7/00,Recuperação de materiais plásticos,ALTO,Regra 47,07.12.13,"Escritório (inclusive virtual), sede de empresa, grupo de salas, centro empresarial",nR1-12 (até 1250) ;  nR2-12 (acima de 1250),nR1-12,"1250,00",nR2-12,"1250,01",-,-,1.01,"Administração, Organização e Planejamento",VALIDAÇÃO
3839-4/01,Usinas de compostagem,ALTO,Regra 5,09.19.05,Fabricação de outros produtos químicos orgânicos,ID3-19 (subgrupo 1),ID3-19 (subgrupo 1),Q,-,Q,-,-,3.00,Estabelecimentos Industriais,VALIDAÇÃO
3839-4/01,Usinas de compostagem,BAIXO RISCO,Regra 5,07.12.13,"Escritório (inclusive virtual), sede de empresa, grupo de salas, centro empresarial",nR1-12 (até 1250) ;  nR2-12 (acima de 1250),nR1-12,"1250,00",nR2-12,"1250,01",-,-,1.01,"Administração, Organização e Planejamento",VALIDAÇÃO
3839-4/99,Recuperação de materiais não especificados anteriormente,ALTO,Regra 47,09.14.07,Reciclagem de sucatas não metálicas,ID3-14 (subgrupo 1),ID3-14 (subgrupo 1),Q,-,Q,-,-,3.00,Estabelecimentos Industriais,VALIDAÇÃO
3839-4/99,Recuperação de materiais não especificados anteriormente,ALTO,Regra 47,09.14.01,"Beneficiamento e aparelhamento de artigos de vidro, cristal e vidro refratário",ID1-14,ID1-14,Q,-,Q,-,,3.00,Estabelecimentos Industriais,VALIDAÇÃO
3839-4/99,Recuperação de materiais não especificados anteriormente,ALTO,Regra 47,09.03.03,Regeneração de borracha,ID3-03 (subgrupo 2),ID3-03 (subgrupo 2),Q,-,Q,-,,3.00,Estabelecimentos Industriais,VALIDAÇÃO
3839-4/99,Recuperação de materiais não especificados anteriormente,ALTO,Regra 47,07.09.08,"Cantaria, marmoaria, carpintaria, marcenaria, vidraçaria e serraria",nR2-09 (Qualquer área),nR2-09,Q,-,Q,-,-,1.18,Estabelecimentos não classificados nos  Itens 1.01 a 1.17,VALIDAÇÃO
3839-4/99,Recuperação de materiais não especificados anteriormente,ALTO,Regra 47,07.12.13,"Escritório (inclusive virtual), sede de empresa, grupo de salas, centro empresarial",nR1-12 (até 1250) ;  nR2-12 (acima de 1250),nR1-12,"1250,00",nR2-12,"1250,01",-,-,1.01,"Administração, Organização e Planejamento",VALIDAÇÃO
3900-5/00,Descontaminação e outros serviços de gestão de resíduos,A SER DEFINIDO PELA CNLU,Regra 5,08.03.05,Usina de tratamento de resíduos não inertes,nR4-03,nR4-03,Q,-,Q,-,-,3.00,Estabelecimentos Industriais,VALIDAÇÃO
3900-5/00,Descontaminação e outros serviços de gestão de resíduos,BAIXO RISCO,Regra 5,07.12.13,"Escritório (inclusive virtual), sede de empresa, grupo de salas, centro empresarial",nR1-12 (até 1250) ;  nR2-12 (acima de 1250),nR1-12,"1250,00",nR2-12,"1250,01",-,-,1.01,"Administração, Organização e Planejamento",VALIDAÇÃO
4110-7/00,Incorporação de empreendimentos imobiliários,BAIXO RISCO,Regra 10,07.12.13,"Escritório (inclusive virtual), sede de empresa, grupo de salas, centro empresarial",nR1-12 (até 1250) ;  nR2-12 (acima de 1250),nR1-12,"1250,00",nR2-12,"1250,01",-,-,1.01,"Administração, Organização e Planejamento",VALIDAÇÃO
4120-4/00,Construção de edifícios,BAIXO RISCO,Regra 10,07.12.13,"Escritório (inclusive virtual), sede de empresa, grupo de salas, centro empresarial",nR1-12 (até 1250) ;  nR2-12 (acima de 1250),nR1-12,"1250,00",nR2-12,"1250,01",-,-,1.01,"Administração, Organização e Planejamento",VALIDAÇÃO
4211-1/01,Construção de rodovias e ferrovias,BAIXO RISCO,Regra 10,07.12.13,"Escritório (inclusive virtual), sede de empresa, grupo de salas, centro empresarial",nR1-12 (até 1250) ;  nR2-12 (acima de 1250),nR1-12,"1250,00",nR2-12,"1250,01",-,-,1.01,"Administração, Organização e Planejamento",VALIDAÇÃO
4211-1/02,Pintura para sinalização em pistas rodoviárias e aeroportos,BAIXO RISCO,Regra 10,07.12.13,"Escritório (inclusive virtual), sede de empresa, grupo de salas, centro empresarial",nR1-12 (até 1250) ;  nR2-12 (acima de 1250),nR1-12,"1250,00",nR2-12,"1250,01",-,-,1.01,"Administração, Organização e Planejamento",VALIDAÇÃO
4212-0/00,Construção de obras-de-arte especiais,BAIXO RISCO,Regra 10,07.12.13,"Escritório (inclusive virtual), sede de empresa, grupo de salas, centro empresarial",nR1-12 (até 1250) ;  nR2-12 (acima de 1250),nR1-12,"1250,00",nR2-12,"1250,01",-,-,1.01,"Administração, Organização e Planejamento",VALIDAÇÃO
4213-8/00,"Obras de urbanização - ruas, praças e calçadas",BAIXO RISCO,Regra 10,07.12.13,"Escritório (inclusive virtual), sede de empresa, grupo de salas, centro empresarial",nR1-12 (até 1250) ;  nR2-12 (acima de 1250),nR1-12,"1250,00",nR2-12,"1250,01",-,-,1.01,"Administração, Organização e Planejamento",VALIDAÇÃO
4221-9/01,Construção de barragens e represas para geração de energia elétrica,BAIXO RISCO,Regra 10,07.12.13,"Escritório (inclusive virtual), sede de empresa, grupo de salas, centro empresarial",nR1-12 (até 1250) ;  nR2-12 (acima de 1250),nR1-12,"1250,00",nR2-12,"1250,01",-,-,1.01,"Administração, Organização e Planejamento",VALIDAÇÃO
4221-9/02,Construção de estações e redes de distribuição de energia elétrica,BAIXO RISCO,Regra 10,07.12.13,"Escritório (inclusive virtual), sede de empresa, grupo de salas, centro empresarial",nR1-12 (até 1250) ;  nR2-12 (acima de 1250),nR1-12,"1250,00",nR2-12,"1250,01",-,-,1.01,"Administração, Organização e Planejamento",VALIDAÇÃO
4221-9/03,Manutenção de redes de distribuição de energia elétrica,BAIXO RISCO,Regra 10,07.12.13,"Escritório (inclusive virtual), sede de empresa, grupo de salas, centro empresarial",nR1-12 (até 1250) ;  nR2-12 (acima de 1250),nR1-12,"1250,00",nR2-12,"1250,01",-,-,1.01,"Administração, Organização e Planejamento",VALIDAÇÃO
4221-9/04,Construção de estações e redes de telecomunicações,BAIXO RISCO,Regra 10,07.12.13,"Escritório (inclusive virtual), sede de empresa, grupo de salas, centro empresarial",nR1-12 (até 1250) ;  nR2-12 (acima de 1250),nR1-12,"1250,00",nR2-12,"1250,01",-,-,1.01,"Administração, Organização e Planejamento",VALIDAÇÃO
4221-9/05,Manutenção de estações e redes de telecomunicações,BAIXO RISCO,Regra 10,07.12.13,"Escritório (inclusive virtual), sede de empresa, grupo de salas, centro empresarial",nR1-12 (até 1250) ;  nR2-12 (acima de 1250),nR1-12,"1250,00",nR2-12,"1250,01",-,-,1.01,"Administração, Organização e Planejamento",VALIDAÇÃO
4222-7/01,"Construção de redes de abastecimento de água, coleta de esgoto e construções correlatas, exceto obras de irrigação",BAIXO RISCO,Regra 10,07.12.13,"Escritório (inclusive virtual), sede de empresa, grupo de salas, centro empresarial",nR1-12 (até 1250) ;  nR2-12 (acima de 1250),nR1-12,"1250,00",nR2-12,"1250,01",-,-,1.01,"Administração, Organização e Planejamento",VALIDAÇÃO
4222-7/02,Obras de irrigação,BAIXO RISCO,Regra 10,07.12.13,"Escritório (inclusive virtual), sede de empresa, grupo de salas, centro empresarial",nR1-12 (até 1250) ;  nR2-12 (acima de 1250),nR1-12,"1250,00",nR2-12,"1250,01",-,-,1.01,"Administração, Organização e Planejamento",VALIDAÇÃO
4223-5/00,"Construção de redes de transportes por dutos, exceto para água e esgoto",BAIXO RISCO,Regra 10,07.12.13,"Escritório (inclusive virtual), sede de empresa, grupo de salas, centro empresarial",nR1-12 (até 1250) ;  nR2-12 (acima de 1250),nR1-12,"1250,00",nR2-12,"1250,01",-,-,1.01,"Administração, Organização e Planejamento",VALIDAÇÃO
4291-0/00,"Obras portuárias, marítimas e fluviais",BAIXO RISCO,Regra 10,07.12.13,"Escritório (inclusive virtual), sede de empresa, grupo de salas, centro empresarial",nR1-12 (até 1250) ;  nR2-12 (acima de 1250),nR1-12,"1250,00",nR2-12,"1250,01",-,-,1.01,"Administração, Organização e Planejamento",VALIDAÇÃO
4292-8/01,Montagem de estruturas metálicas,MÉDIO RISCO,Regra 5,07.09.14,"Serviços de soldagem, serralheria, funilaria e tornearia, manutenção e reparação de artefatos de metal, serviços de tratamento termoquímico (cobreagem, cromagem, douração, etc)",nR2-09 (Qualquer área),nR2-09,Q,-,Q,-,-,1.04,Construção Civil,VALIDAÇÃO
4292-8/01,Montagem de estruturas metálicas,BAIXO RISCO,Regra 5,07.12.13,"Escritório (inclusive virtual), sede de empresa, grupo de salas, centro empresarial",nR1-12 (até 1250) ;  nR2-12 (acima de 1250),nR1-12,"1250,00",nR2-12,"1250,01",-,-,1.01,"Administração, Organização e Planejamento",VALIDAÇÃO
4292-8/02,Obras de montagem industrial,BAIXO RISCO,Regra 10,07.12.13,"Escritório (inclusive virtual), sede de empresa, grupo de salas, centro empresarial",nR1-12 (até 1250) ;  nR2-12 (acima de 1250),nR1-12,"1250,00",nR2-12,"1250,01",-,-,1.01,"Administração, Organização e Planejamento",VALIDAÇÃO
4299-5/01,Construção de instalações esportivas e recreativas,BAIXO RISCO,Regra 10,07.12.13,"Escritório (inclusive virtual), sede de empresa, grupo de salas, centro empresarial",nR1-12 (até 1250) ;  nR2-12 (acima de 1250),nR1-12,"1250,00",nR2-12,"1250,01",-,-,1.01,"Administração, Organização e Planejamento",VALIDAÇÃO
4299-5/99,Outras obras de engenharia civil não especificadas anteriormente,BAIXO RISCO,Regra 10,07.12.13,"Escritório (inclusive virtual), sede de empresa, grupo de salas, centro empresarial",nR1-12 (até 1250) ;  nR2-12 (acima de 1250),nR1-12,"1250,00",nR2-12,"1250,01",-,-,1.01,"Administração, Organização e Planejamento",VALIDAÇÃO
4311-8/01,Demolição de edifícios e outras estruturas,BAIXO RISCO,Regra 10,07.12.13,"Escritório (inclusive virtual), sede de empresa, grupo de salas, centro empresarial",nR1-12 (até 1250) ;  nR2-12 (acima de 1250),nR1-12,"1250,00",nR2-12,"1250,01",-,-,1.01,"Administração, Organização e Planejamento",VALIDAÇÃO
4311-8/02,Preparação de canteiro e limpeza de terreno,BAIXO RISCO,Regra 10,07.12.13,"Escritório (inclusive virtual), sede de empresa, grupo de salas, centro empresarial",nR1-12 (até 1250) ;  nR2-12 (acima de 1250),nR1-12,"1250,00",nR2-12,"1250,01",-,-,1.01,"Administração, Organização e Planejamento",VALIDAÇÃO
4312-6/00,Perfurações e sondagens,BAIXO RISCO,Regra 10,07.12.13,"Escritório (inclusive virtual), sede de empresa, grupo de salas, centro empresarial",nR1-12 (até 1250) ;  nR2-12 (acima de 1250),nR1-12,"1250,00",nR2-12,"1250,01",-,-,1.01,"Administração, Organização e Planejamento",VALIDAÇÃO
4313-4/00,Obras de terraplenagem,BAIXO RISCO,Regra 10,07.12.13,"Escritório (inclusive virtual), sede de empresa, grupo de salas, centro empresarial",nR1-12 (até 1250) ;  nR2-12 (acima de 1250),nR1-12,"1250,00",nR2-12,"1250,01",-,-,1.01,"Administração, Organização e Planejamento",VALIDAÇÃO
4319-3/00,Serviços de preparação do terreno não especificados anteriormente,BAIXO RISCO,Regra 10,07.12.13,"Escritório (inclusive virtual), sede de empresa, grupo de salas, centro empresarial",nR1-12 (até 1250) ;  nR2-12 (acima de 1250),nR1-12,"1250,00",nR2-12,"1250,01",-,-,1.01,"Administração, Organização e Planejamento",VALIDAÇÃO
4321-5/00,Instalação e manutenção elétrica,BAIXO RISCO,Regra 4,07.09.04,"Manutenção predial: serviços de eletricista, encanador, pedreiro, pintor, vidraceiro, jardineiro, serviço de raspagem e aplicação de revestimento etc",nR1-09 (Qualquer área),nR1-09,Q,-,Q,-,-,1.04,Construção Civil,EXPRESSO
4321-5/00,Instalação e manutenção elétrica,BAIXO RISCO,Regra 4,07.12.13,"Escritório (inclusive virtual), sede de empresa, grupo de salas, centro empresarial",nR1-12 (até 1250) ;  nR2-12 (acima de 1250),nR1-12,"1250,00",nR2-12,"1250,01",-,-,1.01,"Administração, Organização e Planejamento",EXPRESSO
4322-3/01,"Instalações hidráulicas, sanitárias e de gás",BAIXO RISCO,Regra 4,07.09.04,"Manutenção predial: serviços de eletricista, encanador, pedreiro, pintor, vidraceiro, jardineiro, serviço de raspagem e aplicação de revestimento etc",nR1-09 (Qualquer área),nR1-09,Q,-,Q,-,-,1.04,Construção Civil,EXPRESSO
4322-3/01,"Instalações hidráulicas, sanitárias e de gás",BAIXO RISCO,Regra 4,07.12.13,"Escritório (inclusive virtual), sede de empresa, grupo de salas, centro empresarial",nR1-12 (até 1250) ;  nR2-12 (acima de 1250),nR1-12,"1250,00",nR2-12,"1250,01",-,-,1.01,"Administração, Organização e Planejamento",EXPRESSO
4322-3/02,"Instalação e manutenção de sistemas centrais de ar condicionado, de ventilação e refrigeração",BAIXO RISCO,Regra 4,07.09.04,"Manutenção predial: serviços de eletricista, encanador, pedreiro, pintor, vidraceiro, jardineiro, serviço de raspagem e aplicação de revestimento etc",nR1-09 (Qualquer área),nR1-09,Q,-,Q,-,-,1.04,Construção Civil,EXPRESSO
4322-3/02,"Instalação e manutenção de sistemas centrais de ar condicionado, de ventilação e refrigeração",BAIXO RISCO,Regra 4,07.12.13,"Escritório (inclusive virtual), sede de empresa, grupo de salas, centro empresarial",nR1-12 (até 1250) ;  nR2-12 (acima de 1250),nR1-12,"1250,00",nR2-12,"1250,01",-,-,1.01,"Administração, Organização e Planejamento",EXPRESSO
4322-3/03,Instalações de sistema de prevenção contra incêndio,BAIXO RISCO,Regra 4,07.09.04,"Manutenção predial: serviços de eletricista, encanador, pedreiro, pintor, vidraceiro, jardineiro, serviço de raspagem e aplicação de revestimento etc",nR1-09 (Qualquer área),nR1-09,Q,-,Q,-,-,1.04,Construção Civil,VALIDAÇÃO
4322-3/03,Instalações de sistema de prevenção contra incêndio,BAIXO RISCO,Regra 4,07.12.13,"Escritório (inclusive virtual), sede de empresa, grupo de salas, centro empresarial",nR1-12 (até 1250) ;  nR2-12 (acima de 1250),nR1-12,"1250,00",nR2-12,"1250,01",-,-,1.01,"Administração, Organização e Planejamento",VALIDAÇÃO
4329-1/01,Instalação de painéis publicitários,MÉDIO RISCO,Regra 5,07.09.17,"Outros serviços técnicos de confecção, manutenção e reparação não classificados",nR1-09 (Até 350) ; nR2-09 (Acima de 350),nR1-09,"350,00",nR2-09,"350,01",,,1.12,"Estabelecimentos de Instalação, Reparos e Manutenção de Máquinas, Motores e Aparelhos e Equipamentos",EXPRESSO
4329-1/01,Instalação de painéis publicitários,BAIXO RISCO,Regra 5,07.12.13,"Escritório (inclusive virtual), sede de empresa, grupo de salas, centro empresarial",nR1-12 (até 1250) ;  nR2-12 (acima de 1250),nR1-12,"1250,00",nR2-12,"1250,01",-,-,1.01,"Administração, Organização e Planejamento",EXPRESSO
4329-1/02,"Instalação de equipamentos para orientação à navegação marítima, fluvial e lacustre",BAIXO RISCO,Regra 10,07.12.13,"Escritório (inclusive virtual), sede de empresa, grupo de salas, centro empresarial",nR1-12 (até 1250) ;  nR2-12 (acima de 1250),nR1-12,"1250,00",nR2-12,"1250,01",-,-,1.01,"Administração, Organização e Planejamento",VALIDAÇÃO
4329-1/03,"Instalação, manutenção e reparação de elevadores, escadas e esteiras rolantes",BAIXO RISCO,Regra 4,07.09.04,"Manutenção predial: serviços de eletricista, encanador, pedreiro, pintor, vidraceiro, jardineiro, serviço de raspagem e aplicação de revestimento etc",nR1-09 (Qualquer área),nR1-09,Q,-,Q,-,-,1.04,Construção Civil,VALIDAÇÃO
4329-1/03,"Instalação, manutenção e reparação de elevadores, escadas e esteiras rolantes",BAIXO RISCO,Regra 4,07.12.13,"Escritório (inclusive virtual), sede de empresa, grupo de salas, centro empresarial",nR1-12 (até 1250) ;  nR2-12 (acima de 1250),nR1-12,"1250,00",nR2-12,"1250,01",-,-,1.01,"Administração, Organização e Planejamento",VALIDAÇÃO
4329-1/04,"Montagem e instalação de sistemas e equipamentos de iluminação e sinalização em vias públicas, portos e aeroportos",BAIXO RISCO,Regra 4,07.09.04,"Manutenção predial: serviços de eletricista, encanador, pedreiro, pintor, vidraceiro, jardineiro, serviço de raspagem e aplicação de revestimento etc",nR1-09 (Qualquer área),nR1-09,Q,-,Q,-,-,1.04,Construção Civil,VALIDAÇÃO
4329-1/04,"Montagem e instalação de sistemas e equipamentos de iluminação e sinalização em vias públicas, portos e aeroportos",BAIXO RISCO,Regra 4,07.12.13,"Escritório (inclusive virtual), sede de empresa, grupo de salas, centro empresarial",nR1-12 (até 1250) ;  nR2-12 (acima de 1250),nR1-12,"1250,00",nR2-12,"1250,01",-,-,1.01,"Administração, Organização e Planejamento",EXPRESSO
4329-1/05,"Tratamentos térmicos, acústicos ou de vibração",BAIXO RISCO,Regra 4,07.09.04,"Manutenção predial: serviços de eletricista, encanador, pedreiro, pintor, vidraceiro, jardineiro, serviço de raspagem e aplicação de revestimento etc",nR1-09 (Qualquer área),nR1-09,Q,-,Q,-,-,1.04,Construção Civil,VALIDAÇÃO
4329-1/05,"Tratamentos térmicos, acústicos ou de vibração",BAIXO RISCO,Regra 4,07.12.13,"Escritório (inclusive virtual), sede de empresa, grupo de salas, centro empresarial",nR1-12 (até 1250) ;  nR2-12 (acima de 1250),nR1-12,"1250,00",nR2-12,"1250,01",-,-,1.01,"Administração, Organização e Planejamento",EXPRESSO
4329-1/99,Outras obras de instalações em construções não especificadas anteriormente,BAIXO RISCO,Regra 4,07.09.04,"Manutenção predial: serviços de eletricista, encanador, pedreiro, pintor, vidraceiro, jardineiro, serviço de raspagem e aplicação de revestimento etc",nR1-09 (Qualquer área),nR1-09,Q,-,Q,-,-,1.04,Construção Civil,VALIDAÇÃO
4329-1/99,Outras obras de instalações em construções não especificadas anteriormente,BAIXO RISCO,Regra 4,07.12.13,"Escritório (inclusive virtual), sede de empresa, grupo de salas, centro empresarial",nR1-12 (até 1250) ;  nR2-12 (acima de 1250),nR1-12,"1250,00",nR2-12,"1250,01",-,-,1.01,"Administração, Organização e Planejamento",VALIDAÇÃO
4330-4/01,Impermeabilização em obras de engenharia civil,BAIXO RISCO,Regra 4,07.09.04,"Manutenção predial: serviços de eletricista, encanador, pedreiro, pintor, vidraceiro, jardineiro, serviço de raspagem e aplicação de revestimento etc",nR1-09 (Qualquer área),nR1-09,Q,-,Q,-,-,1.04,Construção Civil,VALIDAÇÃO
4330-4/01,Impermeabilização em obras de engenharia civil,BAIXO RISCO,Regra 4,07.12.13,"Escritório (inclusive virtual), sede de empresa, grupo de salas, centro empresarial",nR1-12 (até 1250) ;  nR2-12 (acima de 1250),nR1-12,"1250,00",nR2-12,"1250,01",-,-,1.01,"Administração, Organização e Planejamento",VALIDAÇÃO
4330-4/02,"Instalação de portas, janelas, tetos, divisórias e armários embutidos de qualquer material",BAIXO RISCO,Regra 4,07.09.04,"Manutenção predial: serviços de eletricista, encanador, pedreiro, pintor, vidraceiro, jardineiro, serviço de raspagem e aplicação de revestimento etc",nR1-09 (Qualquer área),nR1-09,Q,-,Q,-,-,1.04,Construção Civil,VALIDAÇÃO
4330-4/02,"Instalação de portas, janelas, tetos, divisórias e armários embutidos de qualquer material",BAIXO RISCO,Regra 4,07.12.13,"Escritório (inclusive virtual), sede de empresa, grupo de salas, centro empresarial",nR1-12 (até 1250) ;  nR2-12 (acima de 1250),nR1-12,"1250,00",nR2-12,"1250,01",-,-,1.01,"Administração, Organização e Planejamento",VALIDAÇÃO
4330-4/03,Obras de acabamento em gesso e estuque,BAIXO RISCO,Regra 4,07.09.04,"Manutenção predial: serviços de eletricista, encanador, pedreiro, pintor, vidraceiro, jardineiro, serviço de raspagem e aplicação de revestimento etc",nR1-09 (Qualquer área),nR1-09,Q,-,Q,-,-,1.04,Construção Civil,VALIDAÇÃO
4330-4/03,Obras de acabamento em gesso e estuque,BAIXO RISCO,Regra 4,07.12.13,"Escritório (inclusive virtual), sede de empresa, grupo de salas, centro empresarial",nR1-12 (até 1250) ;  nR2-12 (acima de 1250),nR1-12,"1250,00",nR2-12,"1250,01",-,-,1.01,"Administração, Organização e Planejamento",VALIDAÇÃO
4330-4/04,Serviços de pintura de edifícios em geral,BAIXO RISCO,Regra 4,07.09.04,"Manutenção predial: serviços de eletricista, encanador, pedreiro, pintor, vidraceiro, jardineiro, serviço de raspagem e aplicação de revestimento etc",nR1-09 (Qualquer área),nR1-09,Q,-,Q,-,-,1.04,Construção Civil,VALIDAÇÃO
4330-4/04,Serviços de pintura de edifícios em geral,BAIXO RISCO,Regra 4,07.12.13,"Escritório (inclusive virtual), sede de empresa, grupo de salas, centro empresarial",nR1-12 (até 1250) ;  nR2-12 (acima de 1250),nR1-12,"1250,00",nR2-12,"1250,01",-,-,1.01,"Administração, Organização e Planejamento",VALIDAÇÃO
4330-4/05,Aplicação de revestimentos e de resinas em interiores e exteriores,BAIXO RISCO,Regra 4,07.09.04,"Manutenção predial: serviços de eletricista, encanador, pedreiro, pintor, vidraceiro, jardineiro, serviço de raspagem e aplicação de revestimento etc",nR1-09 (Qualquer área),nR1-09,Q,-,Q,-,-,1.04,Construção Civil,VALIDAÇÃO
4330-4/05,Aplicação de revestimentos e de resinas em interiores e exteriores,BAIXO RISCO,Regra 4,07.12.13,"Escritório (inclusive virtual), sede de empresa, grupo de salas, centro empresarial",nR1-12 (até 1250) ;  nR2-12 (acima de 1250),nR1-12,"1250,00",nR2-12,"1250,01",-,-,1.01,"Administração, Organização e Planejamento",VALIDAÇÃO
4330-4/99,Outras obras de acabamento da construção,BAIXO RISCO,Regra 4,07.09.04,"Manutenção predial: serviços de eletricista, encanador, pedreiro, pintor, vidraceiro, jardineiro, serviço de raspagem e aplicação de revestimento etc",nR1-09 (Qualquer área),nR1-09,Q,-,Q,-,-,1.04,Construção Civil,VALIDAÇÃO
4330-4/99,Outras obras de acabamento da construção,BAIXO RISCO,Regra 4,07.12.13,"Escritório (inclusive virtual), sede de empresa, grupo de salas, centro empresarial",nR1-12 (até 1250) ;  nR2-12 (acima de 1250),nR1-12,"1250,00",nR2-12,"1250,01",-,-,1.01,"Administração, Organização e Planejamento",VALIDAÇÃO
4391-6/00,Obras de fundações,BAIXO RISCO,Regra 10,07.12.13,"Escritório (inclusive virtual), sede de empresa, grupo de salas, centro empresarial",nR1-12 (até 1250) ;  nR2-12 (acima de 1250),nR1-12,"1250,00",nR2-12,"1250,01",-,-,1.01,"Administração, Organização e Planejamento",VALIDAÇÃO
4399-1/01,Administração de obras,BAIXO RISCO,Regra 10,07.12.13,"Escritório (inclusive virtual), sede de empresa, grupo de salas, centro empresarial",nR1-12 (até 1250) ;  nR2-12 (acima de 1250),nR1-12,"1250,00",nR2-12,"1250,01",-,-,1.01,"Administração, Organização e Planejamento",VALIDAÇÃO
4399-1/02,Montagem e desmontagem de andaimes e outras estruturas temporárias,BAIXO RISCO,Regra 10,07.12.13,"Escritório (inclusive virtual), sede de empresa, grupo de salas, centro empresarial",nR1-12 (até 1250) ;  nR2-12 (acima de 1250),nR1-12,"1250,00",nR2-12,"1250,01",-,-,1.01,"Administração, Organização e Planejamento",VALIDAÇÃO
4399-1/03,Obras de alvenaria,BAIXO RISCO,Regra 10,07.12.13,"Escritório (inclusive virtual), sede de empresa, grupo de salas, centro empresarial",nR1-12 (até 1250) ;  nR2-12 (acima de 1250),nR1-12,"1250,00",nR2-12,"1250,01",-,-,1.01,"Administração, Organização e Planejamento",VALIDAÇÃO
4399-1/04,Serviços de operação e fornecimento de equipamentos para transporte e elevação de cargas e pessoas para uso em obras,MÉDIO RISCO,Regra 5,07.08.08,"Outros serviços de armazenamento e locação não classificados, inclusive infláveis",nR1-08 (até 500) ; nR2-08 (de 501 a 5000) ; nR3-08 (acima de 5000),nR1-08,"500,00",nR2-08,5000,nR3-08,"5000,01",1.15,Estabelecimento de Locação e Guarda de Bens,VALIDAÇÃO
4399-1/04,Serviços de operação e fornecimento de equipamentos para transporte e elevação de cargas e pessoas para uso em obras,BAIXO RISCO,Regra 5,07.12.13,"Escritório (inclusive virtual), sede de empresa, grupo de salas, centro empresarial",nR1-12 (até 1250) ;  nR2-12 (acima de 1250),nR1-12,"1250,00",nR2-12,"1250,01",-,-,1.01,"Administração, Organização e Planejamento",VALIDAÇÃO
4399-1/05,Perfuração e construção de poços de água,BAIXO RISCO,Regra 10,07.12.13,"Escritório (inclusive virtual), sede de empresa, grupo de salas, centro empresarial",nR1-12 (até 1250) ;  nR2-12 (acima de 1250),nR1-12,"1250,00",nR2-12,"1250,01",-,-,1.01,"Administração, Organização e Planejamento",VALIDAÇÃO
4399-1/99,Serviços especializados para construção não especificados anteriormente,BAIXO RISCO,Regra 10,07.12.13,"Escritório (inclusive virtual), sede de empresa, grupo de salas, centro empresarial",nR1-12 (até 1250) ;  nR2-12 (acima de 1250),nR1-12,"1250,00",nR2-12,"1250,01",-,-,1.01,"Administração, Organização e Planejamento",VALIDAÇÃO
4511-1/01,"Comércio a varejo de automóveis, camionetas e utilitários novos",MÉDIO RISCO,Regra 1,07.04.13,"Comércio de veículos automotores (exceto motos), suas peças e acessórios, com execução de serviços: concessionária de automóveis",nR2-04 (Qualquer área),nR2-04,Q,-,Q,-,-,2.02,Comércio Varejista,VALIDAÇÃO
4511-1/01,"Comércio a varejo de automóveis, camionetas e utilitários novos",MÉDIO RISCO,Regra 1,07.04.09,"Comércio de veículos automotores (exceto motos), suas peças e acessórios: agência de automóveis (sem execução de serviços), feira de veículos",nR2-04 (Qualquer área),nR2-04,Q,-,Q,-,-,2.02,Comércio Varejista,VALIDAÇÃO
4511-1/01,"Comércio a varejo de automóveis, camionetas e utilitários novos",BAIXO RISCO,Regra 1,07.12.13,"Escritório (inclusive virtual), sede de empresa, grupo de salas, centro empresarial",nR1-12 (até 1250) ;  nR2-12 (acima de 1250),nR1-12,"1250,00",nR2-12,"1250,01",-,-,1.01,"Administração, Organização e Planejamento",VALIDAÇÃO
4511-1/02,"Comércio a varejo de automóveis, camionetas e utilitários usados",MÉDIO RISCO,Regra 1,07.04.13,"Comércio de veículos automotores (exceto motos), suas peças e acessórios, com execução de serviços: concessionária de automóveis",nR2-04 (Qualquer área),nR2-04,Q,-,Q,-,-,2.02,Comércio Varejista,VALIDAÇÃO
4511-1/02,"Comércio a varejo de automóveis, camionetas e utilitários usados",MÉDIO RISCO,Regra 1,07.04.09,"Comércio de veículos automotores (exceto motos), suas peças e acessórios: agência de automóveis (sem execução de serviços), feira de veículos",nR2-04 (Qualquer área),nR2-04,Q,-,Q,-,-,2.02,Comércio Varejista,VALIDAÇÃO
4511-1/02,"Comércio a varejo de automóveis, camionetas e utilitários usados",BAIXO RISCO,Regra 1,07.12.13,"Escritório (inclusive virtual), sede de empresa, grupo de salas, centro empresarial",nR1-12 (até 1250) ;  nR2-12 (acima de 1250),nR1-12,"1250,00",nR2-12,"1250,01",-,-,1.01,"Administração, Organização e Planejamento",VALIDAÇÃO
4511-1/03,"Comércio por atacado de automóveis, camionetas e utilitários novos e usados",MÉDIO RISCO,Regra 5,07.04.13,"Comércio de veículos automotores (exceto motos), suas peças e acessórios, com execução de serviços: concessionária de automóveis",nR2-04 (Qualquer área),nR2-04,Q,-,Q,-,-,2.01,Comércio Atacadista,VALIDAÇÃO
4511-1/03,"Comércio por atacado de automóveis, camionetas e utilitários novos e usados",BAIXO RISCO,Regra 5,07.12.13,"Escritório (inclusive virtual), sede de empresa, grupo de salas, centro empresarial",nR1-12 (até 1250) ;  nR2-12 (acima de 1250),nR1-12,"1250,00",nR2-12,"1250,01",-,-,1.01,"Administração, Organização e Planejamento",VALIDAÇÃO
4511-1/04,Comércio por atacado de caminhões novos e usados,MÉDIO RISCO,Regra 5,07.04.13,"Comércio de veículos automotores (exceto motos), suas peças e acessórios, com execução de serviços: concessionária de automóveis",nR2-04 (Qualquer área),nR2-04,Q,-,Q,-,-,2.01,Comércio Atacadista,VALIDAÇÃO
4511-1/04,Comércio por atacado de caminhões novos e usados,BAIXO RISCO,Regra 5,07.12.13,"Escritório (inclusive virtual), sede de empresa, grupo de salas, centro empresarial",nR1-12 (até 1250) ;  nR2-12 (acima de 1250),nR1-12,"1250,00",nR2-12,"1250,01",-,-,1.01,"Administração, Organização e Planejamento",VALIDAÇÃO
4511-1/05,Comércio por atacado de reboques e semi-reboques novos e usados,MÉDIO RISCO,Regra 5,07.04.13,"Comércio de veículos automotores (exceto motos), suas peças e acessórios, com execução de serviços: concessionária de automóveis",nR2-04 (Qualquer área),nR2-04,Q,-,Q,-,-,2.01,Comércio Atacadista,VALIDAÇÃO
4511-1/05,Comércio por atacado de reboques e semi-reboques novos e usados,BAIXO RISCO,Regra 5,07.12.13,"Escritório (inclusive virtual), sede de empresa, grupo de salas, centro empresarial",nR1-12 (até 1250) ;  nR2-12 (acima de 1250),nR1-12,"1250,00",nR2-12,"1250,01",-,-,1.01,"Administração, Organização e Planejamento",VALIDAÇÃO
4511-1/06,Comércio por atacado de ônibus e micrônibus novos e usados,MÉDIO RISCO,Regra 5,07.04.13,"Comércio de veículos automotores (exceto motos), suas peças e acessórios, com execução de serviços: concessionária de automóveis",nR2-04 (Qualquer área),nR2-04,Q,-,Q,-,-,2.01,Comércio Atacadista,VALIDAÇÃO
4511-1/06,Comércio por atacado de ônibus e micrônibus novos e usados,BAIXO RISCO,Regra 5,07.12.13,"Escritório (inclusive virtual), sede de empresa, grupo de salas, centro empresarial",nR1-12 (até 1250) ;  nR2-12 (acima de 1250),nR1-12,"1250,00",nR2-12,"1250,01",-,-,1.01,"Administração, Organização e Planejamento",VALIDAÇÃO
4512-9/01,Representantes comerciais e agentes do comércio de veículos automotores,BAIXO RISCO,Regra 4,07.12.04,"Agência de representação de industria, comércio, agricultura e negócios em geral, agência de turismo, de publicidade, de informações, de empregos, de mensageiros e entrega de encomendas",nR1-12 (Até 350) ; nR2-12 (Acima de 350),nR1-12,350,nR2-12,350.01,-,-,1.14,Estabelecimentos de Intermediação e Representação,VALIDAÇÃO
4512-9/01,Representantes comerciais e agentes do comércio de veículos automotores,BAIXO RISCO,Regra 4,07.12.13,"Escritório (inclusive virtual), sede de empresa, grupo de salas, centro empresarial",nR1-12 (até 1250) ;  nR2-12 (acima de 1250),nR1-12,"1250,00",nR2-12,"1250,01",-,-,1.01,"Administração, Organização e Planejamento",VALIDAÇÃO
4512-9/02,Comércio sob consignação de veículos automotores,MÉDIO RISCO,Regra 5,07.04.13,"Comércio de veículos automotores (exceto motos), suas peças e acessórios, com execução de serviços: concessionária de automóveis",nR2-04 (Qualquer área),nR2-04,Q,-,Q,-,-,2.02,Comércio Varejista,VALIDAÇÃO
4512-9/02,Comércio sob consignação de veículos automotores,BAIXO RISCO,Regra 5,07.12.13,"Escritório (inclusive virtual), sede de empresa, grupo de salas, centro empresarial",nR1-12 (até 1250) ;  nR2-12 (acima de 1250),nR1-12,"1250,00",nR2-12,"1250,01",-,-,1.01,"Administração, Organização e Planejamento",VALIDAÇÃO
4520-0/01,Serviços de manutenção e reparação mecânica de veículos automotores,MÉDIO RISCO,Regra 21,07.09.10,"Borracharia, oficina de manutenção e reparação de veículos automotores e motos, posto de lavagem de veículos",nR2-09 (Qualquer área),nR2-09,Q,-,Q,-,-,1.12,"Estabelecimentos de Instalação, Reparos e Manutenção de Máquinas, Motores e Aparelhos e Equipamentos",SEMI EXPRESSO
4520-0/01,Serviços de manutenção e reparação mecânica de veículos automotores,MÉDIO RISCO,Regra 21,07.12.13,"Escritório (inclusive virtual), sede de empresa, grupo de salas, centro empresarial",nR1-12 (até 1250) ;  nR2-12 (acima de 1250),nR1-12,"1250,00",nR2-12,"1250,01",-,-,1.01,"Administração, Organização e Planejamento",SEMI EXPRESSO
4520-0/02,Serviços de lanternagem ou funilaria e pintura de veículos automotores,MÉDIO RISCO,Regra 21,07.09.10,"Borracharia, oficina de manutenção e reparação de veículos automotores e motos, posto de lavagem de veículos",nR2-09 (Qualquer área),nR2-09,Q,-,Q,-,-,1.12,"Estabelecimentos de Instalação, Reparos e Manutenção de Máquinas, Motores e Aparelhos e Equipamentos",SEMI EXPRESSO
4520-0/02,Serviços de lanternagem ou funilaria e pintura de veículos automotores,MÉDIO RISCO,Regra 21,07.12.13,"Escritório (inclusive virtual), sede de empresa, grupo de salas, centro empresarial",nR1-12 (até 1250) ;  nR2-12 (acima de 1250),nR1-12,"1250,00",nR2-12,"1250,01",-,-,1.01,"Administração, Organização e Planejamento",SEMI EXPRESSO
4520-0/03,Serviços de manutenção e reparação elétrica de veículos automotores,MÉDIO RISCO,Regra 21,07.09.10,"Borracharia, oficina de manutenção e reparação de veículos automotores e motos, posto de lavagem de veículos",nR2-09 (Qualquer área),nR2-09,Q,-,Q,-,-,1.12,"Estabelecimentos de Instalação, Reparos e Manutenção de Máquinas, Motores e Aparelhos e Equipamentos",SEMI EXPRESSO
4520-0/03,Serviços de manutenção e reparação elétrica de veículos automotores,MÉDIO RISCO,Regra 21,07.12.13,"Escritório (inclusive virtual), sede de empresa, grupo de salas, centro empresarial",nR1-12 (até 1250) ;  nR2-12 (acima de 1250),nR1-12,"1250,00",nR2-12,"1250,01",-,-,1.01,"Administração, Organização e Planejamento",SEMI EXPRESSO
4520-0/04,Serviços de alinhamento e balanceamento de veículos automotores,MÉDIO RISCO,Regra 21,07.09.10,"Borracharia, oficina de manutenção e reparação de veículos automotores e motos, posto de lavagem de veículos",nR2-09 (Qualquer área),nR2-09,Q,-,Q,-,-,1.12,"Estabelecimentos de Instalação, Reparos e Manutenção de Máquinas, Motores e Aparelhos e Equipamentos",SEMI EXPRESSO
4520-0/04,Serviços de alinhamento e balanceamento de veículos automotores,MÉDIO RISCO,Regra 21,07.12.13,"Escritório (inclusive virtual), sede de empresa, grupo de salas, centro empresarial",nR1-12 (até 1250) ;  nR2-12 (acima de 1250),nR1-12,"1250,00",nR2-12,"1250,01",-,-,1.01,"Administração, Organização e Planejamento",SEMI EXPRESSO
4520-0/05,"Serviços de lavagem, lubrificação e polimento de veículos automotores",ALTO,Regra 46,07.09.10,"Borracharia, oficina de manutenção e reparação de veículos automotores e motos, posto de lavagem de veículos",nR2-09 (Qualquer área),nR2-09,Q,-,Q,-,-,1.12,"Estabelecimentos de Instalação, Reparos e Manutenção de Máquinas, Motores e Aparelhos e Equipamentos",SEMI EXPRESSO
4520-0/05,"Serviços de lavagem, lubrificação e polimento de veículos automotores",ALTO,Regra 46,07.12.13,"Escritório (inclusive virtual), sede de empresa, grupo de salas, centro empresarial",nR1-12 (até 1250) ;  nR2-12 (acima de 1250),nR1-12,"1250,00",nR2-12,"1250,01",-,-,1.01,"Administração, Organização e Planejamento",SEMI EXPRESSO
4520-0/06,Serviços de borracharia para veículos automotores,MÉDIO RISCO,Regra 21,07.09.10,"Borracharia, oficina de manutenção e reparação de veículos automotores e motos, posto de lavagem de veículos",nR2-09 (Qualquer área),nR2-09,Q,-,Q,-,-,1.12,"Estabelecimentos de Instalação, Reparos e Manutenção de Máquinas, Motores e Aparelhos e Equipamentos",SEMI EXPRESSO
4520-0/06,Serviços de borracharia para veículos automotores,MÉDIO RISCO,Regra 21,07.12.13,"Escritório (inclusive virtual), sede de empresa, grupo de salas, centro empresarial",nR1-12 (até 1250) ;  nR2-12 (acima de 1250),nR1-12,"1250,00",nR2-12,"1250,01",-,-,1.01,"Administração, Organização e Planejamento",SEMI EXPRESSO
4520-0/07,"Serviços de instalação, manutenção e reparação de acessórios para veículos automotores",MÉDIO RISCO,Regra 21,07.09.10,"Borracharia, oficina de manutenção e reparação de veículos automotores e motos, posto de lavagem de veículos",nR2-09 (Qualquer área),nR2-09,Q,-,Q,-,-,1.12,"Estabelecimentos de Instalação, Reparos e Manutenção de Máquinas, Motores e Aparelhos e Equipamentos",SEMI EXPRESSO
4520-0/07,"Serviços de instalação, manutenção e reparação de acessórios para veículos automotores",MÉDIO RISCO,Regra 21,07.12.13,"Escritório (inclusive virtual), sede de empresa, grupo de salas, centro empresarial",nR1-12 (até 1250) ;  nR2-12 (acima de 1250),nR1-12,"1250,00",nR2-12,"1250,01",-,-,1.01,"Administração, Organização e Planejamento",SEMI EXPRESSO
4520-0/08,Serviços de capotaria,MÉDIO RISCO,Regra 21,07.09.10,"Borracharia, oficina de manutenção e reparação de veículos automotores e motos, posto de lavagem de veículos",nR2-09 (Qualquer área),nR2-09,Q,-,Q,-,-,1.12,"Estabelecimentos de Instalação, Reparos e Manutenção de Máquinas, Motores e Aparelhos e Equipamentos",SEMI EXPRESSO
4520-0/08,Serviços de capotaria,MÉDIO RISCO,Regra 21,07.12.13,"Escritório (inclusive virtual), sede de empresa, grupo de salas, centro empresarial",nR1-12 (até 1250) ;  nR2-12 (acima de 1250),nR1-12,"1250,00",nR2-12,"1250,01",-,-,1.01,"Administração, Organização e Planejamento",SEMI EXPRESSO
4530-7/01,Comércio por atacado de peças e acessórios novos para veículos automotores,MÉDIO RISCO,Regra 1,07.04.13,"Comércio de veículos automotores (exceto motos), suas peças e acessórios, com execução de serviços: concessionária de automóveis",nR2-04 (Qualquer área),nR2-04,Q,-,Q,-,-,2.01,Comércio Atacadista,VALIDAÇÃO
4530-7/01,Comércio por atacado de peças e acessórios novos para veículos automotores,MÉDIO RISCO,Regra 1,07.04.09,"Comércio de veículos automotores (exceto motos), suas peças e acessórios: agência de automóveis (sem execução de serviços), feira de veículos",nR2-04 (Qualquer área),nR2-04,Q,-,Q,-,-,2.02,Comércio Varejista,VALIDAÇÃO
4530-7/01,Comércio por atacado de peças e acessórios novos para veículos automotores,BAIXO RISCO,Regra 1,07.12.13,"Escritório (inclusive virtual), sede de empresa, grupo de salas, centro empresarial",nR1-12 (até 1250) ;  nR2-12 (acima de 1250),nR1-12,"1250,00",nR2-12,"1250,01",-,-,1.01,"Administração, Organização e Planejamento",VALIDAÇÃO
4530-7/02,Comércio por atacado de pneumáticos e câmaras-de-ar,MÉDIO RISCO,Regra 5,07.04.11,"Comércio de pneus, câmaras e baterias",nR2-04 (Qualquer área),nR2-04,Q,-,Q,-,-,2.01,Comércio Atacadista,VALIDAÇÃO
4530-7/02,Comércio por atacado de pneumáticos e câmaras-de-ar,BAIXO RISCO,Regra 5,07.12.13,"Escritório (inclusive virtual), sede de empresa, grupo de salas, centro empresarial",nR1-12 (até 1250) ;  nR2-12 (acima de 1250),nR1-12,"1250,00",nR2-12,"1250,01",-,-,1.01,"Administração, Organização e Planejamento",VALIDAÇÃO
4530-7/03,Comércio a varejo de peças e acessórios novos para veículos automotores,MÉDIO RISCO,Regra 1,07.04.09,"Comércio de veículos automotores (exceto motos), suas peças e acessórios: agência de automóveis (sem execução de serviços), feira de veículos",nR2-04 (Qualquer área),nR2-04,Q,-,Q,-,-,2.02,Comércio Varejista,VALIDAÇÃO
4530-7/03,Comércio a varejo de peças e acessórios novos para veículos automotores,MÉDIO RISCO,Regra 1,07.04.13,"Comércio de veículos automotores (exceto motos), suas peças e acessórios, com execução de serviços: concessionária de automóveis",nR2-04 (Qualquer área),nR2-04,Q,-,Q,-,-,2.02,Comércio Varejista,VALIDAÇÃO
4530-7/03,Comércio a varejo de peças e acessórios novos para veículos automotores,BAIXO RISCO,Regra 1,07.12.13,"Escritório (inclusive virtual), sede de empresa, grupo de salas, centro empresarial",nR1-12 (até 1250) ;  nR2-12 (acima de 1250),nR1-12,"1250,00",nR2-12,"1250,01",-,-,1.01,"Administração, Organização e Planejamento",VALIDAÇÃO
4530-7/04,Comércio a varejo de peças e acessórios usados para veículos automotores,MÉDIO RISCO,Regra 1,07.04.09,"Comércio de veículos automotores (exceto motos), suas peças e acessórios: agência de automóveis (sem execução de serviços), feira de veículos",nR2-04 (Qualquer área),nR2-04,Q,-,Q,-,-,2.02,Comércio Varejista,VALIDAÇÃO
4530-7/04,Comércio a varejo de peças e acessórios usados para veículos automotores,MÉDIO RISCO,Regra 1,07.04.13,"Comércio de veículos automotores (exceto motos), suas peças e acessórios, com execução de serviços: concessionária de automóveis",nR2-04 (Qualquer área),nR2-04,Q,-,Q,-,-,2.02,Comércio Varejista,VALIDAÇÃO
4530-7/04,Comércio a varejo de peças e acessórios usados para veículos automotores,BAIXO RISCO,Regra 1,07.12.13,"Escritório (inclusive virtual), sede de empresa, grupo de salas, centro empresarial",nR1-12 (até 1250) ;  nR2-12 (acima de 1250),nR1-12,"1250,00",nR2-12,"1250,01",-,-,1.01,"Administração, Organização e Planejamento",VALIDAÇÃO
4530-7/05,Comércio a varejo de pneumáticos e câmaras-de-ar,MÉDIO RISCO,Regra 5,07.04.11,"Comércio de pneus, câmaras e baterias",nR2-04 (Qualquer área),nR2-04,Q,-,Q,-,-,2.02,Comércio Varejista,VALIDAÇÃO
4530-7/05,Comércio a varejo de pneumáticos e câmaras-de-ar,BAIXO RISCO,Regra 5,07.12.13,"Escritório (inclusive virtual), sede de empresa, grupo de salas, centro empresarial",nR1-12 (até 1250) ;  nR2-12 (acima de 1250),nR1-12,"1250,00",nR2-12,"1250,01",-,-,1.01,"Administração, Organização e Planejamento",VALIDAÇÃO
4530-7/06,Representantes comerciais e agentes do comércio de peças e acessórios novos e usados para veículos automotores,BAIXO RISCO,Regra 4,07.12.04,"Agência de representação de industria, comércio, agricultura e negócios em geral, agência de turismo, de publicidade,  de informações, de empregos, de mensageiros e entrega de encomendas",nR1-12 (Até 350) ; nR2-12 (Acima de 350),nR1-12,350,nR2-12,350.01,-,-,1.14,Estabelecimentos de Intermediação e Representação,VALIDAÇÃO
4530-7/06,Representantes comerciais e agentes do comércio de peças e acessórios novos e usados para veículos automotores,BAIXO RISCO,Regra 4,07.12.13,"Escritório (inclusive virtual), sede de empresa, grupo de salas, centro empresarial",nR1-12 (até 1250) ;  nR2-12 (acima de 1250),nR1-12,"1250,00",nR2-12,"1250,01",-,-,1.01,"Administração, Organização e Planejamento",VALIDAÇÃO
4541-2/01,Comércio por atacado de motocicletas e motonetas,MÉDIO RISCO,Regra 5,07.04.10,"Comércio de motos e bicicletas, suas peças e acessórios",nR2-04 (Qualquer área),nR2-04,Q,-,Q,-,-,2.01,Comércio Atacadista,VALIDAÇÃO
4541-2/01,Comércio por atacado de motocicletas e motonetas,BAIXO RISCO,Regra 5,07.12.13,"Escritório (inclusive virtual), sede de empresa, grupo de salas, centro empresarial",nR1-12 (até 1250) ;  nR2-12 (acima de 1250),nR1-12,"1250,00",nR2-12,"1250,01",-,-,1.01,"Administração, Organização e Planejamento",VALIDAÇÃO
4541-2/02,Comércio por atacado de peças e acessórios para motocicletas e motonetas,MÉDIO RISCO,Regra 5,07.04.10,"Comércio de motos e bicicletas, suas peças e acessórios",nR2-04 (Qualquer área),nR2-04,Q,-,Q,-,-,2.01,Comércio Atacadista,VALIDAÇÃO
4541-2/02,Comércio por atacado de peças e acessórios para motocicletas e motonetas,BAIXO RISCO,Regra 5,07.12.13,"Escritório (inclusive virtual), sede de empresa, grupo de salas, centro empresarial",nR1-12 (até 1250) ;  nR2-12 (acima de 1250),nR1-12,"1250,00",nR2-12,"1250,01",-,-,1.01,"Administração, Organização e Planejamento",VALIDAÇÃO
4541-2/03,Comércio a varejo de motocicletas e motonetas novas,MÉDIO RISCO,Regra 5,07.04.10,"Comércio de motos e bicicletas, suas peças e acessórios",nR2-04 (Qualquer área),nR2-04,Q,-,Q,-,-,2.02,Comércio Varejista,VALIDAÇÃO
4541-2/03,Comércio a varejo de motocicletas e motonetas novas,BAIXO RISCO,Regra 5,07.12.13,"Escritório (inclusive virtual), sede de empresa, grupo de salas, centro empresarial",nR1-12 (até 1250) ;  nR2-12 (acima de 1250),nR1-12,"1250,00",nR2-12,"1250,01",-,-,1.01,"Administração, Organização e Planejamento",VALIDAÇÃO
4541-2/04,Comércio a varejo de motocicletas e motonetas usadas,MÉDIO RISCO,Regra 5,07.04.10,"Comércio de motos e bicicletas, suas peças e acessórios",nR2-04 (Qualquer área),nR2-04,Q,-,Q,-,-,2.02,Comércio Varejista,VALIDAÇÃO
4541-2/04,Comércio a varejo de motocicletas e motonetas usadas,BAIXO RISCO,Regra 5,07.12.13,"Escritório (inclusive virtual), sede de empresa, grupo de salas, centro empresarial",nR1-12 (até 1250) ;  nR2-12 (acima de 1250),nR1-12,"1250,00",nR2-12,"1250,01",-,-,1.01,"Administração, Organização e Planejamento",VALIDAÇÃO
4541-2/06,Comércio a varejo de peças e acessórios novos para motocicletas e motonetas,MÉDIO RISCO,Regra 5,07.04.10,"Comércio de motos e bicicletas, suas peças e acessórios",nR2-04 (Qualquer área),nR2-04,Q,-,Q,-,-,2.02,Comércio Varejista,VALIDAÇÃO
4541-2/06,Comércio a varejo de peças e acessórios novos para motocicletas e motonetas,BAIXO RISCO,Regra 5,07.12.13,"Escritório (inclusive virtual), sede de empresa, grupo de salas, centro empresarial",nR1-12 (até 1250) ;  nR2-12 (acima de 1250),nR1-12,"1250,00",nR2-12,"1250,01",-,-,1.01,"Administração, Organização e Planejamento",VALIDAÇÃO
4541-2/07,Comércio a varejo de peças e acessórios usados para motocicletas e motonetas,MÉDIO RISCO,Regra 5,07.04.10,"Comércio de motos e bicicletas, suas peças e acessórios",nR2-04 (Qualquer área),nR2-04,Q,-,Q,-,-,2.02,Comércio Varejista,VALIDAÇÃO
4541-2/07,Comércio a varejo de peças e acessórios usados para motocicletas e motonetas,BAIXO RISCO,Regra 5,07.12.13,"Escritório (inclusive virtual), sede de empresa, grupo de salas, centro empresarial",nR1-12 (até 1250) ;  nR2-12 (acima de 1250),nR1-12,"1250,00",nR2-12,"1250,01",-,-,1.01,"Administração, Organização e Planejamento",VALIDAÇÃO
4542-1/01,"Representantes comerciais e agentes do comércio de motocicletas e motonetas, peças e acessórios",BAIXO RISCO,Regra 4,07.12.04,"Agência de representação de industria, comércio, agricultura e negócios em geral, agência de turismo, de publicidade, de informações, de empregos, de mensageiros e entrega de encomendas",nR1-12 (Até 350) ; nR2-12 (Acima de 350),nR1-12,350,nR2-12,350.01,-,-,1.14,Estabelecimentos de Intermediação e Representação,VALIDAÇÃO
4542-1/01,"Representantes comerciais e agentes do comércio de motocicletas e motonetas, peças e acessórios",BAIXO RISCO,Regra 4,07.12.13,"Escritório (inclusive virtual), sede de empresa, grupo de salas, centro empresarial",nR1-12 (até 1250) ;  nR2-12 (acima de 1250),nR1-12,"1250,00",nR2-12,"1250,01",-,-,1.01,"Administração, Organização e Planejamento",VALIDAÇÃO
4542-1/02,Comércio sob consignação de motocicletas e motonetas,MÉDIO RISCO,Regra 5,07.04.10,"Comércio de motos e bicicletas, suas peças e acessórios",nR2-04 (Qualquer área),nR2-04,Q,-,Q,-,-,2.02,Comércio Varejista,VALIDAÇÃO
4542-1/02,Comércio sob consignação de motocicletas e motonetas,BAIXO RISCO,Regra 5,07.12.13,"Escritório (inclusive virtual), sede de empresa, grupo de salas, centro empresarial",nR1-12 (até 1250) ;  nR2-12 (acima de 1250),nR1-12,"1250,00",nR2-12,"1250,01",-,-,1.01,"Administração, Organização e Planejamento",VALIDAÇÃO
4543-9/00,Manutenção e reparação de motocicletas e motonetas,ALTO,Regra 46,07.09.10,"Borracharia, oficina de manutenção e reparação de veículos automotores e motos, posto de lavagem de veículos",nR2-09 (Qualquer área),nR2-09,Q,-,Q,-,-,1.12,"Estabelecimentos de Instalação, Reparos e Manutenção de Máquinas, Motores e Aparelhos e Equipamentos",SEMI EXPRESSO
4543-9/00,Manutenção e reparação de motocicletas e motonetas,ALTO,Regra 46,07.12.13,"Escritório (inclusive virtual), sede de empresa, grupo de salas, centro empresarial",nR1-12 (até 1250) ;  nR2-12 (acima de 1250),nR1-12,"1250,00",nR2-12,"1250,01",-,-,1.01,"Administração, Organização e Planejamento",SEMI EXPRESSO
4611-7/00,Representantes comerciais e agentes do comércio de matérias-primas agrícolas e animais vivos,BAIXO RISCO,Regra 4,07.12.04,"Agência de representação de industria, comércio, agricultura e negócios em geral, agência de turismo, de publicidade, de informações, de empregos, de mensageiros e entrega de encomendas",nR1-12 (Até 350) ; nR2-12 (Acima de 350),nR1-12,350,nR2-12,350.01,-,-,1.14,Estabelecimentos de Intermediação e Representação,VALIDAÇÃO
4611-7/00,Representantes comerciais e agentes do comércio de matérias-primas agrícolas e animais vivos,BAIXO RISCO,Regra 4,07.12.13,"Escritório (inclusive virtual), sede de empresa, grupo de salas, centro empresarial",nR1-12 (até 1250) ;  nR2-12 (acima de 1250),nR1-12,"1250,00",nR2-12,"1250,01",-,-,1.01,"Administração, Organização e Planejamento",VALIDAÇÃO
4612-5/00,"Representantes comerciais e agentes do comércio de combustíveis, minerais, produtos siderúrgicos e químicos",BAIXO RISCO,Regra 4,07.12.04,"Agência de representação de industria, comércio, agricultura e negócios em geral, agência de turismo, de publicidade, de informações, de empregos, de mensageiros e entrega de encomendas",nR1-12 (Até 350) ; nR2-12 (Acima de 350),nR1-12,350,nR2-12,350.01,-,-,1.14,Estabelecimentos de Intermediação e Representação,VALIDAÇÃO
4612-5/00,"Representantes comerciais e agentes do comércio de combustíveis, minerais, produtos siderúrgicos e químicos",BAIXO RISCO,Regra 4,07.12.13,"Escritório (inclusive virtual), sede de empresa, grupo de salas, centro empresarial",nR1-12 (até 1250) ;  nR2-12 (acima de 1250),nR1-12,"1250,00",nR2-12,"1250,01",-,-,1.01,"Administração, Organização e Planejamento",VALIDAÇÃO
4613-3/00,"Representantes comerciais e agentes do comércio de madeira, material de construção e ferragens",BAIXO RISCO,Regra 4,07.12.04,"Agência de representação de industria, comércio, agricultura e negócios em geral, agência de turismo, de publicidade, de informações, de empregos, de mensageiros e entrega de encomendas",nR1-12 (Até 350) ; nR2-12 (Acima de 350),nR1-12,350,nR2-12,350.01,-,-,1.14,Estabelecimentos de Intermediação e Representação,VALIDAÇÃO
4613-3/00,"Representantes comerciais e agentes do comércio de madeira, material de construção e ferragens",BAIXO RISCO,Regra 4,07.12.13,"Escritório (inclusive virtual), sede de empresa, grupo de salas, centro empresarial",nR1-12 (até 1250) ;  nR2-12 (acima de 1250),nR1-12,"1250,00",nR2-12,"1250,01",-,-,1.01,"Administração, Organização e Planejamento",VALIDAÇÃO
4614-1/00,"Representantes comerciais e agentes do comércio de máquinas, equipamentos, embarcações e aeronaves",BAIXO RISCO,Regra 4,07.12.04,"Agência de representação de industria, comércio, agricultura e negócios em geral, agência de turismo, de publicidade, de informações, de empregos, de mensageiros e entrega de encomendas",nR1-12 (Até 350) ; nR2-12 (Acima de 350),nR1-12,350,nR2-12,350.01,-,-,1.14,Estabelecimentos de Intermediação e Representação,VALIDAÇÃO
4614-1/00,"Representantes comerciais e agentes do comércio de máquinas, equipamentos, embarcações e aeronaves",BAIXO RISCO,Regra 4,07.12.13,"Escritório (inclusive virtual), sede de empresa, grupo de salas, centro empresarial",nR1-12 (até 1250) ;  nR2-12 (acima de 1250),nR1-12,"1250,00",nR2-12,"1250,01",-,-,1.01,"Administração, Organização e Planejamento",VALIDAÇÃO
4615-0/00,"Representantes comerciais e agentes do comércio de eletrodomésticos, móveis e artigos de uso doméstico",BAIXO RISCO,Regra 4,07.12.04,"Agência de representação de industria, comércio, agricultura e negócios em geral, agência de turismo, de publicidade,de informações, de empregos, de mensageiros e entrega de encomendas",nR1-12 (Até 350) ; nR2-12 (Acima de 350),nR1-12,350,nR2-12,350.01,-,-,1.14,Estabelecimentos de Intermediação e Representação,VALIDAÇÃO
4615-0/00,"Representantes comerciais e agentes do comércio de eletrodomésticos, móveis e artigos de uso doméstico",BAIXO RISCO,Regra 4,07.12.13,"Escritório (inclusive virtual), sede de empresa, grupo de salas, centro empresarial",nR1-12 (até 1250) ;  nR2-12 (acima de 1250),nR1-12,"1250,00",nR2-12,"1250,01",-,-,1.01,"Administração, Organização e Planejamento",VALIDAÇÃO
4616-8/00,"Representantes comerciais e agentes do comércio de têxteis, vestuário, calçados e artigos de viagem",BAIXO RISCO,Regra 4,07.12.04,"Agência de representação de industria, comércio, agricultura e negócios em geral, agência de turismo, de publicidade, de informações, de empregos, de mensageiros e entrega de encomendas",nR1-12 (Até 350) ; nR2-12 (Acima de 350),nR1-12,350,nR2-12,350.01,-,-,1.14,Estabelecimentos de Intermediação e Representação,VALIDAÇÃO
4616-8/00,"Representantes comerciais e agentes do comércio de têxteis, vestuário, calçados e artigos de viagem",BAIXO RISCO,Regra 4,07.12.13,"Escritório (inclusive virtual), sede de empresa, grupo de salas, centro empresarial",nR1-12 (até 1250) ;  nR2-12 (acima de 1250),nR1-12,"1250,00",nR2-12,"1250,01",-,-,1.01,"Administração, Organização e Planejamento",VALIDAÇÃO
4617-6/00,"Representantes comerciais e agentes do comércio de produtos alimentícios, bebidas e fumo",BAIXO RISCO,Regra 4,07.12.04,"Agência de representação de industria, comércio, agricultura e negócios em geral, agência de turismo, de publicidade, de informações, de empregos, de mensageiros e entrega de encomendas",nR1-12 (Até 350) ; nR2-12 (Acima de 350),nR1-12,350,nR2-12,350.01,-,-,1.14,Estabelecimentos de Intermediação e Representação,VALIDAÇÃO
4617-6/00,"Representantes comerciais e agentes do comércio de produtos alimentícios, bebidas e fumo",BAIXO RISCO,Regra 4,07.12.13,"Escritório (inclusive virtual), sede de empresa, grupo de salas, centro empresarial",nR1-12 (até 1250) ;  nR2-12 (acima de 1250),nR1-12,"1250,00",nR2-12,"1250,01",-,-,1.01,"Administração, Organização e Planejamento",VALIDAÇÃO
4618-4/01,"Representantes comerciais e agentes do comércio de medicamentos, cosméticos e produtos de perfumaria",BAIXO RISCO,Regra 4,07.12.04,"Agência de representação de industria, comércio, agricultura e negócios em geral, agência de turismo, de publicidade, de informações, de empregos, de mensageiros e entrega de encomendas",nR1-12 (Até 350) ; nR2-12 (Acima de 350),nR1-12,350,nR2-12,350.01,-,-,1.14,Estabelecimentos de Intermediação e Representação,VALIDAÇÃO
4618-4/01,"Representantes comerciais e agentes do comércio de medicamentos, cosméticos e produtos de perfumaria",BAIXO RISCO,Regra 4,07.12.13,"Escritório (inclusive virtual), sede de empresa, grupo de salas, centro empresarial",nR1-12 (até 1250) ;  nR2-12 (acima de 1250),nR1-12,"1250,00",nR2-12,"1250,01",-,-,1.01,"Administração, Organização e Planejamento",VALIDAÇÃO
4618-4/02,Representantes comerciais e agentes do comércio de instrumentos e materiais odonto-médico-hospitalares,BAIXO RISCO,Regra 4,07.12.04,"Agência de representação de industria, comércio, agricultura e negócios em geral, agência de turismo, de publicidade, de informações, de empregos, de mensageiros e entrega de encomendas",nR1-12 (Até 350) ; nR2-12 (Acima de 350),nR1-12,350,nR2-12,350.01,-,-,1.14,Estabelecimentos de Intermediação e Representação,VALIDAÇÃO
4618-4/02,Representantes comerciais e agentes do comércio de instrumentos e materiais odonto-médico-hospitalares,BAIXO RISCO,Regra 4,07.12.13,"Escritório (inclusive virtual), sede de empresa, grupo de salas, centro empresarial",nR1-12 (até 1250) ;  nR2-12 (acima de 1250),nR1-12,"1250,00",nR2-12,"1250,01",-,-,1.01,"Administração, Organização e Planejamento",VALIDAÇÃO
4618-4/03,"Representantes comerciais e agentes do comércio de jornais, revistas e outras publicações",BAIXO RISCO,Regra 4,07.12.04,"Agência de representação de industria, comércio, agricultura e negócios em geral, agência de turismo, de publicidade, de informações, de empregos, de mensageiros e entrega de encomendas",nR1-12 (Até 350) ; nR2-12 (Acima de 350),nR1-12,350,nR2-12,350.01,-,-,1.14,Estabelecimentos de Intermediação e Representação,VALIDAÇÃO
4618-4/03,"Representantes comerciais e agentes do comércio de jornais, revistas e outras publicações",BAIXO RISCO,Regra 4,07.12.13,"Escritório (inclusive virtual), sede de empresa, grupo de salas, centro empresarial",nR1-12 (até 1250) ;  nR2-12 (acima de 1250),nR1-12,"1250,00",nR2-12,"1250,01",-,-,1.01,"Administração, Organização e Planejamento",VALIDAÇÃO
4618-4/99,Outros representantes comerciais e agentes do comércio especializado em produtos não especificados anteriormente,BAIXO RISCO,Regra 4,07.12.04,"Agência de representação de industria, comércio, agricultura e negócios em geral, agência de turismo, de publicidade, de informações, de empregos, de mensageiros e entrega de encomendas",nR1-12 (Até 350) ; nR2-12 (Acima de 350),nR1-12,350,nR2-12,350.01,-,-,1.14,Estabelecimentos de Intermediação e Representação,VALIDAÇÃO
4618-4/99,Outros representantes comerciais e agentes do comércio especializado em produtos não especificados anteriormente,BAIXO RISCO,Regra 4,07.12.13,"Escritório (inclusive virtual), sede de empresa, grupo de salas, centro empresarial",nR1-12 (até 1250) ;  nR2-12 (acima de 1250),nR1-12,"1250,00",nR2-12,"1250,01",-,-,1.01,"Administração, Organização e Planejamento",VALIDAÇÃO
4619-2/00,Representantes comerciais e agentes do comércio de mercadorias em geral não especializado,BAIXO RISCO,Regra 4,07.12.04,"Agência de representação de industria, comércio, agricultura e negócios em geral, agência de turismo, de publicidade, de informações, de empregos, de mensageiros e entrega de encomendas",nR1-12 (Até 350) ; nR2-12 (Acima de 350),nR1-12,350,nR2-12,350.01,-,-,1.14,Estabelecimentos de Intermediação e Representação,VALIDAÇÃO
4619-2/00,Representantes comerciais e agentes do comércio de mercadorias em geral não especializado,BAIXO RISCO,Regra 4,07.12.13,"Escritório (inclusive virtual), sede de empresa, grupo de salas, centro empresarial",nR1-12 (até 1250) ;  nR2-12 (acima de 1250),nR1-12,"1250,00",nR2-12,"1250,01",-,-,1.01,"Administração, Organização e Planejamento",VALIDAÇÃO
4621-4/00,Comércio atacadista de café em grão,MÉDIO RISCO,Regra 23,07.01.07,Outros comércios de abastecimento não especificados,nR1-01 (Até 350) ; nR2-01 (Acima de 350),nR1-01,"350,00",nR2-01,"350,01",,,2.01,Comércio Atacadista,VALIDAÇÃO
4621-4/00,Comércio atacadista de café em grão,MÉDIO RISCO,Regra 23,07.12.13,"Escritório (inclusive virtual), sede de empresa, grupo de salas, centro empresarial",nR1-12 (até 1250) ;  nR2-12 (acima de 1250),nR1-12,"1250,00",nR2-12,"1250,01",-,-,1.01,"Administração, Organização e Planejamento",VALIDAÇÃO
4622-2/00,Comércio atacadista de soja,MÉDIO RISCO,Regra 23,07.01.07,Outros comércios de abastecimento não especificados,nR1-01 (Até 350) ; nR2-01 (Acima de 350),nR1-01,"350,00",nR2-01,"350,01",,,2.01,Comércio Atacadista,VALIDAÇÃO
4622-2/00,Comércio atacadista de soja,MÉDIO RISCO,Regra 23,07.12.13,"Escritório (inclusive virtual), sede de empresa, grupo de salas, centro empresarial",nR1-12 (até 1250) ;  nR2-12 (acima de 1250),nR1-12,"1250,00",nR2-12,"1250,01",-,-,1.01,"Administração, Organização e Planejamento",VALIDAÇÃO
4623-1/01,Comércio atacadista de animais vivos,MÉDIO RISCO,Regra 23,07.04.17,Outros comércios especializados não classificados,nR2-04 (Qualquer área),nR2-04,Q,-,Q,-,-,2.01,Comércio Atacadista,VALIDAÇÃO
4623-1/01,Comércio atacadista de animais vivos,MÉDIO RISCO,Regra 23,07.12.13,"Escritório (inclusive virtual), sede de empresa, grupo de salas, centro empresarial",nR1-12 (até 1250) ;  nR2-12 (acima de 1250),nR1-12,"1250,00",nR2-12,"1250,01",-,-,1.01,"Administração, Organização e Planejamento",VALIDAÇÃO
4623-1/02,"Comércio atacadista de couros, lãs, peles e outros subprodutos não-comestíveis de origem animal",MÉDIO RISCO,Regra 5,07.04.17,Outros comércios especializados não classificados,nR2-04 (Qualquer área),nR2-04,Q,-,Q,-,-,2.01,Comércio Atacadista,VALIDAÇÃO
4623-1/02,"Comércio atacadista de couros, lãs, peles e outros subprodutos não-comestíveis de origem animal",BAIXO RISCO,Regra 5,07.12.13,"Escritório (inclusive virtual), sede de empresa, grupo de salas, centro empresarial",nR1-12 (até 1250) ;  nR2-12 (acima de 1250),nR1-12,"1250,00",nR2-12,"1250,01",-,-,1.01,"Administração, Organização e Planejamento",VALIDAÇÃO
4623-1/03,Comércio atacadista de algodão,MÉDIO RISCO,Regra 5,07.04.17,Outros comércios especializados não classificados,nR2-04 (Qualquer área),nR2-04,Q,-,Q,-,-,2.01,Comércio Atacadista,VALIDAÇÃO
4623-1/03,Comércio atacadista de algodão,BAIXO RISCO,Regra 5,07.12.13,"Escritório (inclusive virtual), sede de empresa, grupo de salas, centro empresarial",nR1-12 (até 1250) ;  nR2-12 (acima de 1250),nR1-12,"1250,00",nR2-12,"1250,01",-,-,1.01,"Administração, Organização e Planejamento",VALIDAÇÃO
4623-1/04,Comércio atacadista de fumo em folha não beneficiado,MÉDIO RISCO,Regra 5,07.04.17,Outros comércios especializados não classificados,nR2-04 (Qualquer área),nR2-04,Q,-,Q,-,-,2.01,Comércio Atacadista,VALIDAÇÃO
4623-1/04,Comércio atacadista de fumo em folha não beneficiado,BAIXO RISCO,Regra 5,07.12.13,"Escritório (inclusive virtual), sede de empresa, grupo de salas, centro empresarial",nR1-12 (até 1250) ;  nR2-12 (acima de 1250),nR1-12,"1250,00",nR2-12,"1250,01",-,-,1.01,"Administração, Organização e Planejamento",VALIDAÇÃO
4623-1/05,Comércio atacadista de cacau,MÉDIO RISCO,Regra 23,07.01.07,Outros comércios de abastecimento não especificados,nR1-01 (Até 350) ; nR2-01 (Acima de 350),nR1-01,"350,00",nR2-01,"350,01",,,2.01,Comércio Atacadista,VALIDAÇÃO
4623-1/05,Comércio atacadista de cacau,MÉDIO RISCO,Regra 23,07.12.13,"Escritório (inclusive virtual), sede de empresa, grupo de salas, centro empresarial",nR1-12 (até 1250) ;  nR2-12 (acima de 1250),nR1-12,"1250,00",nR2-12,"1250,01",-,-,1.01,"Administração, Organização e Planejamento",VALIDAÇÃO
4623-1/06,"Comércio atacadista de sementes, flores, plantas e gramas",MÉDIO RISCO,Regra 5,07.03.01,"Comércio de variedades, presentes, “souvenirs” e miudezas: bazar, loja de artesanato, armarinho, floricultura",nR1-03 (Até 350) ; nR2-03 (Acima de 350),nR1-03,"350,00",nR2-03,"350,01",-,-,2.01,Comércio Atacadista,VALIDAÇÃO
4623-1/06,"Comércio atacadista de sementes, flores, plantas e gramas",BAIXO RISCO,Regra 5,07.12.13,"Escritório (inclusive virtual), sede de empresa, grupo de salas, centro empresarial",nR1-12 (até 1250) ;  nR2-12 (acima de 1250),nR1-12,"1250,00",nR2-12,"1250,01",-,-,1.01,"Administração, Organização e Planejamento",VALIDAÇÃO
4623-1/07,Comércio atacadista de sisal,MÉDIO RISCO,Regra 5,07.01.07,Outros comércios de abastecimento não especificados,nR1-01 (Até 350) ; nR2-01 (Acima de 350),nR1-01,"350,00",nR2-01,"350,01",,,2.01,Comércio Atacadista,VALIDAÇÃO
4623-1/07,Comércio atacadista de sisal,BAIXO RISCO,Regra 5,07.12.13,"Escritório (inclusive virtual), sede de empresa, grupo de salas, centro empresarial",nR1-12 (até 1250) ;  nR2-12 (acima de 1250),nR1-12,"1250,00",nR2-12,"1250,01",-,-,1.01,"Administração, Organização e Planejamento",VALIDAÇÃO
4623-1/08,Comércio atacadista de matérias-primas agrícolas com atividade de fracionamento e acondicionamento associada,MÉDIO RISCO,Regra 5,07.01.07,Outros comércios de abastecimento não especificados,nR1-01 (Até 350) ; nR2-01 (Acima de 350),nR1-01,"350,00",nR2-01,"350,01",,,2.01,Comércio Atacadista,VALIDAÇÃO
4623-1/08,Comércio atacadista de matérias-primas agrícolas com atividade de fracionamento e acondicionamento associada,BAIXO RISCO,Regra 5,07.12.13,"Escritório (inclusive virtual), sede de empresa, grupo de salas, centro empresarial",nR1-12 (até 1250) ;  nR2-12 (acima de 1250),nR1-12,"1250,00",nR2-12,"1250,01",-,-,1.01,"Administração, Organização e Planejamento",VALIDAÇÃO
4623-1/09,Comércio atacadista de alimentos para animais,MÉDIO RISCO,Regra 5,07.01.07,Outros comércios de abastecimento não especificados,nR1-01 (Até 350) ; nR2-01 (Acima de 350),nR1-01,"350,00",nR2-01,"350,01",,,2.01,Comércio Atacadista,VALIDAÇÃO
4623-1/09,Comércio atacadista de alimentos para animais,BAIXO RISCO,Regra 5,07.12.13,"Escritório (inclusive virtual), sede de empresa, grupo de salas, centro empresarial",nR1-12 (até 1250) ;  nR2-12 (acima de 1250),nR1-12,"1250,00",nR2-12,"1250,01",-,-,1.01,"Administração, Organização e Planejamento",VALIDAÇÃO
4623-1/99,Comércio atacadista de matérias-primas agrícolas não especificadas anteriormente,MÉDIO RISCO,Regra 5,07.01.07,Outros comércios de abastecimento não especificados,nR1-01 (Até 350) ; nR2-01 (Acima de 350),nR1-01,"350,00",nR2-01,"350,01",,,2.01,Comércio Atacadista,VALIDAÇÃO
4623-1/99,Comércio atacadista de matérias-primas agrícolas não especificadas anteriormente,BAIXO RISCO,Regra 5,07.12.13,"Escritório (inclusive virtual), sede de empresa, grupo de salas, centro empresarial",nR1-12 (até 1250) ;  nR2-12 (acima de 1250),nR1-12,"1250,00",nR2-12,"1250,01",-,-,1.01,"Administração, Organização e Planejamento",VALIDAÇÃO
4631-1/00,Comércio atacadista de leite e laticínios,MÉDIO RISCO,Regra 23,07.01.07,Outros comércios de abastecimento não especificados,nR1-01 (Até 350) ; nR2-01 (Acima de 350),nR1-01,"350,00",nR2-01,"350,01",,,2.01,Comércio Atacadista,VALIDAÇÃO
4631-1/00,Comércio atacadista de leite e laticínios,MÉDIO RISCO,Regra 23,07.12.13,"Escritório (inclusive virtual), sede de empresa, grupo de salas, centro empresarial",nR1-12 (até 1250) ;  nR2-12 (acima de 1250),nR1-12,"1250,00",nR2-12,"1250,01",-,-,1.01,"Administração, Organização e Planejamento",VALIDAÇÃO
4632-0/01,Comércio atacadista de cereais e leguminosas beneficiados,MÉDIO RISCO,Regra 23,07.01.07,Outros comércios de abastecimento não especificados,nR1-01 (Até 350) ; nR2-01 (Acima de 350),nR1-01,"350,00",nR2-01,"350,01",,,2.01,Comércio Atacadista,VALIDAÇÃO
4632-0/01,Comércio atacadista de cereais e leguminosas beneficiados,MÉDIO RISCO,Regra 23,07.12.13,"Escritório (inclusive virtual), sede de empresa, grupo de salas, centro empresarial",nR1-12 (até 1250) ;  nR2-12 (acima de 1250),nR1-12,"1250,00",nR2-12,"1250,01",-,-,1.01,"Administração, Organização e Planejamento",VALIDAÇÃO
4632-0/02,"Comércio atacadista de farinhas, amidos e féculas",MÉDIO RISCO,Regra 23,07.01.07,Outros comércios de abastecimento não especificados,nR1-01 (Até 350) ; nR2-01 (Acima de 350),nR1-01,"350,00",nR2-01,"350,01",,,2.01,Comércio Atacadista,VALIDAÇÃO
4632-0/02,"Comércio atacadista de farinhas, amidos e féculas",MÉDIO RISCO,Regra 23,07.12.13,"Escritório (inclusive virtual), sede de empresa, grupo de salas, centro empresarial",nR1-12 (até 1250) ;  nR2-12 (acima de 1250),nR1-12,"1250,00",nR2-12,"1250,01",-,-,1.01,"Administração, Organização e Planejamento",VALIDAÇÃO
4632-0/03,"Comércio atacadista de cereais e leguminosas beneficiados, farinhas, amidos e féculas, com atividade de fracionamento e acondicionamento associada",MÉDIO RISCO,Regra 23,07.01.07,Outros comércios de abastecimento não especificados,nR1-01 (Até 350) ; nR2-01 (Acima de 350),nR1-01,"350,00",nR2-01,"350,01",,,2.01,Comércio Atacadista,VALIDAÇÃO
4632-0/03,"Comércio atacadista de cereais e leguminosas beneficiados, farinhas, amidos e féculas, com atividade de fracionamento e acondicionamento associada",MÉDIO RISCO,Regra 23,07.12.13,"Escritório (inclusive virtual), sede de empresa, grupo de salas, centro empresarial",nR1-12 (até 1250) ;  nR2-12 (acima de 1250),nR1-12,"1250,00",nR2-12,"1250,01",-,-,1.01,"Administração, Organização e Planejamento",VALIDAÇÃO
4633-8/01,"Comércio atacadista de frutas, verduras, raízes, tubérculos, hortaliças e legumes frescos",MÉDIO RISCO,Regra 23,07.01.07,Outros comércios de abastecimento não especificados,nR1-01 (Até 350) ; nR2-01 (Acima de 350),nR1-01,"350,00",nR2-01,"350,01",,,2.01,Comércio Atacadista,VALIDAÇÃO
4633-8/01,"Comércio atacadista de frutas, verduras, raízes, tubérculos, hortaliças e legumes frescos",MÉDIO RISCO,Regra 23,07.12.13,"Escritório (inclusive virtual), sede de empresa, grupo de salas, centro empresarial",nR1-12 (até 1250) ;  nR2-12 (acima de 1250),nR1-12,"1250,00",nR2-12,"1250,01",-,-,1.01,"Administração, Organização e Planejamento",VALIDAÇÃO
4633-8/02,Comércio atacadista de aves vivas e ovos,MÉDIO RISCO,Regra 23,07.01.07,Outros comércios de abastecimento não especificados,nR1-01 (Até 350) ; nR2-01 (Acima de 350),nR1-01,"350,00",nR2-01,"350,01",,,2.01,Comércio Atacadista,VALIDAÇÃO
4633-8/02,Comércio atacadista de aves vivas e ovos,MÉDIO RISCO,Regra 23,07.12.13,"Escritório (inclusive virtual), sede de empresa, grupo de salas, centro empresarial",nR1-12 (até 1250) ;  nR2-12 (acima de 1250),nR1-12,"1250,00",nR2-12,"1250,01",-,-,1.01,"Administração, Organização e Planejamento",VALIDAÇÃO
4633-8/03,Comércio atacadista de coelhos e outros pequenos animais vivos para alimentação,MÉDIO RISCO,Regra 23,07.01.01,"Comércio de carnes, aves e peixes para preparo de alimentos",nR1-01 (Até 350) ; nR2-01 (Acima de 350),nR1-01,"350,00",nR2-01,"350,01",,,2.01,Comércio Atacadista,VALIDAÇÃO
4633-8/03,Comércio atacadista de coelhos e outros pequenos animais vivos para alimentação,MÉDIO RISCO,Regra 23,07.12.13,"Escritório (inclusive virtual), sede de empresa, grupo de salas, centro empresarial",nR1-12 (até 1250) ;  nR2-12 (acima de 1250),nR1-12,"1250,00",nR2-12,"1250,01",-,-,1.01,"Administração, Organização e Planejamento",VALIDAÇÃO
4634-6/01,Comércio atacadista de carnes bovinas e suínas e derivados,MÉDIO RISCO,Regra 23,07.01.01,"Comércio de carnes, aves e peixes para preparo de alimentos",nR1-01 (Até 350) ; nR2-01 (Acima de 350),nR1-01,"350,00",nR2-01,"350,01",,,2.01,Comércio Atacadista,VALIDAÇÃO
4634-6/01,Comércio atacadista de carnes bovinas e suínas e derivados,MÉDIO RISCO,Regra 23,07.12.13,"Escritório (inclusive virtual), sede de empresa, grupo de salas, centro empresarial",nR1-12 (até 1250) ;  nR2-12 (acima de 1250),nR1-12,"1250,00",nR2-12,"1250,01",-,-,1.01,"Administração, Organização e Planejamento",VALIDAÇÃO
4634-6/02,Comércio atacadista de aves abatidas e derivados,MÉDIO RISCO,Regra 23,07.01.01,"Comércio de carnes, aves e peixes para preparo de alimentos",nR1-01 (Até 350) ; nR2-01 (Acima de 350),nR1-01,"350,00",nR2-01,"350,01",,,2.01,Comércio Atacadista,VALIDAÇÃO
4634-6/02,Comércio atacadista de aves abatidas e derivados,MÉDIO RISCO,Regra 23,07.12.13,"Escritório (inclusive virtual), sede de empresa, grupo de salas, centro empresarial",nR1-12 (até 1250) ;  nR2-12 (acima de 1250),nR1-12,"1250,00",nR2-12,"1250,01",-,-,1.01,"Administração, Organização e Planejamento",VALIDAÇÃO
4634-6/03,Comércio atacadista de pescados e frutos do mar,MÉDIO RISCO,Regra 23,07.01.01,"Comércio de carnes, aves e peixes para preparo de alimentos",nR1-01 (Até 350) ; nR2-01 (Acima de 350),nR1-01,"350,00",nR2-01,"350,01",,,2.01,Comércio Atacadista,VALIDAÇÃO
4634-6/03,Comércio atacadista de pescados e frutos do mar,MÉDIO RISCO,Regra 23,07.12.13,"Escritório (inclusive virtual), sede de empresa, grupo de salas, centro empresarial",nR1-12 (até 1250) ;  nR2-12 (acima de 1250),nR1-12,"1250,00",nR2-12,"1250,01",-,-,1.01,"Administração, Organização e Planejamento",VALIDAÇÃO
4634-6/99,Comércio atacadista de carnes e derivados de outros animais,MÉDIO RISCO,Regra 23,07.01.01,"Comércio de carnes, aves e peixes para preparo de alimentos",nR1-01 (Até 350) ; nR2-01 (Acima de 350),nR1-01,"350,00",nR2-01,"350,01",,,2.01,Comércio Atacadista,VALIDAÇÃO
4634-6/99,Comércio atacadista de carnes e derivados de outros animais,MÉDIO RISCO,Regra 23,07.12.13,"Escritório (inclusive virtual), sede de empresa, grupo de salas, centro empresarial",nR1-12 (até 1250) ;  nR2-12 (acima de 1250),nR1-12,"1250,00",nR2-12,"1250,01",-,-,1.01,"Administração, Organização e Planejamento",VALIDAÇÃO
4635-4/01,Comércio atacadista de água mineral,MÉDIO RISCO,Regra 5,07.01.04,Comércio de bebidas,nR1-01 (Até 350) ; nR2-01 (Acima de 350),nR1-01,"350,00",nR2-01,"350,01",,,2.01,Comércio Atacadista,VALIDAÇÃO
4635-4/01,Comércio atacadista de água mineral,BAIXO RISCO,Regra 5,07.12.13,"Escritório (inclusive virtual), sede de empresa, grupo de salas, centro empresarial",nR1-12 (até 1250) ;  nR2-12 (acima de 1250),nR1-12,"1250,00",nR2-12,"1250,01",-,-,1.01,"Administração, Organização e Planejamento",VALIDAÇÃO
4635-4/02,"Comércio atacadista de cerveja, chope e refrigerante",MÉDIO RISCO,Regra 5,07.01.04,Comércio de bebidas,nR1-01 (Até 350) ; nR2-01 (Acima de 350),nR1-01,"350,00",nR2-01,"350,01",,,2.01,Comércio Atacadista,VALIDAÇÃO
4635-4/02,"Comércio atacadista de cerveja, chope e refrigerante",BAIXO RISCO,Regra 5,07.12.13,"Escritório (inclusive virtual), sede de empresa, grupo de salas, centro empresarial",nR1-12 (até 1250) ;  nR2-12 (acima de 1250),nR1-12,"1250,00",nR2-12,"1250,01",-,-,1.01,"Administração, Organização e Planejamento",VALIDAÇÃO
4635-4/03,Comércio atacadista de bebidas com atividade de fracionamento e acondicionamento associada,MÉDIO RISCO,Regra 23,07.01.04,Comércio de bebidas,nR1-01 (Até 350) ; nR2-01 (Acima de 350),nR1-01,"350,00",nR2-01,"350,01",,,2.01,Comércio Atacadista,VALIDAÇÃO
4635-4/03,Comércio atacadista de bebidas com atividade de fracionamento e acondicionamento associada,MÉDIO RISCO,Regra 23,07.12.13,"Escritório (inclusive virtual), sede de empresa, grupo de salas, centro empresarial",nR1-12 (até 1250) ;  nR2-12 (acima de 1250),nR1-12,"1250,00",nR2-12,"1250,01",-,-,1.01,"Administração, Organização e Planejamento",VALIDAÇÃO
4635-4/99,Comércio atacadista de bebidas não especificadas anteriormente,MÉDIO RISCO,Regra 23,07.01.04,Comércio de bebidas,nR1-01 (Até 350) ; nR2-01 (Acima de 350),nR1-01,"350,00",nR2-01,"350,01",,,2.01,Comércio Atacadista,VALIDAÇÃO
4635-4/99,Comércio atacadista de bebidas não especificadas anteriormente,MÉDIO RISCO,Regra 23,07.12.13,"Escritório (inclusive virtual), sede de empresa, grupo de salas, centro empresarial",nR1-12 (até 1250) ;  nR2-12 (acima de 1250),nR1-12,"1250,00",nR2-12,"1250,01",-,-,1.01,"Administração, Organização e Planejamento",VALIDAÇÃO
4636-2/01,Comércio atacadista de fumo beneficiado,MÉDIO RISCO,Regra 5,07.03.07,"Comércio de artigos de ótica, de tabacaria, de artigos religiosos, de discos, CDs e DVDs, de brinquedos, “games” e similares, de artigos recreativos e desportivos (e suas peças e acessórios), de materiais fotográficos e cinematográficos",nR1-03 (Até 350) ; nR2-03 (Acima de 350),nR1-03,"350,00",nR2-03,"350,01",,,2.01,Comércio Atacadista,VALIDAÇÃO
4636-2/01,Comércio atacadista de fumo beneficiado,BAIXO RISCO,Regra 5,07.12.13,"Escritório (inclusive virtual), sede de empresa, grupo de salas, centro empresarial",nR1-12 (até 1250) ;  nR2-12 (acima de 1250),nR1-12,"1250,00",nR2-12,"1250,01",-,-,1.01,"Administração, Organização e Planejamento",VALIDAÇÃO
4636-2/02,"Comércio atacadista de cigarros, cigarrilhas e charutos",MÉDIO RISCO,Regra 5,07.03.07,"Comércio de artigos de ótica, de tabacaria, de artigos religiosos, de discos, CDs e DVDs, de brinquedos, “games” e similares, de artigos recreativos e desportivos (e suas peças e acessórios), de materiais fotográficos e cinematográficos",nR1-03 (Até 350) ; nR2-03 (Acima de 350),nR1-03,"350,00",nR2-03,"350,01",,,2.01,Comércio Atacadista,VALIDAÇÃO
4636-2/02,"Comércio atacadista de cigarros, cigarrilhas e charutos",BAIXO RISCO,Regra 5,07.12.13,"Escritório (inclusive virtual), sede de empresa, grupo de salas, centro empresarial",nR1-12 (até 1250) ;  nR2-12 (acima de 1250),nR1-12,"1250,00",nR2-12,"1250,01",-,-,1.01,"Administração, Organização e Planejamento",VALIDAÇÃO
4637-1/01,"Comércio atacadista de café torrado, moído e solúvel",MÉDIO RISCO,Regra 23,07.01.07,Outros comércios de abastecimento não especificados,nR1-01 (Até 350) ; nR2-01 (Acima de 350),nR1-01,"350,00",nR2-01,"350,01",,,2.01,Comércio Atacadista,VALIDAÇÃO
4637-1/01,"Comércio atacadista de café torrado, moído e solúvel",MÉDIO RISCO,Regra 23,07.12.13,"Escritório (inclusive virtual), sede de empresa, grupo de salas, centro empresarial",nR1-12 (até 1250) ;  nR2-12 (acima de 1250),nR1-12,"1250,00",nR2-12,"1250,01",-,-,1.01,"Administração, Organização e Planejamento",VALIDAÇÃO
4637-1/02,Comércio atacadista de açúcar,MÉDIO RISCO,Regra 23,07.01.07,Outros comércios de abastecimento não especificados,nR1-01 (Até 350) ; nR2-01 (Acima de 350),nR1-01,"350,00",nR2-01,"350,01",,,2.01,Comércio Atacadista,VALIDAÇÃO
4637-1/02,Comércio atacadista de açúcar,MÉDIO RISCO,Regra 23,07.12.13,"Escritório (inclusive virtual), sede de empresa, grupo de salas, centro empresarial",nR1-12 (até 1250) ;  nR2-12 (acima de 1250),nR1-12,"1250,00",nR2-12,"1250,01",-,-,1.01,"Administração, Organização e Planejamento",VALIDAÇÃO
4637-1/03,Comércio atacadista de óleos e gorduras,MÉDIO RISCO,Regra 23,07.01.07,Outros comércios de abastecimento não especificados,nR1-01 (Até 350) ; nR2-01 (Acima de 350),nR1-01,"350,00",nR2-01,"350,01",,,2.01,Comércio Atacadista,VALIDAÇÃO
4637-1/03,Comércio atacadista de óleos e gorduras,MÉDIO RISCO,Regra 23,07.12.13,"Escritório (inclusive virtual), sede de empresa, grupo de salas, centro empresarial",nR1-12 (até 1250) ;  nR2-12 (acima de 1250),nR1-12,"1250,00",nR2-12,"1250,01",-,-,1.01,"Administração, Organização e Planejamento",VALIDAÇÃO
4637-1/04,"Comércio atacadista de pães, bolos, biscoitos e similares",MÉDIO RISCO,Regra 23,07.01.07,Outros comércios de abastecimento não especificados,nR1-01 (Até 350) ; nR2-01 (Acima de 350),nR1-01,"350,00",nR2-01,"350,01",,,2.01,Comércio Atacadista,VALIDAÇÃO
4637-1/04,"Comércio atacadista de pães, bolos, biscoitos e similares",MÉDIO RISCO,Regra 23,07.12.13,"Escritório (inclusive virtual), sede de empresa, grupo de salas, centro empresarial",nR1-12 (até 1250) ;  nR2-12 (acima de 1250),nR1-12,"1250,00",nR2-12,"1250,01",-,-,1.01,"Administração, Organização e Planejamento",VALIDAÇÃO
4637-1/05,Comércio atacadista de massas alimentícias,MÉDIO RISCO,Regra 23,07.01.07,Outros comércios de abastecimento não especificados,nR1-01 (Até 350) ; nR2-01 (Acima de 350),nR1-01,"350,00",nR2-01,"350,01",,,2.01,Comércio Atacadista,VALIDAÇÃO
4637-1/05,Comércio atacadista de massas alimentícias,MÉDIO RISCO,Regra 23,07.12.13,"Escritório (inclusive virtual), sede de empresa, grupo de salas, centro empresarial",nR1-12 (até 1250) ;  nR2-12 (acima de 1250),nR1-12,"1250,00",nR2-12,"1250,01",-,-,1.01,"Administração, Organização e Planejamento",VALIDAÇÃO
4637-1/06,Comércio atacadista de sorvetes,MÉDIO RISCO,Regra 23,07.01.07,Outros comércios de abastecimento não especificados,nR1-01 (Até 350) ; nR2-01 (Acima de 350),nR1-01,"350,00",nR2-01,"350,01",,,2.01,Comércio Atacadista,VALIDAÇÃO
4637-1/06,Comércio atacadista de sorvetes,MÉDIO RISCO,Regra 23,07.12.13,"Escritório (inclusive virtual), sede de empresa, grupo de salas, centro empresarial",nR1-12 (até 1250) ;  nR2-12 (acima de 1250),nR1-12,"1250,00",nR2-12,"1250,01",-,-,1.01,"Administração, Organização e Planejamento",VALIDAÇÃO
4637-1/07,"Comércio atacadista de chocolates, confeitos, balas, bombons e semelhantes",MÉDIO RISCO,Regra 5,07.01.07,Outros comércios de abastecimento não especificados,nR1-01 (Até 350) ; nR2-01 (Acima de 350),nR1-01,"350,00",nR2-01,"350,01",,,2.01,Comércio Atacadista,VALIDAÇÃO
4637-1/07,"Comércio atacadista de chocolates, confeitos, balas, bombons e semelhantes",BAIXO RISCO,Regra 5,07.12.13,"Escritório (inclusive virtual), sede de empresa, grupo de salas, centro empresarial",nR1-12 (até 1250) ;  nR2-12 (acima de 1250),nR1-12,"1250,00",nR2-12,"1250,01",-,-,1.01,"Administração, Organização e Planejamento",VALIDAÇÃO
4637-1/99,Comércio atacadista especializado em outros produtos alimentícios não especificados anteriormente,MÉDIO RISCO,Regra 23,07.01.07,Outros comércios de abastecimento não especificados,nR1-01 (Até 350) ; nR2-01 (Acima de 350),nR1-01,"350,00",nR2-01,"350,01",,,2.01,Comércio Atacadista,VALIDAÇÃO
4637-1/99,Comércio atacadista especializado em outros produtos alimentícios não especificados anteriormente,MÉDIO RISCO,Regra 23,07.12.13,"Escritório (inclusive virtual), sede de empresa, grupo de salas, centro empresarial",nR1-12 (até 1250) ;  nR2-12 (acima de 1250),nR1-12,"1250,00",nR2-12,"1250,01",-,-,1.01,"Administração, Organização e Planejamento",VALIDAÇÃO
4639-7/01,Comércio atacadista de produtos alimentícios em geral,MÉDIO RISCO,Regra 23,07.01.07,Outros comércios de abastecimento não especificados,nR1-01 (Até 350) ; nR2-01 (Acima de 350),nR1-01,"350,00",nR2-01,"350,01",,,2.01,Comércio Atacadista,VALIDAÇÃO
4639-7/01,Comércio atacadista de produtos alimentícios em geral,MÉDIO RISCO,Regra 23,07.12.13,"Escritório (inclusive virtual), sede de empresa, grupo de salas, centro empresarial",nR1-12 (até 1250) ;  nR2-12 (acima de 1250),nR1-12,"1250,00",nR2-12,"1250,01",-,-,1.01,"Administração, Organização e Planejamento",VALIDAÇÃO
4639-7/02,"Comércio atacadista de produtos alimentícios em geral, com atividade de fracionamento e acondicionamento associada",ALTO,Regra 49,07.01.07,Outros comércios de abastecimento não especificados,nR1-01 (Até 350) ; nR2-01 (Acima de 350),nR1-01,"350,00",nR2-01,"350,01",,,2.01,Comércio Atacadista,VALIDAÇÃO
4639-7/02,"Comércio atacadista de produtos alimentícios em geral, com atividade de fracionamento e acondicionamento associada",ALTO,Regra 49,07.12.13,"Escritório (inclusive virtual), sede de empresa, grupo de salas, centro empresarial",nR1-12 (até 1250) ;  nR2-12 (acima de 1250),nR1-12,"1250,00",nR2-12,"1250,01",-,-,1.01,"Administração, Organização e Planejamento",VALIDAÇÃO
4641-9/01,Comércio atacadista de tecidos,MÉDIO RISCO,Regra 5,07.03.03,"Comércio de artigos de vestuário, calçados, bolsas, artigos de viagem e acessórios, artigos de cama, mesa, banho, utilidades domésticas, tecidos e fios têxteis",nR1-03 (Até 350) ; nR2-03 (Acima de 350),nR1-03,"350,00",nR2-03,"350,01",,,2.01,Comércio Atacadista,VALIDAÇÃO
4641-9/01,Comércio atacadista de tecidos,BAIXO RISCO,Regra 5,07.12.13,"Escritório (inclusive virtual), sede de empresa, grupo de salas, centro empresarial",nR1-12 (até 1250) ;  nR2-12 (acima de 1250),nR1-12,"1250,00",nR2-12,"1250,01",-,-,1.01,"Administração, Organização e Planejamento",VALIDAÇÃO
4641-9/02,"Comércio atacadista de artigos de cama, mesa e banho",MÉDIO RISCO,Regra 5,07.03.03,"Comércio de artigos de vestuário, calçados, bolsas, artigos de viagem e acessórios, artigos de cama, mesa, banho, utilidades domésticas, tecidos e fios têxteis",nR1-03 (Até 350) ; nR2-03 (Acima de 350),nR1-03,"350,00",nR2-03,"350,01",,,2.01,Comércio Atacadista,VALIDAÇÃO
4641-9/02,"Comércio atacadista de artigos de cama, mesa e banho",BAIXO RISCO,Regra 5,07.12.13,"Escritório (inclusive virtual), sede de empresa, grupo de salas, centro empresarial",nR1-12 (até 1250) ;  nR2-12 (acima de 1250),nR1-12,"1250,00",nR2-12,"1250,01",-,-,1.01,"Administração, Organização e Planejamento",VALIDAÇÃO
4641-9/03,Comércio atacadista de artigos de armarinho,MÉDIO RISCO,Regra 5,07.03.01,"Comércio de variedades, presentes, “souvenirs” e miudezas: bazar, loja de artesanato, armarinho, floricultura",nR1-03 (Até 350) ; nR2-03 (Acima de 350),nR1-03,"350,00",nR2-03,"350,01",-,-,2.01,Comércio Atacadista,VALIDAÇÃO
4641-9/03,Comércio atacadista de artigos de armarinho,BAIXO RISCO,Regra 5,07.12.13,"Escritório (inclusive virtual), sede de empresa, grupo de salas, centro empresarial",nR1-12 (até 1250) ;  nR2-12 (acima de 1250),nR1-12,"1250,00",nR2-12,"1250,01",-,-,1.01,"Administração, Organização e Planejamento",VALIDAÇÃO
4642-7/01,"Comércio atacadista de artigos do vestuário e acessórios, exceto profissionais e de segurança",MÉDIO RISCO,Regra 5,07.03.03,"Comércio de artigos de vestuário, calçados, bolsas, artigos de viagem e acessórios, artigos de cama, mesa, banho, utilidades domésticas, tecidos e fios têxteis",nR1-03 (Até 350) ; nR2-03 (Acima de 350),nR1-03,"350,00",nR2-03,"350,01",,,2.01,Comércio Atacadista,VALIDAÇÃO
4642-7/01,"Comércio atacadista de artigos do vestuário e acessórios, exceto profissionais e de segurança",BAIXO RISCO,Regra 5,07.12.13,"Escritório (inclusive virtual), sede de empresa, grupo de salas, centro empresarial",nR1-12 (até 1250) ;  nR2-12 (acima de 1250),nR1-12,"1250,00",nR2-12,"1250,01",-,-,1.01,"Administração, Organização e Planejamento",VALIDAÇÃO
4642-7/02,Comércio atacadista de roupas e acessórios para uso profissional e de segurança do trabalho,MÉDIO RISCO,Regra 5,07.03.03,"Comércio de artigos de vestuário, calçados, bolsas, artigos de viagem e acessórios, artigos de cama, mesa, banho, utilidades domésticas, tecidos e fios têxteis",nR1-03 (Até 350) ; nR2-03 (Acima de 350),nR1-03,"350,00",nR2-03,"350,01",,,2.01,Comércio Atacadista,VALIDAÇÃO
4642-7/02,Comércio atacadista de roupas e acessórios para uso profissional e de segurança do trabalho,BAIXO RISCO,Regra 5,07.12.13,"Escritório (inclusive virtual), sede de empresa, grupo de salas, centro empresarial",nR1-12 (até 1250) ;  nR2-12 (acima de 1250),nR1-12,"1250,00",nR2-12,"1250,01",-,-,1.01,"Administração, Organização e Planejamento",VALIDAÇÃO
4643-5/01,Comércio atacadista de calçados,MÉDIO RISCO,Regra 5,07.03.03,"Comércio de artigos de vestuário, calçados, bolsas, artigos de viagem e acessórios, artigos de cama, mesa, banho, utilidades domésticas, tecidos e fios têxteis",nR1-03 (Até 350) ; nR2-03 (Acima de 350),nR1-03,"350,00",nR2-03,"350,01",,,2.01,Comércio Atacadista,VALIDAÇÃO
4643-5/01,Comércio atacadista de calçados,BAIXO RISCO,Regra 5,07.12.13,"Escritório (inclusive virtual), sede de empresa, grupo de salas, centro empresarial",nR1-12 (até 1250) ;  nR2-12 (acima de 1250),nR1-12,"1250,00",nR2-12,"1250,01",-,-,1.01,"Administração, Organização e Planejamento",VALIDAÇÃO
4643-5/02,"Comércio atacadista de bolsas, malas e artigos de viagem",MÉDIO RISCO,Regra 5,07.03.03,"Comércio de artigos de vestuário, calçados, bolsas, artigos de viagem e acessórios, artigos de cama, mesa, banho, utilidades domésticas, tecidos e fios têxteis",nR1-03 (Até 350) ; nR2-03 (Acima de 350),nR1-03,"350,00",nR2-03,"350,01",,,2.01,Comércio Atacadista,VALIDAÇÃO
4643-5/02,"Comércio atacadista de bolsas, malas e artigos de viagem",BAIXO RISCO,Regra 5,07.12.13,"Escritório (inclusive virtual), sede de empresa, grupo de salas, centro empresarial",nR1-12 (até 1250) ;  nR2-12 (acima de 1250),nR1-12,"1250,00",nR2-12,"1250,01",-,-,1.01,"Administração, Organização e Planejamento",VALIDAÇÃO
4644-3/01,Comércio atacadista de medicamentos e drogas de uso humano,ALTO,Regra 49,07.03.09,Comércio de medicamentos e higiene pessoal,nR1-03 (Até 350) ; nR2-03 (Acima de 350),nR1-03,"350,00",nR2-03,"350,01",,,2.01,Comércio Atacadista,VALIDAÇÃO
4644-3/01,Comércio atacadista de medicamentos e drogas de uso humano,ALTO,Regra 49,07.12.13,"Escritório (inclusive virtual), sede de empresa, grupo de salas, centro empresarial",nR1-12 (até 1250) ;  nR2-12 (acima de 1250),nR1-12,"1250,00",nR2-12,"1250,01",-,-,1.01,"Administração, Organização e Planejamento",VALIDAÇÃO
4644-3/02,Comércio atacadista de medicamentos e drogas de uso veterinário,MÉDIO RISCO,Regra 5,07.04.06,"Comércio de produtos veterinários, rações e sementes",nR2-04 (Qualquer área),nR2-04,Q,-,Q,-,-,2.01,Comércio Atacadista,VALIDAÇÃO
4644-3/02,Comércio atacadista de medicamentos e drogas de uso veterinário,BAIXO RISCO,Regra 5,07.12.13,"Escritório (inclusive virtual), sede de empresa, grupo de salas, centro empresarial",nR1-12 (até 1250) ;  nR2-12 (acima de 1250),nR1-12,"1250,00",nR2-12,"1250,01",-,-,1.01,"Administração, Organização e Planejamento",VALIDAÇÃO
4645-1/01,"Comércio atacadista de instrumentos e materiais para uso médico, cirúrgico, hospitalar e de laboratórios",ALTO,Regra 49,07.04.02,Comércio de aparelhos e equipamentos médicos e odontológicos,nR2-04 (Qualquer área),nR2-04,Q,-,Q,-,-,2.01,Comércio Atacadista,VALIDAÇÃO
4645-1/01,"Comércio atacadista de instrumentos e materiais para uso médico, cirúrgico, hospitalar e de laboratórios",ALTO,Regra 49,07.12.13,"Escritório (inclusive virtual), sede de empresa, grupo de salas, centro empresarial",nR1-12 (até 1250) ;  nR2-12 (acima de 1250),nR1-12,"1250,00",nR2-12,"1250,01",-,-,1.01,"Administração, Organização e Planejamento",VALIDAÇÃO
4645-1/02,Comércio atacadista de próteses e artigos de ortopedia,ALTO,Regra 49,07.04.17,Outros comércios especializados não classificados,nR2-04 (Qualquer área),nR2-04,Q,-,Q,-,-,2.01,Comércio Atacadista,VALIDAÇÃO
4645-1/02,Comércio atacadista de próteses e artigos de ortopedia,ALTO,Regra 49,07.12.13,"Escritório (inclusive virtual), sede de empresa, grupo de salas, centro empresarial",nR1-12 (até 1250) ;  nR2-12 (acima de 1250),nR1-12,"1250,00",nR2-12,"1250,01",-,-,1.01,"Administração, Organização e Planejamento",VALIDAÇÃO
4645-1/03,Comércio atacadista de produtos odontológicos,ALTO,Regra 49,07.04.02,Comércio de aparelhos e equipamentos médicos e odontológicos,nR2-04 (Qualquer área),nR2-04,Q,-,Q,-,-,2.01,Comércio Atacadista,VALIDAÇÃO
4645-1/03,Comércio atacadista de produtos odontológicos,ALTO,Regra 49,07.12.13,"Escritório (inclusive virtual), sede de empresa, grupo de salas, centro empresarial",nR1-12 (até 1250) ;  nR2-12 (acima de 1250),nR1-12,"1250,00",nR2-12,"1250,01",-,-,1.01,"Administração, Organização e Planejamento",VALIDAÇÃO
4646-0/01,Comércio atacadista de cosméticos e produtos de perfumaria,ALTO,Regra 49,07.03.09,Comércio de medicamentos e higiene pessoal,nR1-03 (Até 350) ; nR2-03 (Acima de 350),nR1-03,"350,00",nR2-03,"350,01",,,2.01,Comércio Atacadista,VALIDAÇÃO
4646-0/01,Comércio atacadista de cosméticos e produtos de perfumaria,ALTO,Regra 49,07.12.13,"Escritório (inclusive virtual), sede de empresa, grupo de salas, centro empresarial",nR1-12 (até 1250) ;  nR2-12 (acima de 1250),nR1-12,"1250,00",nR2-12,"1250,01",-,-,1.01,"Administração, Organização e Planejamento",VALIDAÇÃO
4646-0/02,Comércio atacadista de produtos de higiene pessoal,ALTO,Regra 49,07.03.09,Comércio de medicamentos e higiene pessoal,nR1-03 (Até 350) ; nR2-03 (Acima de 350),nR1-03,"350,00",nR2-03,"350,01",,,2.01,Comércio Atacadista,VALIDAÇÃO
4646-0/02,Comércio atacadista de produtos de higiene pessoal,ALTO,Regra 49,07.12.13,"Escritório (inclusive virtual), sede de empresa, grupo de salas, centro empresarial",nR1-12 (até 1250) ;  nR2-12 (acima de 1250),nR1-12,"1250,00",nR2-12,"1250,01",-,-,1.01,"Administração, Organização e Planejamento",VALIDAÇÃO
4647-8/01,Comércio atacadista de artigos de escritório e de papelaria,MÉDIO RISCO,Regra 5,07.03.02,"Comércio de artigos de papelaria, de escritório e informática, de materiais de desenho e impressos em geral (livros, jornais, revistas)",nR1-03 (Até 350) ; nR2-03 (Acima de 350),nR1-03,"350,00",nR2-03,"350,01",,,2.01,Comércio Atacadista,VALIDAÇÃO
4647-8/01,Comércio atacadista de artigos de escritório e de papelaria,BAIXO RISCO,Regra 5,07.12.13,"Escritório (inclusive virtual), sede de empresa, grupo de salas, centro empresarial",nR1-12 (até 1250) ;  nR2-12 (acima de 1250),nR1-12,"1250,00",nR2-12,"1250,01",-,-,1.01,"Administração, Organização e Planejamento",VALIDAÇÃO
4647-8/02,"Comércio atacadista de livros, jornais e outras publicações",MÉDIO RISCO,Regra 5,07.03.02,"Comércio de artigos de papelaria, de escritório e informática, de materiais de desenho e impressos em geral (livros, jornais, revistas)",nR1-03 (Até 350) ; nR2-03 (Acima de 350),nR1-03,"350,00",nR2-03,"350,01",,,2.01,Comércio Atacadista,VALIDAÇÃO
4647-8/02,"Comércio atacadista de livros, jornais e outras publicações",BAIXO RISCO,Regra 5,07.12.13,"Escritório (inclusive virtual), sede de empresa, grupo de salas, centro empresarial",nR1-12 (até 1250) ;  nR2-12 (acima de 1250),nR1-12,"1250,00",nR2-12,"1250,01",-,-,1.01,"Administração, Organização e Planejamento",VALIDAÇÃO
4649-4/01,Comércio atacadista de equipamentos elétricos de uso pessoal e doméstico,MÉDIO RISCO,Regra 5,07.03.08,Comércio de eletrodomésticos,nR1-03 (Até 350) ; nR2-03 (Acima de 350),nR1-03,"350,00",nR2-03,"350,01",,,2.01,Comércio Atacadista,VALIDAÇÃO
4649-4/01,Comércio atacadista de equipamentos elétricos de uso pessoal e doméstico,BAIXO RISCO,Regra 5,07.12.13,"Escritório (inclusive virtual), sede de empresa, grupo de salas, centro empresarial",nR1-12 (até 1250) ;  nR2-12 (acima de 1250),nR1-12,"1250,00",nR2-12,"1250,01",-,-,1.01,"Administração, Organização e Planejamento",VALIDAÇÃO
4649-4/02,Comércio atacadista de aparelhos eletrônicos de uso pessoal e doméstico,MÉDIO RISCO,Regra 5,07.03.08,Comércio de eletrodomésticos,nR1-03 (Até 350) ; nR2-03 (Acima de 350),nR1-03,"350,00",nR2-03,"350,01",,,2.01,Comércio Atacadista,VALIDAÇÃO
4649-4/02,Comércio atacadista de aparelhos eletrônicos de uso pessoal e doméstico,BAIXO RISCO,Regra 5,07.12.13,"Escritório (inclusive virtual), sede de empresa, grupo de salas, centro empresarial",nR1-12 (até 1250) ;  nR2-12 (acima de 1250),nR1-12,"1250,00",nR2-12,"1250,01",-,-,1.01,"Administração, Organização e Planejamento",VALIDAÇÃO
4649-4/03,"Comércio atacadista de bicicletas, triciclos e outros veículos recreativos",MÉDIO RISCO,Regra 5,07.04.10,"Comércio de motos e bicicletas, suas peças e acessórios",nR2-04 (Qualquer área),nR2-04,Q,-,Q,-,-,2.01,Comércio Atacadista,VALIDAÇÃO
4649-4/03,"Comércio atacadista de bicicletas, triciclos e outros veículos recreativos",BAIXO RISCO,Regra 5,07.12.13,"Escritório (inclusive virtual), sede de empresa, grupo de salas, centro empresarial",nR1-12 (até 1250) ;  nR2-12 (acima de 1250),nR1-12,"1250,00",nR2-12,"1250,01",-,-,1.01,"Administração, Organização e Planejamento",VALIDAÇÃO
4649-4/04,Comércio atacadista de móveis e artigos de colchoaria,MÉDIO RISCO,Regra 5,07.03.05,"Comércio de móveis, artigos de decoração, artigos de alumínio, cristais, espelhos, louças e pratarias, luminárias e lustres",nR1-03 (Até 350) ; nR2-03 (Acima de 350),nR1-03,"350,00",nR2-03,"350,01",,,2.01,Comércio Atacadista,VALIDAÇÃO
4649-4/04,Comércio atacadista de móveis e artigos de colchoaria,BAIXO RISCO,Regra 5,07.12.13,"Escritório (inclusive virtual), sede de empresa, grupo de salas, centro empresarial",nR1-12 (até 1250) ;  nR2-12 (acima de 1250),nR1-12,"1250,00",nR2-12,"1250,01",-,-,1.01,"Administração, Organização e Planejamento",VALIDAÇÃO
4649-4/05,Comércio atacadista de artigos de tapeçaria; persianas e cortinas,MÉDIO RISCO,Regra 5,07.03.05,"Comércio de móveis, artigos de decoração, artigos de alumínio, cristais, espelhos, louças e pratarias, luminárias e lustres",nR1-03 (Até 350) ; nR2-03 (Acima de 350),nR1-03,"350,00",nR2-03,"350,01",,,2.01,Comércio Atacadista,VALIDAÇÃO
4649-4/05,Comércio atacadista de artigos de tapeçaria; persianas e cortinas,BAIXO RISCO,Regra 5,07.12.13,"Escritório (inclusive virtual), sede de empresa, grupo de salas, centro empresarial",nR1-12 (até 1250) ;  nR2-12 (acima de 1250),nR1-12,"1250,00",nR2-12,"1250,01",-,-,1.01,"Administração, Organização e Planejamento",VALIDAÇÃO
4649-4/06,"Comércio atacadista de lustres, luminárias e abajures",MÉDIO RISCO,Regra 5,07.03.05,"Comércio de móveis, artigos de decoração, artigos de alumínio, cristais, espelhos, louças e pratarias, luminárias e lustres",nR1-03 (Até 350) ; nR2-03 (Acima de 350),nR1-03,"350,00",nR2-03,"350,01",,,2.01,Comércio Atacadista,VALIDAÇÃO
4649-4/06,"Comércio atacadista de lustres, luminárias e abajures",BAIXO RISCO,Regra 5,07.12.13,"Escritório (inclusive virtual), sede de empresa, grupo de salas, centro empresarial",nR1-12 (até 1250) ;  nR2-12 (acima de 1250),nR1-12,"1250,00",nR2-12,"1250,01",-,-,1.01,"Administração, Organização e Planejamento",VALIDAÇÃO
4649-4/07,"Comércio atacadista de filmes, CDs, DVDs, fitas e discos",MÉDIO RISCO,Regra 5,07.03.07,"Comércio de artigos de ótica, de tabacaria, de artigos religiosos, de discos, CDs e DVDs, de brinquedos, “games” e similares, de artigos recreativos e desportivos (e suas peças e acessórios), de materiais fotográficos e cinematográficos",nR1-03 (Até 350) ; nR2-03 (Acima de 350),nR1-03,"350,00",nR2-03,"350,01",,,2.01,Comércio Atacadista,VALIDAÇÃO
4649-4/07,"Comércio atacadista de filmes, CDs, DVDs, fitas e discos",BAIXO RISCO,Regra 5,07.12.13,"Escritório (inclusive virtual), sede de empresa, grupo de salas, centro empresarial",nR1-12 (até 1250) ;  nR2-12 (acima de 1250),nR1-12,"1250,00",nR2-12,"1250,01",-,-,1.01,"Administração, Organização e Planejamento",VALIDAÇÃO
4649-4/08,"Comércio atacadista de produtos de higiene, limpeza e conservação domiciliar",ALTO,Regra 49,07.03.04,"Comércio de artigos de higiene, limpeza e conservação domiciliar",nR1-03 (Até 350) ; nR2-03 (Acima de 350),nR1-03,"350,00",nR2-03,"350,01",,,2.01,Comércio Atacadista,VALIDAÇÃO
4649-4/08,"Comércio atacadista de produtos de higiene, limpeza e conservação domiciliar",ALTO,Regra 49,07.12.13,"Escritório (inclusive virtual), sede de empresa, grupo de salas, centro empresarial",nR1-12 (até 1250) ;  nR2-12 (acima de 1250),nR1-12,"1250,00",nR2-12,"1250,01",-,-,1.01,"Administração, Organização e Planejamento",VALIDAÇÃO
4649-4/09,"Comércio atacadista de produtos de higiene, limpeza e conservação domiciliar, com atividade de fracionamento e acondicionamento associada",ALTO,Regra 49,07.03.04,"Comércio de artigos de higiene, limpeza e conservação domiciliar",nR1-03 (Até 350) ; nR2-03 (Acima de 350),nR1-03,"350,00",nR2-03,"350,01",,,2.01,Comércio Atacadista,VALIDAÇÃO
4649-4/09,"Comércio atacadista de produtos de higiene, limpeza e conservação domiciliar, com atividade de fracionamento e acondicionamento associada",ALTO,Regra 49,07.12.13,"Escritório (inclusive virtual), sede de empresa, grupo de salas, centro empresarial",nR1-12 (até 1250) ;  nR2-12 (acima de 1250),nR1-12,"1250,00",nR2-12,"1250,01",-,-,1.01,"Administração, Organização e Planejamento",VALIDAÇÃO
4649-4/10,"Comércio atacadista de joias, relógios e bijuterias, inclusive pedras preciosas e semipreciosas lapidadas",MÉDIO RISCO,Regra 5,07.03.06,"Comércio de pedras preciosas e semipreciosas, metais preciosos e folheados, joias, relógios e bijuterias, objetos de arte e antiguidades",nR1-03 (Até 350) ; nR2-03 (Acima de 350),nR1-03,"350,00",nR2-03,"350,01",,,2.01,Comércio Atacadista,VALIDAÇÃO
4649-4/10,"Comércio atacadista de joias, relógios e bijuterias, inclusive pedras preciosas e semipreciosas lapidadas",BAIXO RISCO,Regra 5,07.12.13,"Escritório (inclusive virtual), sede de empresa, grupo de salas, centro empresarial",nR1-12 (até 1250) ;  nR2-12 (acima de 1250),nR1-12,"1250,00",nR2-12,"1250,01",-,-,1.01,"Administração, Organização e Planejamento",VALIDAÇÃO
4649-4/99,Comércio atacadista de outros equipamentos e artigos de uso pessoal e doméstico não classificados anteriormente,MÉDIO RISCO,Regra 23,07.03.11,Outros comércios diversificados não classificados,nR1-03 (Até 350) ; nR2-03 (Acima de 350),nR1-03,"350,00",nR2-03,"350,01",,,2.01,Comércio Atacadista,VALIDAÇÃO
4649-4/99,Comércio atacadista de outros equipamentos e artigos de uso pessoal e doméstico não classificados anteriormente,MÉDIO RISCO,Regra 23,07.12.13,"Escritório (inclusive virtual), sede de empresa, grupo de salas, centro empresarial",nR1-12 (até 1250) ;  nR2-12 (acima de 1250),nR1-12,"1250,00",nR2-12,"1250,01",-,-,1.01,"Administração, Organização e Planejamento",VALIDAÇÃO
4651-6/01,Comércio atacadista de equipamentos de informática,MÉDIO RISCO,Regra 5,07.03.02,"Comércio de artigos de papelaria, de escritório e informática, de materiais de desenho e impressos em geral (livros, jornais, revistas)",nR1-03 (Até 350) ; nR2-03 (Acima de 350),nR1-03,"350,00",nR2-03,"350,01",,,2.01,Comércio Atacadista,VALIDAÇÃO
4651-6/01,Comércio atacadista de equipamentos de informática,BAIXO RISCO,Regra 5,07.12.13,"Escritório (inclusive virtual), sede de empresa, grupo de salas, centro empresarial",nR1-12 (até 1250) ;  nR2-12 (acima de 1250),nR1-12,"1250,00",nR2-12,"1250,01",-,-,1.01,"Administração, Organização e Planejamento",VALIDAÇÃO
4651-6/02,Comércio atacadista de suprimentos para informática,MÉDIO RISCO,Regra 5,07.03.02,"Comércio de artigos de papelaria, de escritório e informática, de materiais de desenho e impressos em geral (livros, jornais, revistas)",nR1-03 (Até 350) ; nR2-03 (Acima de 350),nR1-03,"350,00",nR2-03,"350,01",,,2.01,Comércio Atacadista,VALIDAÇÃO
4651-6/02,Comércio atacadista de suprimentos para informática,BAIXO RISCO,Regra 5,07.12.13,"Escritório (inclusive virtual), sede de empresa, grupo de salas, centro empresarial",nR1-12 (até 1250) ;  nR2-12 (acima de 1250),nR1-12,"1250,00",nR2-12,"1250,01",-,-,1.01,"Administração, Organização e Planejamento",VALIDAÇÃO
4652-4/00,Comércio atacadista de componentes eletrônicos e equipamentos de telefonia e comunicação,MÉDIO RISCO,Regra 5,07.03.11,Outros comércios diversificados não classificados,nR1-03 (Até 350) ; nR2-03 (Acima de 350),nR1-03,"350,00",nR2-03,"350,01",,,2.01,Comércio Atacadista,VALIDAÇÃO
4652-4/00,Comércio atacadista de componentes eletrônicos e equipamentos de telefonia e comunicação,BAIXO RISCO,Regra 5,07.12.13,"Escritório (inclusive virtual), sede de empresa, grupo de salas, centro empresarial",nR1-12 (até 1250) ;  nR2-12 (acima de 1250),nR1-12,"1250,00",nR2-12,"1250,01",-,-,1.01,"Administração, Organização e Planejamento",VALIDAÇÃO
4661-3/00,"Comércio atacadista de máquinas, aparelhos e equipamentos para uso agropecuário; partes e peças",MÉDIO RISCO,Regra 23,07.04.08,"Comércio de máquinas e equipamentos para uso comercial, industrial e agropecuário, suas peças e acessórios",nR2-04 (Qualquer área),nR2-04,Q,-,Q,-,-,2.01,Comércio Atacadista,VALIDAÇÃO
4661-3/00,"Comércio atacadista de máquinas, aparelhos e equipamentos para uso agropecuário; partes e peças",MÉDIO RISCO,Regra 23,07.12.13,"Escritório (inclusive virtual), sede de empresa, grupo de salas, centro empresarial",nR1-12 (até 1250) ;  nR2-12 (acima de 1250),nR1-12,"1250,00",nR2-12,"1250,01",-,-,1.01,"Administração, Organização e Planejamento",VALIDAÇÃO
4662-1/00,"Comércio atacadista de máquinas, equipamentos para terraplenagem, mineração e construção; partes e peças",MÉDIO RISCO,Regra 23,07.04.08,"Comércio de máquinas e equipamentos para uso comercial, industrial e agropecuário, suas peças e acessórios",nR2-04 (Qualquer área),nR2-04,Q,-,Q,-,-,2.01,Comércio Atacadista,VALIDAÇÃO
4662-1/00,"Comércio atacadista de máquinas, equipamentos para terraplenagem, mineração e construção; partes e peças",MÉDIO RISCO,Regra 23,07.12.13,"Escritório (inclusive virtual), sede de empresa, grupo de salas, centro empresarial",nR1-12 (até 1250) ;  nR2-12 (acima de 1250),nR1-12,"1250,00",nR2-12,"1250,01",-,-,1.01,"Administração, Organização e Planejamento",VALIDAÇÃO
4663-0/00,Comércio atacadista de máquinas e equipamentos para uso industrial; partes e peças,MÉDIO RISCO,Regra 23,07.04.08,"Comércio de máquinas e equipamentos para uso comercial, industrial e agropecuário, suas peças e acessórios",nR2-04 (Qualquer área),nR2-04,Q,-,Q,-,-,2.01,Comércio Atacadista,VALIDAÇÃO
4663-0/00,Comércio atacadista de máquinas e equipamentos para uso industrial; partes e peças,MÉDIO RISCO,Regra 23,07.12.13,"Escritório (inclusive virtual), sede de empresa, grupo de salas, centro empresarial",nR1-12 (até 1250) ;  nR2-12 (acima de 1250),nR1-12,"1250,00",nR2-12,"1250,01",-,-,1.01,"Administração, Organização e Planejamento",VALIDAÇÃO
4664-8/00,"Comércio atacadista de máquinas, aparelhos e equipamentos para uso odonto-médico-hospitalar; partes e peças",MÉDIO RISCO,Regra 23,07.04.02,Comércio de aparelhos e equipamentos médicos e odontológicos,nR2-04 (Qualquer área),nR2-04,Q,-,Q,-,-,2.01,Comércio Atacadista,VALIDAÇÃO
4664-8/00,"Comércio atacadista de máquinas, aparelhos e equipamentos para uso odonto-médico-hospitalar; partes e peças",MÉDIO RISCO,Regra 23,07.12.13,"Escritório (inclusive virtual), sede de empresa, grupo de salas, centro empresarial",nR1-12 (até 1250) ;  nR2-12 (acima de 1250),nR1-12,"1250,00",nR2-12,"1250,01",-,-,1.01,"Administração, Organização e Planejamento",VALIDAÇÃO
4665-6/00,Comércio atacadista de máquinas e equipamentos para uso comercial; partes e peças,MÉDIO RISCO,Regra 23,07.04.08,"Comércio de máquinas e equipamentos para uso comercial, industrial e agropecuário, suas peças e acessórios",nR2-04 (Qualquer área),nR2-04,Q,-,Q,-,-,2.01,Comércio Atacadista,VALIDAÇÃO
4665-6/00,Comércio atacadista de máquinas e equipamentos para uso comercial; partes e peças,MÉDIO RISCO,Regra 23,07.12.13,"Escritório (inclusive virtual), sede de empresa, grupo de salas, centro empresarial",nR1-12 (até 1250) ;  nR2-12 (acima de 1250),nR1-12,"1250,00",nR2-12,"1250,01",-,-,1.01,"Administração, Organização e Planejamento",VALIDAÇÃO
4669-9/01,Comércio atacadista de bombas e compressores; partes e peças,MÉDIO RISCO,Regra 23,07.04.08,"Comércio de máquinas e equipamentos para uso comercial, industrial e agropecuário, suas peças e acessórios",nR2-04 (Qualquer área),nR2-04,Q,-,Q,-,-,2.01,Comércio Atacadista,VALIDAÇÃO
4669-9/01,Comércio atacadista de bombas e compressores; partes e peças,MÉDIO RISCO,Regra 23,07.12.13,"Escritório (inclusive virtual), sede de empresa, grupo de salas, centro empresarial",nR1-12 (até 1250) ;  nR2-12 (acima de 1250),nR1-12,"1250,00",nR2-12,"1250,01",-,-,1.01,"Administração, Organização e Planejamento",VALIDAÇÃO
4669-9/99,Comércio atacadista de outras máquinas e equipamentos não especificados anteriormente; partes e peças,MÉDIO RISCO,Regra 23,07.04.08,"Comércio de máquinas e equipamentos para uso comercial, industrial e agropecuário, suas peças e acessórios",nR2-04 (Qualquer área),nR2-04,Q,-,Q,-,-,2.01,Comércio Atacadista,VALIDAÇÃO
4669-9/99,Comércio atacadista de outras máquinas e equipamentos não especificados anteriormente; partes e peças,MÉDIO RISCO,Regra 23,07.12.13,"Escritório (inclusive virtual), sede de empresa, grupo de salas, centro empresarial",nR1-12 (até 1250) ;  nR2-12 (acima de 1250),nR1-12,"1250,00",nR2-12,"1250,01",-,-,1.01,"Administração, Organização e Planejamento",VALIDAÇÃO
4671-1/00,Comércio atacadista de madeira e produtos derivados,MÉDIO RISCO,Regra 23,07.04.05,"Comércio de materiais de construção e ferragens, madeira bruta e produtos metalúrgicos",nR2-04 (Qualquer área),nR2-04,Q,-,Q,-,-,2.01,Comércio Atacadista,VALIDAÇÃO
4671-1/00,Comércio atacadista de madeira e produtos derivados,MÉDIO RISCO,Regra 23,07.12.13,"Escritório (inclusive virtual), sede de empresa, grupo de salas, centro empresarial",nR1-12 (até 1250) ;  nR2-12 (acima de 1250),nR1-12,"1250,00",nR2-12,"1250,01",-,-,1.01,"Administração, Organização e Planejamento",VALIDAÇÃO
4672-9/00,Comércio atacadista de ferragens e ferramentas,MÉDIO RISCO,Regra 23,07.04.05,"Comércio de materiais de construção e ferragens, madeira bruta e produtos metalúrgicos",nR2-04 (Qualquer área),nR2-04,Q,-,Q,-,-,2.01,Comércio Atacadista,VALIDAÇÃO
4672-9/00,Comércio atacadista de ferragens e ferramentas,MÉDIO RISCO,Regra 23,07.12.13,"Escritório (inclusive virtual), sede de empresa, grupo de salas, centro empresarial",nR1-12 (até 1250) ;  nR2-12 (acima de 1250),nR1-12,"1250,00",nR2-12,"1250,01",-,-,1.01,"Administração, Organização e Planejamento",VALIDAÇÃO
4673-7/00,Comércio atacadista de material elétrico,MÉDIO RISCO,Regra 23,07.04.05,"Comércio de materiais de construção e ferragens, madeira bruta e produtos metalúrgicos",nR2-04 (Qualquer área),nR2-04,Q,-,Q,-,-,2.01,Comércio Atacadista,VALIDAÇÃO
4673-7/00,Comércio atacadista de material elétrico,MÉDIO RISCO,Regra 23,07.12.13,"Escritório (inclusive virtual), sede de empresa, grupo de salas, centro empresarial",nR1-12 (até 1250) ;  nR2-12 (acima de 1250),nR1-12,"1250,00",nR2-12,"1250,01",-,-,1.01,"Administração, Organização e Planejamento",VALIDAÇÃO
4674-5/00,Comércio atacadista de cimento,MÉDIO RISCO,Regra 23,07.04.05,"Comércio de materiais de construção e ferragens, madeira bruta e produtos metalúrgicos",nR2-04 (Qualquer área),nR2-04,Q,-,Q,-,-,2.01,Comércio Atacadista,VALIDAÇÃO
4674-5/00,Comércio atacadista de cimento,MÉDIO RISCO,Regra 23,07.12.13,"Escritório (inclusive virtual), sede de empresa, grupo de salas, centro empresarial",nR1-12 (até 1250) ;  nR2-12 (acima de 1250),nR1-12,"1250,00",nR2-12,"1250,01",-,-,1.01,"Administração, Organização e Planejamento",VALIDAÇÃO
4679-6/01,"Comércio atacadista de tintas, vernizes e similares",MÉDIO RISCO,Regra 23,07.04.05,"Comércio de materiais de construção e ferragens, madeira bruta e produtos metalúrgicos",nR2-04 (Qualquer área),nR2-04,Q,-,Q,-,-,2.01,Comércio Atacadista,VALIDAÇÃO
4679-6/01,"Comércio atacadista de tintas, vernizes e similares",MÉDIO RISCO,Regra 23,07.12.13,"Escritório (inclusive virtual), sede de empresa, grupo de salas, centro empresarial",nR1-12 (até 1250) ;  nR2-12 (acima de 1250),nR1-12,"1250,00",nR2-12,"1250,01",-,-,1.01,"Administração, Organização e Planejamento",VALIDAÇÃO
4679-6/02,Comércio atacadista de mármores e granitos,MÉDIO RISCO,Regra 23,07.04.17,Outros comércios especializados não classificados,nR2-04 (Qualquer área),nR2-04,Q,-,Q,-,-,2.01,Comércio Atacadista,VALIDAÇÃO
4679-6/02,Comércio atacadista de mármores e granitos,MÉDIO RISCO,Regra 23,07.12.13,"Escritório (inclusive virtual), sede de empresa, grupo de salas, centro empresarial",nR1-12 (até 1250) ;  nR2-12 (acima de 1250),nR1-12,"1250,00",nR2-12,"1250,01",-,-,1.01,"Administração, Organização e Planejamento",VALIDAÇÃO
4679-6/03,"Comércio atacadista de vidros, espelhos e vitrais",MÉDIO RISCO,Regra 22,07.03.05,"Comércio de móveis, artigos de decoração, artigos de alumínio, cristais, espelhos, louças e pratarias, luminárias e lustres",nR1-03 (Até 350) ; nR2-03 (Acima de 350),nR1-03,"350,00",nR2-03,"350,01",,,2.01,Comércio Atacadista,VALIDAÇÃO
4679-6/03,"Comércio atacadista de vidros, espelhos e vitrais",MÉDIO RISCO,Regra 22,07.09.08,"Cantaria, marmoaria, carpintaria, marcenaria, vidraçaria e serraria",nR2-09 (Qualquer área),nR2-09,Q,-,Q,-,-,1.18,Estabelecimentos não classificados nos  Itens 1.01 a 1.17,VALIDAÇÃO
4679-6/03,"Comércio atacadista de vidros, espelhos e vitrais",MÉDIO RISCO,Regra 22,07.12.13,"Escritório (inclusive virtual), sede de empresa, grupo de salas, centro empresarial",nR1-12 (até 1250) ;  nR2-12 (acima de 1250),nR1-12,"1250,00",nR2-12,"1250,01",-,-,1.01,"Administração, Organização e Planejamento",VALIDAÇÃO
4679-6/04,Comércio atacadista especializado de materiais de construção não especificados anteriormente,MÉDIO RISCO,Regra 23,07.04.05,"Comércio de materiais de construção e ferragens, madeira bruta e produtos metalúrgicos",nR2-04 (Qualquer área),nR2-04,Q,-,Q,-,-,2.01,Comércio Atacadista,VALIDAÇÃO
4679-6/04,Comércio atacadista especializado de materiais de construção não especificados anteriormente,MÉDIO RISCO,Regra 23,07.12.13,"Escritório (inclusive virtual), sede de empresa, grupo de salas, centro empresarial",nR1-12 (até 1250) ;  nR2-12 (acima de 1250),nR1-12,"1250,00",nR2-12,"1250,01",-,-,1.01,"Administração, Organização e Planejamento",VALIDAÇÃO
4679-6/99,Comércio atacadista de materiais de construção em geral,MÉDIO RISCO,Regra 5,07.04.05,"Comércio de materiais de construção e ferragens, madeira bruta e produtos metalúrgicos",nR2-04 (Qualquer área),nR2-04,Q,-,Q,-,-,2.01,Comércio Atacadista,VALIDAÇÃO
4679-6/99,Comércio atacadista de materiais de construção em geral,BAIXO RISCO,Regra 5,07.12.13,"Escritório (inclusive virtual), sede de empresa, grupo de salas, centro empresarial",nR1-12 (até 1250) ;  nR2-12 (acima de 1250),nR1-12,"1250,00",nR2-12,"1250,01",-,-,1.01,"Administração, Organização e Planejamento",VALIDAÇÃO
4681-8/01,"Comércio atacadista de álcool carburante, biodiesel, gasolina e demais derivados de petróleo, exceto lubrificantes, não realizado por transportador retalhista (TRR)",ALTO,Regra 46,07.04.12,"Comércio de combustíveis e lubrificantes, posto de abastecimento de veículos",nR2-04 (Qualquer área),nR2-04,Q,-,Q,-,-,2.01,Comércio Atacadista,VALIDAÇÃO
4681-8/01,"Comércio atacadista de álcool carburante, biodiesel, gasolina e demais derivados de petróleo, exceto lubrificantes, não realizado por transportador retalhista (TRR)",ALTO,Regra 46,07.12.13,"Escritório (inclusive virtual), sede de empresa, grupo de salas, centro empresarial",nR1-12 (até 1250) ;  nR2-12 (acima de 1250),nR1-12,"1250,00",nR2-12,"1250,01",-,-,1.01,"Administração, Organização e Planejamento",VALIDAÇÃO
4681-8/02,Comércio atacadista de combustíveis realizado por transportador retalhista (TRR),ALTO,Regra 46,07.04.12,"Comércio de combustíveis e lubrificantes, posto de abastecimento de veículos",nR2-04 (Qualquer área),nR2-04,Q,-,Q,-,-,2.01,Comércio Atacadista,VALIDAÇÃO
4681-8/02,Comércio atacadista de combustíveis realizado por transportador retalhista (TRR),ALTO,Regra 46,07.12.13,"Escritório (inclusive virtual), sede de empresa, grupo de salas, centro empresarial",nR1-12 (até 1250) ;  nR2-12 (acima de 1250),nR1-12,"1250,00",nR2-12,"1250,01",-,-,1.01,"Administração, Organização e Planejamento",VALIDAÇÃO
4681-8/03,"Comércio atacadista de combustíveis de origem vegetal, exceto álcool carburante",ALTO,Regra 46,07.04.12,"Comércio de combustíveis e lubrificantes, posto de abastecimento de veículos",nR2-04 (Qualquer área),nR2-04,Q,-,Q,-,-,2.01,Comércio Atacadista,VALIDAÇÃO
4681-8/03,"Comércio atacadista de combustíveis de origem vegetal, exceto álcool carburante",ALTO,Regra 46,07.12.13,"Escritório (inclusive virtual), sede de empresa, grupo de salas, centro empresarial",nR1-12 (até 1250) ;  nR2-12 (acima de 1250),nR1-12,"1250,00",nR2-12,"1250,01",-,-,1.01,"Administração, Organização e Planejamento",VALIDAÇÃO
4681-8/04,Comércio atacadista de combustíveis de origem mineral em bruto,ALTO,Regra 46,07.04.12,"Comércio de combustíveis e lubrificantes, posto de abastecimento de veículos",nR2-04 (Qualquer área),nR2-04,Q,-,Q,-,-,2.01,Comércio Atacadista,VALIDAÇÃO
4681-8/04,Comércio atacadista de combustíveis de origem mineral em bruto,ALTO,Regra 46,07.12.13,"Escritório (inclusive virtual), sede de empresa, grupo de salas, centro empresarial",nR1-12 (até 1250) ;  nR2-12 (acima de 1250),nR1-12,"1250,00",nR2-12,"1250,01",-,-,1.01,"Administração, Organização e Planejamento",VALIDAÇÃO
4681-8/05,Comércio atacadista de lubrificantes,ALTO,Regra 46,07.04.12,"Comércio de combustíveis e lubrificantes, posto de abastecimento de veículos",nR2-04 (Qualquer área),nR2-04,Q,-,Q,-,-,2.01,Comércio Atacadista,VALIDAÇÃO
4681-8/05,Comércio atacadista de lubrificantes,ALTO,Regra 46,07.12.13,"Escritório (inclusive virtual), sede de empresa, grupo de salas, centro empresarial",nR1-12 (até 1250) ;  nR2-12 (acima de 1250),nR1-12,"1250,00",nR2-12,"1250,01",-,-,1.01,"Administração, Organização e Planejamento",VALIDAÇÃO
4682-6/00,Comércio atacadista de gás liqüefeito de petróleo (GLP),ALTO,Regra 53,07.04.16,Comércio de GLP (b),nR1-04 (Até 1560 kg) ; nR2-04 (Acima de 1560 kg),nR1-04,1560kg,nR2-04,"1560,01kg",,,2.01,Comércio Atacadista,SEMI EXPRESSO
4682-6/00,Comércio atacadista de gás liqüefeito de petróleo (GLP),ALTO,Regra 53,07.12.13,"Escritório (inclusive virtual), sede de empresa, grupo de salas, centro empresarial",nR1-12 (até 1250) ;  nR2-12 (acima de 1250),nR1-12,"1250,00",nR2-12,"1250,01",-,-,1.01,"Administração, Organização e Planejamento",SEMI EXPRESSO
4683-4/00,"Comércio atacadista de defensivos agrícolas, adubos, fertilizantes e corretivos do solo",MÉDIO RISCO,Regra 23,07.04.14,"Comércio de produtos agropecuários ou minerais (borracha natural, carvão mineral, carvão vegetal, chifres, couro cru, peles e ossos etc), de produtos de origem animal (exceto alimentícios), de produtos químicos (adubos, fertilizantes, gomas ou resinas)",nR2-04 (Qualquer área),nR2-04,Q,-,Q,-,-,2.01,Comércio Atacadista,VALIDAÇÃO
4683-4/00,"Comércio atacadista de defensivos agrícolas, adubos, fertilizantes e corretivos do solo",MÉDIO RISCO,Regra 23,07.12.13,"Escritório (inclusive virtual), sede de empresa, grupo de salas, centro empresarial",nR1-12 (até 1250) ;  nR2-12 (acima de 1250),nR1-12,"1250,00",nR2-12,"1250,01",-,-,1.01,"Administração, Organização e Planejamento",VALIDAÇÃO
4684-2/01,Comércio atacadista de resinas e elastômeros,ALTO,Regra 46,07.04.14,"Comércio de produtos agropecuários ou minerais (borracha natural, carvão mineral, carvão vegetal, chifres, couro cru, peles e ossos etc), de produtos de origem animal (exceto alimentícios), de produtos químicos (adubos, fertilizantes, gomas ou resinas)",nR2-04 (Qualquer área),nR2-04,Q,-,Q,-,-,2.01,Comércio Atacadista,VALIDAÇÃO
4684-2/01,Comércio atacadista de resinas e elastômeros,ALTO,Regra 46,07.12.13,"Escritório (inclusive virtual), sede de empresa, grupo de salas, centro empresarial",nR1-12 (até 1250) ;  nR2-12 (acima de 1250),nR1-12,"1250,00",nR2-12,"1250,01",-,-,1.01,"Administração, Organização e Planejamento",VALIDAÇÃO
4684-2/02,Comércio atacadista de solventes,ALTO,Regra 46,07.04.14,"Comércio de produtos agropecuários ou minerais (borracha natural, carvão mineral, carvão vegetal, chifres, couro cru, peles e ossos etc), de produtos de origem animal (exceto alimentícios), de produtos químicos (adubos, fertilizantes, gomas ou resinas)",nR2-04 (Qualquer área),nR2-04,Q,-,Q,-,-,2.01,Comércio Atacadista,VALIDAÇÃO
4684-2/02,Comércio atacadista de solventes,ALTO,Regra 46,07.12.13,"Escritório (inclusive virtual), sede de empresa, grupo de salas, centro empresarial",nR1-12 (até 1250) ;  nR2-12 (acima de 1250),nR1-12,"1250,00",nR2-12,"1250,01",-,-,1.01,"Administração, Organização e Planejamento",VALIDAÇÃO
4684-2/99,Comércio atacadista de outros produtos químicos e petroquímicos não especificados anteriormente,ALTO,Regra 46,07.04.14,"Comércio de produtos agropecuários ou minerais (borracha natural, carvão mineral, carvão vegetal, chifres, couro cru, peles e ossos etc), de produtos de origem animal (exceto alimentícios), de produtos químicos (adubos, fertilizantes, gomas ou resinas)",nR2-04 (Qualquer área),nR2-04,Q,-,Q,-,-,2.01,Comércio Atacadista,VALIDAÇÃO
4684-2/99,Comércio atacadista de outros produtos químicos e petroquímicos não especificados anteriormente,ALTO,Regra 46,07.12.13,"Escritório (inclusive virtual), sede de empresa, grupo de salas, centro empresarial",nR1-12 (até 1250) ;  nR2-12 (acima de 1250),nR1-12,"1250,00",nR2-12,"1250,01",-,-,1.01,"Administração, Organização e Planejamento",VALIDAÇÃO
4685-1/00,"Comércio atacadista de produtos siderúrgicos e metalúrgicos, exceto para construção",MÉDIO RISCO,Regra 23,07.04.05,"Comércio de materiais de construção e ferragens, madeira bruta e produtos metalúrgicos",nR2-04 (Qualquer área),nR2-04,Q,-,Q,-,-,2.01,Comércio Atacadista,VALIDAÇÃO
4685-1/00,"Comércio atacadista de produtos siderúrgicos e metalúrgicos, exceto para construção",MÉDIO RISCO,Regra 23,07.12.13,"Escritório (inclusive virtual), sede de empresa, grupo de salas, centro empresarial",nR1-12 (até 1250) ;  nR2-12 (acima de 1250),nR1-12,"1250,00",nR2-12,"1250,01",-,-,1.01,"Administração, Organização e Planejamento",VALIDAÇÃO
4686-9/01,Comércio atacadista de papel e papelão em bruto,MÉDIO RISCO,Regra 5,07.04.17,Outros comércios especializados não classificados,nR2-04 (Qualquer área),nR2-04,Q,-,Q,-,-,2.01,Comércio Atacadista,VALIDAÇÃO
4686-9/01,Comércio atacadista de papel e papelão em bruto,BAIXO RISCO,Regra 5,07.12.13,"Escritório (inclusive virtual), sede de empresa, grupo de salas, centro empresarial",nR1-12 (até 1250) ;  nR2-12 (acima de 1250),nR1-12,"1250,00",nR2-12,"1250,01",-,-,1.01,"Administração, Organização e Planejamento",VALIDAÇÃO
4686-9/02,Comércio atacadista de embalagens,MÉDIO RISCO,Regra 5,07.04.17,Outros comércios especializados não classificados,nR2-04 (Qualquer área),nR2-04,Q,-,Q,-,-,2.01,Comércio Atacadista,VALIDAÇÃO
4686-9/02,Comércio atacadista de embalagens,BAIXO RISCO,Regra 5,07.12.13,"Escritório (inclusive virtual), sede de empresa, grupo de salas, centro empresarial",nR1-12 (até 1250) ;  nR2-12 (acima de 1250),nR1-12,"1250,00",nR2-12,"1250,01",-,-,1.01,"Administração, Organização e Planejamento",VALIDAÇÃO
4687-7/01,Comércio atacadista de resíduos de papel e papelão,MÉDIO RISCO,Regra 5,07.04.15,"Comércio de artigos de segunda mão: ferro velho, sucata, materiais recicláveis e de demolição",nR2-04 (Qualquer área),nR2-04,Q,-,Q,-,-,2.01,Comércio Atacadista,VALIDAÇÃO
4687-7/01,Comércio atacadista de resíduos de papel e papelão,BAIXO RISCO,Regra 5,07.12.13,"Escritório (inclusive virtual), sede de empresa, grupo de salas, centro empresarial",nR1-12 (até 1250) ;  nR2-12 (acima de 1250),nR1-12,"1250,00",nR2-12,"1250,01",-,-,1.01,"Administração, Organização e Planejamento",VALIDAÇÃO
4687-7/02,"Comércio atacadista de resíduos e sucatas não-metálicos, exceto de papel e papelão",MÉDIO RISCO,Regra 5,07.04.15,"Comércio de artigos de segunda mão: ferro velho, sucata, materiais recicláveis e de demolição",nR2-04 (Qualquer área),nR2-04,Q,-,Q,-,-,2.01,Comércio Atacadista,VALIDAÇÃO
4687-7/02,"Comércio atacadista de resíduos e sucatas não-metálicos, exceto de papel e papelão",BAIXO RISCO,Regra 5,07.12.13,"Escritório (inclusive virtual), sede de empresa, grupo de salas, centro empresarial",nR1-12 (até 1250) ;  nR2-12 (acima de 1250),nR1-12,"1250,00",nR2-12,"1250,01",-,-,1.01,"Administração, Organização e Planejamento",VALIDAÇÃO
4687-7/03,Comércio atacadista de resíduos e sucatas metálicos,MÉDIO RISCO,Regra 5,07.04.15,"Comércio de artigos de segunda mão: ferro velho, sucata, materiais recicláveis e de demolição",nR2-04 (Qualquer área),nR2-04,Q,-,Q,-,-,2.01,Comércio Atacadista,VALIDAÇÃO
4687-7/03,Comércio atacadista de resíduos e sucatas metálicos,BAIXO RISCO,Regra 5,07.12.13,"Escritório (inclusive virtual), sede de empresa, grupo de salas, centro empresarial",nR1-12 (até 1250) ;  nR2-12 (acima de 1250),nR1-12,"1250,00",nR2-12,"1250,01",-,-,1.01,"Administração, Organização e Planejamento",VALIDAÇÃO
4689-3/01,"Comércio atacadista de produtos da extração mineral, exceto combustíveis",MÉDIO RISCO,Regra 5,07.03.06,"Comércio de pedras preciosas e semipreciosas, metais preciosos e folheados, joias, relógios e bijuterias, objetos de arte e antiguidades",nR1-03 (Até 350) ; nR2-03 (Acima de 350),nR1-03,"350,00",nR2-03,"350,01",,,2.01,Comércio Atacadista,VALIDAÇÃO
4689-3/01,"Comércio atacadista de produtos da extração mineral, exceto combustíveis",BAIXO RISCO,Regra 5,07.12.13,"Escritório (inclusive virtual), sede de empresa, grupo de salas, centro empresarial",nR1-12 (até 1250) ;  nR2-12 (acima de 1250),nR1-12,"1250,00",nR2-12,"1250,01",-,-,1.01,"Administração, Organização e Planejamento",VALIDAÇÃO
4689-3/02,Comércio atacadista de fios e fibras têxteis beneficiados,MÉDIO RISCO,Regra 5,07.03.03,"Comércio de artigos de vestuário, calçados, bolsas, artigos de viagem e acessórios, artigos de cama, mesa, banho, utilidades domésticas, tecidos e fios têxteis",nR1-03 (Até 350) ; nR2-03 (Acima de 350),nR1-03,"350,00",nR2-03,"350,01",,,2.01,Comércio Atacadista,VALIDAÇÃO
4689-3/02,Comércio atacadista de fios e fibras têxteis beneficiados,BAIXO RISCO,Regra 5,07.12.13,"Escritório (inclusive virtual), sede de empresa, grupo de salas, centro empresarial",nR1-12 (até 1250) ;  nR2-12 (acima de 1250),nR1-12,"1250,00",nR2-12,"1250,01",-,-,1.01,"Administração, Organização e Planejamento",VALIDAÇÃO
4689-3/99,Comércio atacadista especializado em outros produtos intermediários não especificados anteriormente,MÉDIO RISCO,Regra 23,07.03.11,Outros comércios diversificados não classificados,nR1-03 (Até 350) ; nR2-03 (Acima de 350),nR1-03,"350,00",nR2-03,"350,01",,,2.01,Comércio Atacadista,VALIDAÇÃO
4689-3/99,Comércio atacadista especializado em outros produtos intermediários não especificados anteriormente,MÉDIO RISCO,Regra 23,07.12.13,"Escritório (inclusive virtual), sede de empresa, grupo de salas, centro empresarial",nR1-12 (até 1250) ;  nR2-12 (acima de 1250),nR1-12,"1250,00",nR2-12,"1250,01",-,-,1.01,"Administração, Organização e Planejamento",VALIDAÇÃO
4691-5/00,"Comércio atacadista de mercadorias em geral, com predominância de produtos alimentícios",MÉDIO RISCO,Regra 5,07.01.07,Outros comércios de abastecimento não especificados,nR1-01 (Até 350) ; nR2-01 (Acima de 350),nR1-01,"350,00",nR2-01,"350,01",,,2.01,Comércio Atacadista,VALIDAÇÃO
4691-5/00,"Comércio atacadista de mercadorias em geral, com predominância de produtos alimentícios",BAIXO RISCO,Regra 5,07.12.13,"Escritório (inclusive virtual), sede de empresa, grupo de salas, centro empresarial",nR1-12 (até 1250) ;  nR2-12 (acima de 1250),nR1-12,"1250,00",nR2-12,"1250,01",-,-,1.01,"Administração, Organização e Planejamento",VALIDAÇÃO
4692-3/00,"Comércio atacadista de mercadorias em geral, com predominância de insumos agropecuários",MÉDIO RISCO,Regra 5,07.04.06,"Comércio de produtos veterinários, rações e sementes",nR2-04 (Qualquer área),nR2-04,Q,-,Q,-,-,2.01,Comércio Atacadista,VALIDAÇÃO
4692-3/00,"Comércio atacadista de mercadorias em geral, com predominância de insumos agropecuários",BAIXO RISCO,Regra 5,07.12.13,"Escritório (inclusive virtual), sede de empresa, grupo de salas, centro empresarial",nR1-12 (até 1250) ;  nR2-12 (acima de 1250),nR1-12,"1250,00",nR2-12,"1250,01",-,-,1.01,"Administração, Organização e Planejamento",VALIDAÇÃO
4693-1/00,"Comércio atacadista de mercadorias em geral, sem predominância de alimentos ou de insumos agropecuários",MÉDIO RISCO,Regra 5,07.03.11,Outros comércios diversificados não classificados,nR1-03 (Até 350) ; nR2-03 (Acima de 350),nR1-03,"350,00",nR2-03,"350,01",,,2.01,Comércio Atacadista,VALIDAÇÃO
4693-1/00,"Comércio atacadista de mercadorias em geral, sem predominância de alimentos ou de insumos agropecuários",BAIXO RISCO,Regra 5,07.12.13,"Escritório (inclusive virtual), sede de empresa, grupo de salas, centro empresarial",nR1-12 (até 1250) ;  nR2-12 (acima de 1250),nR1-12,"1250,00",nR2-12,"1250,01",-,-,1.01,"Administração, Organização e Planejamento",VALIDAÇÃO
4711-3/01,"Comércio varejista de mercadorias em geral, com predominância de produtos alimentícios - hipermercados",MÉDIO RISCO,Regra 23,07.01.06,"Supermercado, hipermercado",nR2-01 (Qualquer área),nR2-01,Q,-,Q,-,-,2.02,Comércio Varejista,VALIDAÇÃO
4711-3/01,"Comércio varejista de mercadorias em geral, com predominância de produtos alimentícios - hipermercados",MÉDIO RISCO,Regra 23,07.12.13,"Escritório (inclusive virtual), sede de empresa, grupo de salas, centro empresarial",nR1-12 (até 1250) ;  nR2-12 (acima de 1250),nR1-12,"1250,00",nR2-12,"1250,01",-,-,1.01,"Administração, Organização e Planejamento",VALIDAÇÃO
4711-3/02,"Comércio varejista de mercadorias em geral, com predominância de produtos alimentícios - supermercados",MÉDIO RISCO,Regra 23,07.01.06,"Supermercado, hipermercado",nR2-01 (Qualquer área),nR2-01,Q,-,Q,-,-,2.02,Comércio Varejista,VALIDAÇÃO
4711-3/02,"Comércio varejista de mercadorias em geral, com predominância de produtos alimentícios - supermercados",MÉDIO RISCO,Regra 23,07.12.13,"Escritório (inclusive virtual), sede de empresa, grupo de salas, centro empresarial",nR1-12 (até 1250) ;  nR2-12 (acima de 1250),nR1-12,"1250,00",nR2-12,"1250,01",-,-,1.01,"Administração, Organização e Planejamento",VALIDAÇÃO
4712-1/00,"Comércio varejista de mercadorias em geral, com predominância de produtos alimentícios - minimercados, mercearias e armazéns",BAIXO RISCO,Regra 4,07.01.05,"Comércio de gêneros alimentícios diversificados em geral: mercearia, mercado, delicatessem, padaria, panificadora, quitanda, frutaria",nR1-01 (Até 350) ; nR2-01 (Acima de 350),nR1-01,"350,00",nR2-01,"350,01",-,-,2.02,Comércio Varejista,VALIDAÇÃO
4712-1/00,"Comércio varejista de mercadorias em geral, com predominância de produtos alimentícios - minimercados, mercearias e armazéns",BAIXO RISCO,Regra 4,07.12.13,"Escritório (inclusive virtual), sede de empresa, grupo de salas, centro empresarial",nR1-12 (até 1250) ;  nR2-12 (acima de 1250),nR1-12,"1250,00",nR2-12,"1250,01",-,-,1.01,"Administração, Organização e Planejamento",VALIDAÇÃO
4713-0/02,"Lojas de variedades, exceto lojas de departamentos ou magazines",BAIXO RISCO,Regra 4,07.03.01,"Comércio de variedades, presentes, “souvenirs” e miudezas: bazar, loja de artesanato, armarinho, floricultura",nR1-03 (Até 350) ; nR2-03 (Acima de 350),nR1-03,"350,00",nR2-03,"350,01",-,-,2.02,Comércio Varejista,VALIDAÇÃO
4713-0/02,"Lojas de variedades, exceto lojas de departamentos ou magazines",BAIXO RISCO,Regra 4,07.12.13,"Escritório (inclusive virtual), sede de empresa, grupo de salas, centro empresarial",nR1-12 (até 1250) ;  nR2-12 (acima de 1250),nR1-12,"1250,00",nR2-12,"1250,01",-,-,1.01,"Administração, Organização e Planejamento",VALIDAÇÃO
4713-0/04,"Lojas de departamentos ou magazines, exceto lojas francas (Duty free)",MÉDIO RISCO,Regra 8,07.03.10,"Loja, magazines, loja de departamentos, grupo de lojas, “shopping center”",nR1-03 (Até 1250) ; nR2-03 (Acima de 1250),nR1-03,"1250,00",nR2-03,"1250,01",-,-,2.02,Comércio Varejista,VALIDAÇÃO
4713-0/04,"Lojas de departamentos ou magazines, exceto lojas francas (Duty free)",BAIXO RISCO,Regra 8,07.12.13,"Escritório (inclusive virtual), sede de empresa, grupo de salas, centro empresarial",nR1-12 (até 1250) ;  nR2-12 (acima de 1250),nR1-12,"1250,00",nR2-12,"1250,01",-,-,1.01,"Administração, Organização e Planejamento",VALIDAÇÃO
4713-0/05,"Lojas francas (Duty Free) de aeroportos, portos e em fronteiras terrestres",MÉDIO RISCO,Regra 8,07.03.10,"Loja, magazines, loja de departamentos, grupo de lojas, “shopping center”",nR1-03 (Até 1250) ; nR2-03 (Acima de 1250),nR1-03,"1250,00",nR2-03,"1250,01",-,-,2.02,Comércio Varejista,VALIDAÇÃO
4713-0/05,"Lojas francas (Duty Free) de aeroportos, portos e em fronteiras terrestres",BAIXO RISCO,Regra 8,07.12.13,"Escritório (inclusive virtual), sede de empresa, grupo de salas, centro empresarial",nR1-12 (até 1250) ;  nR2-12 (acima de 1250),nR1-12,"1250,00",nR2-12,"1250,01",-,-,1.01,"Administração, Organização e Planejamento",VALIDAÇÃO
4721-1/02,Padaria e confeitaria com predominância de revenda,BAIXO RISCO,Regra 4,07.01.05,"Comércio de gêneros alimentícios diversificados em geral: mercearia, mercado, delicatessem, padaria, panificadora, quitanda, frutaria",nR1-01 (Até 350) ; nR2-01 (Acima de 350),nR1-01,"350,00",nR2-01,"350,01",-,-,2.02,Comércio Varejista,VALIDAÇÃO
4721-1/02,Padaria e confeitaria com predominância de revenda,BAIXO RISCO,Regra 4,07.12.13,"Escritório (inclusive virtual), sede de empresa, grupo de salas, centro empresarial",nR1-12 (até 1250) ;  nR2-12 (acima de 1250),nR1-12,"1250,00",nR2-12,"1250,01",-,-,1.01,"Administração, Organização e Planejamento",VALIDAÇÃO
4721-1/03,Comércio varejista de laticínios e frios,MÉDIO RISCO,Regra 20,07.01.05,"Comércio de gêneros alimentícios diversificados em geral: mercearia, mercado, delicatessem, padaria, panificadora, quitanda, frutaria",nR1-01 (Até 350) ; nR2-01 (Acima de 350),nR1-01,"350,00",nR2-01,"350,01",-,-,2.02,Comércio Varejista,VALIDAÇÃO
4721-1/03,Comércio varejista de laticínios e frios,MÉDIO RISCO,Regra 20,07.12.13,"Escritório (inclusive virtual), sede de empresa, grupo de salas, centro empresarial",nR1-12 (até 1250) ;  nR2-12 (acima de 1250),nR1-12,"1250,00",nR2-12,"1250,01",-,-,1.01,"Administração, Organização e Planejamento",VALIDAÇÃO
4721-1/04,"Comércio varejista de doces, balas, bombons e semelhantes",BAIXO RISCO,Regra 4,07.01.05,"Comércio de gêneros alimentícios diversificados em geral: mercearia, mercado, delicatessem, padaria, panificadora, quitanda, frutaria",nR1-01 (Até 350) ; nR2-01 (Acima de 350),nR1-01,"350,00",nR2-01,"350,01",-,-,2.02,Comércio Varejista,VALIDAÇÃO
4721-1/04,"Comércio varejista de doces, balas, bombons e semelhantes",BAIXO RISCO,Regra 4,07.12.13,"Escritório (inclusive virtual), sede de empresa, grupo de salas, centro empresarial",nR1-12 (até 1250) ;  nR2-12 (acima de 1250),nR1-12,"1250,00",nR2-12,"1250,01",-,-,1.01,"Administração, Organização e Planejamento",VALIDAÇÃO
4722-9/01,Comércio varejista de carnes - açougues,BAIXO RISCO,Regra 4,07.01.01,"Comércio de carnes, aves e peixes para preparo de alimentos",nR1-01 (Até 350) ; nR2-01 (Acima de 350),nR1-01,"350,00",nR2-01,"350,01",-,-,2.02,Comércio Varejista,VALIDAÇÃO
4722-9/01,Comércio varejista de carnes - açougues,BAIXO RISCO,Regra 4,07.12.13,"Escritório (inclusive virtual), sede de empresa, grupo de salas, centro empresarial",nR1-12 (até 1250) ;  nR2-12 (acima de 1250),nR1-12,"1250,00",nR2-12,"1250,01",-,-,1.01,"Administração, Organização e Planejamento",VALIDAÇÃO
4722-9/02,Peixaria,MÉDIO RISCO,Regra 20,07.01.01,"Comércio de carnes, aves e peixes para preparo de alimentos",nR1-01 (Até 350) ; nR2-01 (Acima de 350),nR1-01,"350,00",nR2-01,"350,01",-,-,2.02,Comércio Varejista,VALIDAÇÃO
4722-9/02,Peixaria,MÉDIO RISCO,Regra 20,07.12.13,"Escritório (inclusive virtual), sede de empresa, grupo de salas, centro empresarial",nR1-12 (até 1250) ;  nR2-12 (acima de 1250),nR1-12,"1250,00",nR2-12,"1250,01",-,-,1.01,"Administração, Organização e Planejamento",VALIDAÇÃO
4723-7/00,Comércio varejista de bebidas,BAIXO RISCO,Regra 4,07.01.04,Comércio de bebidas,nR1-01 (Até 350) ; nR2-01 (Acima de 350),nR1-01,"350,00",nR2-01,"350,01",-,-,2.02,Comércio Varejista,VALIDAÇÃO
4723-7/00,Comércio varejista de bebidas,BAIXO RISCO,Regra 4,07.12.13,"Escritório (inclusive virtual), sede de empresa, grupo de salas, centro empresarial",nR1-12 (até 1250) ;  nR2-12 (acima de 1250),nR1-12,"1250,00",nR2-12,"1250,01",-,-,1.01,"Administração, Organização e Planejamento",VALIDAÇÃO
4724-5/00,Comércio varejista de hortifrutigranjeiros,MÉDIO RISCO,Regra 20,07.01.05,"Comércio de gêneros alimentícios diversificados em geral: mercearia, mercado, delicatessem, padaria, panificadora, quitanda, frutaria",nR1-01 (Até 350) ; nR2-01 (Acima de 350),nR1-01,"350,00",nR2-01,"350,01",-,-,2.02,Comércio Varejista,VALIDAÇÃO
4724-5/00,Comércio varejista de hortifrutigranjeiros,MÉDIO RISCO,Regra 20,07.12.13,"Escritório (inclusive virtual), sede de empresa, grupo de salas, centro empresarial",nR1-12 (até 1250) ;  nR2-12 (acima de 1250),nR1-12,"1250,00",nR2-12,"1250,01",-,-,1.01,"Administração, Organização e Planejamento",VALIDAÇÃO
4729-6/01,Tabacaria,MÉDIO RISCO,Regra 20,07.03.07,"Comércio de artigos de ótica, de tabacaria, de artigos religiosos, de discos, CDs e DVDs, de brinquedos, “games” e similares, de artigos recreativos e desportivos (e suas peças e acessórios), de materiais fotográficos e cinematográficos",nR1-03 (Até 350) ; nR2-03 (Acima de 350),nR1-03,"350,00",nR2-03,"350,01",-,-,2.02,Comércio Varejista,VALIDAÇÃO
4729-6/01,Tabacaria,MÉDIO RISCO,Regra 20,07.12.13,"Escritório (inclusive virtual), sede de empresa, grupo de salas, centro empresarial",nR1-12 (até 1250) ;  nR2-12 (acima de 1250),nR1-12,"1250,00",nR2-12,"1250,01",-,-,1.01,"Administração, Organização e Planejamento",VALIDAÇÃO
4729-6/02,Comércio varejista de mercadorias em lojas de conveniência,BAIXO RISCO,Regra 4,07.01.05,"Comércio de gêneros alimentícios diversificados em geral: mercearia, mercado, delicatessem, padaria, panificadora, quitanda, frutaria",nR1-01 (Até 350) ; nR2-01 (Acima de 350),nR1-01,"350,00",nR2-01,"350,01",-,-,2.02,Comércio Varejista,VALIDAÇÃO
4729-6/02,Comércio varejista de mercadorias em lojas de conveniência,BAIXO RISCO,Regra 4,07.12.13,"Escritório (inclusive virtual), sede de empresa, grupo de salas, centro empresarial",nR1-12 (até 1250) ;  nR2-12 (acima de 1250),nR1-12,"1250,00",nR2-12,"1250,01",-,-,1.01,"Administração, Organização e Planejamento",VALIDAÇÃO
4729-6/99,Comércio varejista de produtos alimentícios em geral ou especializado em produtos alimentícios não especificados anteriormente,BAIXO RISCO,Regra 4,07.01.05,"Comércio de gêneros alimentícios diversificados em geral: mercearia, mercado, delicatessem, padaria, panificadora, quitanda, frutaria",nR1-01 (Até 350) ; nR2-01 (Acima de 350),nR1-01,"350,00",nR2-01,"350,01",-,-,2.02,Comércio Varejista,VALIDAÇÃO
4729-6/99,Comércio varejista de produtos alimentícios em geral ou especializado em produtos alimentícios não especificados anteriormente,BAIXO RISCO,Regra 4,07.12.13,"Escritório (inclusive virtual), sede de empresa, grupo de salas, centro empresarial",nR1-12 (até 1250) ;  nR2-12 (acima de 1250),nR1-12,"1250,00",nR2-12,"1250,01",-,-,1.01,"Administração, Organização e Planejamento",VALIDAÇÃO
4731-8/00,Comércio varejista de combustíveis para veículos automotores,ALTO,Regra 46,07.04.12,"Comércio de combustíveis e lubrificantes, posto de abastecimento de veículos",nR2-04 (Qualquer área),nR2-04,Q,-,Q,-,-,2.02,Comércio Varejista,VALIDAÇÃO
4731-8/00,Comércio varejista de combustíveis para veículos automotores,ALTO,Regra 46,07.12.13,"Escritório (inclusive virtual), sede de empresa, grupo de salas, centro empresarial",nR1-12 (até 1250) ;  nR2-12 (acima de 1250),nR1-12,"1250,00",nR2-12,"1250,01",-,-,1.01,"Administração, Organização e Planejamento",VALIDAÇÃO
4732-6/00,Comércio varejista de lubrificantes,ALTO,Regra 46,07.04.12,"Comércio de combustíveis e lubrificantes, posto de abastecimento de veículos",nR2-04 (Qualquer área),nR2-04,Q,-,Q,-,-,2.02,Comércio Varejista,VALIDAÇÃO
4732-6/00,Comércio varejista de lubrificantes,ALTO,Regra 46,07.12.13,"Escritório (inclusive virtual), sede de empresa, grupo de salas, centro empresarial",nR1-12 (até 1250) ;  nR2-12 (acima de 1250),nR1-12,"1250,00",nR2-12,"1250,01",-,-,1.01,"Administração, Organização e Planejamento",VALIDAÇÃO
4741-5/00,Comércio varejista de tintas e materiais para pintura,MÉDIO RISCO,Regra 5,07.04.05,"Comércio de materiais de construção e ferragens, madeira bruta e produtos metalúrgicos",nR2-04 (Qualquer área),nR2-04,Q,-,Q,-,-,2.02,Comércio Varejista,VALIDAÇÃO
4741-5/00,Comércio varejista de tintas e materiais para pintura,BAIXO RISCO,Regra 5,07.12.13,"Escritório (inclusive virtual), sede de empresa, grupo de salas, centro empresarial",nR1-12 (até 1250) ; nR2-12 (acima de 1250),nR1-12,1250,nR2-12,1250.01,-,-,1.01,"Administração, Organização e Planejamento",VALIDAÇÃO
4742-3/00,Comércio varejista de material elétrico,MÉDIO RISCO,Regra 5,07.04.05,"Comércio de materiais de construção e ferragens, madeira bruta e produtos metalúrgicos",nR2-04 (Qualquer área),nR2-04,Q,-,Q,-,-,2.02,Comércio Varejista,VALIDAÇÃO
4742-3/00,Comércio varejista de material elétrico,BAIXO RISCO,Regra 5,07.12.13,"Escritório (inclusive virtual), sede de empresa, grupo de salas, centro empresarial",nR1-12 (até 1250) ; nR2-12 (acima de 1250),nR1-12,1250,nR2-12,1250.01,-,-,1.01,"Administração, Organização e Planejamento",VALIDAÇÃO
4743-1/00,Comércio varejista de vidros,MÉDIO RISCO,Regra 1,07.09.08,"Cantaria, marmoaria, carpintaria, marcenaria, vidraçaria e serraria",nR2-09 (Qualquer área),nR2-09,Q,-,Q,-,-,2.02,Comércio Varejista,VALIDAÇÃO
4743-1/00,Comércio varejista de vidros,MÉDIO RISCO,Regra 1,07.03.05,"Comércio de móveis, artigos de decoração, artigos de alumínio, cristais, espelhos, louças e pratarias, luminárias e lustres",nR1-03 (Até 350) ; nR2-03 (Acima de 350),nR1-03,"350,00",nR2-03,"350,01",-,-,2.02,Comércio Varejista,VALIDAÇÃO
4743-1/00,Comércio varejista de vidros,BAIXO RISCO,Regra 1,07.12.13,"Escritório (inclusive virtual), sede de empresa, grupo de salas, centro empresarial",nR1-12 (até 1250) ; nR2-12 (acima de 1250),nR1-12,1250,nR2-12,1250.01,-,-,1.01,"Administração, Organização e Planejamento",VALIDAÇÃO
4744-0/01,Comércio varejista de ferragens e ferramentas,MÉDIO RISCO,Regra 5,07.04.05,"Comércio de materiais de construção e ferragens, madeira bruta e produtos metalúrgicos",nR2-04 (Qualquer área),nR2-04,Q,-,Q,-,-,2.02,Comércio Varejista,VALIDAÇÃO
4744-0/01,Comércio varejista de ferragens e ferramentas,BAIXO RISCO,Regra 5,07.12.13,"Escritório (inclusive virtual), sede de empresa, grupo de salas, centro empresarial",nR1-12 (até 1250) ; nR2-12 (acima de 1250),nR1-12,1250,nR2-12,1250.01,-,-,1.01,"Administração, Organização e Planejamento",VALIDAÇÃO
4744-0/02,Comércio varejista de madeira e artefatos,MÉDIO RISCO,Regra 5,07.04.05,"Comércio de materiais de construção e ferragens, madeira bruta e produtos metalúrgicos",nR2-04 (Qualquer área),nR2-04,Q,-,Q,-,-,2.02,Comércio Varejista,VALIDAÇÃO
4744-0/02,Comércio varejista de madeira e artefatos,BAIXO RISCO,Regra 5,07.12.13,"Escritório (inclusive virtual), sede de empresa, grupo de salas, centro empresarial",nR1-12 (até 1250) ; nR2-12 (acima de 1250),nR1-12,1250,nR2-12,1250.01,-,-,1.01,"Administração, Organização e Planejamento",VALIDAÇÃO
4744-0/03,Comércio varejista de materiais hidráulicos,MÉDIO RISCO,Regra 5,07.04.05,"Comércio de materiais de construção e ferragens, madeira bruta e produtos metalúrgicos",nR2-04 (Qualquer área),nR2-04,Q,-,Q,-,-,2.02,Comércio Varejista,VALIDAÇÃO
4744-0/03,Comércio varejista de materiais hidráulicos,BAIXO RISCO,Regra 5,07.12.13,"Escritório (inclusive virtual), sede de empresa, grupo de salas, centro empresarial",nR1-12 (até 1250) ; nR2-12 (acima de 1250),nR1-12,1250,nR2-12,1250.01,-,-,1.01,"Administração, Organização e Planejamento",VALIDAÇÃO
4744-0/04,"Comércio varejista de cal, areia, pedra britada, tijolos e telhas",MÉDIO RISCO,Regra 5,07.04.05,"Comércio de materiais de construção e ferragens, madeira bruta e produtos metalúrgicos",nR2-04 (Qualquer área),nR2-04,Q,-,Q,-,-,2.02,Comércio Varejista,VALIDAÇÃO
4744-0/04,"Comércio varejista de cal, areia, pedra britada, tijolos e telhas",BAIXO RISCO,Regra 5,07.12.13,"Escritório (inclusive virtual), sede de empresa, grupo de salas, centro empresarial",nR1-12 (até 1250) ; nR2-12 (acima de 1250),nR1-12,1250,nR2-12,1250.01,-,-,1.01,"Administração, Organização e Planejamento",VALIDAÇÃO
4744-0/05,Comércio varejista de materiais de construção não especificados anteriormente,MÉDIO RISCO,Regra 5,07.04.05,"Comércio de materiais de construção e ferragens, madeira bruta e produtos metalúrgicos",nR2-04 (Qualquer área),nR2-04,Q,-,Q,-,-,2.02,Comércio Varejista,VALIDAÇÃO
4744-0/05,Comércio varejista de materiais de construção não especificados anteriormente,BAIXO RISCO,Regra 5,07.12.13,"Escritório (inclusive virtual), sede de empresa, grupo de salas, centro empresarial",nR1-12 (até 1250) ; nR2-12 (acima de 1250),nR1-12,1250,nR2-12,1250.01,-,-,1.01,"Administração, Organização e Planejamento",VALIDAÇÃO
4744-0/06,Comércio varejista de pedras para revestimento,MÉDIO RISCO,Regra 5,07.04.05,"Comércio de materiais de construção e ferragens, madeira bruta e produtos metalúrgicos",nR2-04 (Qualquer área),nR2-04,Q,-,Q,-,-,2.02,Comércio Varejista,VALIDAÇÃO
4744-0/06,Comércio varejista de pedras para revestimento,BAIXO RISCO,Regra 5,07.12.13,"Escritório (inclusive virtual), sede de empresa, grupo de salas, centro empresarial",nR1-12 (até 1250) ; nR2-12 (acima de 1250),nR1-12,1250,nR2-12,1250.01,-,-,1.01,"Administração, Organização e Planejamento",VALIDAÇÃO
4744-0/99,Comércio varejista de materiais de construção em geral,MÉDIO RISCO,Regra 5,07.04.05,"Comércio de materiais de construção e ferragens, madeira bruta e produtos metalúrgicos",nR2-04 (Qualquer área),nR2-04,Q,-,Q,-,-,2.02,Comércio Varejista,VALIDAÇÃO
4744-0/99,Comércio varejista de materiais de construção em geral,BAIXO RISCO,Regra 5,07.12.13,"Escritório (inclusive virtual), sede de empresa, grupo de salas, centro empresarial",nR1-12 (até 1250) ; nR2-12 (acima de 1250),nR1-12,1250,nR2-12,1250.01,-,-,1.01,"Administração, Organização e Planejamento",VALIDAÇÃO
4751-2/01,Comércio varejista especializado de equipamentos e suprimentos de informática,BAIXO RISCO,Regra 4,07.03.02,"Comércio de artigos de papelaria, de escritório e informática, de materiais de desenho e impressos em geral (livros, jornais, revistas)",nR1-03 (Até 350) ; nR2-03 (Acima de 350),nR1-03,"350,00",nR2-03,"350,01",-,-,2.02,Comércio Varejista,VALIDAÇÃO
4751-2/01,Comércio varejista especializado de equipamentos e suprimentos de informática,BAIXO RISCO,Regra 4,07.12.13,"Escritório (inclusive virtual), sede de empresa, grupo de salas, centro empresarial",nR1-12 (até 1250) ; nR2-12 (acima de 1250),nR1-12,1250,nR2-12,1250.01,-,-,1.01,"Administração, Organização e Planejamento",VALIDAÇÃO
4751-2/02,Recarga de cartuchos para equipamentos de informática,BAIXO RISCO,Regra 4,07.09.07,"Serviço de carga e recuperação de cartuchos, serviços de reparação de obras e objetos de arte, serviços de chaveiro e confecção de carimbos, serviços de entalhador, de maquetes e molduras, serviço de encadernação e restauração de livros, serviços de embalagem, rotulagem e encaixotamento",nR01-09 (Qualquer área),nR1-09,Q,-,Q,-,-,1.18,Estabelecimentos não Classificados nos Itens 1.01 a 1.17,VALIDAÇÃO
4751-2/02,Recarga de cartuchos para equipamentos de informática,BAIXO RISCO,Regra 4,07.12.13,"Escritório (inclusive virtual), sede de empresa, grupo de salas, centro empresarial",nR1-12 (até 1250) ; nR2-12 (acima de 1250),nR1-12,1250,nR2-12,1250.01,-,-,1.01,"Administração, Organização e Planejamento",VALIDAÇÃO
4752-1/00,Comércio varejista especializado de equipamentos de telefonia e comunicação,BAIXO RISCO,Regra 4,07.03.11,Outros comércios diversificados não classificados,nR1-03 (Até 350) ; nR2-03 (Acima de 350),nR1-03,"350,00",nR2-03,"350,01",-,-,2.02,Comércio Varejista,VALIDAÇÃO
4752-1/00,Comércio varejista especializado de equipamentos de telefonia e comunicação,BAIXO RISCO,Regra 4,07.12.13,"Escritório (inclusive virtual), sede de empresa, grupo de salas, centro empresarial",nR1-12 (até 1250) ; nR2-12 (acima de 1250),nR1-12,1250,nR2-12,1250.01,-,-,1.01,"Administração, Organização e Planejamento",VALIDAÇÃO
4753-9/00,Comércio varejista especializado de eletrodomésticos e equipamentos de áudio e vídeo,BAIXO RISCO,Regra 4,07.03.08,Comércio de eletrodomésticos,nR1-03 (Até 350) ; nR2-03 (Acima de 350),nR1-03,"350,00",nR2-03,"350,01",-,-,2.02,Comércio Varejista,VALIDAÇÃO
4753-9/00,Comércio varejista especializado de eletrodomésticos e equipamentos de áudio e vídeo,BAIXO RISCO,Regra 4,07.12.13,"Escritório (inclusive virtual), sede de empresa, grupo de salas, centro empresarial",nR1-12 (até 1250) ; nR2-12 (acima de 1250),nR1-12,1250,nR2-12,1250.01,-,-,1.01,"Administração, Organização e Planejamento",VALIDAÇÃO
4754-7/01,Comércio varejista de móveis,MÉDIO RISCO,Regra 8,07.03.05,"Comércio de móveis, artigos de decoração, artigos de alumínio, cristais, espelhos, louças e pratarias, luminárias e lustres",nR1-03 (Até 350) ; nR2-03 (Acima de 350),nR1-03,"350,00",nR2-03,"350,01",-,-,2.02,Comércio Varejista,VALIDAÇÃO
4754-7/01,Comércio varejista de móveis,BAIXO RISCO,Regra 8,07.12.13,"Escritório (inclusive virtual), sede de empresa, grupo de salas, centro empresarial",nR1-12 (até 1250) ; nR2-12 (acima de 1250),nR1-12,1250,nR2-12,1250.01,-,-,1.01,"Administração, Organização e Planejamento",VALIDAÇÃO
4754-7/02,Comércio varejista de artigos de colchoaria,MÉDIO RISCO,Regras 13 e 14,07.03.11,Outros comércios diversificados não classificados,nR1-03 (Até 350) ; nR2-03 (Acima de 350),nR1-03,"350,00",nR2-03,"350,01",-,-,2.02,Comércio Varejista,VALIDAÇÃO
4754-7/02,Comércio varejista de artigos de colchoaria,MÉDIO RISCO,Regras 13 e 14,07.08.02,Central de armazenamento e distribuição de mercadoria e cargas em geral,nR1-08 (até 500) ; nR2-08 (de 501 a 5000) ; nR3-08 (acima de 5000),nR1-08,"500,00",nR2-08,5000,nR3-08,"5000,01",1.15,Estabelecimento de locação e Guarda de bens,VALIDAÇÃO
4754-7/02,Comércio varejista de artigos de colchoaria,BAIXO RISCO,Regras 13 e 14,07.12.13,"Escritório (inclusive virtual), sede de empresa, grupo de salas, centro empresarial",nR1-12 (até 1250) ; nR2-12 (acima de 1250),nR1-12,1250,nR2-12,1250.01,-,-,1.01,"Administração, Organização e Planejamento",VALIDAÇÃO
4754-7/03,Comércio varejista de artigos de iluminação,BAIXO RISCO,Regra 4,07.03.05,"Comércio de móveis, artigos de decoração, artigos de alumínio, cristais, espelhos, louças e pratarias, luminárias e lustres",nR1-03 (Até 350) ; nR2-03 (Acima de 350),nR1-03,"350,00",nR2-03,"350,01",-,-,2.02,Comércio Varejista,VALIDAÇÃO
4754-7/03,Comércio varejista de artigos de iluminação,BAIXO RISCO,Regra 4,07.12.13,"Escritório (inclusive virtual), sede de empresa, grupo de salas, centro empresarial",nR1-12 (até 1250) ; nR2-12 (acima de 1250),nR1-12,1250,nR2-12,1250.01,-,-,1.01,"Administração, Organização e Planejamento",VALIDAÇÃO
4755-5/01,Comércio varejista de tecidos,BAIXO RISCO,Regra 4,07.03.03,"Comércio de artigos de vestuário, calçados, bolsas, artigos de viagem e acessórios, artigos de cama, mesa, banho, utilidades domésticas, tecidos e fios têxteis",nR1-03 (Até 350) ; nR2-03 (Acima de 350),nR1-03,"350,00",nR2-03,"350,01",-,-,2.02,Comércio Varejista,VALIDAÇÃO
4755-5/01,Comércio varejista de tecidos,BAIXO RISCO,Regra 4,07.12.13,"Escritório (inclusive virtual), sede de empresa, grupo de salas, centro empresarial",nR1-12 (até 1250) ;  nR2-12 (acima de 1250),nR1-12,"1250,00",nR2-12,"1250,01",-,-,1.01,"Administração, Organização e Planejamento",VALIDAÇÃO
4755-5/02,Comercio varejista de artigos de armarinho,BAIXO RISCO,Regra 4,07.03.01,"Comércio de variedades, presentes, “souvenirs” e miudezas: bazar, loja de artesanato, armarinho, floricultura",nR1-03 (Até 350) ; nR2-03 (Acima de 350),nR1-03,"350,00",nR2-03,"350,01",-,-,2.02,Comércio Varejista,VALIDAÇÃO
4755-5/02,Comercio varejista de artigos de armarinho,BAIXO RISCO,Regra 4,07.12.13,"Escritório (inclusive virtual), sede de empresa, grupo de salas, centro empresarial",nR1-12 (até 1250) ;  nR2-12 (acima de 1250),nR1-12,"1250,00",nR2-12,"1250,01",-,-,1.01,"Administração, Organização e Planejamento",VALIDAÇÃO
4755-5/03,"Comercio varejista de artigos de cama, mesa e banho",BAIXO RISCO,Regra 4,07.03.03,"Comércio de artigos de vestuário, calçados, bolsas, artigos de viagem e acessórios, artigos de cama, mesa, banho, utilidades domésticas, tecidos e fios têxteis",nR1-03 (Até 350) ; nR2-03 (Acima de 350),nR1-03,"350,00",nR2-03,"350,01",-,-,2.02,Comércio Varejista,VALIDAÇÃO
4755-5/03,"Comercio varejista de artigos de cama, mesa e banho",BAIXO RISCO,Regra 4,07.12.13,"Escritório (inclusive virtual), sede de empresa, grupo de salas, centro empresarial",nR1-12 (até 1250) ;  nR2-12 (acima de 1250),nR1-12,"1250,00",nR2-12,"1250,01",-,-,1.01,"Administração, Organização e Planejamento",VALIDAÇÃO
4756-3/00,Comércio varejista especializado de instrumentos musicais e acessórios,BAIXO RISCO,Regra 4,07.03.11,Outros comércios diversificados não classificados,nR1-03 (Até 350) ; nR2-03 (Acima de 350),nR1-03,"350,00",nR2-03,"350,01",-,-,2.02,Comércio Varejista,VALIDAÇÃO
4756-3/00,Comércio varejista especializado de instrumentos musicais e acessórios,BAIXO RISCO,Regra 4,07.12.13,"Escritório (inclusive virtual), sede de empresa, grupo de salas, centro empresarial",nR1-12 (até 1250) ;  nR2-12 (acima de 1250),nR1-12,"1250,00",nR2-12,"1250,01",-,-,1.01,"Administração, Organização e Planejamento",VALIDAÇÃO
4757-1/00,"Comércio varejista especializado de peças e acessórios para aparelhos eletroeletrônicos para uso doméstico, exceto informática e comunicação",BAIXO RISCO,Regra 4,07.03.08,Comércio de eletrodomésticos,nR1-03 (Até 350) ; nR2-03 (Acima de 350),nR1-03,"350,00",nR2-03,"350,01",-,-,2.02,Comércio Varejista,VALIDAÇÃO
4757-1/00,"Comércio varejista especializado de peças e acessórios para aparelhos eletroeletrônicos para uso doméstico, exceto informática e comunicação",BAIXO RISCO,Regra 4,07.12.13,"Escritório (inclusive virtual), sede de empresa, grupo de salas, centro empresarial",nR1-12 (até 1250) ;  nR2-12 (acima de 1250),nR1-12,"1250,00",nR2-12,"1250,01",-,-,1.01,"Administração, Organização e Planejamento",VALIDAÇÃO
4759-8/01,"Comércio varejista de artigos de tapeçaria, cortinas e persianas",BAIXO RISCO,Regra 4,07.03.05,"Comércio de móveis, artigos de decoração, artigos de alumínio, cristais, espelhos, louças e pratarias, luminárias e lustres",nR1-03 (Até 350) ; nR2-03 (Acima de 350),nR1-03,"350,00",nR2-03,"350,01",-,-,2.02,Comércio Varejista,VALIDAÇÃO
4759-8/01,"Comércio varejista de artigos de tapeçaria, cortinas e persianas",BAIXO RISCO,Regra 4,07.12.13,"Escritório (inclusive virtual), sede de empresa, grupo de salas, centro empresarial",nR1-12 (até 1250) ;  nR2-12 (acima de 1250),nR1-12,"1250,00",nR2-12,"1250,01",-,-,1.01,"Administração, Organização e Planejamento",VALIDAÇÃO
4759-8/99,Comércio varejista de outros artigos de uso doméstico não especificados anteriormente,BAIXO RISCO,Regra 4,07.03.11,Outros comércios diversificados não classificados,nR1-03 (Até 350) ; nR2-03 (Acima de 350),nR1-03,"350,00",nR2-03,"350,01",-,-,2.02,Comércio Varejista,VALIDAÇÃO
4759-8/99,Comércio varejista de outros artigos de uso doméstico não especificados anteriormente,BAIXO RISCO,Regra 4,07.12.13,"Escritório (inclusive virtual), sede de empresa, grupo de salas, centro empresarial",nR1-12 (até 1250) ;  nR2-12 (acima de 1250),nR1-12,"1250,00",nR2-12,"1250,01",-,-,1.01,"Administração, Organização e Planejamento",VALIDAÇÃO
4761-0/01,Comércio varejista de livros,BAIXO RISCO,Regra 4,07.03.02,"Comércio de artigos de papelaria, de escritório e informática, de materiais de desenho e impressos em geral (livros, jornais, revistas)",nR1-03 (Até 350) ; nR2-03 (Acima de 350),nR1-03,"350,00",nR2-03,"350,01",-,-,2.02,Comércio Varejista,VALIDAÇÃO
4761-0/01,Comércio varejista de livros,BAIXO RISCO,Regra 4,07.12.13,"Escritório (inclusive virtual), sede de empresa, grupo de salas, centro empresarial",nR1-12 (até 1250) ;  nR2-12 (acima de 1250),nR1-12,"1250,00",nR2-12,"1250,01",-,-,1.01,"Administração, Organização e Planejamento",VALIDAÇÃO
4761-0/02,Comércio varejista de jornais e revistas,BAIXO RISCO,Regra 4,07.03.02,"Comércio de artigos de papelaria, de escritório e informática, de materiais de desenho e impressos em geral (livros, jornais, revistas)",nR1-03 (Até 350) ; nR2-03 (Acima de 350),nR1-03,"350,00",nR2-03,"350,01",-,-,2.02,Comércio Varejista,VALIDAÇÃO
4761-0/02,Comércio varejista de jornais e revistas,BAIXO RISCO,Regra 4,07.12.13,"Escritório (inclusive virtual), sede de empresa, grupo de salas, centro empresarial",nR1-12 (até 1250) ;  nR2-12 (acima de 1250),nR1-12,"1250,00",nR2-12,"1250,01",-,-,1.01,"Administração, Organização e Planejamento",VALIDAÇÃO
4761-0/03,Comércio varejista de artigos de papelaria,BAIXO RISCO,Regra 4,07.03.02,"Comércio de artigos de papelaria, de escritório e informática, de materiais de desenho e impressos em geral (livros, jornais, revistas)",nR1-03 (Até 350) ; nR2-03 (Acima de 350),nR1-03,"350,00",nR2-03,"350,01",-,-,2.02,Comércio Varejista,VALIDAÇÃO
4761-0/03,Comércio varejista de artigos de papelaria,BAIXO RISCO,Regra 4,07.12.13,"Escritório (inclusive virtual), sede de empresa, grupo de salas, centro empresarial",nR1-12 (até 1250) ;  nR2-12 (acima de 1250),nR1-12,"1250,00",nR2-12,"1250,01",-,-,1.01,"Administração, Organização e Planejamento",VALIDAÇÃO
4762-8/00,"Comércio varejista de discos, CDs, DVDs e fitas",BAIXO RISCO,Regra 4,07.03.07,"Comércio de artigos de ótica, de tabacaria, de artigos religiosos, de discos, CDs e DVDs, de brinquedos, “games” e similares, de artigos recreativos e desportivos (e suas peças e acessórios), de materiais fotográficos e cinematográficos",nR1-03 (Até 350) ; nR2-03 (Acima de 350),nR1-03,"350,00",nR2-03,"350,01",-,-,2.02,Comércio Varejista,VALIDAÇÃO
4762-8/00,"Comércio varejista de discos, CDs, DVDs e fitas",BAIXO RISCO,Regra 4,07.12.13,"Escritório (inclusive virtual), sede de empresa, grupo de salas, centro empresarial",nR1-12 (até 1250) ;  nR2-12 (acima de 1250),nR1-12,"1250,00",nR2-12,"1250,01",-,-,1.01,"Administração, Organização e Planejamento",VALIDAÇÃO
4763-6/01,Comércio varejista de brinquedos e artigos recreativos,BAIXO RISCO,Regra 4,07.03.07,"Comércio de artigos de ótica, de tabacaria, de artigos religiosos, de discos, CDs e DVDs, de brinquedos, “games” e similares, de artigos recreativos e desportivos (e suas peças e acessórios), de materiais fotográficos e cinematográficos",nR1-03 (Até 350) ; nR2-03 (Acima de 350),nR1-03,"350,00",nR2-03,"350,01",-,-,2.02,Comércio Varejista,VALIDAÇÃO
4763-6/01,Comércio varejista de brinquedos e artigos recreativos,BAIXO RISCO,Regra 4,07.12.13,"Escritório (inclusive virtual), sede de empresa, grupo de salas, centro empresarial",nR1-12 (até 1250) ;  nR2-12 (acima de 1250),nR1-12,"1250,00",nR2-12,"1250,01",-,-,1.01,"Administração, Organização e Planejamento",VALIDAÇÃO
4763-6/02,Comércio varejista de artigos esportivos,BAIXO RISCO,Regra 4,07.03.07,"Comércio de artigos de ótica, de tabacaria, de artigos religiosos, de discos, CDs e DVDs, de brinquedos, “games” e similares, de artigos recreativos e desportivos (e suas peças e acessórios), de materiais fotográficos e cinematográficos",nR1-03 (Até 350) ; nR2-03 (Acima de 350),nR1-03,"350,00",nR2-03,"350,01",-,-,2.02,Comércio Varejista,VALIDAÇÃO
4763-6/02,Comércio varejista de artigos esportivos,BAIXO RISCO,Regra 4,07.12.13,"Escritório (inclusive virtual), sede de empresa, grupo de salas, centro empresarial",nR1-12 (até 1250) ;  nR2-12 (acima de 1250),nR1-12,"1250,00",nR2-12,"1250,01",-,-,1.01,"Administração, Organização e Planejamento",VALIDAÇÃO
4763-6/03,Comércio varejista de bicicletas e triciclos; peças e acessórios,BAIXO RISCO,Regra 4,07.04.10,"Comércio de motos e bicicletas, suas peças e acessórios",nR2-04 (Qualquer área),nR2-04,Q,-,Q,-,-,2.02,Comércio Varejista,VALIDAÇÃO
4763-6/03,Comércio varejista de bicicletas e triciclos; peças e acessórios,BAIXO RISCO,Regra 4,07.12.13,"Escritório (inclusive virtual), sede de empresa, grupo de salas, centro empresarial",nR1-12 (até 1250) ;  nR2-12 (acima de 1250),nR1-12,"1250,00",nR2-12,"1250,01",-,-,1.01,"Administração, Organização e Planejamento",VALIDAÇÃO
4763-6/04,"Comércio varejista de artigos de caça, pesca e camping",BAIXO RISCO,Regra 4,07.03.11,Outros comércios diversificados não classificados,nR1-03 (Até 350) ; nR2-03 (Acima de 350),nR1-03,"350,00",nR2-03,"350,01",-,-,2.02,Comércio Varejista,VALIDAÇÃO
4763-6/04,"Comércio varejista de artigos de caça, pesca e camping",BAIXO RISCO,Regra 4,07.12.13,"Escritório (inclusive virtual), sede de empresa, grupo de salas, centro empresarial",nR1-12 (até 1250) ;  nR2-12 (acima de 1250),nR1-12,"1250,00",nR2-12,"1250,01",-,-,1.01,"Administração, Organização e Planejamento",VALIDAÇÃO
4763-6/05,Comércio varejista de embarcações e outros veículos recreativos; peças e acessórios,MÉDIO RISCO,Regra 5,07.04.17,Outros comércios especializados não classificados,nR2-04 (Qualquer área),nR2-04,Q,-,Q,-,-,2.02,Comércio Varejista,VALIDAÇÃO
4763-6/05,Comércio varejista de embarcações e outros veículos recreativos; peças e acessórios,BAIXO RISCO,Regra 5,07.12.13,"Escritório (inclusive virtual), sede de empresa, grupo de salas, centro empresarial",nR1-12 (até 1250) ;  nR2-12 (acima de 1250),nR1-12,"1250,00",nR2-12,"1250,01",-,-,1.01,"Administração, Organização e Planejamento",VALIDAÇÃO
4771-7/01,"Comércio varejista de produtos farmacêuticos, sem manipulação de fórmulas",MÉDIO RISCO,Regra 20,07.03.09,Comércio de medicamentos e higiene pessoal,nR1-03 (Até 350) ; nR2-03 (Acima de 350),nR1-03,"350,00",nR2-03,"350,01",,,2.02,Comércio Varejista,VALIDAÇÃO
4771-7/01,"Comércio varejista de produtos farmacêuticos, sem manipulação de fórmulas",MÉDIO RISCO,Regra 20,07.12.13,"Escritório (inclusive virtual), sede de empresa, grupo de salas, centro empresarial",nR1-12 (até 1250) ;  nR2-12 (acima de 1250),nR1-12,"1250,00",nR2-12,"1250,01",-,-,1.01,"Administração, Organização e Planejamento",VALIDAÇÃO
4771-7/02,"Comércio varejista de produtos farmacêuticos, com manipulação de fórmulas",MÉDIO RISCO,Regra 20,07.03.09,Comércio de medicamentos e higiene pessoal,nR1-03 (Até 350) ; nR2-03 (Acima de 350),nR1-03,"350,00",nR2-03,"350,01",,,2.02,Comércio Varejista,VALIDAÇÃO
4771-7/02,"Comércio varejista de produtos farmacêuticos, com manipulação de fórmulas",MÉDIO RISCO,Regra 20,07.12.13,"Escritório (inclusive virtual), sede de empresa, grupo de salas, centro empresarial",nR1-12 (até 1250) ;  nR2-12 (acima de 1250),nR1-12,"1250,00",nR2-12,"1250,01",-,-,1.01,"Administração, Organização e Planejamento",VALIDAÇÃO
4771-7/03,Comércio varejista de produtos farmacêuticos homeopáticos,MÉDIO RISCO,Regra 20,07.03.09,Comércio de medicamentos e higiene pessoal,nR1-03 (Até 350) ; nR2-03 (Acima de 350),nR1-03,"350,00",nR2-03,"350,01",,,2.02,Comércio Varejista,VALIDAÇÃO
4771-7/03,Comércio varejista de produtos farmacêuticos homeopáticos,MÉDIO RISCO,Regra 20,07.12.13,"Escritório (inclusive virtual), sede de empresa, grupo de salas, centro empresarial",nR1-12 (até 1250) ;  nR2-12 (acima de 1250),nR1-12,"1250,00",nR2-12,"1250,01",-,-,1.01,"Administração, Organização e Planejamento",VALIDAÇÃO
4771-7/04,Comércio varejista de medicamentos veterinários,BAIXO RISCO,Regra 4,07.04.06,"Comércio de produtos veterinários, rações e sementes",nR2-04 (Qualquer área),nR2-04,Q,-,Q,-,-,2.02,Comércio Varejista,VALIDAÇÃO
4771-7/04,Comércio varejista de medicamentos veterinários,BAIXO RISCO,Regra 4,07.12.13,"Escritório (inclusive virtual), sede de empresa, grupo de salas, centro empresarial",nR1-12 (até 1250) ;  nR2-12 (acima de 1250),nR1-12,"1250,00",nR2-12,"1250,01",-,-,1.01,"Administração, Organização e Planejamento",VALIDAÇÃO
4772-5/00,"Comércio varejista de cosméticos, produtos de perfumaria e de higiene pessoal",BAIXO RISCO,Regra 4,07.03.09,Comércio de medicamentos e higiene pessoal,nR1-03 (Até 350) ; nR2-03 (Acima de 350),nR1-03,"350,00",nR2-03,"350,01",,,2.02,Comércio Varejista,VALIDAÇÃO
4772-5/00,"Comércio varejista de cosméticos, produtos de perfumaria e de higiene pessoal",BAIXO RISCO,Regra 4,07.12.13,"Escritório (inclusive virtual), sede de empresa, grupo de salas, centro empresarial",nR1-12 (até 1250) ;  nR2-12 (acima de 1250),nR1-12,"1250,00",nR2-12,"1250,01",-,-,1.01,"Administração, Organização e Planejamento",VALIDAÇÃO
4773-3/00,Comércio varejista de artigos médicos e ortopédicos,BAIXO RISCO,Regra 4,07.03.11,Outros comércios especializados não classificados,nR1-03 (Até 350) ; nR2-03 (Acima de 350),nR1-03,"350,00",nR2-03,"350,01",-,-,2.02,Comércio Varejista,VALIDAÇÃO
4773-3/00,Comércio varejista de artigos médicos e ortopédicos,BAIXO RISCO,Regra 4,07.12.13,"Escritório (inclusive virtual), sede de empresa, grupo de salas, centro empresarial",nR1-12 (até 1250) ;  nR2-12 (acima de 1250),nR1-12,"1250,00",nR2-12,"1250,01",-,-,1.01,"Administração, Organização e Planejamento",VALIDAÇÃO
4774-1/00,Comércio varejista de artigos de óptica,BAIXO RISCO,Regra 4,07.03.07,"Comércio de artigos de ótica, de tabacaria, de artigos religiosos, de discos, CDs e DVDs, de brinquedos, “games” e similares, de artigos recreativos e desportivos (e suas peças e acessórios), de materiais fotográficos e cinematográficos",nR1-03 (Até 350) ; nR2-03 (Acima de 350),nR1-03,"350,00",nR2-03,"350,01",-,-,2.02,Comércio Varejista,VALIDAÇÃO
4774-1/00,Comércio varejista de artigos de óptica,BAIXO RISCO,Regra 4,07.12.13,"Escritório (inclusive virtual), sede de empresa, grupo de salas, centro empresarial",nR1-12 (até 1250) ;  nR2-12 (acima de 1250),nR1-12,"1250,00",nR2-12,"1250,01",-,-,1.01,"Administração, Organização e Planejamento",VALIDAÇÃO
4781-4/00,Comércio varejista de artigos do vestuário e acessórios,BAIXO RISCO,Regra 4,07.03.03,"Comércio de artigos de vestuário, calçados, bolsas, artigos de viagem e acessórios, artigos de cama, mesa, banho, utilidades domésticas, tecidos e fios têxteis",nR1-03 (Até 350) ; nR2-03 (Acima de 350),nR1-03,"350,00",nR2-03,"350,01",-,-,2.02,Comércio Varejista,VALIDAÇÃO
4781-4/00,Comércio varejista de artigos do vestuário e acessórios,BAIXO RISCO,Regra 4,07.12.13,"Escritório (inclusive virtual), sede de empresa, grupo de salas, centro empresarial",nR1-12 (até 1250) ;  nR2-12 (acima de 1250),nR1-12,"1250,00",nR2-12,"1250,01",-,-,1.01,"Administração, Organização e Planejamento",VALIDAÇÃO
4782-2/01,Comércio varejista de calçados,BAIXO RISCO,Regra 4,07.03.03,"Comércio de artigos de vestuário, calçados, bolsas, artigos de viagem e acessórios, artigos de cama, mesa, banho, utilidades domésticas, tecidos e fios têxteis",nR1-03 (Até 350) ; nR2-03 (Acima de 350),nR1-03,"350,00",nR2-03,"350,01",-,-,2.02,Comércio Varejista,VALIDAÇÃO
4782-2/01,Comércio varejista de calçados,BAIXO RISCO,Regra 4,07.12.13,"Escritório (inclusive virtual), sede de empresa, grupo de salas, centro empresarial",nR1-12 (até 1250) ;  nR2-12 (acima de 1250),nR1-12,"1250,00",nR2-12,"1250,01",-,-,1.01,"Administração, Organização e Planejamento",VALIDAÇÃO
4782-2/02,Comércio varejista de artigos de viagem,BAIXO RISCO,Regra 4,07.03.03,"Comércio de artigos de vestuário, calçados, bolsas, artigos de viagem e acessórios, artigos de cama, mesa, banho, utilidades domésticas, tecidos e fios têxteis",nR1-03 (Até 350) ; nR2-03 (Acima de 350),nR1-03,"350,00",nR2-03,"350,01",-,-,2.02,Comércio Varejista,VALIDAÇÃO
4782-2/02,Comércio varejista de artigos de viagem,BAIXO RISCO,Regra 4,07.12.13,"Escritório (inclusive virtual), sede de empresa, grupo de salas, centro empresarial",nR1-12 (até 1250) ;  nR2-12 (acima de 1250),nR1-12,"1250,00",nR2-12,"1250,01",-,-,1.01,"Administração, Organização e Planejamento",VALIDAÇÃO
4783-1/01,Comércio varejista de artigos de joalheria,BAIXO RISCO,Regra 4,07.03.06,"Comércio de pedras preciosas e semipreciosas, metais preciosos e folheados, joias, relógios e bijuterias, objetos de arte e antiguidades",nR1-03 (Até 350) ; nR2-03 (Acima de 350),nR1-03,"350,00",nR2-03,"350,01",-,-,2.02,Comércio Varejista,VALIDAÇÃO
4783-1/01,Comércio varejista de artigos de joalheria,BAIXO RISCO,Regra 4,07.12.13,"Escritório (inclusive virtual), sede de empresa, grupo de salas, centro empresarial",nR1-12 (até 1250) ;  nR2-12 (acima de 1250),nR1-12,"1250,00",nR2-12,"1250,01",-,-,1.01,"Administração, Organização e Planejamento",VALIDAÇÃO
4783-1/02,Comércio varejista de artigos de relojoaria,BAIXO RISCO,Regra 4,07.03.06,"Comércio de pedras preciosas e semipreciosas, metais preciosos e folheados, joias, relógios e bijuterias, objetos de arte e antiguidades",nR1-03 (Até 350) ; nR2-03 (Acima de 350),nR1-03,"350,00",nR2-03,"350,01",-,-,2.02,Comércio Varejista,VALIDAÇÃO
4783-1/02,Comércio varejista de artigos de relojoaria,BAIXO RISCO,Regra 4,07.12.13,"Escritório (inclusive virtual), sede de empresa, grupo de salas, centro empresarial",nR1-12 (até 1250) ;  nR2-12 (acima de 1250),nR1-12,"1250,00",nR2-12,"1250,01",-,-,1.01,"Administração, Organização e Planejamento",VALIDAÇÃO
4784-9/00,Comércio varejista de gás liquefeito de petróleo (GLP),ALTO,Regra 53,07.04.16,Comércio de GLP (b),nR1-04  (Até 1560 Kg) ; nR2-04 (Acima de 1560 Kg),nR1-04,1560kg,nR2-04,"1560,01kg",,,2.02,Comércio Varejista,SEMI EXPRESSO
4784-9/00,Comércio varejista de gás liquefeito de petróleo (GLP),ALTO,Regra 53,07.12.13,"Escritório (inclusive virtual), sede de empresa, grupo de salas, centro empresarial",nR1-12 (até 1250) ;  nR2-12 (acima de 1250),nR1-12,"1250,00",nR2-12,"1250,01",-,-,1.01,"Administração, Organização e Planejamento",SEMI EXPRESSO
4785-7/01,Comércio varejista de antiguidades,BAIXO RISCO,Regra 4,07.03.06,"Comércio de pedras preciosas e semipreciosas, metais preciosos e folheados, joias, relógios e bijuterias, objetos de arte e antiguidades",nR1-03 (Até 350) ; nR2-03 (Acima de 350),nR1-03,"350,00",nR2-03,"350,01",-,-,2.02,Comércio Varejista,VALIDAÇÃO
4785-7/01,Comércio varejista de antiguidades,BAIXO RISCO,Regra 4,07.12.13,"Escritório (inclusive virtual), sede de empresa, grupo de salas, centro empresarial",nR1-12 (até 1250) ;  nR2-12 (acima de 1250),nR1-12,"1250,00",nR2-12,"1250,01",-,-,1.01,"Administração, Organização e Planejamento",VALIDAÇÃO
4785-7/99,Comércio varejista de outros artigos usados,MÉDIO RISCO,Regra 8,07.03.11,Outros comércios diversificados não classificados,nR1-03 (Até 350) ; nR2-03 (Acima de 350),nR1-03,"350,00",nR2-03,"350,01",,,2.02,Comércio Varejista,VALIDAÇÃO
4785-7/99,Comércio varejista de outros artigos usados,BAIXO RISCO,Regra 8,07.12.13,"Escritório (inclusive virtual), sede de empresa, grupo de salas, centro empresarial",nR1-12 (até 1250) ;  nR2-12 (acima de 1250),nR1-12,"1250,00",nR2-12,"1250,01",-,-,1.01,"Administração, Organização e Planejamento",VALIDAÇÃO
4789-0/01,"Comércio varejista de suvenires, bijuterias e artesanatos",BAIXO RISCO,Regra 4,07.03.01,"Comércio de variedades, presentes, “souvenirs” e miudezas: bazar, loja de artesanato, armarinho, floricultura",nR1-03 (Até 350) ; nR2-03 (Acima de 350),nR1-03,"350,00",nR2-03,"350,01",,,2.02,Comércio Varejista,VALIDAÇÃO
4789-0/01,"Comércio varejista de suvenires, bijuterias e artesanatos",BAIXO RISCO,Regra 4,07.12.13,"Escritório (inclusive virtual), sede de empresa, grupo de salas, centro empresarial",nR1-12 (até 1250) ;  nR2-12 (acima de 1250),nR1-12,"1250,00",nR2-12,"1250,01",-,-,1.01,"Administração, Organização e Planejamento",VALIDAÇÃO
4789-0/02,Comércio varejista de plantas e flores naturais,BAIXO RISCO,Regra 4,07.03.01,"Comércio de variedades, presentes, “souvenirs” e miudezas: bazar, loja de artesanato, armarinho, floricultura",nR1-03 (Até 350) ; nR2-03 (Acima de 350),nR1-03,"350,00",nR2-03,"350,01",,,2.02,Comércio Varejista,VALIDAÇÃO
4789-0/02,Comércio varejista de plantas e flores naturais,BAIXO RISCO,Regra 4,07.12.13,"Escritório (inclusive virtual), sede de empresa, grupo de salas, centro empresarial",nR1-12 (até 1250) ;  nR2-12 (acima de 1250),nR1-12,"1250,00",nR2-12,"1250,01",-,-,1.01,"Administração, Organização e Planejamento",VALIDAÇÃO
4789-0/03,Comércio varejista de objetos de arte,BAIXO RISCO,Regra 4,07.03.06,"Comércio de pedras preciosas e semipreciosas, metais preciosos e folheados, joias, relógios e bijuterias, objetos de arte e antiguidades",nR1-03 (Até 350) ; nR2-03 (Acima de 350),nR1-03,"350,00",nR2-03,"350,01",,,2.02,Comércio Varejista,VALIDAÇÃO
4789-0/03,Comércio varejista de objetos de arte,BAIXO RISCO,Regra 4,07.12.13,"Escritório (inclusive virtual), sede de empresa, grupo de salas, centro empresarial",nR1-12 (até 1250) ;  nR2-12 (acima de 1250),nR1-12,"1250,00",nR2-12,"1250,01",-,-,1.01,"Administração, Organização e Planejamento",VALIDAÇÃO
4789-0/04,Comércio varejista de animais vivos e de artigos e alimentos para animais de estimação,MÉDIO RISCO,Regras 26 e 27,07.04.06,"Comércio de produtos veterinários, rações e sementes",nR2-04 (Qualquer área),nR2-04,Q,-,Q,-,-,2.02,Comércio Varejista,VALIDAÇÃO
4789-0/04,Comércio varejista de animais vivos e de artigos e alimentos para animais de estimação,MÉDIO RISCO,Regras 26 e 27,07.04.07,Comércio de animais de estimação e peixes ornamentais,nR2-04 (Qualquer área),nR2-04,Q,-,Q,-,-,2.02,Comércio Varejista,VALIDAÇÃO
4789-0/04,Comércio varejista de animais vivos e de artigos e alimentos para animais de estimação,MÉDIO RISCO,Regras 26 e 27,07.12.13,"Escritório (inclusive virtual), sede de empresa, grupo de salas, centro empresarial",nR1-12 (até 1250) ;  nR2-12 (acima de 1250),nR1-12,"1250,00",nR2-12,"1250,01",-,-,1.01,"Administração, Organização e Planejamento",VALIDAÇÃO
4789-0/05,Comércio varejista de produtos saneantes domissanitários,MÉDIO RISCO,Regra 20,07.03.04,"Comércio de artigos de higiene, limpeza e conservação domiciliar",nR1-03 (Até 350) ; nR2-03 (Acima de 350),nR1-03,"350,00",nR2-03,"350,01",,,2.02,Comércio Varejista,VALIDAÇÃO
4789-0/05,Comércio varejista de produtos saneantes domissanitários,MÉDIO RISCO,Regra 20,07.12.13,"Escritório (inclusive virtual), sede de empresa, grupo de salas, centro empresarial",nR1-12 (até 1250) ;  nR2-12 (acima de 1250),nR1-12,"1250,00",nR2-12,"1250,01",-,-,1.01,"Administração, Organização e Planejamento",VALIDAÇÃO
4789-0/06,Comércio varejista de fogos de artifício e artigos pirotécnicos,ALTO,Regra 46,07.04.17,Outros comércios especializados não classificados,nR2-04 (Qualquer área),nR2-04,Q,-,Q,-,-,2.02,Comércio Varejista,SEMI EXPRESSO
4789-0/06,Comércio varejista de fogos de artifício e artigos pirotécnicos,ALTO,Regra 46,07.12.13,"Escritório (inclusive virtual), sede de empresa, grupo de salas, centro empresarial",nR1-12 (até 1250) ;  nR2-12 (acima de 1250),nR1-12,"1250,00",nR2-12,"1250,01",-,-,1.01,"Administração, Organização e Planejamento",SEMI EXPRESSO
4789-0/07,Comércio varejista de equipamentos para escritório,BAIXO RISCO,Regra 4,07.03.02,"Comércio de artigos de papelaria, de escritório e informática, de materiais de desenho e impressos em geral (livros, jornais, revistas)",nR1-03 (Até 350) ; nR2-03 (Acima de 350),nR1-03,"350,00",nR2-03,"350,01",-,-,2.02,Comércio Varejista,VALIDAÇÃO
4789-0/07,Comércio varejista de equipamentos para escritório,BAIXO RISCO,Regra 4,07.12.13,"Escritório (inclusive virtual), sede de empresa, grupo de salas, centro empresarial",nR1-12 (até 1250) ;  nR2-12 (acima de 1250),nR1-12,"1250,00",nR2-12,"1250,01",-,-,1.01,"Administração, Organização e Planejamento",VALIDAÇÃO
4789-0/08,Comércio varejista de artigos fotográficos e para filmagem,BAIXO RISCO,Regra 4,07.03.07,"Comércio de artigos de ótica, de tabacaria, de artigos religiosos, de discos, CDs e DVDs, de brinquedos, “games” e similares, de artigos recreativos e desportivos (e suas peças e acessórios), de materiais fotográficos e cinematográficos",nR1-03 (Até 350) ; nR2-03 (Acima de 350),nR1-03,"350,00",nR2-03,"350,01",-,-,2.02,Comércio Varejista,VALIDAÇÃO
4789-0/08,Comércio varejista de artigos fotográficos e para filmagem,BAIXO RISCO,Regra 4,07.12.13,"Escritório (inclusive virtual), sede de empresa, grupo de salas, centro empresarial",nR1-12 (até 1250) ;  nR2-12 (acima de 1250),nR1-12,"1250,00",nR2-12,"1250,01",-,-,1.01,"Administração, Organização e Planejamento",VALIDAÇÃO
4789-0/09,Comércio varejista de armas e munições,MÉDIO RISCO,Regra 21,07.04.01,Comércio de armas e munições,nR2-04 (Qualquer área),nR2-04,Q,-,Q,-,-,2.02,Comércio Varejista,SEMI EXPRESSO
4789-0/09,Comércio varejista de armas e munições,MÉDIO RISCO,Regra 21,07.12.13,"Escritório (inclusive virtual), sede de empresa, grupo de salas, centro empresarial",nR1-12 (até 1250) ;  nR2-12 (acima de 1250),nR1-12,"1250,00",nR2-12,"1250,01",-,-,1.01,"Administração, Organização e Planejamento",SEMI EXPRESSO
4789-0/99,Comércio varejista de outros produtos não especificados anteriormente,MÉDIO RISCO,Regra 31,07.04.17,Outros comércios especializados não classificados,nR2-04 (Qualquer área),nR2-04,Q,-,Q,-,-,2.02,Comércio Varejista,VALIDAÇÃO
4789-0/99,Comércio varejista de outros produtos não especificados anteriormente,MÉDIO RISCO,Regra 31,07.03.11,Outros comércios diversificados não classificados,nR1-03 (Até 350) ; nR2-03 (Acima de 350),nR1-03,"350,00",nR2-03,"350,01",-,-,2.02,Comércio Varejista,VALIDAÇÃO
4789-0/99,Comércio varejista de outros produtos não especificados anteriormente,MÉDIO RISCO,Regra 31,07.12.13,"Escritório (inclusive virtual), sede de empresa, grupo de salas, centro empresarial",nR1-12 (até 1250) ;  nR2-12 (acima de 1250,nR1-12,1250,nR2-12,1250.01,-,-,1.01,"Administração, Organização e Planejamento",VALIDAÇÃO
4911-6/00,Transporte ferroviário de carga,MÉDIO RISCO,Regra 5,07.11.01,"Gestão e administração de serviços públicos, concessionárias de serviços públicos, cartórios",nR2-11 (Qualquer área),nR2-11,Q,-,Q,-,,1.17,Estabelecimentos de Transportes e afins,VALIDAÇÃO
4911-6/00,Transporte ferroviário de carga,BAIXO RISCO,Regra 5,07.12.13,"Escritório (inclusive virtual), sede de empresa, grupo de salas, centro empresarial",nR1-12 (até 1250) ;  nR2-12 (acima de 1250),nR1-12,"1250,00",nR2-12,"1250,01",-,-,1.01,"Administração, Organização e Planejamento",VALIDAÇÃO
4912-4/01,Transporte ferroviário de passageiros intermunicipal e interestadual,MÉDIO RISCO,Regra 5,07.11.01,"Gestão e administração de serviços públicos, concessionárias de serviços públicos, cartórios",nR2-11 (Qualquer área),nR2-11,Q,-,Q,-,,1.17,Estabelecimentos de Transportes e afins,VALIDAÇÃO
4912-4/01,Transporte ferroviário de passageiros intermunicipal e interestadual,BAIXO RISCO,Regra 5,07.12.13,"Escritório (inclusive virtual), sede de empresa, grupo de salas, centro empresarial",nR1-12 (até 1250) ;  nR2-12 (acima de 1250),nR1-12,"1250,00",nR2-12,"1250,01",-,-,1.01,"Administração, Organização e Planejamento",VALIDAÇÃO
4912-4/02,Transporte ferroviário de passageiros municipal e em região metropolitana,MÉDIO RISCO,Regra 5,07.11.01,"Gestão e administração de serviços públicos, concessionárias de serviços públicos, cartórios",nR2-11 (Qualquer área),nR2-11,Q,-,Q,-,-,1.17,Estabelecimentos de Transportes e afins,VALIDAÇÃO
4912-4/02,Transporte ferroviário de passageiros municipal e em região metropolitana,BAIXO RISCO,Regra 5,07.12.13,"Escritório (inclusive virtual), sede de empresa, grupo de salas, centro empresarial",nR1-12 (até 1250) ;  nR2-12 (acima de 1250),nR1-12,"1250,00",nR2-12,"1250,01",-,-,1.01,"Administração, Organização e Planejamento",VALIDAÇÃO
4912-4/03,Transporte metroviário,MÉDIO RISCO,Regra 5,07.11.01,"Gestão e administração de serviços públicos, concessionárias de serviços públicos, cartórios",nR2-11 (Qualquer área),nR2-11,Q,-,Q,-,-,1.17,Estabelecimentos de Transportes e afins,VALIDAÇÃO
4912-4/03,Transporte metroviário,BAIXO RISCO,Regra 5,07.12.13,"Escritório (inclusive virtual), sede de empresa, grupo de salas, centro empresarial",nR1-12 (até 1250) ;  nR2-12 (acima de 1250),nR1-12,"1250,00",nR2-12,"1250,01",-,-,1.01,"Administração, Organização e Planejamento",VALIDAÇÃO
4921-3/01,"Transporte rodoviário coletivo de passageiros, com itinerário fixo, municipal",MÉDIO RISCO,Regra 5,07.08.05,"Estacionamento e garagens de veículos pesados, máquinas, ônibus, veículos de socorro, de reboque, ambulância, táxis",nR1-08 (até 500) ; nR2-08 (de 501 a 5000) ; nR3-08 (acima de 5000),nR1-08,"500,00",nR2-08,5000,nR3-08,"5000,01",1.17,Estabelecimentos de Transportes e afins,VALIDAÇÃO
4921-3/01,"Transporte rodoviário coletivo de passageiros, com itinerário fixo, municipal",BAIXO RISCO,Regra 5,07.12.13,"Escritório (inclusive virtual), sede de empresa, grupo de salas, centro empresarial",nR1-12 (até 1250) ;  nR2-12 (acima de 1250),nR1-12,"1250,00",nR2-12,"1250,01",-,-,1.01,"Administração, Organização e Planejamento",VALIDAÇÃO
4921-3/02,"Transporte rodoviário coletivo de passageiros, com itinerário fixo, intermunicipal em região metropolitana",MÉDIO RISCO,Regra 5,07.08.05,"Estacionamento e garagens de veículos pesados, máquinas, ônibus, veículos de socorro, de reboque, ambulância, táxis",nR1-08 (até 500) ; nR2-08 (de 501 a 5000) ; nR3-08 (acima de 5000),nR1-08,"500,00",nR2-08,5000,nR3-08,"5000,01",1.17,Estabelecimentos de Transportes e afins,VALIDAÇÃO
4921-3/02,"Transporte rodoviário coletivo de passageiros, com itinerário fixo, intermunicipal em região metropolitana",BAIXO RISCO,Regra 5,07.12.13,"Escritório (inclusive virtual), sede de empresa, grupo de salas, centro empresarial",nR1-12 (até 1250) ;  nR2-12 (acima de 1250),nR1-12,"1250,00",nR2-12,"1250,01",-,-,1.01,"Administração, Organização e Planejamento",VALIDAÇÃO
4922-1/01,"Transporte rodoviário coletivo de passageiros, com itinerário fixo, intermunicipal, exceto em região metropolitana",MÉDIO RISCO,Regra 5,07.08.05,"Estacionamento e garagens de veículos pesados, máquinas, ônibus, veículos de socorro, de reboque, ambulância, táxis",nR1-08 (até 500) ; nR2-08 (de 501 a 5000) ; nR3-08 (acima de 5000),nR1-08,"500,00",nR2-08,5000,nR3-08,"5000,01",1.17,Estabelecimentos de Transportes e afins,VALIDAÇÃO
4922-1/01,"Transporte rodoviário coletivo de passageiros, com itinerário fixo, intermunicipal, exceto em região metropolitana",BAIXO RISCO,Regra 5,07.12.13,"Escritório (inclusive virtual), sede de empresa, grupo de salas, centro empresarial",nR1-12 (até 1250) ;  nR2-12 (acima de 1250),nR1-12,"1250,00",nR2-12,"1250,01",-,-,1.01,"Administração, Organização e Planejamento",VALIDAÇÃO
4922-1/02,"Transporte rodoviário coletivo de passageiros, com itinerário fixo, interestadual",MÉDIO RISCO,Regra 5,07.08.05,"Estacionamento e garagens de veículos pesados, máquinas, ônibus, veículos de socorro, de reboque, ambulância, táxis",nR1-08 (até 500) ; nR2-08 (de 501 a 5000) ; nR3-08 (acima de 5000),nR1-08,"500,00",nR2-08,5000,nR3-08,"5000,01",1.17,Estabelecimentos de Transportes e afins,VALIDAÇÃO
4922-1/02,"Transporte rodoviário coletivo de passageiros, com itinerário fixo, interestadual",BAIXO RISCO,Regra 5,07.12.13,"Escritório (inclusive virtual), sede de empresa, grupo de salas, centro empresarial",nR1-12 (até 1250) ;  nR2-12 (acima de 1250),nR1-12,"1250,00",nR2-12,"1250,01",-,-,1.01,"Administração, Organização e Planejamento",VALIDAÇÃO
4922-1/03,"Transporte rodoviário coletivo de passageiros, com itinerário fixo, internacional",MÉDIO RISCO,Regra 5,07.08.05,"Estacionamento e garagens de veículos pesados, máquinas, ônibus, veículos de socorro, de reboque, ambulância, táxis",nR1-08 (até 500) ; nR2-08 (de 501 a 5000) ; nR3-08 (acima de 5000),nR1-08,"500,00",nR2-08,5000,nR3-08,"5000,01",1.17,Estabelecimentos de Transportes e afins,VALIDAÇÃO
4922-1/03,"Transporte rodoviário coletivo de passageiros, com itinerário fixo, internacional",BAIXO RISCO,Regra 5,07.12.13,"Escritório (inclusive virtual), sede de empresa, grupo de salas, centro empresarial",nR1-12 (até 1250) ;  nR2-12 (acima de 1250),nR1-12,"1250,00",nR2-12,"1250,01",-,-,1.01,"Administração, Organização e Planejamento",VALIDAÇÃO
4923-0/01,Serviço de táxi,MÉDIO RISCO,Regra 5,07.08.05,"Estacionamento e garagens de veículos pesados, máquinas, ônibus, veículos de socorro, de reboque, ambulância, táxis",nR1-08 (até 500) ; nR2-08 (de 501 a 5000) ; nR3-08 (acima de 5000),nR1-08,"500,00",nR2-08,5000,nR3-08,"5000,01",1.17,Estabelecimentos de Transportes e afins,VALIDAÇÃO
4923-0/01,Serviço de táxi,BAIXO RISCO,Regra 5,07.12.13,"Escritório (inclusive virtual), sede de empresa, grupo de salas, centro empresarial",nR1-12 (até 1250) ;  nR2-12 (acima de 1250),nR1-12,"1250,00",nR2-12,"1250,01",-,-,1.01,"Administração, Organização e Planejamento",VALIDAÇÃO
4923-0/02,Serviço de transporte de passageiros - locação de automóveis com motorista,MÉDIO RISCO,Regra 5,07.08.01,"Estacionamento, Edifício garagem, locação de veículos",nR1-08 (Qualquer área),nR1-08,Q,-,Q,-,,1.15,Estabelecimento de Locação e Guarda de Bens,VALIDAÇÃO
4923-0/02,Serviço de transporte de passageiros - locação de automóveis com motorista,BAIXO RISCO,Regra 5,07.12.13,"Escritório (inclusive virtual), sede de empresa, grupo de salas, centro empresarial",nR1-12 (até 1250) ;  nR2-12 (acima de 1250),nR1-12,"1250,00",nR2-12,"1250,01",-,-,1.01,"Administração, Organização e Planejamento",VALIDAÇÃO
4924-8/00,Transporte escolar,MÉDIO RISCO,Regra 5,07.08.05,"Estacionamento e garagens de veículos pesados, máquinas, ônibus, veículos de socorro, de reboque, ambulância, táxis",nR1-08 (até 500) ; nR2-08 (de 501 a 5000) ; nR3-08 (acima de 5000),nR1-08,"500,00",nR2-08,5000,nR3-08,"5000,01",1.17,Estabelecimentos de Transportes e afins,VALIDAÇÃO
4924-8/00,Transporte escolar,BAIXO RISCO,Regra 5,07.12.13,"Escritório (inclusive virtual), sede de empresa, grupo de salas, centro empresarial",nR1-12 (até 1250) ;  nR2-12 (acima de 1250),nR1-12,"1250,00",nR2-12,"1250,01",-,-,1.01,"Administração, Organização e Planejamento",VALIDAÇÃO
4929-9/01,"Transporte rodoviário coletivo de passageiros, sob regime de fretamento, municipal",MÉDIO RISCO,Regra 5,07.08.05,"Estacionamento e garagens de veículos pesados, máquinas, ônibus, veículos de socorro, de reboque, ambulância, táxis",nR1-08 (até 500) ; nR2-08 (de 501 a 5000) ; nR3-08 (acima de 5000),nR1-08,"500,00",nR2-08,5000,nR3-08,"5000,01",1.17,Estabelecimentos de Transportes e afins,VALIDAÇÃO
4929-9/01,"Transporte rodoviário coletivo de passageiros, sob regime de fretamento, municipal",BAIXO RISCO,Regra 5,07.12.13,"Escritório (inclusive virtual), sede de empresa, grupo de salas, centro empresarial",nR1-12 (até 1250) ;  nR2-12 (acima de 1250),nR1-12,"1250,00",nR2-12,"1250,01",-,-,1.01,"Administração, Organização e Planejamento",VALIDAÇÃO
4929-9/02,"Transporte rodoviário coletivo de passageiros, sob regime de fretamento, intermunicipal, interestadual e internacional",MÉDIO RISCO,Regra 5,07.08.05,"Estacionamento e garagens de veículos pesados, máquinas, ônibus, veículos de socorro, de reboque, ambulância, táxis",nR1-08 (até 500) ; nR2-08 (de 501 a 5000) ; nR3-08 (acima de 5000),nR1-08,"500,00",nR2-08,5000,nR3-08,"5000,01",1.17,Estabelecimentos de Transportes e afins,VALIDAÇÃO
4929-9/02,"Transporte rodoviário coletivo de passageiros, sob regime de fretamento, intermunicipal, interestadual e internacional",BAIXO RISCO,Regra 5,07.12.13,"Escritório (inclusive virtual), sede de empresa, grupo de salas, centro empresarial",nR1-12 (até 1250) ;  nR2-12 (acima de 1250),nR1-12,"1250,00",nR2-12,"1250,01",-,-,1.01,"Administração, Organização e Planejamento",VALIDAÇÃO
4929-9/03,"Organização de excursões em veículos rodoviários próprios, municipal",MÉDIO RISCO,Regra 5,07.12.04,"Agência de representação de industria, comércio, agricultura e negócios em geral, agência de turismo, de publicidade, de informações, de empregos, de mensageiros e entrega de encomendas",nR1-12 (Até 350) ; nR2-12 (Acima de 350,nR1-12,"350,00",nR2-012,"350,01",-,-,1.17,Estabelecimentos de Transportes e afins,VALIDAÇÃO
4929-9/03,"Organização de excursões em veículos rodoviários próprios, municipal",BAIXO RISCO,Regra 5,07.12.13,"Escritório (inclusive virtual), sede de empresa, grupo de salas, centro empresarial",nR1-12 (até 1250) ;  nR2-12 (acima de 1250),nR1-12,"1250,00",nR2-12,"1250,01",-,-,1.01,"Administração, Organização e Planejamento",VALIDAÇÃO
4929-9/04,"Organização de excursões em veículos rodoviários próprios, intermunicipal, interestadual e internacional",MÉDIO RISCO,Regra 5,07.12.04,"Agência de representação de industria, comércio, agricultura e negócios em geral, agência de turismo, de publicidade, de informações, de empregos, de mensageiros e entrega de encomendas",nR1-12 (Até 350) ; nR2-12 (Acima de 350,nR1-12,"350,00",nR2-012,"350,01",-,-,1.17,Estabelecimentos de Transportes e afins,VALIDAÇÃO
4929-9/04,"Organização de excursões em veículos rodoviários próprios, intermunicipal, interestadual e internacional",BAIXO RISCO,Regra 5,07.12.13,"Escritório (inclusive virtual), sede de empresa, grupo de salas, centro empresarial",nR1-12 (até 1250) ;  nR2-12 (acima de 1250),nR1-12,"1250,00",nR2-12,"1250,01",-,-,1.01,"Administração, Organização e Planejamento",VALIDAÇÃO
4929-9/99,Outros transportes rodoviários de passageiros não especificados anteriormente,MÉDIO RISCO,Regra 5,07.08.05,"Estacionamento e garagens de veículos pesados, máquinas, ônibus, veículos de socorro, de reboque, ambulância, táxis",nR1-08 (até 500) ; nR2-08 (de 501 a 5000) ; nR3-08 (acima de 5000),nR1-08,"500,00",nR2-08,5000,nR3-08,"5000,01",1.17,Estabelecimentos de Transportes e afins,VALIDAÇÃO
4929-9/99,Outros transportes rodoviários de passageiros não especificados anteriormente,BAIXO RISCO,Regra 5,07.12.13,"Escritório (inclusive virtual), sede de empresa, grupo de salas, centro empresarial",nR1-12 (até 1250) ;  nR2-12 (acima de 1250),nR1-12,"1250,00",nR2-12,"1250,01",-,-,1.01,"Administração, Organização e Planejamento",VALIDAÇÃO
4930-2/01,"Transporte rodoviário de carga, exceto produtos perigosos e mudanças, municipal",MÉDIO RISCO,Regra 23,07.08.02,Central de armazenamento e distribuição de mercadoria e cargas em geral,nR1-08 (até 500) ; nR2-08 (de 501 a 5000) ; nR3-08 (acima de 5000),nR1-08,"500,00",nR2-08,5000,nR3-08,"5000,01",1.17,Estabelecimentos de Transportes e afins,VALIDAÇÃO
4930-2/01,"Transporte rodoviário de carga, exceto produtos perigosos e mudanças, municipal",MÉDIO RISCO,Regra 23,07.12.13,"Escritório (inclusive virtual), sede de empresa, grupo de salas, centro empresarial",nR1-12 (até 1250) ;  nR2-12 (acima de 1250),nR1-12,"1250,00",nR2-12,"1250,01",-,-,1.01,"Administração, Organização e Planejamento",VALIDAÇÃO
4930-2/02,"Transporte rodoviário de carga, exceto produtos perigosos e mudanças, intermunicipal, interestadual e internacional",MÉDIO RISCO,Regra 23,07.08.02,Central de armazenamento e distribuição de mercadoria e cargas em geral,nR1-08 (até 500) ; nR2-08 (de 501 a 5000) ; nR3-08 (acima de 5000),nR1-08,"500,00",nR2-08,5000,nR3-08,"5000,01",1.17,Estabelecimentos de Transportes e afins,VALIDAÇÃO
4930-2/02,"Transporte rodoviário de carga, exceto produtos perigosos e mudanças, intermunicipal, interestadual e internacional",MÉDIO RISCO,Regra 23,07.12.13,"Escritório (inclusive virtual), sede de empresa, grupo de salas, centro empresarial",nR1-12 (até 1250) ;  nR2-12 (acima de 1250),nR1-12,"1250,00",nR2-12,"1250,01",-,-,1.01,"Administração, Organização e Planejamento",VALIDAÇÃO
4930-2/03,Transporte rodoviário de produtos perigosos,MÉDIO RISCO,Regra 5,07.08.02,Central de armazenamento e distribuição de mercadoria e cargas em geral,nR1-08 (até 500) ; nR2-08 (de 501 a 5000) ; nR3-08 (acima de 5000),nR1-08,"500,00",nR2-08,5000,nR3-08,"5000,01",1.17,Estabelecimentos de Transportes e afins,VALIDAÇÃO
4930-2/03,Transporte rodoviário de produtos perigosos,BAIXO RISCO,Regra 5,07.12.13,"Escritório (inclusive virtual), sede de empresa, grupo de salas, centro empresarial",nR1-12 (até 1250) ;  nR2-12 (acima de 1250),nR1-12,"1250,00",nR2-12,"1250,01",-,-,1.01,"Administração, Organização e Planejamento",VALIDAÇÃO
4930-2/04,Transporte rodoviário de mudanças,MÉDIO RISCO,Regra 5,07.08.02,Central de armazenamento e distribuição de mercadoria e cargas em geral,nR1-08 (até 500) ; nR2-08 (de 501 a 5000) ; nR3-08 (acima de 5000),nR1-08,"500,00",nR2-08,5000,nR3-08,"5000,01",1.17,Estabelecimentos de Transportes e afins,VALIDAÇÃO
4930-2/04,Transporte rodoviário de mudanças,BAIXO RISCO,Regra 5,07.12.13,"Escritório (inclusive virtual), sede de empresa, grupo de salas, centro empresarial",nR1-12 (até 1250) ;  nR2-12 (acima de 1250),nR1-12,"1250,00",nR2-12,"1250,01",-,-,1.01,"Administração, Organização e Planejamento",VALIDAÇÃO
4940-0/00,Transporte dutoviário,BAIXO RISCO,Regra 10,07.12.13,"Escritório (inclusive virtual), sede de empresa, grupo de salas, centro empresarial",nR1-12 (até 1250) ;  nR2-12 (acima de 1250),nR1-12,"1250,00",nR2-12,"1250,01",-,-,1.01,"Administração, Organização e Planejamento",VALIDAÇÃO
4950-7/00,"Trens turísticos, teleféricos e similares",BAIXO RISCO,Regra 10,07.12.13,"Escritório (inclusive virtual), sede de empresa, grupo de salas, centro empresarial",nR1-12 (até 1250) ;  nR2-12 (acima de 1250),nR1-12,"1250,00",nR2-12,"1250,01",-,-,1.01,"Administração, Organização e Planejamento",VALIDAÇÃO
5011-4/01,Transporte marítimo de cabotagem - Carga,BAIXO RISCO,Regra 10,07.12.13,"Escritório (inclusive virtual), sede de empresa, grupo de salas, centro empresarial",nR1-12 (até 1250) ;  nR2-12 (acima de 1250),nR1-12,"1250,00",nR2-12,"1250,01",-,-,1.01,"Administração, Organização e Planejamento",VALIDAÇÃO
5011-4/02,Transporte marítimo de cabotagem - passageiros,BAIXO RISCO,Regra 10,07.12.13,"Escritório (inclusive virtual), sede de empresa, grupo de salas, centro empresarial",nR1-12 (até 1250) ;  nR2-12 (acima de 1250),nR1-12,"1250,00",nR2-12,"1250,01",-,-,1.01,"Administração, Organização e Planejamento",VALIDAÇÃO
5012-2/01,Transporte marítimo de longo curso - Carga,BAIXO RISCO,Regra 10,07.12.13,"Escritório (inclusive virtual), sede de empresa, grupo de salas, centro empresarial",nR1-12 (até 1250) ;  nR2-12 (acima de 1250),nR1-12,"1250,00",nR2-12,"1250,01",-,-,1.01,"Administração, Organização e Planejamento",VALIDAÇÃO
5012-2/02,Transporte marítimo de longo curso - Passageiros,BAIXO RISCO,Regra 10,07.12.13,"Escritório (inclusive virtual), sede de empresa, grupo de salas, centro empresarial",nR1-12 (até 1250) ;  nR2-12 (acima de 1250),nR1-12,"1250,00",nR2-12,"1250,01",-,-,1.01,"Administração, Organização e Planejamento",VALIDAÇÃO
5021-1/01,"Transporte por navegação interior de carga, municipal, exceto travessia",BAIXO RISCO,Regra 10,07.12.13,"Escritório (inclusive virtual), sede de empresa, grupo de salas, centro empresarial",nR1-12 (até 1250) ;  nR2-12 (acima de 1250),nR1-12,"1250,00",nR2-12,"1250,01",-,-,1.01,"Administração, Organização e Planejamento",VALIDAÇÃO
5021-1/02,"Transporte por navegação interior de carga, intermunicipal, interestadual e internacional, exceto travessia",BAIXO RISCO,Regra 10,07.12.13,"Escritório (inclusive virtual), sede de empresa, grupo de salas, centro empresarial",nR1-12 (até 1250) ;  nR2-12 (acima de 1250),nR1-12,"1250,00",nR2-12,"1250,01",-,-,1.01,"Administração, Organização e Planejamento",VALIDAÇÃO
5022-0/01,"Transporte por navegação interior de passageiros em linhas regulares, municipal, exceto travessia",BAIXO RISCO,Regra 10,07.12.13,"Escritório (inclusive virtual), sede de empresa, grupo de salas, centro empresarial",nR1-12 (até 1250) ;  nR2-12 (acima de 1250),nR1-12,"1250,00",nR2-12,"1250,01",-,-,1.01,"Administração, Organização e Planejamento",VALIDAÇÃO
5022-0/02,"Transporte por navegação interior de passageiros em linhas regulares, intermunicipal, interestadual e internacional, exceto travessia",BAIXO RISCO,Regra 10,07.12.13,"Escritório (inclusive virtual), sede de empresa, grupo de salas, centro empresarial",nR1-12 (até 1250) ;  nR2-12 (acima de 1250),nR1-12,"1250,00",nR2-12,"1250,01",-,-,1.01,"Administração, Organização e Planejamento",VALIDAÇÃO
5030-1/01,Navegação de apoio marítimo,BAIXO RISCO,Regra 10,07.12.13,"Escritório (inclusive virtual), sede de empresa, grupo de salas, centro empresarial",nR1-12 (até 1250) ;  nR2-12 (acima de 1250),nR1-12,"1250,00",nR2-12,"1250,01",-,-,1.01,"Administração, Organização e Planejamento",VALIDAÇÃO
5030-1/02,Navegação de apoio portuário,BAIXO RISCO,Regra 10,07.12.13,"Escritório (inclusive virtual), sede de empresa, grupo de salas, centro empresarial",nR1-12 (até 1250) ;  nR2-12 (acima de 1250),nR1-12,"1250,00",nR2-12,"1250,01",-,-,1.01,"Administração, Organização e Planejamento",VALIDAÇÃO
5030-1/03,Serviços de rebocadores e empurradores,BAIXO RISCO,Regra 10,07.12.13,"Escritório (inclusive virtual), sede de empresa, grupo de salas, centro empresarial",nR1-12 (até 1250) ;  nR2-12 (acima de 1250),nR1-12,"1250,00",nR2-12,"1250,01",-,-,1.01,"Administração, Organização e Planejamento",VALIDAÇÃO
5091-2/01,"Transporte por navegação de travessia, municipal",BAIXO RISCO,Regra 10,07.12.13,"Escritório (inclusive virtual), sede de empresa, grupo de salas, centro empresarial",nR1-12 (até 1250) ;  nR2-12 (acima de 1250),nR1-12,"1250,00",nR2-12,"1250,01",-,-,1.01,"Administração, Organização e Planejamento",VALIDAÇÃO
5091-2/02,"Transporte por navegação de travessia, intermunicipal, interestadual e internacional",BAIXO RISCO,Regra 10,07.12.13,"Escritório (inclusive virtual), sede de empresa, grupo de salas, centro empresarial",nR1-12 (até 1250) ;  nR2-12 (acima de 1250),nR1-12,"1250,00",nR2-12,"1250,01",-,-,1.01,"Administração, Organização e Planejamento",VALIDAÇÃO
5099-8/01,Transporte aquaviário para passeios turísticos,MÉDIO RISCO,Regra 5,07.12.04,"Agência de representação de industria, comércio, agricultura e negócios em geral, agência de turismo, de publicidade, de informações, de empregos, de mensageiros e entrega de encomendas",nR1-12 (Até 350) ; nR2-12 (Acima de 350),nR1-12,350,nR2-12,350.01,-,-,1.17,Estabelecimentos de Transportes e afins,VALIDAÇÃO
5099-8/01,Transporte aquaviário para passeios turísticos,BAIXO RISCO,Regra 5,07.12.13,"Escritório (inclusive virtual), sede de empresa, grupo de salas, centro empresarial",nR1-12 (até 1250) ;  nR2-12 (acima de 1250),nR1-12,"1250,00",nR2-12,"1250,01",-,-,1.01,"Administração, Organização e Planejamento",VALIDAÇÃO
5099-8/99,Outros transportes aquaviários não especificados anteriormente,BAIXO RISCO,Regra 10,07.12.13,"Escritório (inclusive virtual), sede de empresa, grupo de salas, centro empresarial",nR1-12 (até 1250) ;  nR2-12 (acima de 1250),nR1-12,"1250,00",nR2-12,"1250,01",-,-,1.01,"Administração, Organização e Planejamento",VALIDAÇÃO
5111-1/00,Transporte aéreo de passageiros regular,BAIXO RISCO,Regra 10,07.12.13,"Escritório (inclusive virtual), sede de empresa, grupo de salas, centro empresarial",nR1-12 (até 1250) ;  nR2-12 (acima de 1250),nR1-12,"1250,00",nR2-12,"1250,01",-,-,1.01,"Administração, Organização e Planejamento",VALIDAÇÃO
5112-9/01,Serviço de táxi aéreo e locação de aeronaves com tripulação,MÉDIO RISCO,Regra 5,07.08.08,"Outros serviços de armazenamento e locação não classificados, inclusive infláveis",nR1-08 (até 500) ; nR2-08 (de 501 a 5000) ; nR3-08 (acima de 5000),nR1-08,"500,00",nR2-08,5000,nR3-08,"5000,01",1.15,Estabelecimento de Locação e Guarda de Bens,VALIDAÇÃO
5112-9/01,Serviço de táxi aéreo e locação de aeronaves com tripulação,BAIXO RISCO,Regra 5,07.12.13,"Escritório (inclusive virtual), sede de empresa, grupo de salas, centro empresarial",nR1-12 (até 1250) ;  nR2-12 (acima de 1250),nR1-12,"1250,00",nR2-12,"1250,01",-,-,1.01,"Administração, Organização e Planejamento",VALIDAÇÃO
5112-9/99,Outros serviços de transporte aéreo de passageiros não-regular,BAIXO RISCO,Regra 10,07.12.13,"Escritório (inclusive virtual), sede de empresa, grupo de salas, centro empresarial",nR1-12 (até 1250) ;  nR2-12 (acima de 1250),nR1-12,"1250,00",nR2-12,"1250,01",-,-,1.01,"Administração, Organização e Planejamento",VALIDAÇÃO
5120-0/00,Transporte aéreo de carga,BAIXO RISCO,Regra 10,07.12.13,"Escritório (inclusive virtual), sede de empresa, grupo de salas, centro empresarial",nR1-12 (até 1250) ;  nR2-12 (acima de 1250),nR1-12,"1250,00",nR2-12,"1250,01",-,-,1.01,"Administração, Organização e Planejamento",VALIDAÇÃO
5130-7/00,Transporte espacial,BAIXO RISCO,Regra 10,07.12.13,"Escritório (inclusive virtual), sede de empresa, grupo de salas, centro empresarial",nR1-12 (até 1250) ;  nR2-12 (acima de 1250),nR1-12,"1250,00",nR2-12,"1250,01",-,-,1.01,"Administração, Organização e Planejamento",VALIDAÇÃO
5211-7/01,Armazéns gerais - emissão de warrant,MÉDIO RISCO,Regras 32,07.08.03,"Deposito de material em geral, de cagas e encomendas, de madeireira, ""sef storage"" (guarda volumes)",nR1-08 (até 500) ; nR2-08 (de 501 a 5000) ; nR3-08 (acima de 5000),nR1-08,"500,00",nR2-08,5000,nR3-08,"5000,01",1.15,Estabelecimento de locação e Guarda de bens,SEMI EXPRESSO
5211-7/01,Armazéns gerais - emissão de warrant,MÉDIO RISCO,Regras 32,07.08.04,"Depósito de inflamáveis, combustível, álcool, inseticidas, lubrificantes, gomas, tintas, e vernizes ou outros produtos químicos perigosos",nR1-08 (até 500) ; nR2-08 (de 501 a 5000) ; nR3-08 (acima de 5000),nR1-08,"500,00",nR2-08,5000,nR3-08,"5000,01",1.15,Estabelecimento de locação e Guarda de bens,SEMI EXPRESSO
5211-7/01,Armazéns gerais - emissão de warrant,MÉDIO RISCO,Regras 32,07.12.13,"Escritório (inclusive virtual), sede de empresa, grupo de salas, centro empresarial",nR1-12 (até 1250) ;  nR2-12 (acima de 1250),nR1-12,"1250,00",nR2-12,"1250,01",-,-,1.01,"Administração, Organização e Planejamento",SEMI EXPRESSO
5211-7/02,Guarda-móveis,MÉDIO RISCO,Regra 5,07.08.03,"Deposito de material em geral, de cagas e encomendas, de madeireira, ""sef storage"" (guarda volumes)",nR1-08 (até 500) ; nR2-08 (de 501 a 5000) ; nR3-08 (acima de 5000),nR1-08,"500,00",nR2-08,5000,nR3-08,"5000,01",1.15,Estabelecimento de locação e Guarda de bens,VALIDAÇÃO
5211-7/02,Guarda-móveis,BAIXO RISCO,Regra 5,07.12.13,"Escritório (inclusive virtual), sede de empresa, grupo de salas, centro empresarial",nR1-12 (até 1250) ;  nR2-12 (acima de 1250),nR1-12,"1250,00",nR2-12,"1250,01",-,-,1.01,"Administração, Organização e Planejamento",VALIDAÇÃO
5211-7/99,"Depósitos de mercadorias para terceiros, exceto armazéns gerais e guarda-móveis",MÉDIO RISCO,Regras 32,07.08.02,Central de armazenamento e distribuição de mercadoria e cargas em geral,nR1-08 (até 500) ; nR2-08 (de 501 a 5000) ; nR3-08 (acima de 5000),nR1-08,"500,00",nR2-08,5000,nR3-08,"5000,01",1.15,Estabelecimento de locação e Guarda de bens,SEMI EXPRESSO
5211-7/99,"Depósitos de mercadorias para terceiros, exceto armazéns gerais e guarda-móveis",MÉDIO RISCO,Regras 32,07.08.03,"Deposito de material em geral, de cagas e encomendas, de madeireira, ""sef storage"" (guarda volumes)",nR1-08 (até 500) ; nR2-08 (de 501 a 5000) ; nR3-08 (acima de 5000),nR1-08,"500,00",nR2-08,5000,nR3-08,"5000,01",1.15,Estabelecimento de locação e Guarda de bens,SEMI EXPRESSO
5211-7/99,"Depósitos de mercadorias para terceiros, exceto armazéns gerais e guarda-móveis",MÉDIO RISCO,Regras 32,07.12.13,"Escritório (inclusive virtual), sede de empresa, grupo de salas, centro empresarial",nR1-12 (até 1250) ;  nR2-12 (acima de 1250),nR1-12,"1250,00",nR2-12,"1250,01",-,-,1.01,"Administração, Organização e Planejamento",SEMI EXPRESSO
5212-5/00,Carga e descarga,MÉDIO RISCO,Regra 1,07.08.03,"Deposito de material em geral, de cagas e encomendas, de madeireira, ""sef storage"" (guarda volumes)",nR1-08 (até 500) ; nR2-08 (de 501 a 5000) ; nR3-08 (acima de 5000),nR1-08,"500,00",nR2-08,5000,nR3-08,"5000,01",1.15,Estabelecimento de locação e Guarda de bens,VALIDAÇÃO
5212-5/00,Carga e descarga,MÉDIO RISCO,Regra 1,07.08.02,Central de armazenamento e distribuição de mercadoria e cargas em geral,nR1-08 (até 500) ; nR2-08 (de 501 a 5000) ; nR3-08 (acima de 5000),nR1-08,"500,00",nR2-08,5000,nR3-08,"5000,01",1.15,Estabelecimento de locação e Guarda de bens,VALIDAÇÃO
5212-5/00,Carga e descarga,BAIXO RISCO,Regra 1,07.12.13,"Escritório (inclusive virtual), sede de empresa, grupo de salas, centro empresarial",nR1-12 (até 1250) ;  nR2-12 (acima de 1250),nR1-12,"1250,00",nR2-12,"1250,01",-,-,1.01,"Administração, Organização e Planejamento",VALIDAÇÃO
5221-4/00,"Concessionárias de rodovias, pontes, túneis e serviços relacionados",MÉDIO RISCO,Regra 5,07.11.01,"Gestão e administração de serviços públicos, concessionárias de serviços públicos, cartórios",nR2-11 (Qualquer área),nR2-11,Q,-,Q,-,-,4.00,Estabelecimentos e Entidades Regidos pelo Direito Público,VALIDAÇÃO
5221-4/00,"Concessionárias de rodovias, pontes, túneis e serviços relacionados",BAIXO RISCO,Regra 5,07.12.13,"Escritório (inclusive virtual), sede de empresa, grupo de salas, centro empresarial",nR1-12 (até 1250) ;  nR2-12 (acima de 1250),nR1-12,"1250,00",nR2-12,"1250,01",-,-,1.01,"Administração, Organização e Planejamento",VALIDAÇÃO
5222-2/00,Terminais rodoviários e ferroviários,MÉDIO RISCO,Regra 23,07.11.01,"Gestão e administração de serviços públicos, concessionárias de serviços públicos, cartórios",nR2-11 (Qualquer área),nR2-11,Q,-,Q,-,-,1.17,Estabelecimentos de Transportes e afins,VALIDAÇÃO
5222-2/00,Terminais rodoviários e ferroviários,MÉDIO RISCO,Regra 23,07.12.13,"Escritório (inclusive virtual), sede de empresa, grupo de salas, centro empresarial",nR1-12 (até 1250) ;  nR2-12 (acima de 1250),nR1-12,"1250,00",nR2-12,"1250,01",-,-,1.01,"Administração, Organização e Planejamento",VALIDAÇÃO
5223-1/00,Estacionamento de veículos,MÉDIO RISCO,Regras 28 e 29,07.08.05,"Estacionamento e garagens de veículos pesados, máquinas, ônibus, veículos de socorro, de reboque, ambulância, táxis",nR1-08 (até 500) ; nR2-08 (de 501 a 5000) ; nR3-08 (acima de 5000),nR1-08,"500,00",nR2-08,5000,nR3-08,"5000,01",1.17,Estabelecimentos de Transportes e afins,SEMI EXPRESSO
5223-1/00,Estacionamento de veículos,MÉDIO RISCO,Regras 28 e 29,07.08.01,"Estacionamento, Edifício garagem, locação de veículos",nR1-08 (Qualquer área),nR1-08,Q,-,Q,-,-,1.17,Estabelecimentos de Transportes e afins,SEMI EXPRESSO
5223-1/00,Estacionamento de veículos,MÉDIO RISCO,Regras 28 e 29,07.12.13,"Escritório (inclusive virtual), sede de empresa, grupo de salas, centro empresarial",nR1-12 (até 1250) ;  nR2-12 (acima de 1250),nR1-12,"1250,00",nR2-12,"1250,01",-,-,1.17,Estabelecimentos de Transportes e afins,SEMI EXPRESSO
5229-0/01,"Serviços de apoio ao transporte por táxi, inclusive centrais de chamada",BAIXO RISCO,Regra 10,07.12.13,"Escritório (inclusive virtual), sede de empresa, grupo de salas, centro empresarial",nR1-12 (até 1250) ;  nR2-12 (acima de 1250),nR1-12,"1250,00",nR2-12,"1250,01",-,-,1.17,Estabelecimentos de Transportes e afins,VALIDAÇÃO
5229-0/02,Serviços de reboque de veículos,BAIXO RISCO,Regra 10,07.12.13,"Escritório (inclusive virtual), sede de empresa, grupo de salas, centro empresarial",nR1-12 (até 1250) ;  nR2-12 (acima de 1250),nR1-12,"1250,00",nR2-12,"1250,01",-,-,1.17,Estabelecimentos de Transportes e afins,VALIDAÇÃO
5229-0/99,Outras atividades auxiliares dos transportes terrestres não especificadas anteriormente,BAIXO RISCO,Regra 10,07.12.13,"Escritório (inclusive virtual), sede de empresa, grupo de salas, centro empresarial",nR1-12 (até 1250) ;  nR2-12 (acima de 1250),nR1-12,"1250,00",nR2-12,"1250,01",-,-,1.17,Estabelecimentos de Transportes e afins,VALIDAÇÃO
5231-1/01,Administração da infra-estrutura portuária,MÉDIO RISCO,Regra 5,07.11.01,"Gestão e administração de serviços públicos, concessionárias de serviços públicos, cartórios",nR2-11 (Qualquer área),nR2-11,Q,-,Q,-,Q,1.17,Estabelecimentos de Transportes e afins,VALIDAÇÃO
5231-1/01,Administração da infra-estrutura portuária,BAIXO RISCO,Regra 5,07.12.13,"Escritório (inclusive virtual), sede de empresa, grupo de salas, centro empresarial",nR1-12 (até 1250) ;  nR2-12 (acima de 1250),nR1-12,"1250,00",nR2-12,"1250,01",-,-,1.01,"Administração, Organização e Planejamento",VALIDAÇÃO
5231-1/02,Atividades do Operador Portuário,MÉDIO RISCO,Regra 5,07.11.01,"Gestão e administração de serviços públicos, concessionárias de serviços públicos, cartórios",nR2-11 (Qualquer área),nR2-11,Q,-,Q,-,Q,4.00,Estabelecimentos e Entidades Regidos pelo Direito Público,VALIDAÇÃO
5231-1/02,Atividades do Operador Portuário,BAIXO RISCO,Regra 5,07.12.13,"Escritório (inclusive virtual), sede de empresa, grupo de salas, centro empresarial",nR1-12 (até 1250) ;  nR2-12 (acima de 1250),nR1-12,"1250,00",nR2-12,"1250,01",-,-,1.01,"Administração, Organização e Planejamento",VALIDAÇÃO
5231-1/03,Gestão de terminais aquaviários,MÉDIO RISCO,Regra 5,07.11.01,"Gestão e administração de serviços públicos, concessionárias de serviços públicos, cartórios",nR2-11 (Qualquer área),nR2-11,Q,-,Q,-,Q,1.17,Estabelecimentos de Transportes e afins,VALIDAÇÃO
5231-1/03,Gestão de terminais aquaviários,BAIXO RISCO,Regra 5,07.12.13,"Escritório (inclusive virtual), sede de empresa, grupo de salas, centro empresarial",nR1-12 (até 1250) ;  nR2-12 (acima de 1250),nR1-12,"1250,00",nR2-12,"1250,01",-,-,1.01,"Administração, Organização e Planejamento",VALIDAÇÃO
5232-0/00,Atividades de agenciamento marítimo,MÉDIO RISCO,Regra 5,07.12.04,"Agência de representação de industria, comércio, agricultura e negócios em geral, agência de turismo, de publicidade, de informações, de empregos, de mensageiros e entrega de encomendas",nR1-12 (Até 350) ; nR2-12 (Acima de 350),nR1-12,350,nR2-12,350.01,-,-,1.14,Estabelecimentos de Intermediação e Representação,VALIDAÇÃO
5232-0/00,Atividades de agenciamento marítimo,BAIXO RISCO,Regra 5,07.12.13,"Escritório (inclusive virtual), sede de empresa, grupo de salas, centro empresarial",nR1-12 (até 1250) ;  nR2-12 (acima de 1250),nR1-12,"1250,00",nR2-12,"1250,01",-,-,1.01,"Administração, Organização e Planejamento",VALIDAÇÃO
5239-7/01,Serviços de praticagem,BAIXO RISCO,Regra 10,07.12.13,"Escritório (inclusive virtual), sede de empresa, grupo de salas, centro empresarial",nR1-12 (até 1250) ;  nR2-12 (acima de 1250),nR1-12,"1250,00",nR2-12,"1250,01",-,-,1.01,"Administração, Organização e Planejamento",VALIDAÇÃO
5239-7/99,Atividades auxiliares dos transportes aquaviários não especificadas anteriormente,BAIXO RISCO,Regra 10,07.12.13,"Escritório (inclusive virtual), sede de empresa, grupo de salas, centro empresarial",nR1-12 (até 1250) ;  nR2-12 (acima de 1250),nR1-12,"1250,00",nR2-12,"1250,01",-,-,1.01,"Administração, Organização e Planejamento",VALIDAÇÃO
5240-1/01,Operação dos aeroportos e campos de aterrissagem,MÉDIO RISCO,Regra 5,07.11.01,"Gestão e administração de serviços públicos, concessionárias de serviços públicos, cartórios",nR2-11 (Qualquer área),nR2-11,Q,-,Q,-,-,1.17,Estabelecimentos de Transportes e afins,VALIDAÇÃO
5240-1/01,Operação dos aeroportos e campos de aterrissagem,BAIXO RISCO,Regra 5,07.12.13,"Escritório (inclusive virtual), sede de empresa, grupo de salas, centro empresarial",nR1-12 (até 1250) ;  nR2-12 (acima de 1250),nR1-12,"1250,00",nR2-12,"1250,01",-,-,1.01,"Administração, Organização e Planejamento",VALIDAÇÃO
5240-1/99,"Atividades auxiliares dos transportes aéreos, exceto operação dos aeroportos e campos de aterrissagem",BAIXO RISCO,Regra 10,07.12.13,"Escritório (inclusive virtual), sede de empresa, grupo de salas, centro empresarial",nR1-12 (até 1250) ;  nR2-12 (acima de 1250),nR1-12,"1250,00",nR2-12,"1250,01",-,-,1.01,"Administração, Organização e Planejamento",VALIDAÇÃO
5250-8/01,Comissaria de despachos,MÉDIO RISCO,Regra 5,07.12.07,"Escritório de assessoria de importação e exportação, assessoria fiscal e tributária (auditores, peritos e avaliadores), consultorias técnicas e serviços técnicos profissionais",nR1-12 (Até 350) ; nR2-12 (Acima de 350),nR1-12,350,nR2-12,350.01,-,-,1.17,Estabelecimentos de Transportes e afins,VALIDAÇÃO
5250-8/01,Comissaria de despachos,BAIXO RISCO,Regra 5,07.12.13,"Escritório (inclusive virtual), sede de empresa, grupo de salas, centro empresarial",nR1-12 (até 1250) ;  nR2-12 (acima de 1250),nR1-12,"1250,00",nR2-12,"1250,01",-,-,1.01,"Administração, Organização e Planejamento",VALIDAÇÃO
5250-8/02,Atividades de despachantes aduaneiros,MÉDIO RISCO,Regra 5,07.12.07,"Escritório de assessoria de importação e exportação, assessoria fiscal e tributária (auditores, peritos e avaliadores), consultorias técnicas e serviços técnicos profissionais",nR1-12 (Até 350) ; nR2-12 (Acima de 350),nR1-12,350,nR2-12,350.01,-,-,1.17,Estabelecimentos de Transportes e afins,VALIDAÇÃO
5250-8/02,Atividades de despachantes aduaneiros,BAIXO RISCO,Regra 5,07.12.13,"Escritório (inclusive virtual), sede de empresa, grupo de salas, centro empresarial",nR1-12 (até 1250) ;  nR2-12 (acima de 1250),nR1-12,"1250,00",nR2-12,"1250,01",-,-,1.01,"Administração, Organização e Planejamento",VALIDAÇÃO
5250-8/03,"Agenciamento de cargas, exceto para o transporte marítimo",BAIXO RISCO,Regra 5,07.12.13,"Escritório (inclusive virtual), sede de empresa, grupo de salas, centro empresarial",nR1-12 (até 1250) ;  nR2-12 (acima de 1250),nR1-12,"1250,00",nR2-12,"1250,01",-,-,1.01,"Administração, Organização e Planejamento",VALIDAÇÃO
5250-8/03,"Agenciamento de cargas, exceto para o transporte marítimo",MÉDIO RISCO,Regra 5,07.12.04,"Agência de representação de industria, comércio, agricultura e negócios em geral, agência de turismo, de publicidade, de informações, de empregos, de mensageiros e entrega de encomendas",nR1-12 (Até 350) ; nR2-12 (Acima de 350) ;,nR1-12,"350,00",nR2-012,"350,01",-,-,1.17,Estabelecimentos de Transportes e afins,VALIDAÇÃO
5250-8/04,Organização logística do transporte de carga,BAIXO RISCO,Regra 10,07.12.13,"Escritório (inclusive virtual), sede de empresa, grupo de salas, centro empresarial",nR1-12 (até 1250) ;  nR2-12 (acima de 1250),nR1-12,"1250,00",nR2-12,"1250,01",-,-,1.01,"Administração, Organização e Planejamento",VALIDAÇÃO
5250-8/05,Operador de transporte multimodal - OTM,MÉDIO RISCO,Regra 5,07.11.01,"Gestão e administração de serviços públicos, concessionárias de serviços públicos, cartórios",nR2-11 (Qualquer área),nR2-11,Q,-,Q,-,,1.17,Estabelecimentos de Transportes e afins,VALIDAÇÃO
5250-8/05,Operador de transporte multimodal - OTM,BAIXO RISCO,Regra 5,07.12.13,"Escritório (inclusive virtual), sede de empresa, grupo de salas, centro empresarial",nR1-12 (até 1250) ;  nR2-12 (acima de 1250),nR1-12,"1250,00",nR2-12,"1250,01",-,-,1.01,"Administração, Organização e Planejamento",VALIDAÇÃO
5310-5/01,Atividades do Correio Nacional,MÉDIO RISCO,Regra 5,07.11.04,Posto dos Correios,nR2-11 (Qualquer área),nR2-11,Q,-,Q,-,,6.00,Estabelecimentos não classificados nos Códigos 3.00 a 5.00,VALIDAÇÃO
5310-5/01,Atividades do Correio Nacional,BAIXO RISCO,Regra 5,07.12.13,"Escritório (inclusive virtual), sede de empresa, grupo de salas, centro empresarial",nR1-12 (até 1250) ;  nR2-12 (acima de 1250),nR1-12,"1250,00",nR2-12,"1250,01",-,-,1.01,"Administração, Organização e Planejamento",VALIDAÇÃO
5310-5/02,Atividades de franqueadas e permissionárias do Correio Nacional,MÉDIO RISCO,Regra 5,07.11.04,Posto dos Correios,nR2-11 (Qualquer área),nR2-11,Q,-,Q,-,,6.00,Estabelecimentos não classificados nos Códigos 3.00 a 5.00,VALIDAÇÃO
5310-5/02,Atividades de franqueadas e permissionárias do Correio Nacional,BAIXO RISCO,Regra 5,07.12.13,"Escritório (inclusive virtual), sede de empresa, grupo de salas, centro empresarial",nR1-12 (até 1250) ;  nR2-12 (acima de 1250),nR1-12,"1250,00",nR2-12,"1250,01",-,-,1.01,"Administração, Organização e Planejamento",VALIDAÇÃO
5320-2/01,Serviços de malote não realizados pelo Correio Nacional,MÉDIO RISCO,Regra 8,07.12.04,"Agência de representação de industria, comércio, agricultura e negócios em geral, agência de turismo, de publicidade,  de informações, de empregos, de mensageiros e entrega de encomendas",nR1-12 (Até 350) ; nR2-12 (Acima de 350),nR1-12,350,nR2-12,350.01,-,-,1.14,Estabelecimentos de Intermediação e Representação,VALIDAÇÃO
5320-2/01,Serviços de malote não realizados pelo Correio Nacional,BAIXO RISCO,Regra 8,07.12.13,"Escritório (inclusive virtual), sede de empresa, grupo de salas, centro empresarial",nR1-12 (até 1250) ;  nR2-12 (acima de 1250),nR1-12,"1250,00",nR2-12,"1250,01",-,-,1.01,"Administração, Organização e Planejamento",VALIDAÇÃO
5320-2/02,Serviços de entrega rápida,MÉDIO RISCO,Regra 20,07.12.04,"Agência de representação de industria, comércio, agricultura e negócios em geral, agência de turismo, de publicidade,  de informações, de empregos, de mensageiros e entrega de encomendas",nR1-12 (Até 350) ; nR2-12 (Acima de 350),nR1-12,350,nR2-12,350.01,-,-,1.14,Estabelecimentos de Intermediação e Representação,VALIDAÇÃO
5320-2/02,Serviços de entrega rápida,MÉDIO RISCO,Regra 20,07.12.13,"Escritório (inclusive virtual), sede de empresa, grupo de salas, centro empresarial",nR1-12 (até 1250) ;  nR2-12 (acima de 1250),nR1-12,"1250,00",nR2-12,"1250,01",-,-,1.01,"Administração, Organização e Planejamento",VALIDAÇÃO
5510-8/01,Hotéis,MÉDIO RISCO,Regra 21,07.13.01,"Hotel, pousada, albergue, ""hostel"", pensionato, motel, ""flat"", apart hotel, e não classificados",nR1-13 (Qualquer área),nR1-13,Q,-,Q,-,,1.11,Estabelecimentos Hoteleiros,SEMI EXPRESSO
5510-8/01,Hotéis,MÉDIO RISCO,Regra 21,07.12.13,"Escritório (inclusive virtual), sede de empresa, grupo de salas, centro empresarial",nR1-12 (até 1250) ;  nR2-12 (acima de 1250),nR1-12,"1250,00",nR2-12,"1250,01",-,-,1.01,"Administração, Organização e Planejamento",SEMI EXPRESSO
5510-8/02,Apart-hotéis,MÉDIO RISCO,Regra 21,07.13.01,"Hotel, pousada, albergue, ""hostel"", pensionato, motel, ""flat"", apart hotel, e não classificados",nR1-13 (Qualquer área),nR1-13,Q,-,Q,-,,1.11,Estabelecimentos Hoteleiros,SEMI EXPRESSO
5510-8/02,Apart-hotéis,MÉDIO RISCO,Regra 21,07.12.13,"Escritório (inclusive virtual), sede de empresa, grupo de salas, centro empresarial",nR1-12 (até 1250) ;  nR2-12 (acima de 1250),nR1-12,"1250,00",nR2-12,"1250,01",-,-,1.01,"Administração, Organização e Planejamento",SEMI EXPRESSO
5510-8/03,Motéis,MÉDIO RISCO,Regra 21,07.13.01,"Hotel, pousada, albergue, ""hostel"", pensionato, motel, ""flat"", apart hotel, e não classificados",nR1-13 (Qualquer área),nR1-13,Q,-,Q,-,,1.11,Estabelecimentos Hoteleiros,SEMI EXPRESSO
5510-8/03,Motéis,MÉDIO RISCO,Regra 21,07.12.13,"Escritório (inclusive virtual), sede de empresa, grupo de salas, centro empresarial",nR1-12 (até 1250) ;  nR2-12 (acima de 1250),nR1-12,"1250,00",nR2-12,"1250,01",-,-,1.01,"Administração, Organização e Planejamento",SEMI EXPRESSO
5590-6/01,"Albergues, exceto assistenciais",MÉDIO RISCO,Regra 21,07.13.01,"Hotel, pousada, albergue, ""hostel"", pensionato, motel, ""flat"", apart hotel, e não classificados",nR1-13 (Qualquer área),nR1-13,Q,-,Q,-,,1.11,Estabelecimentos Hoteleiros,SEMI EXPRESSO
5590-6/01,"Albergues, exceto assistenciais",MÉDIO RISCO,Regra 21,07.12.13,"Escritório (inclusive virtual), sede de empresa, grupo de salas, centro empresarial",nR1-12 (até 1250) ;  nR2-12 (acima de 1250),nR1-12,"1250,00",nR2-12,"1250,01",-,-,1.01,"Administração, Organização e Planejamento",SEMI EXPRESSO
5590-6/02,Campings,A SER DEFINIDO PELA CNLU,Regra 5,07.14.03,"Campo de Golfe, Camping, Colônia de Ferias",nR3-14 (Qualquer área),nR3-14,Q,-,Q,-,,1.05,Estabelecimentos de Diversões públicas e Lazer,VALIDAÇÃO
5590-6/02,Campings,BAIXO RISCO,Regra 5,07.12.13,"Escritório (inclusive virtual), sede de empresa, grupo de salas, centro empresarial",nR1-12 (até 1250) ;  nR2-12 (acima de 1250),nR1-12,"1250,00",nR2-12,"1250,01",-,-,1.01,"Administração, Organização e Planejamento",VALIDAÇÃO
5590-6/03,Pensões (alojamento),MÉDIO RISCO,Regra 5,07.13.01,"Hotel, pousada, albergue, ""hostel"", pensionato, motel, ""flat"", apart hotel, e não classificados",nR1-13 (Qualquer área),nR1-13,Q,-,Q,-,,1.11,Estabelecimentos Hoteleiros,VALIDAÇÃO
5590-6/03,Pensões (alojamento),BAIXO RISCO,Regra 5,07.12.13,"Escritório (inclusive virtual), sede de empresa, grupo de salas, centro empresarial",nR1-12 (até 1250) ;  nR2-12 (acima de 1250),nR1-12,"1250,00",nR2-12,"1250,01",-,-,1.01,"Administração, Organização e Planejamento",VALIDAÇÃO
5590-6/99,Outros alojamentos não especificados anteriormente,MÉDIO RISCO,Regra 21,07.13.01,"Hotel, pousada, albergue, ""hostel"", pensionato, motel, ""flat"", apart hotel, e não classificados",nR1-13 (Qualquer área),nR1-13,Q,-,Q,-,,1.11,Estabelecimentos Hoteleiros,SEMI EXPRESSO
5590-6/99,Outros alojamentos não especificados anteriormente,MÉDIO RISCO,Regra 21,07.12.13,"Escritório (inclusive virtual), sede de empresa, grupo de salas, centro empresarial",nR1-12 (até 1250) ;  nR2-12 (acima de 1250),nR1-12,"1250,00",nR2-12,"1250,01",-,-,1.01,"Administração, Organização e Planejamento",SEMI EXPRESSO
5611-2/01,Restaurantes e similares,MÉDIO RISCO,Regra 20,07.02.02,"Serviço de alimentação e bebidas alcoólicas: bar, botequim,restaurante, choparia e pizzaria",nR1-02 (Até 350) ; nR2-02 (Acima de 350),nR1-02,"350,00",nR2-02,"350,01",,,1.18,Estabelecimentos não classificados nos itens 1.01 a 1.17,VALIDAÇÃO
5611-2/01,Restaurantes e similares,MÉDIO RISCO,Regra 20,07.12.13,"Escritório (inclusive virtual), sede de empresa, grupo de salas, centro empresarial",nR1-12 (até 1250) ;  nR2-12 (acima de 1250),nR1-12,"1250,00",nR2-12,"1250,01",-,-,1.01,"Administração, Organização e Planejamento",VALIDAÇÃO
5611-2/03,"Lanchonetes, casas de chá, de sucos e similares",MÉDIO RISCO,Regra 8,07.02.01,"Serviço de alimentação em geral: lanchonete, sorveteria, café., doceria, casa de chá",nR1-02 (Até 350) ; nR2-02 (Acima de 350),nR1-02,"350,00",nR2-02,"350,01",,,1.18,Estabelecimentos não classificados nos itens 1.01 a 1.17,VALIDAÇÃO
5611-2/03,"Lanchonetes, casas de chá, de sucos e similares",BAIXO RISCO,Regra 8,07.12.13,"Escritório (inclusive virtual), sede de empresa, grupo de salas, centro empresarial",nR1-12 (até 1250) ;  nR2-12 (acima de 1250),nR1-12,"1250,00",nR2-12,"1250,01",-,-,1.01,"Administração, Organização e Planejamento",VALIDAÇÃO
5611-2/04,"Bares e outros estabelecimentos especializados em servir bebidas, sem entretenimento",MÉDIO RISCO,Regra 8,07.02.02,"Serviço de alimentação e bebidas alcoólicas: bar, botequim,restaurante, choparia e pizzaria",nR1-02 (Até 350) ; nR2-02 (Acima de 350),nR1-02,"350,00",nR2-02,"350,01",,,1.18,Estabelecimentos não classificados nos itens 1.01 a 1.17,VALIDAÇÃO
5611-2/04,"Bares e outros estabelecimentos especializados em servir bebidas, sem entretenimento",BAIXO RISCO,Regra 8,07.12.13,"Escritório (inclusive virtual), sede de empresa, grupo de salas, centro empresarial",nR1-12 (até 1250) ;  nR2-12 (acima de 1250),nR1-12,"1250,00",nR2-12,"1250,01",-,-,1.01,"Administração, Organização e Planejamento",VALIDAÇÃO
5611-2/05,"Bares e outros estabelecimentos especializados em servir bebidas, com entretenimento",MÉDIO RISCO,Regra 21,07.02.02,"Serviço de alimentação e bebidas alcoólicas: bar, botequim,restaurante, choparia e pizzaria",nR1-02 (Até 350) ; nR2-02 (Acima de 350),nR1-02,"350,00",nR2-02,"350,01",,,1.18,Estabelecimentos não classificados nos itens 1.01 a 1.17,SEMI EXPRESSO
5611-2/05,"Bares e outros estabelecimentos especializados em servir bebidas, com entretenimento",MÉDIO RISCO,Regra 21,07.12.13,"Escritório (inclusive virtual), sede de empresa, grupo de salas, centro empresarial",nR1-12 (até 1250) ;  nR2-12 (acima de 1250),nR1-12,"1250,00",nR2-12,"1250,01",-,-,1.01,"Administração, Organização e Planejamento",SEMI EXPRESSO
5612-1/00,Serviços ambulantes de alimentação,MÉDIO RISCO,Regra 9,07.02.03,Outros serviços de alimentação não classificados,nR1-02 (Até 350) ; nR2-02 (Acima de 350),nR1-02,"350,00",nR2-02,"350,01",,,1.18,Estabelecimentos não classificados nos itens 1.01 a 1.17,VALIDAÇÃO
5612-1/00,Serviços ambulantes de alimentação,BAIXO RISCO,Regra 9,07.12.13,"Escritório (inclusive virtual), sede de empresa, grupo de salas, centro empresarial",nR1-12 (até 1250) ;  nR2-12 (acima de 1250),nR1-12,"1250,00",nR2-12,"1250,01",-,-,1.01,"Administração, Organização e Planejamento",VALIDAÇÃO
5620-1/01,Fornecimento de alimentos preparados preponderantemente para empresas,ALTO,Regra 48,07.02.03,Outros serviços de alimentação não classificados,nR1-02 (Até 350) ; nR2-02 (Acima de 350),nR1-02,"350,00",nR2-02,"350,01",,,1.18,Estabelecimentos não classificados nos itens 1.01 a 1.17,VALIDAÇÃO
5620-1/01,Fornecimento de alimentos preparados preponderantemente para empresas,ALTO,Regra 48,07.12.13,"Escritório (inclusive virtual), sede de empresa, grupo de salas, centro empresarial",nR1-12 (até 1250) ;  nR2-12 (acima de 1250),nR1-12,"1250,00",nR2-12,"1250,01",-,-,1.01,"Administração, Organização e Planejamento",VALIDAÇÃO
5620-1/02,Serviços de alimentação para eventos e recepções - bufê,MÉDIO RISCO,Regra 20,07.02.03,Outros serviços de alimentação não classificados,nR1-02 (Até 350) ; nR2-02 (Acima de 350),nR1-02,"350,00",nR2-02,"350,01",,,1.18,Estabelecimentos não classificados nos itens 1.01 a 1.17,VALIDAÇÃO
5620-1/02,Serviços de alimentação para eventos e recepções - bufê,MÉDIO RISCO,Regra 20,07.12.13,"Escritório (inclusive virtual), sede de empresa, grupo de salas, centro empresarial",nR1-12 (até 1250) ;  nR2-12 (acima de 1250),nR1-12,"1250,00",nR2-12,"1250,01",-,-,1.01,"Administração, Organização e Planejamento",VALIDAÇÃO
5620-1/03,Cantinas - serviços de alimentação privativos,MÉDIO RISCO,Regra 20,07.02.03,Outros serviços de alimentação não classificados,nR1-02 (Até 350) ; nR2-02 (Acima de 350),nR1-02,"350,00",nR2-02,"350,01",,,1.18,Estabelecimentos não classificados nos itens 1.01 a 1.17,VALIDAÇÃO
5620-1/03,Cantinas - serviços de alimentação privativos,MÉDIO RISCO,Regra 20,07.12.13,"Escritório (inclusive virtual), sede de empresa, grupo de salas, centro empresarial",nR1-12 (até 1250) ;  nR2-12 (acima de 1250),nR1-12,"1250,00",nR2-12,"1250,01",-,-,1.01,"Administração, Organização e Planejamento",VALIDAÇÃO
5620-1/04,Fornecimento de alimentos preparados preponderantemente para consumo domiciliar,MÉDIO RISCO,Regra 8,07.02.03,Outros serviços de alimentação não classificados,nR1-02 (Até 350) ; nR2-02 (Acima de 350),nR1-02,"350,00",nR2-02,"350,01",,,1.18,Estabelecimentos não classificados nos itens 1.01 a 1.17,VALIDAÇÃO
5620-1/04,Fornecimento de alimentos preparados preponderantemente para consumo domiciliar,BAIXO RISCO,Regra 8,07.12.13,"Escritório (inclusive virtual), sede de empresa, grupo de salas, centro empresarial",nR1-12 (até 1250) ;  nR2-12 (acima de 1250),nR1-12,"1250,00",nR2-12,"1250,01",-,-,1.01,"Administração, Organização e Planejamento",VALIDAÇÃO
5811-5/00,Edição de livros,ALTO,Regra 60,09.06.02,Edição e impressão em geral,ID3-06,ID3-06,Q,-,Q,-,,3.00,Estabelecimentos Industriais,VALIDAÇÃO
5811-5/00,Edição de livros,MÉDIO RISCO,Regra 60,07.12.09,"Copiadora, gráfica, “lan house”",nR1-12 (Até 350) ; nR2-12 (Acima de 350),nR1-12,"350,00",nR2-012,"350,01",,,1.18,Estabelecimentos não classificados nos  Itens 1.01 a 1.17,VALIDAÇÃO
5811-5/00,Edição de livros,BAIXO RISCO,Regra 60,07.12.13,"Escritório (inclusive virtual), sede de empresa, grupo de salas, centro empresarial",nR1-12 (até 1250) ;  nR2-12 (acima de 1250),nR1-12,"1250,00",nR2-12,"1250,01",-,-,1.01,"Administração, Organização e Planejamento",VALIDAÇÃO
5812-3/01,Edição de jornais diários,ALTO,Regra 60,2002-06-09,Edição e impressão em geral,ID3-06,ID3-06,Q,-,Q,-,,3.00,Estabelecimentos Industriais,VALIDAÇÃO
5812-3/01,Edição de jornais diários,MÉDIO RISCO,Regra 60,07.12.09,"Copiadora, gráfica, “lan house”",nR1-12 (Até 350) ; nR2-12 (Acima de 350),nR1-12,"350,00",nR2-012,"350,01",,,1.18,Estabelecimentos não classificados nos  Itens 1.01 a 1.17,VALIDAÇÃO
5812-3/01,Edição de jornais diários,BAIXO RISCO,Regra 60,07.12.13,"Escritório (inclusive virtual), sede de empresa, grupo de salas, centro empresarial",nR1-12 (até 1250) ;  nR2-12 (acima de 1250),nR1-12,"1250,00",nR2-12,"1250,01",-,-,1.01,"Administração, Organização e Planejamento",VALIDAÇÃO
5812-3/02,Edição de jornais não diários,ALTO,Regra 60,09.06.02,Edição e impressão em geral,ID3-06,ID3-06,Q,-,Q,-,,3.00,Estabelecimentos Industriais,VALIDAÇÃO
5812-3/02,Edição de jornais não diários,MÉDIO RISCO,Regra 60,07.12.09,"Copiadora, gráfica, “lan house”",nR1-12 (Até 350) ; nR2-12 (Acima de 350),nR1-12,"350,00",nR2-012,"350,01",,,1.18,Estabelecimentos não classificados nos  Itens 1.01 a 1.17,VALIDAÇÃO
5812-3/02,Edição de jornais não diários,BAIXO RISCO,Regra 60,07.12.13,"Escritório (inclusive virtual), sede de empresa, grupo de salas, centro empresarial",nR1-12 (até 1250) ;  nR2-12 (acima de 1250),nR1-12,"1250,00",nR2-12,"1250,01",-,-,1.01,"Administração, Organização e Planejamento",VALIDAÇÃO
5813-1/00,Edição de revistas,ALTO,Regra 60,09.06.02,Edição e impressão em geral,ID3-06,ID3-06,Q,-,Q,-,,3.00,Estabelecimentos Industriais,VALIDAÇÃO
5813-1/00,Edição de revistas,MÉDIO RISCO,Regra 60,07.12.09,"Copiadora, gráfica, “lan house”",nR1-12 (Até 350) ; nR2-12 (Acima de 350),nR1-12,"350,00",nR2-012,"350,01",,,1.18,Estabelecimentos não classificados nos  Itens 1.01 a 1.17,VALIDAÇÃO
5813-1/00,Edição de revistas,BAIXO RISCO,Regra 60,07.12.13,"Escritório (inclusive virtual), sede de empresa, grupo de salas, centro empresarial",nR1-12 (até 1250) ;  nR2-12 (acima de 1250),nR1-12,"1250,00",nR2-12,"1250,01",-,-,1.01,"Administração, Organização e Planejamento",VALIDAÇÃO
5819-1/00,"Edição de cadastros, listas e outros produtos gráficos",MÉDIO RISCO,Regra 60,07.12.09,"Copiadora, gráfica, “lan house”",nR1-12 (Até 350) ; nR2-12 (Acima de 350),nR1-12,"350,00",nR2-012,"350,01",,,1.18,Estabelecimentos não classificados nos  Itens 1.01 a 1.17,VALIDAÇÃO
5819-1/00,"Edição de cadastros, listas e outros produtos gráficos",ALTO,Regra 60,09.06.02,Edição e impressão em geral,ID3-06,ID3-06,Q,-,Q,-,,3.00,Estabelecimentos Industriais,VALIDAÇÃO
5819-1/00,"Edição de cadastros, listas e outros produtos gráficos",BAIXO RISCO,Regra 60,07.12.13,"Escritório (inclusive virtual), sede de empresa, grupo de salas, centro empresarial",nR1-12 (até 1250) ;  nR2-12 (acima de 1250),nR1-12,"1250,00",nR2-12,"1250,01",-,-,1.01,"Administração, Organização e Planejamento",VALIDAÇÃO
5821-2/00,Edição integrada à impressão de livros,ALTO,Regra 60,09.06.02,Edição e impressão em geral,ID3-06,ID3-06,Q,-,Q,-,,3.00,Estabelecimentos Industriais,VALIDAÇÃO
5821-2/00,Edição integrada à impressão de livros,MÉDIO RISCO,Regra 60,07.12.09,"Copiadora, gráfica, “lan house”",nR1-12 (Até 350) ; nR2-12 (Acima de 350),nR1-12,"350,00",nR2-012,"350,01",,,1.18,Estabelecimentos não classificados nos  Itens 1.01 a 1.17,VALIDAÇÃO
5821-2/00,Edição integrada à impressão de livros,BAIXO RISCO,Regra 60,07.12.13,"Escritório (inclusive virtual), sede de empresa, grupo de salas, centro empresarial",nR1-12 (até 1250) ;  nR2-12 (acima de 1250),nR1-12,"1250,00",nR2-12,"1250,01",-,-,1.01,"Administração, Organização e Planejamento",VALIDAÇÃO
5822-1/01,Edição integrada à impressão de jornais diários,ALTO,Regra 60,09.06.02,Edição e impressão em geral,ID3-06,ID3-06,Q,-,Q,-,,3.00,Estabelecimentos Industriais,VALIDAÇÃO
5822-1/01,Edição integrada à impressão de jornais diários,MÉDIO RISCO,Regra 60,07.12.09,"Copiadora, gráfica, “lan house”",nR1-12 (Até 350) ; nR2-12 (Acima de 350),nR1-12,"350,00",nR2-012,"350,01",,,1.18,Estabelecimentos não classificados nos  Itens 1.01 a 1.17,VALIDAÇÃO
5822-1/01,Edição integrada à impressão de jornais diários,BAIXO RISCO,Regra 60,07.12.13,"Escritório (inclusive virtual), sede de empresa, grupo de salas, centro empresarial",nR1-12 (até 1250) ;  nR2-12 (acima de 1250),nR1-12,"1250,00",nR2-12,"1250,01",-,-,1.01,"Administração, Organização e Planejamento",VALIDAÇÃO
5822-1/02,Edição integrada à impressão de jornais não diários,ALTO,Regra 60,09.06.02,Edição e impressão em geral,ID3-06,ID3-06,Q,-,Q,-,,3.00,Estabelecimentos Industriais,VALIDAÇÃO
5822-1/02,Edição integrada à impressão de jornais não diários,MÉDIO RISCO,Regra 60,07.12.09,"Copiadora, gráfica, “lan house”",nR1-12 (Até 350) ; nR2-12 (Acima de 350),nR1-12,"350,00",nR2-012,"350,01",,,1.18,Estabelecimentos não classificados nos  Itens 1.01 a 1.17,VALIDAÇÃO
5822-1/02,Edição integrada à impressão de jornais não diários,BAIXO RISCO,Regra 60,07.12.13,"Escritório (inclusive virtual), sede de empresa, grupo de salas, centro empresarial",nR1-12 (até 1250) ;  nR2-12 (acima de 1250),nR1-12,"1250,00",nR2-12,"1250,01",-,-,1.01,"Administração, Organização e Planejamento",VALIDAÇÃO
5823-9/00,Edição integrada à impressão de revistas,ALTO,Regra 60,09.06.02,Edição e impressão em geral,ID3-06,ID3-06,Q,-,Q,-,,3.00,Estabelecimentos Industriais,VALIDAÇÃO
5823-9/00,Edição integrada à impressão de revistas,MÉDIO RISCO,Regra 60,07.12.09,"Copiadora, gráfica, “lan house”",nR1-12 (Até 350) ; nR2-12 (Acima de 350),nR1-12,"350,00",nR2-012,"350,01",,,1.18,Estabelecimentos não classificados nos  Itens 1.01 a 1.17,VALIDAÇÃO
5823-9/00,Edição integrada à impressão de revistas,BAIXO RISCO,Regra 60,07.12.13,"Escritório (inclusive virtual), sede de empresa, grupo de salas, centro empresarial",nR1-12 (até 1250) ;  nR2-12 (acima de 1250),nR1-12,"1250,00",nR2-12,"1250,01",-,-,1.01,"Administração, Organização e Planejamento",VALIDAÇÃO
5829-8/00,"Edição integrada à impressão de cadastros, listas e outros produtos gráficos",ALTO,Regra 60,09.06.02,Edição e impressão em geral,ID3-06,ID3-06,Q,-,Q,-,,3.00,Estabelecimentos Industriais,VALIDAÇÃO
5829-8/00,"Edição integrada à impressão de cadastros, listas e outros produtos gráficos",MÉDIO RISCO,Regra 60,07.12.09,"Copiadora, gráfica, “lan house”",nR1-12 (Até 350) ; nR2-12 (Acima de 350),nR1-12,"350,00",nR2-012,"350,01",,,1.18,Estabelecimentos não classificados nos  Itens 1.01 a 1.17,VALIDAÇÃO
5829-8/00,"Edição integrada à impressão de cadastros, listas e outros produtos gráficos",BAIXO RISCO,Regra 60,07.12.13,"Escritório (inclusive virtual), sede de empresa, grupo de salas, centro empresarial",nR1-12 (até 1250) ;  nR2-12 (acima de 1250),nR1-12,"1250,00",nR2-12,"1250,01",-,-,1.01,"Administração, Organização e Planejamento",VALIDAÇÃO
5911-1/01,Estúdios cinematográficos,MÉDIO RISCO,Regra 5,07.12.08,"Estúdio e laboratório fotográfico, gravação de vídeo, de sons e de filmagens",nR1-12 (até 350) ;  nR2-12 (acima de 350),nR1-12,"350,00",nR2-012,"350,01",,,1.09,"Estabelecimentos fotográficos, de Produção Cinematográfica e Afins",VALIDAÇÃO
5911-1/01,Estúdios cinematográficos,BAIXO RISCO,Regra 5,07.12.13,"Escritório (inclusive virtual), sede de empresa, grupo de salas, centro empresarial",nR1-12 (até 1250) ;  nR2-12 (acima de 1250),nR1-12,"1250,00",nR2-12,"1250,01",-,-,1.01,"Administração, Organização e Planejamento",VALIDAÇÃO
5911-1/02,Produção de filmes para publicidade,MÉDIO RISCO,Regra 5,07.12.08,"Estúdio e laboratório fotográfico, gravação de vídeo, de sons e de filmagens",nR1-12 (até 350) ;  nR2-12 (acima de 350),nR1-12,"350,00",nR2-012,"350,01",,,1.09,"Estabelecimentos fotográficos, de Produção Cinematográfica e Afins",VALIDAÇÃO
5911-1/02,Produção de filmes para publicidade,BAIXO RISCO,Regra 5,07.12.13,"Escritório (inclusive virtual), sede de empresa, grupo de salas, centro empresarial",nR1-12 (até 1250) ;  nR2-12 (acima de 1250),nR1-12,"1250,00",nR2-12,"1250,01",-,-,1.01,"Administração, Organização e Planejamento",VALIDAÇÃO
5911-1/99,"Atividades de produção cinematográfica, de vídeos e de programas de televisão não especificadas anteriormente",MÉDIO RISCO,Regra 5,07.12.08,"Estúdio e laboratório fotográfico, gravação de vídeo, de sons e de filmagens",nR1-12 (até 350) ;  nR2-12 (acima de 350),nR1-12,"350,00",nR2-012,"350,01",,,1.09,"Estabelecimentos fotográficos, de Produção Cinematográfica e Afins",VALIDAÇÃO
5911-1/99,"Atividades de produção cinematográfica, de vídeos e de programas de televisão não especificadas anteriormente",BAIXO RISCO,Regra 5,07.12.13,"Escritório (inclusive virtual), sede de empresa, grupo de salas, centro empresarial",nR1-12 (até 1250) ;  nR2-12 (acima de 1250),nR1-12,"1250,00",nR2-12,"1250,01",-,-,1.01,"Administração, Organização e Planejamento",VALIDAÇÃO
5912-0/01,Serviços de dublagem,MÉDIO RISCO,Regra 5,07.12.08,"Estúdio e laboratório fotográfico, gravação de vídeo, de sons e de filmagens",nR1-12 (até 350) ;  nR2-12 (acima de 350),nR1-12,"350,00",nR2-012,"350,01",,,1.09,"Estabelecimentos fotográficos, de Produção Cinematográfica e Afins",VALIDAÇÃO
5912-0/01,Serviços de dublagem,BAIXO RISCO,Regra 5,07.12.13,"Escritório (inclusive virtual), sede de empresa, grupo de salas, centro empresarial",nR1-12 (até 1250) ;  nR2-12 (acima de 1250),nR1-12,"1250,00",nR2-12,"1250,01",-,-,1.01,"Administração, Organização e Planejamento",VALIDAÇÃO
5912-0/02,Serviços de mixagem sonora em produção audiovisual,MÉDIO RISCO,Regra 5,07.12.08,"Estúdio e laboratório fotográfico, gravação de vídeo, de sons e de filmagens",nR1-12 (até 350) ;  nR2-12 (acima de 350),nR1-12,"350,00",nR2-012,"350,01",,,1.09,"Estabelecimentos fotográficos, de Produção Cinematográfica e Afins",VALIDAÇÃO
5912-0/02,Serviços de mixagem sonora em produção audiovisual,BAIXO RISCO,Regra 5,07.12.13,"Escritório (inclusive virtual), sede de empresa, grupo de salas, centro empresarial",nR1-12 (até 1250) ;  nR2-12 (acima de 1250),nR1-12,"1250,00",nR2-12,"1250,01",-,-,1.01,"Administração, Organização e Planejamento",VALIDAÇÃO
5912-0/99,"Atividades de pós-produção cinematográfica, de vídeos e de programas de televisão não especificadas anteriormente",MÉDIO RISCO,Regra 5,07.12.08,"Estúdio e laboratório fotográfico, gravação de vídeo, de sons e de filmagens",nR1-12 (até 350) ;  nR2-12 (acima de 350),nR1-12,"350,00",nR2-012,"350,01",,,1.09,"Estabelecimentos fotográficos, de Produção Cinematográfica e Afins",VALIDAÇÃO
5912-0/99,"Atividades de pós-produção cinematográfica, de vídeos e de programas de televisão não especificadas anteriormente",BAIXO RISCO,Regra 5,07.12.13,"Escritório (inclusive virtual), sede de empresa, grupo de salas, centro empresarial",nR1-12 (até 1250) ;  nR2-12 (acima de 1250),nR1-12,"1250,00",nR2-12,"1250,01",-,-,1.01,"Administração, Organização e Planejamento",VALIDAÇÃO
5913-8/00,"Distribuição cinematográfica, de vídeo e de programas de televisão",MÉDIO RISCO,Regra 5,07.12.08,"Estúdio e laboratório fotográfico, gravação de vídeo, de sons e de filmagens",nR1-12 (até 350) ;  nR2-12 (acima de 350),nR1-12,"350,00",nR2-012,"350,01",,,1.09,"Estabelecimentos fotográficos, de Produção Cinematográfica e Afins",VALIDAÇÃO
5913-8/00,"Distribuição cinematográfica, de vídeo e de programas de televisão",BAIXO RISCO,Regra 5,07.12.13,"Escritório (inclusive virtual), sede de empresa, grupo de salas, centro empresarial",nR1-12 (até 1250) ;  nR2-12 (acima de 1250),nR1-12,"1250,00",nR2-12,"1250,01",-,-,1.01,"Administração, Organização e Planejamento",VALIDAÇÃO
5914-6/00,Atividades de exibição cinematográfica,MÉDIO RISCO,Regra 21,07.12.08,"Estúdio e laboratório fotográfico, gravação de vídeo, de sons e de filmagens",nR1-12 (até 350) ;  nR2-12 (acima de 350),nR1-12,"350,00",nR2-012,"350,01",,,1.09,"Estabelecimentos fotográficos, de Produção Cinematográfica e Afins",SEMI EXPRESSO
5914-6/00,Atividades de exibição cinematográfica,MÉDIO RISCO,Regra 21,07.12.13,"Escritório (inclusive virtual), sede de empresa, grupo de salas, centro empresarial",nR1-12 (até 1250) ;  nR2-12 (acima de 1250),nR1-12,"1250,00",nR2-12,"1250,01",-,-,1.01,"Administração, Organização e Planejamento",SEMI EXPRESSO
5920-1/00,Atividades de gravação de som e de edição de música,MÉDIO RISCO,Regra 5,07.12.08,"Estúdio e laboratório fotográfico, gravação de vídeo, de sons e de filmagens",nR1-12 (até 350) ;  nR2-12 (acima de 350),nR1-12,"350,00",nR2-012,"350,01",,,1.09,"Estabelecimentos fotográficos, de Produção Cinematográfica e Afins",VALIDAÇÃO
5920-1/00,Atividades de gravação de som e de edição de música,BAIXO RISCO,Regra 5,07.12.13,"Escritório (inclusive virtual), sede de empresa, grupo de salas, centro empresarial",nR1-12 (até 1250) ;  nR2-12 (acima de 1250),nR1-12,"1250,00",nR2-12,"1250,01",-,-,1.01,"Administração, Organização e Planejamento",VALIDAÇÃO
6010-1/00,Atividades de rádio,MÉDIO RISCO,Regra 1,07.12.11,"Serviços ligados à tecnologia de informação (TI), web design",nR1-12 (Até 350) ; nR2-12 (Acima de 350),nR1-12,350,nR2-12,350.01,-,-,1.01,"Administração, Organização e Planejamento",VALIDAÇÃO
6010-1/00,Atividades de rádio,A SER DEFINIDO PELA CNLU,Regra 1,08.04.05,"Torre de transmissão telefônica, de radiotelevisão e radiodifusão",nR4-04,nR4-04,Q,-,Q,-,,1.18,Estabelecimentos não classificados nos  Itens 1.01 a 1.17,VALIDAÇÃO
6010-1/00,Atividades de rádio,BAIXO RISCO,Regra 1,07.12.13,"Escritório (inclusive virtual), sede de empresa, grupo de salas, centro empresarial",nR1-12 (até 1250) ;  nR2-12 (acima de 1250),nR1-12,"1250,00",nR2-12,"1250,01",-,-,1.01,"Administração, Organização e Planejamento",VALIDAÇÃO
6021-7/00,Atividades de televisão aberta,A SER DEFINIDO PELA CNLU,Regra 5,08.04.05,"Torre de transmissão telefônica, de radiotelevisão e radiodifusão",nR4-04,nR4-04,Q,-,Q,-,,1.18,Estabelecimentos não classificados nos  Itens 1.01 a 1.17,VALIDAÇÃO
6021-7/00,Atividades de televisão aberta,BAIXO RISCO,Regra 5,07.12.13,"Escritório (inclusive virtual), sede de empresa, grupo de salas, centro empresarial",nR1-12 (até 1250) ;  nR2-12 (acima de 1250),nR1-12,"1250,00",nR2-12,"1250,01",-,-,1.01,"Administração, Organização e Planejamento",VALIDAÇÃO
6022-5/01,Programadoras,A SER DEFINIDO PELA CNLU,Regra 5,08.04.05,"Torre de transmissão telefônica, de radiotelevisão e radiodifusão",nR4-04,nR4-04,Q,-,Q,-,,1.18,Estabelecimentos não classificados nos  Itens 1.01 a 1.17,VALIDAÇÃO
6022-5/01,Programadoras,BAIXO RISCO,Regra 5,07.12.13,"Escritório (inclusive virtual), sede de empresa, grupo de salas, centro empresarial",nR1-12 (até 1250) ;  nR2-12 (acima de 1250),nR1-12,"1250,00",nR2-12,"1250,01",-,-,1.01,"Administração, Organização e Planejamento",VALIDAÇÃO
6022-5/02,"Atividades relacionadas à televisão por assinatura, exceto programadoras",BAIXO RISCO,Regra 10,07.12.13,"Escritório (inclusive virtual), sede de empresa, grupo de salas, centro empresarial",nR1-12 (até 1250) ;  nR2-12 (acima de 1250),nR1-12,"1250,00",nR2-12,"1250,01",-,-,1.01,"Administração, Organização e Planejamento",VALIDAÇÃO
6110-8/01,Serviços de telefonia fixa comutada - STFC,A SER DEFINIDO PELA CNLU,Regra 1,08.04.05,"Torre de transmissão telefônica, de radiotelevisão e radiodifusão",nR4-04,nR4-04,Q,-,Q,-,,1.18,Estabelecimentos não classificados nos  Itens 1.01 a 1.17,VALIDAÇÃO
6110-8/01,Serviços de telefonia fixa comutada - STFC,MÉDIO RISCO,Regra 1,07.12.11,"Serviços ligados à tecnologia de informação (TI), web design",nR1-12 (Até 350) ; nR2-12 (Acima de 350),nR1-12,350,nR2-12,350.01,-,-,1.01,"Administração, Organização e Planejamento",VALIDAÇÃO
6110-8/01,Serviços de telefonia fixa comutada - STFC,BAIXO RISCO,Regra 1,07.12.13,"Escritório (inclusive virtual), sede de empresa, grupo de salas, centro empresarial",nR1-12 (até 1250) ;  nR2-12 (acima de 1250),nR1-12,"1250,00",nR2-12,"1250,01",-,-,1.01,"Administração, Organização e Planejamento",VALIDAÇÃO
6110-8/02,Serviços de redes de transporte de telecomunicações - SRTT,A SER DEFINIDO PELA CNLU,Regra 1,08.04.05,"Torre de transmissão telefônica, de radiotelevisão e radiodifusão",nR4-04,nR4-04,Q,-,Q,-,,1.18,Estabelecimentos não classificados nos  Itens 1.01 a 1.17,VALIDAÇÃO
6110-8/02,Serviços de redes de transporte de telecomunicações - SRTT,MÉDIO RISCO,Regra 1,07.12.11,"Serviços ligados à tecnologia de informação (TI), web design",nR1-12 (Até 350) ; nR2-12 (Acima de 350),nR1-12,350,nR2-12,350.01,-,-,1.01,"Administração, Organização e Planejamento",VALIDAÇÃO
6110-8/02,Serviços de redes de transporte de telecomunicações - SRTT,BAIXO RISCO,Regra 1,07.12.13,"Escritório (inclusive virtual), sede de empresa, grupo de salas, centro empresarial",nR1-12 (até 1250) ;  nR2-12 (acima de 1250),nR1-12,"1250,00",nR2-12,"1250,01",-,-,1.01,"Administração, Organização e Planejamento",VALIDAÇÃO
6110-8/03,Serviços de comunicação multimídia - SCM,BAIXO RISCO,Regra 4,07.12.11,"Serviços ligados à tecnologia de informação (TI), web design",nR1-12 (Até 350) ; nR2-12 (Acima de 350),nR1-12,350,nR2-12,350.01,-,-,1.01,"Administração, Organização e Planejamento",VALIDAÇÃO
6110-8/03,Serviços de comunicação multimídia - SCM,BAIXO RISCO,Regra 4,07.12.13,"Escritório (inclusive virtual), sede de empresa, grupo de salas, centro empresarial",nR1-12 (até 1250) ;  nR2-12 (acima de 1250),nR1-12,"1250,00",nR2-12,"1250,01",-,-,1.01,"Administração, Organização e Planejamento",VALIDAÇÃO
6110-8/99,Serviços de telecomunicações por fio não especificados anteriormente,A SER DEFINIDO PELA CNLU,Regra 1,08.04.05,"Torre de transmissão telefônica, de radiotelevisão e radiodifusão",nR4-04,nR4-04,Q,-,Q,-,,1.18,Estabelecimentos não classificados nos  Itens 1.01 a 1.17,VALIDAÇÃO
6110-8/99,Serviços de telecomunicações por fio não especificados anteriormente,MÉDIO RISCO,Regra 1,07.12.11,"Serviços ligados à tecnologia de informação (TI), web design",nR1-12 (Até 350) ; nR2-12 (Acima de 350),nR1-12,350,nR2-12,350.01,-,-,1.01,"Administração, Organização e Planejamento",VALIDAÇÃO
6110-8/99,Serviços de telecomunicações por fio não especificados anteriormente,BAIXO RISCO,Regra 1,07.12.13,"Escritório (inclusive virtual), sede de empresa, grupo de salas, centro empresarial",nR1-12 (até 1250) ;  nR2-12 (acima de 1250),nR1-12,"1250,00",nR2-12,"1250,01",-,-,1.01,"Administração, Organização e Planejamento",VALIDAÇÃO
6120-5/01,Telefonia móvel celular,A SER DEFINIDO PELA CNLU,Regra 1,08.04.05,"Torre de transmissão telefônica, de radiotelevisão e radiodifusão",nR4-04,nR4-04,Q,-,Q,-,,1.18,Estabelecimentos não classificados nos  Itens 1.01 a 1.17,VALIDAÇÃO
6120-5/01,Telefonia móvel celular,MÉDIO RISCO,Regra 1,07.12.11,"Serviços ligados à tecnologia de informação (TI), web design",nR1-12 (Até 350) ; nR2-12 (Acima de 350),nR1-12,350,nR2-12,350.01,-,-,1.01,"Administração, Organização e Planejamento",VALIDAÇÃO
6120-5/01,Telefonia móvel celular,BAIXO RISCO,Regra 1,07.12.13,"Escritório (inclusive virtual), sede de empresa, grupo de salas, centro empresarial",nR1-12 (até 1250) ;  nR2-12 (acima de 1250),nR1-12,"1250,00",nR2-12,"1250,01",-,-,1.01,"Administração, Organização e Planejamento",VALIDAÇÃO
6120-5/02,Serviço móvel especializado - SME,A SER DEFINIDO PELA CNLU,Regra 1,08.04.05,"Torre de transmissão telefônica, de radiotelevisão e radiodifusão",nR4-04,nR4-04,Q,-,Q,-,,1.18,Estabelecimentos não classificados nos  Itens 1.01 a 1.17,VALIDAÇÃO
6120-5/02,Serviço móvel especializado - SME,MÉDIO RISCO,Regra 1,07.12.11,"Serviços ligados à tecnologia de informação (TI), web design",nR1-12 (Até 350) ; nR2-12 (Acima de 350),nR1-12,350,nR2-12,350.01,-,-,1.01,"Administração, Organização e Planejamento",VALIDAÇÃO
6120-5/02,Serviço móvel especializado - SME,BAIXO RISCO,Regra 1,07.12.13,"Escritório (inclusive virtual), sede de empresa, grupo de salas, centro empresarial",nR1-12 (até 1250) ;  nR2-12 (acima de 1250),nR1-12,"1250,00",nR2-12,"1250,01",-,-,1.01,"Administração, Organização e Planejamento",VALIDAÇÃO
6120-5/99,Serviços de telecomunicações sem fio não especificados anteriormente,A SER DEFINIDO PELA CNLU,Regra 1,08.04.05,"Torre de transmissão telefônica, de radiotelevisão e radiodifusão",nR4-04,nR4-04,Q,-,Q,-,,1.18,Estabelecimentos não classificados nos  Itens 1.01 a 1.17,VALIDAÇÃO
6120-5/99,Serviços de telecomunicações sem fio não especificados anteriormente,MÉDIO RISCO,Regra 1,07.12.11,"Serviços ligados à tecnologia de informação (TI), web design",nR1-12 (Até 350) ; nR2-12 (Acima de 350),nR1-12,350,nR2-12,350.01,-,-,1.01,"Administração, Organização e Planejamento",VALIDAÇÃO
6120-5/99,Serviços de telecomunicações sem fio não especificados anteriormente,BAIXO RISCO,Regra 1,07.12.13,"Escritório (inclusive virtual), sede de empresa, grupo de salas, centro empresarial",nR1-12 (até 1250) ;  nR2-12 (acima de 1250),nR1-12,"1250,00",nR2-12,"1250,01",-,-,1.01,"Administração, Organização e Planejamento",VALIDAÇÃO
6130-2/00,Telecomunicações por satélite,A SER DEFINIDO PELA CNLU,Regra 1,08.04.05,"Torre de transmissão telefônica, de radiotelevisão e radiodifusão",nR4-04,nR4-04,Q,-,Q,-,,1.18,Estabelecimentos não classificados nos  Itens 1.01 a 1.17,VALIDAÇÃO
6130-2/00,Telecomunicações por satélite,MÉDIO RISCO,Regra 1,07.12.11,"Serviços ligados à tecnologia de informação (TI), web design",nR1-12 (Até 350) ; nR2-12 (Acima de 350),nR1-12,350,nR2-12,350.01,-,-,1.01,"Administração, Organização e Planejamento",VALIDAÇÃO
6130-2/00,Telecomunicações por satélite,BAIXO RISCO,Regra 1,07.12.13,"Escritório (inclusive virtual), sede de empresa, grupo de salas, centro empresarial",nR1-12 (até 1250) ;  nR2-12 (acima de 1250),nR1-12,"1250,00",nR2-12,"1250,01",-,-,1.01,"Administração, Organização e Planejamento",VALIDAÇÃO
6141-8/00,Operadoras de televisão por assinatura por cabo,A SER DEFINIDO PELA CNLU,Regra 1,08.04.05,"Torre de transmissão telefônica, de radiotelevisão e radiodifusão",nR4-04,nR4-04,Q,-,Q,-,,1.18,Estabelecimentos não classificados nos  Itens 1.01 a 1.17,VALIDAÇÃO
6141-8/00,Operadoras de televisão por assinatura por cabo,MÉDIO RISCO,Regra 1,07.12.11,"Serviços ligados à tecnologia de informação (TI), web design",nR1-12 (Até 350) ; nR2-12 (Acima de 350),nR1-12,350,nR2-12,350.01,-,-,1.01,"Administração, Organização e Planejamento",VALIDAÇÃO
6141-8/00,Operadoras de televisão por assinatura por cabo,BAIXO RISCO,Regra 1,07.12.13,"Escritório (inclusive virtual), sede de empresa, grupo de salas, centro empresarial",nR1-12 (até 1250) ;  nR2-12 (acima de 1250),nR1-12,"1250,00",nR2-12,"1250,01",-,-,1.01,"Administração, Organização e Planejamento",VALIDAÇÃO
6142-6/00,Operadoras de televisão por assinatura por microondas,A SER DEFINIDO PELA CNLU,Regra 1,08.04.05,"Torre de transmissão telefônica, de radiotelevisão e radiodifusão",nR4-04,nR4-04,Q,-,Q,-,,1.18,Estabelecimentos não classificados nos  Itens 1.01 a 1.17,VALIDAÇÃO
6142-6/00,Operadoras de televisão por assinatura por microondas,MÉDIO RISCO,Regra 1,07.12.11,"Serviços ligados à tecnologia de informação (TI), web design",nR1-12 (Até 350) ; nR2-12 (Acima de 350),nR1-12,350,nR2-12,350.01,-,-,1.01,"Administração, Organização e Planejamento",VALIDAÇÃO
6142-6/00,Operadoras de televisão por assinatura por microondas,BAIXO RISCO,Regra 1,07.12.13,"Escritório (inclusive virtual), sede de empresa, grupo de salas, centro empresarial",nR1-12 (até 1250) ;  nR2-12 (acima de 1250),nR1-12,"1250,00",nR2-12,"1250,01",-,-,1.01,"Administração, Organização e Planejamento",VALIDAÇÃO
6143-4/00,Operadoras de televisão por assinatura por satélite,A SER DEFINIDO PELA CNLU,Regra 1,08.04.05,"Torre de transmissão telefônica, de radiotelevisão e radiodifusão",nR4-04,nR4-04,Q,-,Q,-,,1.18,Estabelecimentos não classificados nos  Itens 1.01 a 1.17,VALIDAÇÃO
6143-4/00,Operadoras de televisão por assinatura por satélite,MÉDIO RISCO,Regra 1,07.12.11,"Serviços ligados à tecnologia de informação (TI), web design",nR1-12 (Até 350) ; nR2-12 (Acima de 350),nR1-12,350,nR2-12,350.01,-,-,1.01,"Administração, Organização e Planejamento",VALIDAÇÃO
6143-4/00,Operadoras de televisão por assinatura por satélite,BAIXO RISCO,Regra 1,07.12.13,"Escritório (inclusive virtual), sede de empresa, grupo de salas, centro empresarial",nR1-12 (até 1250) ;  nR2-12 (acima de 1250),nR1-12,"1250,00",nR2-12,"1250,01",-,-,1.01,"Administração, Organização e Planejamento",VALIDAÇÃO
6190-6/01,Provedores de acesso às redes de comunicações,A SER DEFINIDO PELA CNLU,Regra 1,08.04.05,"Torre de transmissão telefônica, de radiotelevisão e radiodifusão",nR4-04,nR4-04,Q,-,Q,-,,1.18,Estabelecimentos não classificados nos  Itens 1.01 a 1.17,VALIDAÇÃO
6190-6/01,Provedores de acesso às redes de comunicações,MÉDIO RISCO,Regra 1,07.12.11,"Serviços ligados à tecnologia de informação (TI), web design",nR1-12 (Até 350) ; nR2-12 (Acima de 350),nR1-12,350,nR2-12,350.01,-,-,1.01,"Administração, Organização e Planejamento",VALIDAÇÃO
6190-6/01,Provedores de acesso às redes de comunicações,BAIXO RISCO,Regra 1,07.12.13,"Escritório (inclusive virtual), sede de empresa, grupo de salas, centro empresarial",nR1-12 (até 1250) ;  nR2-12 (acima de 1250),nR1-12,"1250,00",nR2-12,"1250,01",-,-,1.01,"Administração, Organização e Planejamento",VALIDAÇÃO
6190-6/02,Provedores de voz sobre protocolo internet - VOIP,A SER DEFINIDO PELA CNLU,Regra 1,08.04.05,"Torre de transmissão telefônica, de radiotelevisão e radiodifusão",nR4-04,nR4-04,Q,-,Q,-,,1.18,Estabelecimentos não classificados nos  Itens 1.01 a 1.17,VALIDAÇÃO
6190-6/02,Provedores de voz sobre protocolo internet - VOIP,MÉDIO RISCO,Regra 1,07.12.11,"Serviços ligados à tecnologia de informação (TI), web design",nR1-12 (Até 350) ; nR2-12 (Acima de 350),nR1-12,350,nR2-12,350.01,-,-,1.01,"Administração, Organização e Planejamento",VALIDAÇÃO
6190-6/02,Provedores de voz sobre protocolo internet - VOIP,BAIXO RISCO,Regra 1,07.12.13,"Escritório (inclusive virtual), sede de empresa, grupo de salas, centro empresarial",nR1-12 (até 1250) ;  nR2-12 (acima de 1250),nR1-12,"1250,00",nR2-12,"1250,01",-,-,1.01,"Administração, Organização e Planejamento",VALIDAÇÃO
6190-6/99,Outras atividades de telecomunicações não especificadas anteriormente,A SER DEFINIDO PELA CNLU,Regra 1,08.04.05,"Torre de transmissão telefônica, de radiotelevisão e radiodifusão",nR4-04,nR4-04,Q,-,Q,-,,1.18,Estabelecimentos não classificados nos  Itens 1.01 a 1.17,VALIDAÇÃO
6190-6/99,Outras atividades de telecomunicações não especificadas anteriormente,MÉDIO RISCO,Regra 1,07.12.11,"Serviços ligados à tecnologia de informação (TI), web design",nR1-12 (Até 350) ; nR2-12 (Acima de 350),nR1-12,350,nR2-12,350.01,-,-,1.01,"Administração, Organização e Planejamento",VALIDAÇÃO
6190-6/99,Outras atividades de telecomunicações não especificadas anteriormente,BAIXO RISCO,Regra 1,07.12.13,"Escritório (inclusive virtual), sede de empresa, grupo de salas, centro empresarial",nR1-12 (até 1250) ;  nR2-12 (acima de 1250),nR1-12,"1250,00",nR2-12,"1250,01",-,-,1.01,"Administração, Organização e Planejamento",VALIDAÇÃO
6201-5/01,Desenvolvimento de programas de computador sob encomenda,BAIXO RISCO,Regra 4,07.12.11,"Serviços ligados à tecnologia de informação (TI), web design",nR1-12 (Até 350) ; nR2-12 (Acima de 350),nR1-12,350,nR2-12,350.01,-,-,1.01,"Administração, Organização e Planejamento",VALIDAÇÃO
6201-5/01,Desenvolvimento de programas de computador sob encomenda,BAIXO RISCO,Regra 4,07.12.13,"Escritório (inclusive virtual), sede de empresa, grupo de salas, centro empresarial",nR1-12 (até 1250) ;  nR2-12 (acima de 1250),nR1-12,"1250,00",nR2-12,"1250,01",-,-,1.01,"Administração, Organização e Planejamento",VALIDAÇÃO
6201-5/02,Web design,BAIXO RISCO,Regra 4,07.12.11,"Serviços ligados à tecnologia de informação (TI), web design",nR1-12 (Até 350) ; nR2-12 (Acima de 350),nR1-12,350,nR2-12,350.01,-,-,1.01,"Administração, Organização e Planejamento",VALIDAÇÃO
6201-5/02,Web design,BAIXO RISCO,Regra 4,07.12.13,"Escritório (inclusive virtual), sede de empresa, grupo de salas, centro empresarial",nR1-12 (até 1250) ;  nR2-12 (acima de 1250),nR1-12,"1250,00",nR2-12,"1250,01",-,-,1.01,"Administração, Organização e Planejamento",VALIDAÇÃO
6202-3/00,Desenvolvimento e licenciamento de programas de computador customizáveis,BAIXO RISCO,Regra 4,07.12.11,"Serviços ligados à tecnologia de informação (TI), web design",nR1-12 (Até 350) ; nR2-12 (Acima de 350),nR1-12,350,nR2-12,350.01,-,-,1.01,"Administração, Organização e Planejamento",VALIDAÇÃO
6202-3/00,Desenvolvimento e licenciamento de programas de computador customizáveis,BAIXO RISCO,Regra 4,07.12.13,"Escritório (inclusive virtual), sede de empresa, grupo de salas, centro empresarial",nR1-12 (até 1250) ;  nR2-12 (acima de 1250),nR1-12,"1250,00",nR2-12,"1250,01",-,-,1.01,"Administração, Organização e Planejamento",VALIDAÇÃO
6203-1/00,Desenvolvimento e licenciamento de programas de computador não-customizáveis,BAIXO RISCO,Regra 4,07.12.11,"Serviços ligados à tecnologia de informação (TI), web design",nR1-12 (Até 350) ; nR2-12 (Acima de 350),nR1-12,350,nR2-12,350.01,-,-,1.01,"Administração, Organização e Planejamento",VALIDAÇÃO
6203-1/00,Desenvolvimento e licenciamento de programas de computador não-customizáveis,BAIXO RISCO,Regra 4,07.12.13,"Escritório (inclusive virtual), sede de empresa, grupo de salas, centro empresarial",nR1-12 (até 1250) ;  nR2-12 (acima de 1250),nR1-12,"1250,00",nR2-12,"1250,01",-,-,1.01,"Administração, Organização e Planejamento",VALIDAÇÃO
6204-0/00,Consultoria em tecnologia da informação,BAIXO RISCO,Regra 4,07.12.11,"Serviços ligados à tecnologia de informação (TI), web design",nR1-12 (Até 350) ; nR2-12 (Acima de 350),nR1-12,350,nR2-12,350.01,-,-,1.01,"Administração, Organização e Planejamento",VALIDAÇÃO
6204-0/00,Consultoria em tecnologia da informação,BAIXO RISCO,Regra 4,07.12.13,"Escritório (inclusive virtual), sede de empresa, grupo de salas, centro empresarial",nR1-12 (até 1250) ;  nR2-12 (acima de 1250),nR1-12,"1250,00",nR2-12,"1250,01",-,-,1.01,"Administração, Organização e Planejamento",VALIDAÇÃO
6209-1/00,"Suporte técnico, manutenção e outros serviços em tecnologia da informação",BAIXO RISCO,Regra 4,07.12.11,"Serviços ligados à tecnologia de informação (TI), web design",nR1-12 (Até 350) ; nR2-12 (Acima de 350),nR1-12,350,nR2-12,350.01,-,-,1.01,"Administração, Organização e Planejamento",VALIDAÇÃO
6209-1/00,"Suporte técnico, manutenção e outros serviços em tecnologia da informação",BAIXO RISCO,Regra 4,07.12.13,"Escritório (inclusive virtual), sede de empresa, grupo de salas, centro empresarial",nR1-12 (até 1250) ;  nR2-12 (acima de 1250),nR1-12,"1250,00",nR2-12,"1250,01",-,-,1.01,"Administração, Organização e Planejamento",VALIDAÇÃO
6311-9/00,"Tratamento de dados, provedores de serviços de aplicação e serviços de hospedagem na internet",BAIXO RISCO,Regra 4,07.12.11,"Serviços ligados à tecnologia de informação (TI), web design",nR1-12 (Até 350) ; nR2-12 (Acima de 350),nR1-12,350,nR2-12,350.01,-,-,1.01,"Administração, Organização e Planejamento",VALIDAÇÃO
6311-9/00,"Tratamento de dados, provedores de serviços de aplicação e serviços de hospedagem na internet",BAIXO RISCO,Regra 4,07.12.13,"Escritório (inclusive virtual), sede de empresa, grupo de salas, centro empresarial",nR1-12 (até 1250) ;  nR2-12 (acima de 1250),nR1-12,"1250,00",nR2-12,"1250,01",-,-,1.01,"Administração, Organização e Planejamento",VALIDAÇÃO
6319-4/00,"Portais, provedores de conteúdo e outros serviços de informação na internet",BAIXO RISCO,Regra 4,07.12.11,"Serviços ligados à tecnologia de informação (TI), web design",nR1-12 (Até 350) ; nR2-12 (Acima de 350),nR1-12,350,nR2-12,350.01,-,-,1.01,"Administração, Organização e Planejamento",VALIDAÇÃO
6319-4/00,"Portais, provedores de conteúdo e outros serviços de informação na internet",BAIXO RISCO,Regra 4,07.12.13,"Escritório (inclusive virtual), sede de empresa, grupo de salas, centro empresarial",nR1-12 (até 1250) ;  nR2-12 (acima de 1250),nR1-12,"1250,00",nR2-12,"1250,01",-,-,1.01,"Administração, Organização e Planejamento",VALIDAÇÃO
6391-7/00,Agências de notícias,BAIXO RISCO,Regra 4,07.12.04,"Agência de representação de industria, comércio, agricultura e negócios em geral, agência de turismo, de publicidade, de informações, de empregos, de mensageiros e entrega de encomendas",nR1-12 (Até 350) ; nR2-12 (Acima de 350),nR1-12,350,nR2-12,350.01,-,-,1.02,Comunicação e Propaganda,VALIDAÇÃO
6391-7/00,Agências de notícias,BAIXO RISCO,Regra 4,07.12.13,"Escritório (inclusive virtual), sede de empresa, grupo de salas, centro empresarial",nR1-12 (até 1250) ;  nR2-12 (acima de 1250),nR1-12,"1250,00",nR2-12,"1250,01",-,-,1.01,"Administração, Organização e Planejamento",VALIDAÇÃO
6399-2/00,Outras atividades de prestação de serviços de informação não especificadas anteriormente,BAIXO RISCO,Regra 4,07.12.07,"Escritório de assessoria de importação e exportação, assessoria fiscal e tributária (auditores, peritos e avaliadores), consultorias técnicas e serviços técnicos profissionais",nR1-12 (Até 350) ; nR2-12 (Acima de 350),nR1-12,350,nR2-12,350.01,-,-,1.02,Comunicação e Propaganda,VALIDAÇÃO
6399-2/00,Outras atividades de prestação de serviços de informação não especificadas anteriormente,BAIXO RISCO,Regra 4,07.12.13,"Escritório (inclusive virtual), sede de empresa, grupo de salas, centro empresarial",nR1-12 (até 1250) ;  nR2-12 (acima de 1250),nR1-12,"1250,00",nR2-12,"1250,01",-,-,1.01,"Administração, Organização e Planejamento",VALIDAÇÃO
6410-7/00,Banco Central,MÉDIO RISCO,Regra 5,07.12.05,"Agência bancária, de capitalização e poupança, de cobrança, de crédito, de financiamento e investimento, casa lotérica",nR1-12 (Até 350) ; nR2-12 (Acima de 350),nR1-12,350,nR2-12,350.01,-,-,1.08,"Estabelecimentos Financeiros, se Seguros e Capitalização, inclusive Autorizados pelo Banco Central",VALIDAÇÃO
6410-7/00,Banco Central,BAIXO RISCO,Regra 5,07.12.13,"Escritório (inclusive virtual), sede de empresa, grupo de salas, centro empresarial",nR1-12 (até 1250) ;  nR2-12 (acima de 1250),nR1-12,"1250,00",nR2-12,"1250,01",-,-,1.01,"Administração, Organização e Planejamento",VALIDAÇÃO
6421-2/00,Bancos comerciais,MÉDIO RISCO,Regra 5,07.12.05,"Agência bancária, de capitalização e poupança, de cobrança, de crédito, de financiamento e investimento, casa lotérica",nR1-12 (Até 350) ; nR2-12 (Acima de 350),nR1-12,350,nR2-12,350.01,-,-,1.08,"Estabelecimentos Financeiros, se Seguros e Capitalização, inclusive Autorizados pelo Banco Central",VALIDAÇÃO
6421-2/00,Bancos comerciais,BAIXO RISCO,Regra 5,07.12.13,"Escritório (inclusive virtual), sede de empresa, grupo de salas, centro empresarial",nR1-12 (até 1250) ;  nR2-12 (acima de 1250),nR1-12,"1250,00",nR2-12,"1250,01",-,-,1.01,"Administração, Organização e Planejamento",VALIDAÇÃO
6422-1/00,"Bancos múltiplos, com carteira comercial",MÉDIO RISCO,Regra 5,07.12.05,"Agência bancária, de capitalização e poupança, de cobrança, de crédito, de financiamento e investimento, casa lotérica",nR1-12 (Até 350) ; nR2-12 (Acima de 350),nR1-12,350,nR2-12,350.01,-,-,1.08,"Estabelecimentos Financeiros, se Seguros e Capitalização, inclusive Autorizados pelo Banco Central",VALIDAÇÃO
6422-1/00,"Bancos múltiplos, com carteira comercial",BAIXO RISCO,Regra 5,07.12.13,"Escritório (inclusive virtual), sede de empresa, grupo de salas, centro empresarial",nR1-12 (até 1250) ;  nR2-12 (acima de 1250),nR1-12,"1250,00",nR2-12,"1250,01",-,-,1.01,"Administração, Organização e Planejamento",VALIDAÇÃO
6423-9/00,Caixas econômicas,MÉDIO RISCO,Regra 5,07.12.05,"Agência bancária, de capitalização e poupança, de cobrança, de crédito, de financiamento e investimento, casa lotérica",nR1-12 (Até 350) ; nR2-12 (Acima de 350),nR1-12,350,nR2-12,350.01,-,-,1.08,"Estabelecimentos Financeiros, se Seguros e Capitalização, inclusive Autorizados pelo Banco Central",VALIDAÇÃO
6423-9/00,Caixas econômicas,BAIXO RISCO,Regra 5,07.12.13,"Escritório (inclusive virtual), sede de empresa, grupo de salas, centro empresarial",nR1-12 (até 1250) ;  nR2-12 (acima de 1250),nR1-12,"1250,00",nR2-12,"1250,01",-,-,1.01,"Administração, Organização e Planejamento",VALIDAÇÃO
6424-7/01,Bancos cooperativos,MÉDIO RISCO,Regra 5,07.12.05,"Agência bancária, de capitalização e poupança, de cobrança, de crédito, de financiamento e investimento, casa lotérica",nR1-12 (Até 350) ; nR2-12 (Acima de 350),nR1-12,350,nR2-12,350.01,-,-,1.08,"Estabelecimentos Financeiros, se Seguros e Capitalização, inclusive Autorizados pelo Banco Central",VALIDAÇÃO
6424-7/01,Bancos cooperativos,BAIXO RISCO,Regra 5,07.12.13,"Escritório (inclusive virtual), sede de empresa, grupo de salas, centro empresarial",nR1-12 (até 1250) ;  nR2-12 (acima de 1250),nR1-12,"1250,00",nR2-12,"1250,01",-,-,1.01,"Administração, Organização e Planejamento",VALIDAÇÃO
6424-7/02,Cooperativas centrais de crédito,MÉDIO RISCO,Regra 5,07.12.05,"Agência bancária, de capitalização e poupança, de cobrança, de crédito, de financiamento e investimento, casa lotérica",nR1-12 (Até 350) ; nR2-12 (Acima de 350),nR1-12,350,nR2-12,350.01,-,-,1.08,"Estabelecimentos Financeiros, se Seguros e Capitalização, inclusive Autorizados pelo Banco Central",VALIDAÇÃO
6424-7/02,Cooperativas centrais de crédito,BAIXO RISCO,Regra 5,07.12.13,"Escritório (inclusive virtual), sede de empresa, grupo de salas, centro empresarial",nR1-12 (até 1250) ;  nR2-12 (acima de 1250),nR1-12,"1250,00",nR2-12,"1250,01",-,-,1.01,"Administração, Organização e Planejamento",VALIDAÇÃO
6424-7/03,Cooperativas de crédito mútuo,MÉDIO RISCO,Regra 5,07.12.05,"Agência bancária, de capitalização e poupança, de cobrança, de crédito, de financiamento e investimento, casa lotérica",nR1-12 (Até 350) ; nR2-12 (Acima de 350),nR1-12,350,nR2-12,350.01,-,-,1.08,"Estabelecimentos Financeiros, se Seguros e Capitalização, inclusive Autorizados pelo Banco Central",VALIDAÇÃO
6424-7/03,Cooperativas de crédito mútuo,BAIXO RISCO,Regra 5,07.12.13,"Escritório (inclusive virtual), sede de empresa, grupo de salas, centro empresarial",nR1-12 (até 1250) ;  nR2-12 (acima de 1250),nR1-12,"1250,00",nR2-12,"1250,01",-,-,1.01,"Administração, Organização e Planejamento",VALIDAÇÃO
6424-7/04,Cooperativas de crédito rural,MÉDIO RISCO,Regra 5,07.12.05,"Agência bancária, de capitalização e poupança, de cobrança, de crédito, de financiamento e investimento, casa lotérica",nR1-12 (Até 350) ; nR2-12 (Acima de 350),nR1-12,350,nR2-12,350.01,-,-,1.08,"Estabelecimentos Financeiros, se Seguros e Capitalização, inclusive Autorizados pelo Banco Central",VALIDAÇÃO
6424-7/04,Cooperativas de crédito rural,BAIXO RISCO,Regra 5,07.12.13,"Escritório (inclusive virtual), sede de empresa, grupo de salas, centro empresarial",nR1-12 (até 1250) ;  nR2-12 (acima de 1250),nR1-12,"1250,00",nR2-12,"1250,01",-,-,1.01,"Administração, Organização e Planejamento",VALIDAÇÃO
6431-0/00,"Bancos múltiplos, sem carteira comercial",MÉDIO RISCO,Regra 5,07.12.05,"Agência bancária, de capitalização e poupança, de cobrança, de crédito, de financiamento e investimento, casa lotérica",nR1-12 (Até 350) ; nR2-12 (Acima de 350),nR1-12,350,nR2-12,350.01,-,-,1.08,"Estabelecimentos Financeiros, se Seguros e Capitalização, inclusive Autorizados pelo Banco Central",VALIDAÇÃO
6431-0/00,"Bancos múltiplos, sem carteira comercial",BAIXO RISCO,Regra 5,07.12.13,"Escritório (inclusive virtual), sede de empresa, grupo de salas, centro empresarial",nR1-12 (até 1250) ;  nR2-12 (acima de 1250),nR1-12,"1250,00",nR2-12,"1250,01",-,-,1.01,"Administração, Organização e Planejamento",VALIDAÇÃO
6432-8/00,Bancos de investimento,MÉDIO RISCO,Regra 5,07.12.05,"Agência bancária, de capitalização e poupança, de cobrança, de crédito, de financiamento e investimento, casa lotérica",nR1-12 (Até 350) ; nR2-12 (Acima de 350),nR1-12,350,nR2-12,350.01,-,-,1.08,"Estabelecimentos Financeiros, se Seguros e Capitalização, inclusive Autorizados pelo Banco Central",VALIDAÇÃO
6432-8/00,Bancos de investimento,BAIXO RISCO,Regra 5,07.12.13,"Escritório (inclusive virtual), sede de empresa, grupo de salas, centro empresarial",nR1-12 (até 1250) ;  nR2-12 (acima de 1250),nR1-12,"1250,00",nR2-12,"1250,01",-,-,1.01,"Administração, Organização e Planejamento",VALIDAÇÃO
6433-6/00,Bancos de desenvolvimento,MÉDIO RISCO,Regra 5,07.12.05,"Agência bancária, de capitalização e poupança, de cobrança, de crédito, de financiamento e investimento, casa lotérica",nR1-12 (Até 350) ; nR2-12 (Acima de 350),nR1-12,350,nR2-12,350.01,-,-,1.08,"Estabelecimentos Financeiros, se Seguros e Capitalização, inclusive Autorizados pelo Banco Central",VALIDAÇÃO
6433-6/00,Bancos de desenvolvimento,BAIXO RISCO,Regra 5,07.12.13,"Escritório (inclusive virtual), sede de empresa, grupo de salas, centro empresarial",nR1-12 (até 1250) ;  nR2-12 (acima de 1250),nR1-12,"1250,00",nR2-12,"1250,01",-,-,1.01,"Administração, Organização e Planejamento",VALIDAÇÃO
6434-4/00,Agências de fomento,MÉDIO RISCO,Regra 5,07.12.05,"Agência bancária, de capitalização e poupança, de cobrança, de crédito, de financiamento e investimento, casa lotérica",nR1-12 (Até 350) ; nR2-12 (Acima de 350),nR1-12,350,nR2-12,350.01,-,-,1.08,"Estabelecimentos Financeiros, se Seguros e Capitalização, inclusive Autorizados pelo Banco Central",VALIDAÇÃO
6434-4/00,Agências de fomento,BAIXO RISCO,Regra 5,07.12.13,"Escritório (inclusive virtual), sede de empresa, grupo de salas, centro empresarial",nR1-12 (até 1250) ;  nR2-12 (acima de 1250),nR1-12,"1250,00",nR2-12,"1250,01",-,-,1.01,"Administração, Organização e Planejamento",VALIDAÇÃO
6435-2/01,Sociedades de crédito imobiliário,MÉDIO RISCO,Regra 5,07.12.05,"Agência bancária, de capitalização e poupança, de cobrança, de crédito, de financiamento e investimento, casa lotérica",nR1-12 (Até 350) ; nR2-12 (Acima de 350),nR1-12,350,nR2-12,350.01,-,-,1.08,"Estabelecimentos Financeiros, se Seguros e Capitalização, inclusive Autorizados pelo Banco Central",VALIDAÇÃO
6435-2/01,Sociedades de crédito imobiliário,BAIXO RISCO,Regra 5,07.12.13,"Escritório (inclusive virtual), sede de empresa, grupo de salas, centro empresarial",nR1-12 (até 1250) ;  nR2-12 (acima de 1250),nR1-12,"1250,00",nR2-12,"1250,01",-,-,1.01,"Administração, Organização e Planejamento",VALIDAÇÃO
6435-2/02,Associações de poupança e empréstimo,MÉDIO RISCO,Regra 5,07.12.05,"Agência bancária, de capitalização e poupança, de cobrança, de crédito, de financiamento e investimento, casa lotérica",nR1-12 (Até 350) ; nR2-12 (Acima de 350),nR1-12,350,nR2-12,350.01,-,-,1.08,"Estabelecimentos Financeiros, se Seguros e Capitalização, inclusive Autorizados pelo Banco Central",VALIDAÇÃO
6435-2/02,Associações de poupança e empréstimo,BAIXO RISCO,Regra 5,07.12.13,"Escritório (inclusive virtual), sede de empresa, grupo de salas, centro empresarial",nR1-12 (até 1250) ;  nR2-12 (acima de 1250),nR1-12,"1250,00",nR2-12,"1250,01",-,-,1.01,"Administração, Organização e Planejamento",VALIDAÇÃO
6435-2/03,Companhias hipotecárias,MÉDIO RISCO,Regra 5,07.12.05,"Agência bancária, de capitalização e poupança, de cobrança, de crédito, de financiamento e investimento, casa lotérica",nR1-12 (Até 350) ; nR2-12 (Acima de 350),nR1-12,350,nR2-12,350.01,-,-,1.08,"Estabelecimentos Financeiros, se Seguros e Capitalização, inclusive Autorizados pelo Banco Central",VALIDAÇÃO
6435-2/03,Companhias hipotecárias,BAIXO RISCO,Regra 5,07.12.13,"Escritório (inclusive virtual), sede de empresa, grupo de salas, centro empresarial",nR1-12 (até 1250) ;  nR2-12 (acima de 1250),nR1-12,"1250,00",nR2-12,"1250,01",-,-,1.01,"Administração, Organização e Planejamento",VALIDAÇÃO
6436-1/00,"Sociedades de crédito, financiamento e investimento - financeiras",MÉDIO RISCO,Regra 5,07.12.05,"Agência bancária, de capitalização e poupança, de cobrança, de crédito, de financiamento e investimento, casa lotérica",nR1-12 (Até 350) ; nR2-12 (Acima de 350),nR1-12,350,nR2-12,350.01,-,-,1.08,"Estabelecimentos Financeiros, se Seguros e Capitalização, inclusive Autorizados pelo Banco Central",VALIDAÇÃO
6436-1/00,"Sociedades de crédito, financiamento e investimento - financeiras",BAIXO RISCO,Regra 5,07.12.13,"Escritório (inclusive virtual), sede de empresa, grupo de salas, centro empresarial",nR1-12 (até 1250) ;  nR2-12 (acima de 1250),nR1-12,"1250,00",nR2-12,"1250,01",-,-,1.01,"Administração, Organização e Planejamento",VALIDAÇÃO
6437-9/00,Sociedades de crédito ao microempreendedor,MÉDIO RISCO,Regra 5,07.12.05,"Agência bancária, de capitalização e poupança, de cobrança, de crédito, de financiamento e investimento, casa lotérica",nR1-12 (Até 350) ; nR2-12 (Acima de 350),nR1-12,350,nR2-12,350.01,-,-,1.08,"Estabelecimentos Financeiros, se Seguros e Capitalização, inclusive Autorizados pelo Banco Central",VALIDAÇÃO
6437-9/00,Sociedades de crédito ao microempreendedor,BAIXO RISCO,Regra 5,07.12.13,"Escritório (inclusive virtual), sede de empresa, grupo de salas, centro empresarial",nR1-12 (até 1250) ;  nR2-12 (acima de 1250),nR1-12,"1250,00",nR2-12,"1250,01",-,-,1.01,"Administração, Organização e Planejamento",VALIDAÇÃO
6438-7/01,Bancos de câmbio,MÉDIO RISCO,Regra 5,07.12.05,"Agência bancária, de capitalização e poupança, de cobrança, de crédito, de financiamento e investimento, casa lotérica",nR1-12 (Até 350) ; nR2-12 (Acima de 350),nR1-12,350,nR2-12,350.01,-,-,1.08,"Estabelecimentos Financeiros, se Seguros e Capitalização, inclusive Autorizados pelo Banco Central",VALIDAÇÃO
6438-7/01,Bancos de câmbio,BAIXO RISCO,Regra 5,07.12.13,"Escritório (inclusive virtual), sede de empresa, grupo de salas, centro empresarial",nR1-12 (até 1250) ;  nR2-12 (acima de 1250),nR1-12,"1250,00",nR2-12,"1250,01",-,-,1.01,"Administração, Organização e Planejamento",VALIDAÇÃO
6438-7/99,Outras instituições de intermediação não-monetária,MÉDIO RISCO,Regra 5,07.12.05,"Agência bancária, de capitalização e poupança, de cobrança, de crédito, de financiamento e investimento, casa lotérica",nR1-12 (Até 350) ; nR2-12 (Acima de 350),nR1-12,350,nR2-12,350.01,-,-,1.08,"Estabelecimentos Financeiros, se Seguros e Capitalização, inclusive Autorizados pelo Banco Central",VALIDAÇÃO
6438-7/99,Outras instituições de intermediação não-monetária,BAIXO RISCO,Regra 5,07.12.13,"Escritório (inclusive virtual), sede de empresa, grupo de salas, centro empresarial",nR1-12 (até 1250) ;  nR2-12 (acima de 1250),nR1-12,"1250,00",nR2-12,"1250,01",-,-,1.01,"Administração, Organização e Planejamento",VALIDAÇÃO
6440-9/00,Arrendamento mercantil,MÉDIO RISCO,Regra 5,07.12.05,"Agência bancária, de capitalização e poupança, de cobrança, de crédito, de financiamento e investimento, casa lotérica",nR1-12 (Até 350) ; nR2-12 (Acima de 350),nR1-12,350,nR2-12,350.01,-,-,1.08,"Estabelecimentos Financeiros, se Seguros e Capitalização, inclusive Autorizados pelo Banco Central",VALIDAÇÃO
6440-9/00,Arrendamento mercantil,BAIXO RISCO,Regra 5,07.12.13,"Escritório (inclusive virtual), sede de empresa, grupo de salas, centro empresarial",nR1-12 (até 1250) ;  nR2-12 (acima de 1250),nR1-12,"1250,00",nR2-12,"1250,01",-,-,1.01,"Administração, Organização e Planejamento",VALIDAÇÃO
6450-6/00,Sociedades de capitalização,MÉDIO RISCO,Regra 5,07.12.05,"Agência bancária, de capitalização e poupança, de cobrança, de crédito, de financiamento e investimento, casa lotérica",nR1-12 (Até 350) ; nR2-12 (Acima de 350),nR1-12,350,nR2-12,350.01,-,-,1.08,"Estabelecimentos Financeiros, se Seguros e Capitalização, inclusive Autorizados pelo Banco Central",VALIDAÇÃO
6450-6/00,Sociedades de capitalização,BAIXO RISCO,Regra 5,07.12.13,"Escritório (inclusive virtual), sede de empresa, grupo de salas, centro empresarial",nR1-12 (até 1250) ;  nR2-12 (acima de 1250),nR1-12,"1250,00",nR2-12,"1250,01",-,-,1.01,"Administração, Organização e Planejamento",VALIDAÇÃO
6461-1/00,Holdings de instituições financeiras,BAIXO RISCO,Regra 10,07.12.13,"Escritório (inclusive virtual), sede de empresa, grupo de salas, centro empresarial",nR1-12 (até 1250) ;  nR2-12 (acima de 1250),nR1-12,"1250,00",nR2-12,"1250,01",-,-,1.01,"Administração, Organização e Planejamento",VALIDAÇÃO
6462-0/00,Holdings de instituições não-financeiras,BAIXO RISCO,Regra 10,07.12.13,"Escritório (inclusive virtual), sede de empresa, grupo de salas, centro empresarial",nR1-12 (até 1250) ;  nR2-12 (acima de 1250),nR1-12,"1250,00",nR2-12,"1250,01",-,-,1.01,"Administração, Organização e Planejamento",VALIDAÇÃO
6463-8/00,"Outras sociedades de participação, exceto holdings",BAIXO RISCO,Regra 10,07.12.13,"Escritório (inclusive virtual), sede de empresa, grupo de salas, centro empresarial",nR1-12 (até 1250) ;  nR2-12 (acima de 1250),nR1-12,"1250,00",nR2-12,"1250,01",-,-,1.01,"Administração, Organização e Planejamento",VALIDAÇÃO
6470-1/01,"Fundos de investimento, exceto previdenciários e imobiliários",MÉDIO RISCO,Regra 20,07.12.05,"Agência bancária, de capitalização e poupança, de cobrança, de crédito, de financiamento e investimento, casa lotérica",nR1-12 (Até 350) ; nR2-12 (Acima de 350),nR1-12,350,nR2-12,350.01,-,-,1.08,"Estabelecimentos Financeiros, se Seguros e Capitalização, inclusive Autorizados pelo Banco Central",VALIDAÇÃO
6470-1/01,"Fundos de investimento, exceto previdenciários e imobiliários",MÉDIO RISCO,Regra 20,07.12.13,"Escritório (inclusive virtual), sede de empresa, grupo de salas, centro empresarial",nR1-12 (até 1250) ;  nR2-12 (acima de 1250),nR1-12,"1250,00",nR2-12,"1250,01",-,-,1.01,"Administração, Organização e Planejamento",VALIDAÇÃO
6470-1/02,Fundos de investimento previdenciários,MÉDIO RISCO,Regra 20,07.12.05,"Agência bancária, de capitalização e poupança, de cobrança, de crédito, de financiamento e investimento, casa lotérica",nR1-12 (Até 350) ; nR2-12 (Acima de 350),nR1-12,350,nR2-12,350.01,-,-,1.08,"Estabelecimentos Financeiros, se Seguros e Capitalização, inclusive Autorizados pelo Banco Central",VALIDAÇÃO
6470-1/02,Fundos de investimento previdenciários,MÉDIO RISCO,Regra 20,07.12.13,"Escritório (inclusive virtual), sede de empresa, grupo de salas, centro empresarial",nR1-12 (até 1250) ;  nR2-12 (acima de 1250),nR1-12,"1250,00",nR2-12,"1250,01",-,-,1.01,"Administração, Organização e Planejamento",VALIDAÇÃO
6470-1/03,Fundos de investimento imobiliários,MÉDIO RISCO,Regra 20,07.12.05,"Agência bancária, de capitalização e poupança, de cobrança, de crédito, de financiamento e investimento, casa lotérica",nR1-12 (Até 350) ; nR2-12 (Acima de 350),nR1-12,350,nR2-12,350.01,-,-,1.08,"Estabelecimentos Financeiros, se Seguros e Capitalização, inclusive Autorizados pelo Banco Central",VALIDAÇÃO
6470-1/03,Fundos de investimento imobiliários,MÉDIO RISCO,Regra 20,07.12.13,"Escritório (inclusive virtual), sede de empresa, grupo de salas, centro empresarial",nR1-12 (até 1250) ;  nR2-12 (acima de 1250),nR1-12,"1250,00",nR2-12,"1250,01",-,-,1.01,"Administração, Organização e Planejamento",VALIDAÇÃO
6491-3/00,Sociedades de fomento mercantil - factoring,MÉDIO RISCO,Regra 20,07.12.05,"Agência bancária, de capitalização e poupança, de cobrança, de crédito, de financiamento e investimento, casa lotérica",nR1-12 (Até 350) ; nR2-12 (Acima de 350),nR1-12,350,nR2-12,350.01,-,-,1.08,"Estabelecimentos Financeiros, se Seguros e Capitalização, inclusive Autorizados pelo Banco Central",VALIDAÇÃO
6491-3/00,Sociedades de fomento mercantil - factoring,MÉDIO RISCO,Regra 20,07.12.13,"Escritório (inclusive virtual), sede de empresa, grupo de salas, centro empresarial",nR1-12 (até 1250) ;  nR2-12 (acima de 1250),nR1-12,"1250,00",nR2-12,"1250,01",-,-,1.01,"Administração, Organização e Planejamento",VALIDAÇÃO
6492-1/00,Securitização de créditos,MÉDIO RISCO,Regra 20,07.12.05,"Agência bancária, de capitalização e poupança, de cobrança, de crédito, de financiamento e investimento, casa lotérica",nR1-12 (Até 350) ; nR2-12 (Acima de 350),nR1-12,350,nR2-12,350.01,-,-,1.08,"Estabelecimentos Financeiros, se Seguros e Capitalização, inclusive Autorizados pelo Banco Central",VALIDAÇÃO
6492-1/00,Securitização de créditos,MÉDIO RISCO,Regra 20,07.12.13,"Escritório (inclusive virtual), sede de empresa, grupo de salas, centro empresarial",nR1-12 (até 1250) ;  nR2-12 (acima de 1250),nR1-12,"1250,00",nR2-12,"1250,01",-,-,1.01,"Administração, Organização e Planejamento",VALIDAÇÃO
6493-0/00,Administração de consórcios para aquisição de bens e direitos,BAIXO RISCO,Regra 4,07.12.05,"Agência bancária, de capitalização e poupança, de cobrança, de crédito, de financiamento e investimento, casa lotérica",nR1-12 (Até 350) ; nR2-12 (Acima de 350),nR1-12,350,nR2-12,350.01,-,-,1.08,"Estabelecimentos Financeiros, se Seguros e Capitalização, inclusive Autorizados pelo Banco Central",VALIDAÇÃO
6493-0/00,Administração de consórcios para aquisição de bens e direitos,BAIXO RISCO,Regra 4,07.12.13,"Escritório (inclusive virtual), sede de empresa, grupo de salas, centro empresarial",nR1-12 (até 1250) ;  nR2-12 (acima de 1250),nR1-12,"1250,00",nR2-12,"1250,01",-,-,1.01,"Administração, Organização e Planejamento",VALIDAÇÃO
6499-9/01,Clubes de investimento,MÉDIO RISCO,Regra 20,07.12.05,"Agência bancária, de capitalização e poupança, de cobrança, de crédito, de financiamento e investimento, casa lotérica",nR1-12 (Até 350) ; nR2-12 (Acima de 350),nR1-12,350,nR2-12,350.01,-,-,1.08,"Estabelecimentos Financeiros, se Seguros e Capitalização, inclusive Autorizados pelo Banco Central",VALIDAÇÃO
6499-9/01,Clubes de investimento,MÉDIO RISCO,Regra 20,07.12.13,"Escritório (inclusive virtual), sede de empresa, grupo de salas, centro empresarial",nR1-12 (até 1250) ;  nR2-12 (acima de 1250),nR1-12,"1250,00",nR2-12,"1250,01",-,-,1.01,"Administração, Organização e Planejamento",VALIDAÇÃO
6499-9/02,Sociedades de investimento,MÉDIO RISCO,Regra 20,07.12.05,"Agência bancária, de capitalização e poupança, de cobrança, de crédito, de financiamento e investimento, casa lotérica",nR1-12 (Até 350) ; nR2-12 (Acima de 350),nR1-12,350,nR2-12,350.01,-,-,1.08,"Estabelecimentos Financeiros, se Seguros e Capitalização, inclusive Autorizados pelo Banco Central",VALIDAÇÃO
6499-9/02,Sociedades de investimento,MÉDIO RISCO,Regra 20,07.12.13,"Escritório (inclusive virtual), sede de empresa, grupo de salas, centro empresarial",nR1-12 (até 1250) ;  nR2-12 (acima de 1250),nR1-12,"1250,00",nR2-12,"1250,01",-,-,1.01,"Administração, Organização e Planejamento",VALIDAÇÃO
6499-9/03,Fundo garantidor de crédito,MÉDIO RISCO,Regra 20,07.12.05,"Agência bancária, de capitalização e poupança, de cobrança, de crédito, de financiamento e investimento, casa lotérica",nR1-12 (Até 350) ; nR2-12 (Acima de 350),nR1-12,350,nR2-12,350.01,-,-,1.08,"Estabelecimentos Financeiros, se Seguros e Capitalização, inclusive Autorizados pelo Banco Central",VALIDAÇÃO
6499-9/03,Fundo garantidor de crédito,MÉDIO RISCO,Regra 20,07.12.13,"Escritório (inclusive virtual), sede de empresa, grupo de salas, centro empresarial",nR1-12 (até 1250) ;  nR2-12 (acima de 1250),nR1-12,"1250,00",nR2-12,"1250,01",-,-,1.01,"Administração, Organização e Planejamento",VALIDAÇÃO
6499-9/04,Caixas de financiamento de corporações,MÉDIO RISCO,Regra 20,07.12.05,"Agência bancária, de capitalização e poupança, de cobrança, de crédito, de financiamento e investimento, casa lotérica",nR1-12 (Até 350) ; nR2-12 (Acima de 350),nR1-12,350,nR2-12,350.01,-,-,1.08,"Estabelecimentos Financeiros, se Seguros e Capitalização, inclusive Autorizados pelo Banco Central",VALIDAÇÃO
6499-9/04,Caixas de financiamento de corporações,MÉDIO RISCO,Regra 20,07.12.13,"Escritório (inclusive virtual), sede de empresa, grupo de salas, centro empresarial",nR1-12 (até 1250) ;  nR2-12 (acima de 1250),nR1-12,"1250,00",nR2-12,"1250,01",-,-,1.01,"Administração, Organização e Planejamento",VALIDAÇÃO
6499-9/05,Concessão de crédito pelas OSCIP,MÉDIO RISCO,Regra 20,07.12.05,"Agência bancária, de capitalização e poupança, de cobrança, de crédito, de financiamento e investimento, casa lotérica",nR1-12 (Até 350) ; nR2-12 (Acima de 350),nR1-12,350,nR2-12,350.01,-,-,1.08,"Estabelecimentos Financeiros, se Seguros e Capitalização, inclusive Autorizados pelo Banco Central",VALIDAÇÃO
6499-9/05,Concessão de crédito pelas OSCIP,MÉDIO RISCO,Regra 20,07.12.13,"Escritório (inclusive virtual), sede de empresa, grupo de salas, centro empresarial",nR1-12 (até 1250) ;  nR2-12 (acima de 1250),nR1-12,"1250,00",nR2-12,"1250,01",-,-,1.01,"Administração, Organização e Planejamento",VALIDAÇÃO
6499-9/99,Outras atividades de serviços financeiros não especificadas anteriormente,MÉDIO RISCO,Regra 20,07.12.05,"Agência bancária, de capitalização e poupança, de cobrança, de crédito, de financiamento e investimento, casa lotérica",nR1-12 (Até 350) ; nR2-12 (Acima de 350),nR1-12,350,nR2-12,350.01,-,-,1.08,"Estabelecimentos Financeiros, se Seguros e Capitalização, inclusive Autorizados pelo Banco Central",VALIDAÇÃO
6499-9/99,Outras atividades de serviços financeiros não especificadas anteriormente,MÉDIO RISCO,Regra 20,07.12.13,"Escritório (inclusive virtual), sede de empresa, grupo de salas, centro empresarial",nR1-12 (até 1250) ;  nR2-12 (acima de 1250),nR1-12,"1250,00",nR2-12,"1250,01",-,-,1.01,"Administração, Organização e Planejamento",VALIDAÇÃO
6511-1/01,Sociedade seguradora de seguros vida,BAIXO RISCO,Regra 10,07.12.13,"Escritório (inclusive virtual), sede de empresa, grupo de salas, centro empresarial",nR1-12 (até 1250) ;  nR2-12 (acima de 1250),nR1-12,"1250,00",nR2-12,"1250,01",-,-,1.08,"Estabelecimentos Financeiros, de Seguros e Capitalização, inclusive Autorizados pelo Banco Central",VALIDAÇÃO
6511-1/02,Planos de auxílio-funeral,BAIXO RISCO,Regra 10,07.12.13,"Escritório (inclusive virtual), sede de empresa, grupo de salas, centro empresarial",nR1-12 (até 1250) ;  nR2-12 (acima de 1250),nR1-12,"1250,00",nR2-12,"1250,01",-,-,1.08,"Estabelecimentos Financeiros, de Seguros e Capitalização, inclusive Autorizados pelo Banco Central",VALIDAÇÃO
6512-0/00,Sociedade seguradora de seguros não vida,BAIXO RISCO,Regra 10,07.12.13,"Escritório (inclusive virtual), sede de empresa, grupo de salas, centro empresarial",nR1-12 (até 1250) ;  nR2-12 (acima de 1250),nR1-12,"1250,00",nR2-12,"1250,01",-,-,1.08,"Estabelecimentos Financeiros, se Seguros e Capitalização, inclusive Autorizados pelo Banco Central",VALIDAÇÃO
6520-1/00,Sociedade seguradora de seguros saúde,BAIXO RISCO,Regra 10,07.12.13,"Escritório (inclusive virtual), sede de empresa, grupo de salas, centro empresarial",nR1-12 (até 1250) ;  nR2-12 (acima de 1250),nR1-12,"1250,00",nR2-12,"1250,01",-,-,1.08,"Estabelecimentos Financeiros, se Seguros e Capitalização, inclusive Autorizados pelo Banco Central",VALIDAÇÃO
6530-8/00,Resseguros,BAIXO RISCO,Regra 10,07.12.13,"Escritório (inclusive virtual), sede de empresa, grupo de salas, centro empresarial",nR1-12 (até 1250) ;  nR2-12 (acima de 1250),nR1-12,"1250,00",nR2-12,"1250,01",-,-,1.08,"Estabelecimentos Financeiros, se Seguros e Capitalização, inclusive Autorizados pelo Banco Central",VALIDAÇÃO
6541-3/00,Previdência complementar fechada,BAIXO RISCO,Regra 10,07.12.13,"Escritório (inclusive virtual), sede de empresa, grupo de salas, centro empresarial",nR1-12 (até 1250) ;  nR2-12 (acima de 1250),nR1-12,"1250,00",nR2-12,"1250,01",-,-,1.08,"Estabelecimentos Financeiros, se Seguros e Capitalização, inclusive Autorizados pelo Banco Central",VALIDAÇÃO
6542-1/00,Previdência complementar aberta,BAIXO RISCO,Regra 10,07.12.13,"Escritório (inclusive virtual), sede de empresa, grupo de salas, centro empresarial",nR1-12 (até 1250) ;  nR2-12 (acima de 1250),nR1-12,"1250,00",nR2-12,"1250,01",-,-,1.08,"Estabelecimentos Financeiros, se Seguros e Capitalização, inclusive Autorizados pelo Banco Central",VALIDAÇÃO
6550-2/00,Planos de saúde,BAIXO RISCO,Regra 10,07.12.13,"Escritório (inclusive virtual), sede de empresa, grupo de salas, centro empresarial",nR1-12 (até 1250) ;  nR2-12 (acima de 1250),nR1-12,"1250,00",nR2-12,"1250,01",-,-,1.08,"Estabelecimentos Financeiros, se Seguros e Capitalização, inclusive Autorizados pelo Banco Central",VALIDAÇÃO
6611-8/01,Bolsa de valores,MÉDIO RISCO,Regra 20,07.12.05,"Agência bancária, de capitalização e poupança, de cobrança, de crédito, de financiamento e investimento, casa lotérica",nR1-12 (Até 350) ; nR2-12 (Acima de 350),nR1-12,350,nR2-12,350.01,-,-,1.08,"Estabelecimentos Financeiros, se Seguros e Capitalização, inclusive Autorizados pelo Banco Central",VALIDAÇÃO
6611-8/01,Bolsa de valores,MÉDIO RISCO,Regra 20,07.12.13,"Escritório (inclusive virtual), sede de empresa, grupo de salas, centro empresarial",nR1-12 (até 1250) ;  nR2-12 (acima de 1250),nR1-12,"1250,00",nR2-12,"1250,01",-,-,1.01,"Administração, Organização e Planejamento",VALIDAÇÃO
6611-8/02,Bolsa de mercadorias,MÉDIO RISCO,Regra 20,07.12.05,"Agência bancária, de capitalização e poupança, de cobrança, de crédito, de financiamento e investimento, casa lotérica",nR1-12 (Até 350) ; nR2-12 (Acima de 350),nR1-12,350,nR2-12,350.01,-,-,1.08,"Estabelecimentos Financeiros, se Seguros e Capitalização, inclusive Autorizados pelo Banco Central",VALIDAÇÃO
6611-8/02,Bolsa de mercadorias,MÉDIO RISCO,Regra 20,07.12.13,"Escritório (inclusive virtual), sede de empresa, grupo de salas, centro empresarial",nR1-12 (até 1250) ;  nR2-12 (acima de 1250),nR1-12,"1250,00",nR2-12,"1250,01",-,-,1.01,"Administração, Organização e Planejamento",VALIDAÇÃO
6611-8/03,Bolsa de mercadorias e futuros,MÉDIO RISCO,Regra 20,07.12.05,"Agência bancária, de capitalização e poupança, de cobrança, de crédito, de financiamento e investimento, casa lotérica",nR1-12 (Até 350) ; nR2-12 (Acima de 350),nR1-12,350,nR2-12,350.01,-,-,1.08,"Estabelecimentos Financeiros, se Seguros e Capitalização, inclusive Autorizados pelo Banco Central",VALIDAÇÃO
6611-8/03,Bolsa de mercadorias e futuros,MÉDIO RISCO,Regra 20,07.12.13,"Escritório (inclusive virtual), sede de empresa, grupo de salas, centro empresarial",nR1-12 (até 1250) ;  nR2-12 (acima de 1250),nR1-12,"1250,00",nR2-12,"1250,01",-,-,1.01,"Administração, Organização e Planejamento",VALIDAÇÃO
6611-8/04,Administração de mercados de balcão organizados,BAIXO RISCO,Regra 4,07.12.05,"Agência bancária, de capitalização e poupança, de cobrança, de crédito, de financiamento e investimento, casa lotérica",nR1-12 (Até 350) ; nR2-12 (Acima de 350),nR1-12,350,nR2-12,350.01,-,-,1.08,"Estabelecimentos Financeiros, se Seguros e Capitalização, inclusive Autorizados pelo Banco Central",VALIDAÇÃO
6611-8/04,Administração de mercados de balcão organizados,BAIXO RISCO,Regra 4,07.12.13,"Escritório (inclusive virtual), sede de empresa, grupo de salas, centro empresarial",nR1-12 (até 1250) ;  nR2-12 (acima de 1250),nR1-12,"1250,00",nR2-12,"1250,01",-,-,1.01,"Administração, Organização e Planejamento",VALIDAÇÃO
6612-6/01,Corretoras de títulos e valores mobiliários,MÉDIO RISCO,Regra 20,07.12.05,"Agência bancária, de capitalização e poupança, de cobrança, de crédito, de financiamento e investimento, casa lotérica",nR1-12 (Até 350) ; nR2-12 (Acima de 350),nR1-12,350,nR2-12,350.01,-,-,1.08,"Estabelecimentos Financeiros, se Seguros e Capitalização, inclusive Autorizados pelo Banco Central",VALIDAÇÃO
6612-6/01,Corretoras de títulos e valores mobiliários,MÉDIO RISCO,Regra 20,07.12.13,"Escritório (inclusive virtual), sede de empresa, grupo de salas, centro empresarial",nR1-12 (até 1250) ;  nR2-12 (acima de 1250),nR1-12,"1250,00",nR2-12,"1250,01",-,-,1.01,"Administração, Organização e Planejamento",VALIDAÇÃO
6612-6/02,Distribuidoras de títulos e valores mobiliários,MÉDIO RISCO,Regra 20,07.12.05,"Agência bancária, de capitalização e poupança, de cobrança, de crédito, de financiamento e investimento, casa lotérica",nR1-12 (Até 350) ; nR2-12 (Acima de 350),nR1-12,350,nR2-12,350.01,-,-,1.08,"Estabelecimentos Financeiros, se Seguros e Capitalização, inclusive Autorizados pelo Banco Central",VALIDAÇÃO
6612-6/02,Distribuidoras de títulos e valores mobiliários,MÉDIO RISCO,Regra 20,07.12.13,"Escritório (inclusive virtual), sede de empresa, grupo de salas, centro empresarial",nR1-12 (até 1250) ;  nR2-12 (acima de 1250),nR1-12,"1250,00",nR2-12,"1250,01",-,-,1.01,"Administração, Organização e Planejamento",VALIDAÇÃO
6612-6/03,Corretoras de câmbio,BAIXO RISCO,Regra 4,07.12.05,"Agência bancária, de capitalização e poupança, de cobrança, de crédito, de financiamento e investimento, casa lotérica",nR1-12 (Até 350) ; nR2-12 (Acima de 350),nR1-12,350,nR2-12,350.01,-,-,1.08,"Estabelecimentos Financeiros, se Seguros e Capitalização, inclusive Autorizados pelo Banco Central",VALIDAÇÃO
6612-6/03,Corretoras de câmbio,BAIXO RISCO,Regra 4,07.12.13,"Escritório (inclusive virtual), sede de empresa, grupo de salas, centro empresarial",nR1-12 (até 1250) ;  nR2-12 (acima de 1250),nR1-12,"1250,00",nR2-12,"1250,01",-,-,1.01,"Administração, Organização e Planejamento",VALIDAÇÃO
6612-6/04,Corretoras de contratos de mercadorias,BAIXO RISCO,Regra 4,07.12.05,"Agência bancária, de capitalização e poupança, de cobrança, de crédito, de financiamento e investimento, casa lotérica",nR1-12 (Até 350) ; nR2-12 (Acima de 350),nR1-12,350,nR2-12,350.01,-,-,1.08,"Estabelecimentos Financeiros, se Seguros e Capitalização, inclusive Autorizados pelo Banco Central",VALIDAÇÃO
6612-6/04,Corretoras de contratos de mercadorias,BAIXO RISCO,Regra 4,07.12.13,"Escritório (inclusive virtual), sede de empresa, grupo de salas, centro empresarial",nR1-12 (até 1250) ;  nR2-12 (acima de 1250),nR1-12,"1250,00",nR2-12,"1250,01",-,-,1.01,"Administração, Organização e Planejamento",VALIDAÇÃO
6612-6/05,Agentes de investimentos em aplicações financeiras,BAIXO RISCO,Regra 4,07.12.05,"Agência bancária, de capitalização e poupança, de cobrança, de crédito, de financiamento e investimento, casa lotérica",nR1-12 (Até 350) ; nR2-12 (Acima de 350),nR1-12,350,nR2-12,350.01,-,-,1.08,"Estabelecimentos Financeiros, se Seguros e Capitalização, inclusive Autorizados pelo Banco Central",VALIDAÇÃO
6612-6/05,Agentes de investimentos em aplicações financeiras,BAIXO RISCO,Regra 4,07.12.13,"Escritório (inclusive virtual), sede de empresa, grupo de salas, centro empresarial",nR1-12 (até 1250) ;  nR2-12 (acima de 1250),nR1-12,"1250,00",nR2-12,"1250,01",-,-,1.01,"Administração, Organização e Planejamento",VALIDAÇÃO
6613-4/00,Administração de cartões de crédito,MÉDIO RISCO,Regra 20,07.12.05,"Agência bancária, de capitalização e poupança, de cobrança, de crédito, de financiamento e investimento, casa lotérica",nR1-12 (Até 350) ; nR2-12 (Acima de 350),nR1-12,350,nR2-12,350.01,-,-,1.08,"Estabelecimentos Financeiros, se Seguros e Capitalização, inclusive Autorizados pelo Banco Central",VALIDAÇÃO
6613-4/00,Administração de cartões de crédito,MÉDIO RISCO,Regra 20,07.12.13,"Escritório (inclusive virtual), sede de empresa, grupo de salas, centro empresarial",nR1-12 (até 1250) ;  nR2-12 (acima de 1250),nR1-12,"1250,00",nR2-12,"1250,01",-,-,1.01,"Administração, Organização e Planejamento",VALIDAÇÃO
6619-3/01,Serviços de liquidação e custódia,MÉDIO RISCO,Regra 20,07.12.05,"Agência bancária, de capitalização e poupança, de cobrança, de crédito, de financiamento e investimento, casa lotérica",nR1-12 (Até 350) ; nR2-12 (Acima de 350),nR1-12,350,nR2-12,350.01,-,-,1.08,"Estabelecimentos Financeiros, se Seguros e Capitalização, inclusive Autorizados pelo Banco Central",VALIDAÇÃO
6619-3/01,Serviços de liquidação e custódia,MÉDIO RISCO,Regra 20,07.12.13,"Escritório (inclusive virtual), sede de empresa, grupo de salas, centro empresarial",nR1-12 (até 1250) ;  nR2-12 (acima de 1250),nR1-12,"1250,00",nR2-12,"1250,01",-,-,1.01,"Administração, Organização e Planejamento",VALIDAÇÃO
6619-3/02,Correspondentes de instituições financeiras,MÉDIO RISCO,Regra 20,07.12.05,"Agência bancária, de capitalização e poupança, de cobrança, de crédito, de financiamento e investimento, casa lotérica",nR1-12 (Até 350) ; nR2-12 (Acima de 350),nR1-12,350,nR2-12,350.01,-,-,1.08,"Estabelecimentos Financeiros, se Seguros e Capitalização, inclusive Autorizados pelo Banco Central",VALIDAÇÃO
6619-3/02,Correspondentes de instituições financeiras,MÉDIO RISCO,Regra 20,07.12.13,"Escritório (inclusive virtual), sede de empresa, grupo de salas, centro empresarial",nR1-12 (até 1250) ;  nR2-12 (acima de 1250),nR1-12,"1250,00",nR2-12,"1250,01",-,-,1.01,"Administração, Organização e Planejamento",VALIDAÇÃO
6619-3/03,Representações de bancos estrangeiros,MÉDIO RISCO,Regra 20,07.12.05,"Agência bancária, de capitalização e poupança, de cobrança, de crédito, de financiamento e investimento, casa lotérica",nR1-12 (Até 350) ; nR2-12 (Acima de 350),nR1-12,350,nR2-12,350.01,-,-,1.08,"Estabelecimentos Financeiros, se Seguros e Capitalização, inclusive Autorizados pelo Banco Central",VALIDAÇÃO
6619-3/03,Representações de bancos estrangeiros,MÉDIO RISCO,Regra 20,07.12.13,"Escritório (inclusive virtual), sede de empresa, grupo de salas, centro empresarial",nR1-12 (até 1250) ;  nR2-12 (acima de 1250),nR1-12,"1250,00",nR2-12,"1250,01",-,-,1.01,"Administração, Organização e Planejamento",VALIDAÇÃO
6619-3/04,Caixas eletrônicos,MÉDIO RISCO,Regra 5,07.12.05,"Agência bancária, de capitalização e poupança, de cobrança, de crédito, de financiamento e investimento, casa lotérica",nR1-12 (Até 350) ; nR2-12 (Acima de 350),nR1-12,350,nR2-12,350.01,-,-,1.08,"Estabelecimentos Financeiros, se Seguros e Capitalização, inclusive Autorizados pelo Banco Central",VALIDAÇÃO
6619-3/04,Caixas eletrônicos,BAIXO RISCO,Regra 5,07.12.13,"Escritório (inclusive virtual), sede de empresa, grupo de salas, centro empresarial",nR1-12 (até 1250) ;  nR2-12 (acima de 1250),nR1-12,"1250,00",nR2-12,"1250,01",-,-,1.01,"Administração, Organização e Planejamento",VALIDAÇÃO
6619-3/05,Operadoras de cartões de débito,MÉDIO RISCO,Regra 8,07.12.05,"Agência bancária, de capitalização e poupança, de cobrança, de crédito, de financiamento e investimento, casa lotérica",nR1-12 (Até 350) ; nR2-12 (Acima de 350),nR1-12,350,nR2-12,350.01,-,-,1.08,"Estabelecimentos Financeiros, se Seguros e Capitalização, inclusive Autorizados pelo Banco Central",VALIDAÇÃO
6619-3/05,Operadoras de cartões de débito,BAIXO RISCO,Regra 8,07.12.13,"Escritório (inclusive virtual), sede de empresa, grupo de salas, centro empresarial",nR1-12 (até 1250) ;  nR2-12 (acima de 1250),nR1-12,"1250,00",nR2-12,"1250,01",-,-,1.01,"Administração, Organização e Planejamento",VALIDAÇÃO
6619-3/99,Outras atividades auxiliares dos serviços financeiros não especificadas anteriormente,BAIXO RISCO,Regra 4,07.12.05,"Agência bancária, de capitalização e poupança, de cobrança, de crédito, de financiamento e investimento, casa lotérica",nR1-12 (Até 350) ; nR2-12 (Acima de 350),nR1-12,350,nR2-12,350.01,-,-,1.08,"Estabelecimentos Financeiros, se Seguros e Capitalização, inclusive Autorizados pelo Banco Central",VALIDAÇÃO
6619-3/99,Outras atividades auxiliares dos serviços financeiros não especificadas anteriormente,BAIXO RISCO,Regra 4,07.12.13,"Escritório (inclusive virtual), sede de empresa, grupo de salas, centro empresarial",nR1-12 (até 1250) ;  nR2-12 (acima de 1250),nR1-12,"1250,00",nR2-12,"1250,01",-,-,1.01,"Administração, Organização e Planejamento",VALIDAÇÃO
6621-5/01,Peritos e avaliadores de seguros,BAIXO RISCO,Regra 4,07.12.07,"Escritório de assessoria de importação e exportação, assessoria fiscal e tributária (auditores, peritos e avaliadores), consultorias técnicas e serviços técnicos profissionais",nR1-12 (Até 350) ; nR2-12 (Acima de 350),nR1-12,350,nR2-12,350.01,-,-,1.08,"Estabelecimentos Financeiros, se Seguros e Capitalização, inclusive Autorizados pelo Banco Central",VALIDAÇÃO
6621-5/01,Peritos e avaliadores de seguros,BAIXO RISCO,Regra 4,07.12.13,"Escritório (inclusive virtual), sede de empresa, grupo de salas, centro empresarial",nR1-12 (até 1250) ;  nR2-12 (acima de 1250),nR1-12,"1250,00",nR2-12,"1250,01",-,-,1.01,"Administração, Organização e Planejamento",VALIDAÇÃO
6621-5/02,Auditoria e consultoria atuarial,BAIXO RISCO,Regra 4,07.12.07,"Escritório de assessoria de importação e exportação, assessoria fiscal e tributária (auditores, peritos e avaliadores), consultorias técnicas e serviços técnicos profissionais",nR1-12 (Até 350) ; nR2-12 (Acima de 350),nR1-12,350,nR2-12,350.01,-,-,1.08,"Estabelecimentos Financeiros, se Seguros e Capitalização, inclusive Autorizados pelo Banco Central",VALIDAÇÃO
6621-5/02,Auditoria e consultoria atuarial,BAIXO RISCO,Regra 4,07.12.13,"Escritório (inclusive virtual), sede de empresa, grupo de salas, centro empresarial",nR1-12 (até 1250) ;  nR2-12 (acima de 1250),nR1-12,"1250,00",nR2-12,"1250,01",-,-,1.01,"Administração, Organização e Planejamento",VALIDAÇÃO
6622-3/00,"Corretores e agentes de seguros, de planos de previdência complementar e de saúde",BAIXO RISCO,Regra 4,07.12.14,Outros serviços profissionais não classificados,nR1-12 (Até 350) ; nR2-12 (Acima de 350),nR1-12,350,nR2-12,350.01,-,-,1.18,Estabelecimentos não classificados nos itens 1.01 a 1.17,EXPRESSO
6622-3/00,"Corretores e agentes de seguros, de planos de previdência complementar e de saúde",BAIXO RISCO,Regra 4,07.12.13,"Escritório (inclusive virtual), sede de empresa, grupo de salas, centro empresarial",nR1-12 (até 1250) ;  nR2-12 (acima de 1250),nR1-12,"1250,00",nR2-12,"1250,01",-,-,1.01,"Administração, Organização e Planejamento",EXPRESSO
6629-1/00,"Atividades auxiliares dos seguros, da previdência complementar e dos planos de saúde não especificadas anteriormente",BAIXO RISCO,Regra 4,07.12.14,Outros serviços profissionais não classificados,nR1-12 (Até 350) ; nR2-12 (Acima de 350),nR1-12,350,nR2-12,350.01,-,-,1.18,Estabelecimentos não classificados nos itens 1.01 a 1.17,EXPRESSO
6629-1/00,"Atividades auxiliares dos seguros, da previdência complementar e dos planos de saúde não especificadas anteriormente",BAIXO RISCO,Regra 4,07.12.13,"Escritório (inclusive virtual), sede de empresa, grupo de salas, centro empresarial",nR1-12 (até 1250) ;  nR2-12 (acima de 1250),nR1-12,"1250,00",nR2-12,"1250,01",-,-,1.01,"Administração, Organização e Planejamento",EXPRESSO
6630-4/00,Atividades de administração de fundos por contrato ou comissão,BAIXO RISCO,Regra 4,07.12.05,"Agência bancária, de capitalização e poupança, de cobrança, de crédito, de financiamento e investimento, casa lotérica",nR1-12 (Até 350) ; nR2-12 (Acima de 350),nR1-12,350,nR2-12,350.01,-,-,1.08,"Estabelecimentos Financeiros, se Seguros e Capitalização, inclusive Autorizados pelo Banco Central",VALIDAÇÃO
6630-4/00,Atividades de administração de fundos por contrato ou comissão,BAIXO RISCO,Regra 4,07.12.13,"Escritório (inclusive virtual), sede de empresa, grupo de salas, centro empresarial",nR1-12 (até 1250) ;  nR2-12 (acima de 1250),nR1-12,"1250,00",nR2-12,"1250,01",-,-,1.01,"Administração, Organização e Planejamento",VALIDAÇÃO
6810-2/01,Compra e venda de imóveis próprios,BAIXO RISCO,Regra 4,07.12.03,Administração de imóveis e imobiliária,nR1-12 (Até 350) ; nR2-12 (Acima de 350),nR1-12,350,nR2-12,350.01,-,-,1.01,"Administração, Organização e Planejamento",VALIDAÇÃO
6810-2/01,Compra e venda de imóveis próprios,BAIXO RISCO,Regra 4,07.12.13,"Escritório (inclusive virtual), sede de empresa, grupo de salas, centro empresarial",nR1-12 (até 1250) ;  nR2-12 (acima de 1250),nR1-12,"1250,00",nR2-12,"1250,01",-,-,1.01,"Administração, Organização e Planejamento",VALIDAÇÃO
6810-2/02,Aluguel de imóveis próprios,BAIXO RISCO,Regra 4,07.12.03,"Administração de imóveis, imobiliária",nR1-12 (Até 350) ; nR2-12 (Acima de 350),nR1-12,350,nR2-12,350.01,-,-,1.01,"Administração, Organização e Planejamento",VALIDAÇÃO
6810-2/02,Aluguel de imóveis próprios,BAIXO RISCO,Regra 4,07.12.13,"Escritório (inclusive virtual), sede de empresa, grupo de salas, centro empresarial",nR1-12 (até 1250) ;  nR2-12 (acima de 1250),nR1-12,"1250,00",nR2-12,"1250,01",-,-,1.01,"Administração, Organização e Planejamento",VALIDAÇÃO
6810-2/03,Loteamento de imóveis próprios,BAIXO RISCO,Regra 4,07.12.03,Administração de imóveis e imobiliária,nR1-12 (Até 350) ; nR2-12 (Acima de 350),nR1-12,350,nR2-12,350.01,-,-,1.01,"Administração, Organização e Planejamento",VALIDAÇÃO
6810-2/03,Loteamento de imóveis próprios,BAIXO RISCO,Regra 4,07.12.13,"Escritório (inclusive virtual), sede de empresa, grupo de salas, centro empresarial",nR1-12 (até 1250) ;  nR2-12 (acima de 1250),nR1-12,"1250,00",nR2-12,"1250,01",-,-,1.01,"Administração, Organização e Planejamento",VALIDAÇÃO
6821-8/01,Corretagem na compra e venda e avaliação de imóveis,BAIXO RISCO,Regra 4,07.12.03,Administração de imóveis e imobiliária,nR1-12 (Até 350) ; nR2-12 (Acima de 350),nR1-12,350,nR2-12,350.01,-,-,1.01,"Administração, Organização e Planejamento",VALIDAÇÃO
6821-8/01,Corretagem na compra e venda e avaliação de imóveis,BAIXO RISCO,Regra 4,07.12.13,"Escritório (inclusive virtual), sede de empresa, grupo de salas, centro empresarial",nR1-12 (até 1250) ;  nR2-12 (acima de 1250),nR1-12,"1250,00",nR2-12,"1250,01",-,-,1.01,"Administração, Organização e Planejamento",VALIDAÇÃO
6821-8/02,Corretagem no aluguel de imóveis,BAIXO RISCO,Regra 4,07.12.03,Administração de imóveis e imobiliária,nR1-12 (Até 350) ; nR2-12 (Acima de 350),nR1-12,350,nR2-12,350.01,-,-,1.01,"Administração, Organização e Planejamento",VALIDAÇÃO
6821-8/02,Corretagem no aluguel de imóveis,BAIXO RISCO,Regra 4,07.12.13,"Escritório (inclusive virtual), sede de empresa, grupo de salas, centro empresarial",nR1-12 (até 1250) ;  nR2-12 (acima de 1250),nR1-12,"1250,00",nR2-12,"1250,01",-,-,1.01,"Administração, Organização e Planejamento",VALIDAÇÃO
6822-6/00,Gestão e administração da propriedade imobiliária,BAIXO RISCO,Regra 4,07.12.03,Administração de imóveis e imobiliária,nR1-12 (Até 350) ; nR2-12 (Acima de 350),nR1-12,350,nR2-12,350.01,-,-,1.01,"Administração, Organização e Planejamento",VALIDAÇÃO
6822-6/00,Gestão e administração da propriedade imobiliária,BAIXO RISCO,Regra 4,07.12.13,"Escritório (inclusive virtual), sede de empresa, grupo de salas, centro empresarial",nR1-12 (até 1250) ;  nR2-12 (acima de 1250),nR1-12,"1250,00",nR2-12,"1250,01",-,-,1.01,"Administração, Organização e Planejamento",VALIDAÇÃO
6911-7/01,Serviços advocatícios,BAIXO RISCO,Regra 4,07.12.07,"Escritório de assessoria de importação e exportação, assessoria fiscal e tributária (auditores, peritos e avaliadores), consultorias técnicas e serviços técnicos profissionais",nR1-12 (Até 350) ; nR2-12 (Acima de 350),nR1-12,350,nR2-12,350.01,-,-,1.01,"Administração, Organização e Planejamento",EXPRESSO
6911-7/01,Serviços advocatícios,BAIXO RISCO,Regra 4,07.12.13,"Escritório (inclusive virtual), sede de empresa, grupo de salas, centro empresarial",nR1-12 (até 1250) ;  nR2-12 (acima de 1250),nR1-12,"1250,00",nR2-12,"1250,01",-,-,1.01,"Administração, Organização e Planejamento",EXPRESSO
6911-7/02,Atividades auxiliares da justiça,BAIXO RISCO,Regra 4,07.12.14,Outros serviços profissionais não classificados,nR1-12 (Até 350) ; nR2-12 (Acima de 350),nR1-12,350,nR2-12,350.01,-,-,1.18,Estabelecimentos não classificados nos  Itens 1.01 a 1.17,VALIDAÇÃO
6911-7/02,Atividades auxiliares da justiça,BAIXO RISCO,Regra 4,07.12.13,"Escritório (inclusive virtual), sede de empresa, grupo de salas, centro empresarial",nR1-12 (até 1250) ;  nR2-12 (acima de 1250),nR1-12,"1250,00",nR2-12,"1250,01",-,-,1.01,"Administração, Organização e Planejamento",VALIDAÇÃO
6911-7/03,Agente de propriedade industrial,BAIXO RISCO,Regra 4,07.12.04,"Agência de representação de industria, comércio, agricultura e negócios em geral, agência de turismo, de publicidade, de informações, de empregos, de mensageiros e entrega de encomendas",nR1-12 (Até 350) ; nR2-12 (Acima de 350),nR1-12,350,nR2-12,350.01,-,-,1.14,Estabelecimentos de Intermediação e Representação,VALIDAÇÃO
6911-7/03,Agente de propriedade industrial,BAIXO RISCO,Regra 4,07.12.13,"Escritório (inclusive virtual), sede de empresa, grupo de salas, centro empresarial",nR1-12 (até 1250) ;  nR2-12 (acima de 1250),nR1-12,"1250,00",nR2-12,"1250,01",-,-,1.01,"Administração, Organização e Planejamento",VALIDAÇÃO
6912-5/00,Cartórios,BAIXO RISCO,Regra 4,07.11.01,"Gestão e administração de serviços públicos, concessionárias de serviços públicos, cartórios",nR2-11 (Qualquer área),nR2-11,Q,-,Q,-,,4.00,Estabelecimentos e Entidades Regidos pelo Direito Público,VALIDAÇÃO
6912-5/00,Cartórios,BAIXO RISCO,Regra 4,07.12.13,"Escritório (inclusive virtual), sede de empresa, grupo de salas, centro empresarial",nR1-12 (até 1250) ;  nR2-12 (acima de 1250),nR1-12,"1250,00",nR2-12,"1250,01",-,-,1.01,"Administração, Organização e Planejamento",VALIDAÇÃO
6920-6/01,Atividades de contabilidade,BAIXO RISCO,Regra 4,07.12.07,"Escritório de assessoria de importação e exportação, assessoria fiscal e tributária (auditores, peritos e avaliadores), consultorias técnicas e serviços técnicos profissionais",nR1-12 (Até 350) ; nR2-12 (Acima de 350),nR1-12,350,nR2-12,350.01,-,-,1.01,"Administração, Organização e Planejamento",EXPRESSO
6920-6/01,Atividades de contabilidade,BAIXO RISCO,Regra 4,07.12.13,"Escritório (inclusive virtual), sede de empresa, grupo de salas, centro empresarial",nR1-12 (até 1250) ;  nR2-12 (acima de 1250),nR1-12,"1250,00",nR2-12,"1250,01",-,-,1.01,"Administração, Organização e Planejamento",EXPRESSO
6920-6/02,Atividades de consultoria e auditoria contábil e tributária,BAIXO RISCO,Regra 4,07.12.07,"Escritório de assessoria de importação e exportação, assessoria fiscal e tributária (auditores, peritos e avaliadores), consultorias técnicas e serviços técnicos profissionais",nR1-12 (Até 350) ; nR2-12 (Acima de 350),nR1-12,350,nR2-12,350.01,-,-,1.01,"Administração, Organização e Planejamento",EXPRESSO
6920-6/02,Atividades de consultoria e auditoria contábil e tributária,BAIXO RISCO,Regra 4,07.12.13,"Escritório (inclusive virtual), sede de empresa, grupo de salas, centro empresarial",nR1-12 (até 1250) ;  nR2-12 (acima de 1250),nR1-12,"1250,00",nR2-12,"1250,01",-,-,1.01,"Administração, Organização e Planejamento",EXPRESSO
7020-4/00,"Atividades de consultoria em gestão empresarial, exceto consultoria técnica específica",BAIXO RISCO,Regra 4,07.12.07,"Escritório de assessoria de importação e exportação, assessoria fiscal e tributária (auditores, peritos e avaliadores), consultorias técnicas e serviços técnicos profissionais",nR1-12 (Até 350) ; nR2-12 (Acima de 350),nR1-12,350,nR2-12,350.01,-,-,1.01,"Administração, Organização e Planejamento",EXPRESSO
7020-4/00,"Atividades de consultoria em gestão empresarial, exceto consultoria técnica específica",BAIXO RISCO,Regra 4,07.12.13,"Escritório (inclusive virtual), sede de empresa, grupo de salas, centro empresarial",nR1-12 (até 1250) ;  nR2-12 (acima de 1250),nR1-12,"1250,00",nR2-12,"1250,01",-,-,1.01,"Administração, Organização e Planejamento",EXPRESSO
7111-1/00,Serviços de arquitetura,BAIXO RISCO,Regra 4,07.12.07,"Escritório de assessoria de importação e exportação, assessoria fiscal e tributária (auditores, peritos e avaliadores), consultorias técnicas e serviços técnicos profissionais",nR1-12 (Até 350) ; nR2-12 (Acima de 350),nR1-12,350,nR2-12,350.01,-,-,1.07,"Engenharia, Arquitetura e Afins",VALIDAÇÃO
7111-1/00,Serviços de arquitetura,BAIXO RISCO,Regra 4,07.12.13,"Escritório (inclusive virtual), sede de empresa, grupo de salas, centro empresarial",nR1-12 (até 1250) ;  nR2-12 (acima de 1250),nR1-12,"1250,00",nR2-12,"1250,01",-,-,1.01,"Administração, Organização e Planejamento",VALIDAÇÃO
7112-0/00,Serviços de engenharia,BAIXO RISCO,Regra 4,07.12.07,"Escritório de assessoria de importação e exportação, assessoria fiscal e tributária (auditores, peritos e avaliadores), consultorias técnicas e serviços técnicos profissionais",nR1-12 (Até 350) ; nR2-12 (Acima de 350),nR1-12,350,nR2-12,350.01,-,-,1.07,"Engenharia, Arquitetura e Afins",VALIDAÇÃO
7112-0/00,Serviços de engenharia,BAIXO RISCO,Regra 4,07.12.13,"Escritório (inclusive virtual), sede de empresa, grupo de salas, centro empresarial",nR1-12 (até 1250) ;  nR2-12 (acima de 1250),nR1-12,"1250,00",nR2-12,"1250,01",-,-,1.01,"Administração, Organização e Planejamento",VALIDAÇÃO
7119-7/01,"Serviços de cartografia, topografia e geodésia",BAIXO RISCO,Regra 4,07.12.07,"Escritório de assessoria de importação e exportação, assessoria fiscal e tributária (auditores, peritos e avaliadores), consultorias técnicas e serviços técnicos profissionais",nR1-12 (Até 350) ; nR2-12 (Acima de 350),nR1-12,350,nR2-12,350.01,-,-,1.07,"Engenharia, Arquitetura e Afins",VALIDAÇÃO
7119-7/01,"Serviços de cartografia, topografia e geodésia",BAIXO RISCO,Regra 4,07.12.13,"Escritório (inclusive virtual), sede de empresa, grupo de salas, centro empresarial",nR1-12 (até 1250) ;  nR2-12 (acima de 1250),nR1-12,"1250,00",nR2-12,"1250,01",-,-,1.01,"Administração, Organização e Planejamento",VALIDAÇÃO
7119-7/02,Atividades de estudos geológicos,BAIXO RISCO,Regra 4,07.12.07,"Escritório de assessoria de importação e exportação, assessoria fiscal e tributária (auditores, peritos e avaliadores), consultorias técnicas e serviços técnicos profissionais",nR1-12 (Até 350) ; nR2-12 (Acima de 350),nR1-12,350,nR2-12,350.01,-,-,1.07,"Engenharia, Arquitetura e Afins",VALIDAÇÃO
7119-7/02,Atividades de estudos geológicos,BAIXO RISCO,Regra 4,07.12.13,"Escritório (inclusive virtual), sede de empresa, grupo de salas, centro empresarial",nR1-12 (até 1250) ;  nR2-12 (acima de 1250),nR1-12,"1250,00",nR2-12,"1250,01",-,-,1.01,"Administração, Organização e Planejamento",VALIDAÇÃO
7119-7/03,Serviços de desenho técnico relacionados à arquitetura e engenharia,BAIXO RISCO,Regra 4,07.12.07,"Escritório de assessoria de importação e exportação, assessoria fiscal e tributária (auditores, peritos e avaliadores), consultorias técnicas e serviços técnicos profissionais",nR1-12 (Até 350) ; nR2-12 (Acima de 350),nR1-12,350,nR2-12,350.01,-,-,1.07,"Engenharia, Arquitetura e Afins",VALIDAÇÃO
7119-7/03,Serviços de desenho técnico relacionados à arquitetura e engenharia,BAIXO RISCO,Regra 4,07.12.13,"Escritório (inclusive virtual), sede de empresa, grupo de salas, centro empresarial",nR1-12 (até 1250) ;  nR2-12 (acima de 1250),nR1-12,"1250,00",nR2-12,"1250,01",-,-,1.01,"Administração, Organização e Planejamento",VALIDAÇÃO
7119-7/04,Serviços de perícia técnica relacionados à segurança do trabalho,BAIXO RISCO,Regra 4,07.12.07,"Escritório de assessoria de importação e exportação, assessoria fiscal e tributária (auditores, peritos e avaliadores), consultorias técnicas e serviços técnicos profissionais",nR1-12 (Até 350) ; nR2-12 (Acima de 350),nR1-12,350,nR2-12,350.01,-,-,1.07,"Engenharia, Arquitetura e Afins",VALIDAÇÃO
7119-7/04,Serviços de perícia técnica relacionados à segurança do trabalho,BAIXO RISCO,Regra 4,07.12.13,"Escritório (inclusive virtual), sede de empresa, grupo de salas, centro empresarial",nR1-12 (até 1250) ;  nR2-12 (acima de 1250),nR1-12,"1250,00",nR2-12,"1250,01",-,-,1.01,"Administração, Organização e Planejamento",VALIDAÇÃO
7119-7/99,Atividades técnicas relacionadas à engenharia e arquitetura não especificadas anteriormente,BAIXO RISCO,Regra 4,07.12.07,"Escritório de assessoria de importação e exportação, assessoria fiscal e tributária (auditores, peritos e avaliadores), consultorias técnicas e serviços técnicos profissionais",nR1-12 (Até 350) ; nR2-12 (Acima de 350),nR1-12,350,nR2-12,350.01,-,-,1.07,"Engenharia, Arquitetura e Afins",VALIDAÇÃO
7119-7/99,Atividades técnicas relacionadas à engenharia e arquitetura não especificadas anteriormente,BAIXO RISCO,Regra 4,07.12.13,"Escritório (inclusive virtual), sede de empresa, grupo de salas, centro empresarial",nR1-12 (até 1250) ;  nR2-12 (acima de 1250),nR1-12,"1250,00",nR2-12,"1250,01",-,-,1.01,"Administração, Organização e Planejamento",VALIDAÇÃO
7120-1/00,Testes e análises técnicas,MÉDIO RISCO,Regra 5,07.09.11,Laboratório de controle tecnológico e análise química,nR2-09 (Qualquer área),nR2-09,Q,-,Q,-,,1.18,Estabelecimentos não classificados nos  Itens 1.01 a 1.17,VALIDAÇÃO
7120-1/00,Testes e análises técnicas,BAIXO RISCO,Regra 5,07.12.13,"Escritório (inclusive virtual), sede de empresa, grupo de salas, centro empresarial",nR1-12 (até 1250) ;  nR2-12 (acima de 1250),nR1-12,"1250,00",nR2-12,"1250,01",-,-,1.01,"Administração, Organização e Planejamento",VALIDAÇÃO
7210-0/00,Pesquisa e desenvolvimento experimental em ciências físicas e naturais,MÉDIO RISCO,Regra 5,07.06.09,"Cursos de pós-graduação, atividade de pesquisa e desenvolvimento da ciência",nR2-06 (Qualquer área),nR2-06,Q,-,Q,-,,1.06,Estabelecimento de Ensino,VALIDAÇÃO
7210-0/00,Pesquisa e desenvolvimento experimental em ciências físicas e naturais,BAIXO RISCO,Regra 5,07.12.13,"Escritório (inclusive virtual), sede de empresa, grupo de salas, centro empresarial",nR1-12 (até 1250) ;  nR2-12 (acima de 1250),nR1-12,"1250,00",nR2-12,"1250,01",-,-,1.01,"Administração, Organização e Planejamento",VALIDAÇÃO
7220-7/00,Pesquisa e desenvolvimento experimental em ciências sociais e humanas,MÉDIO RISCO,Regra 5,07.06.09,"Cursos de pós-graduação, atividade de pesquisa e desenvolvimento da ciência",nR2-06 (Qualquer área),nR2-06,Q,-,Q,-,,1.06,Estabelecimento de Ensino,VALIDAÇÃO
7220-7/00,Pesquisa e desenvolvimento experimental em ciências sociais e humanas,BAIXO RISCO,Regra 5,07.12.13,"Escritório (inclusive virtual), sede de empresa, grupo de salas, centro empresarial",nR1-12 (até 1250) ;  nR2-12 (acima de 1250),nR1-12,"1250,00",nR2-12,"1250,01",-,-,1.01,"Administração, Organização e Planejamento",VALIDAÇÃO
7311-4/00,Agências de publicidade,BAIXO RISCO,Regra 4,07.12.04,"Agência de representação de industria, comércio, agricultura e negócios em geral, agência de turismo, de publicidade,  de informações, de empregos, de mensageiros e entrega de encomendas",nR1-12 (Até 350) ; nR2-12 (Acima de 350),nR1-12,350,nR2-12,350.01,-,-,1.02,Comunicação e Propaganda,VALIDAÇÃO
7311-4/00,Agências de publicidade,BAIXO RISCO,Regra 4,07.12.13,"Escritório (inclusive virtual), sede de empresa, grupo de salas, centro empresarial",nR1-12 (até 1250) ;  nR2-12 (acima de 1250),nR1-12,"1250,00",nR2-12,"1250,01",-,-,1.01,"Administração, Organização e Planejamento",VALIDAÇÃO
7312-2/00,"Agenciamento de espaços para publicidade, exceto em veículos de comunicação",BAIXO RISCO,Regra 4,07.12.04,"Agência de representação de industria, comércio, agricultura e negócios em geral, agência de turismo, de publicidade, de informações, de empregos, de mensageiros e entrega de encomendas",nR1-12 (Até 350) ; nR2-12 (Acima de 350),nR1-12,350,nR2-12,350.01,-,-,1.02,Comunicação e Propaganda,VALIDAÇÃO
7312-2/00,"Agenciamento de espaços para publicidade, exceto em veículos de comunicação",BAIXO RISCO,Regra 4,07.12.13,"Escritório (inclusive virtual), sede de empresa, grupo de salas, centro empresarial",nR1-12 (até 1250) ;  nR2-12 (acima de 1250),nR1-12,"1250,00",nR2-12,"1250,01",-,-,1.01,"Administração, Organização e Planejamento",VALIDAÇÃO
7319-0/01,Criação de estandes para feiras e exposições,BAIXO RISCO,Regra 10,07.12.13,"Escritório (inclusive virtual), sede de empresa, grupo de salas, centro empresarial",nR1-12 (até 1250) ;  nR2-12 (acima de 1250),nR1-12,"1250,00",nR2-12,"1250,01",-,-,1.01,"Administração, Organização e Planejamento",VALIDAÇÃO
7319-0/02,Promoção de vendas,BAIXO RISCO,Regra 4,07.12.04,"Agência de representação de industria, comércio, agricultura e negócios em geral, agência de turismo, de publicidade, de informações, de empregos, de mensageiros e entrega de encomendas",nR1-12 (Até 350) ; nR2-12 (Acima de 350),nR1-12,350,nR2-12,350.01,-,-,1.02,Comunicação e Propaganda,VALIDAÇÃO
7319-0/02,Promoção de vendas,BAIXO RISCO,Regra 4,07.12.13,"Escritório (inclusive virtual), sede de empresa, grupo de salas, centro empresarial",nR1-12 (até 1250) ;  nR2-12 (acima de 1250),nR1-12,"1250,00",nR2-12,"1250,01",-,-,1.01,"Administração, Organização e Planejamento",VALIDAÇÃO
7319-0/03,Marketing direto,BAIXO RISCO,Regra 4,07.12.04,"Agência de representação de industria, comércio, agricultura e negócios em geral, agência de turismo, de publicidade, de informações, de empregos, de mensageiros e entrega de encomendas",nR1-12 (Até 350) ; nR2-12 (Acima de 350),nR1-12,350,nR2-12,350.01,-,-,1.02,Comunicação e Propaganda,VALIDAÇÃO
7319-0/03,Marketing direto,BAIXO RISCO,Regra 4,07.12.13,"Escritório (inclusive virtual), sede de empresa, grupo de salas, centro empresarial",nR1-12 (até 1250) ;  nR2-12 (acima de 1250),nR1-12,"1250,00",nR2-12,"1250,01",-,-,1.01,"Administração, Organização e Planejamento",VALIDAÇÃO
7319-0/04,Consultoria em publicidade,BAIXO RISCO,Regra 4,07.12.07,"Escritório de assessoria de importação e exportação, assessoria fiscal e tributária (auditores, peritos e avaliadores), consultorias técnicas e serviços técnicos profissionais",nR1-12 (Até 350) ; nR2-12 (Acima de 350),nR1-12,350,nR2-12,350.01,-,-,1.02,Comunicação e Propaganda,VALIDAÇÃO
7319-0/04,Consultoria em publicidade,BAIXO RISCO,Regra 4,07.12.13,"Escritório (inclusive virtual), sede de empresa, grupo de salas, centro empresarial",nR1-12 (até 1250) ;  nR2-12 (acima de 1250),nR1-12,"1250,00",nR2-12,"1250,01",-,-,1.01,"Administração, Organização e Planejamento",VALIDAÇÃO
7319-0/99,Outras atividades de publicidade não especificadas anteriormente,MÉDIO RISCO,Regra 16,07.12.04,"Agência de representação de industria, comércio, agricultura e negócios em geral, agência de turismo, de publicidade, de informações, de empregos, de mensageiros e entrega de encomendas",nR1-12 (Até 350) ; nR2-12 (Acima de 350),nR1-12,350,nR2-12,350.01,-,-,1.02,Comunicação e Propaganda,VALIDAÇÃO
7319-0/99,Outras atividades de publicidade não especificadas anteriormente,BAIXO RISCO,Regra 16,07.12.13,"Escritório (inclusive virtual), sede de empresa, grupo de salas, centro empresarial",nR1-12 (até 1250) ;  nR2-12 (acima de 1250),nR1-12,"1250,00",nR2-12,"1250,01",-,-,1.01,"Administração, Organização e Planejamento",VALIDAÇÃO
7320-3/00,Pesquisas de mercado e de opinião pública,BAIXO RISCO,Regra 4,07.12.14,Outros serviços profissionais não classificados,nR1-12 (Até 350) ; nR2-12 (Acima de 350),nR1-12,350,nR2-12,350.01,-,-,1.01,"Administração, Organização e Planejamento",VALIDAÇÃO
7320-3/00,Pesquisas de mercado e de opinião pública,BAIXO RISCO,Regra 4,07.12.13,"Escritório (inclusive virtual), sede de empresa, grupo de salas, centro empresarial",nR1-12 (até 1250) ;  nR2-12 (acima de 1250),nR1-12,"1250,00",nR2-12,"1250,01",-,-,1.01,"Administração, Organização e Planejamento",VALIDAÇÃO
7410-2/02,Design de interiores,BAIXO RISCO,Regra 4,07.12.14,Outros serviços profissionais não classificados,nR1-12 (Até 350) ; nR2-12 (Acima de 350),nR1-12,350,nR2-12,350.01,-,-,1.07,"Engenharia, Arquitetura e Afins",VALIDAÇÃO
7410-2/02,Design de interiores,BAIXO RISCO,Regra 4,07.12.13,"Escritório (inclusive virtual), sede de empresa, grupo de salas, centro empresarial",nR1-12 (até 1250) ;  nR2-12 (acima de 1250),nR1-12,"1250,00",nR2-12,"1250,01",-,-,1.01,"Administração, Organização e Planejamento",VALIDAÇÃO
7410-2/03,Design de produtos,BAIXO RISCO,Regra 4,07.12.14,Outros serviços profissionais não classificados,nR1-12 (Até 350) ; nR2-12 (Acima de 350),nR1-12,350,nR2-12,350.01,-,-,1.07,"Engenharia, Arquitetura e Afins",VALIDAÇÃO
7410-2/03,Design de produtos,BAIXO RISCO,Regra 4,07.12.13,"Escritório (inclusive virtual), sede de empresa, grupo de salas, centro empresarial",nR1-12 (até 1250) ;  nR2-12 (acima de 1250),nR1-12,"1250,00",nR2-12,"1250,01",-,-,1.01,"Administração, Organização e Planejamento",VALIDAÇÃO
7410-2/99,Atividades de design não especificadas anteriormente,BAIXO RISCO,Regra 4,07.12.14,Outros serviços profissionais não classificados,nR1-12 (Até 350) ; nR2-12 (Acima de 350),nR1-12,350,nR2-12,350.01,-,-,1.07,"Engenharia, Arquitetura e Afins",VALIDAÇÃO
7410-2/99,Atividades de design não especificadas anteriormente,BAIXO RISCO,Regra 4,07.12.13,"Escritório (inclusive virtual), sede de empresa, grupo de salas, centro empresarial",nR1-12 (até 1250) ;  nR2-12 (acima de 1250),nR1-12,"1250,00",nR2-12,"1250,01",-,-,1.01,"Administração, Organização e Planejamento",VALIDAÇÃO
7420-0/01,"Atividades de produção de fotografias, exceto aérea e submarina",BAIXO RISCO,Regra 4,07.12.08,"Estúdio e laboratório fotográfico, gravação de vídeo, de sons e filmagens",nR1-12 (Até 350) ; nR2-12 (Acima de 350),nR1-12,350,nR2-12,350.01,-,-,1.09,"Estabelecimentos fotográficos, de Produção Cinematográfica e Afins",VALIDAÇÃO
7420-0/01,"Atividades de produção de fotografias, exceto aérea e submarina",BAIXO RISCO,Regra 4,07.12.13,"Escritório (inclusive virtual), sede de empresa, grupo de salas, centro empresarial",nR1-12 (até 1250) ;  nR2-12 (acima de 1250),nR1-12,"1250,00",nR2-12,"1250,01",-,-,1.01,"Administração, Organização e Planejamento",VALIDAÇÃO
7420-0/02,Atividades de produção de fotografias aéreas e submarinas,BAIXO RISCO,Regra 4,07.12.08,"Estúdio e laboratório fotográfico, gravação de vídeo, de sons e filmagens",nR1-12 (Até 350) ; nR2-12 (Acima de 350),nR1-12,350,nR2-12,350.01,-,-,1.09,"Estabelecimentos fotográficos, de Produção Cinematográfica e Afins",VALIDAÇÃO
7420-0/02,Atividades de produção de fotografias aéreas e submarinas,BAIXO RISCO,Regra 4,07.12.13,"Escritório (inclusive virtual), sede de empresa, grupo de salas, centro empresarial",nR1-12 (até 1250) ;  nR2-12 (acima de 1250),nR1-12,"1250,00",nR2-12,"1250,01",-,-,1.01,"Administração, Organização e Planejamento",VALIDAÇÃO
7420-0/03,Laboratórios fotográficos,BAIXO RISCO,Regra 4,07.12.08,"Estúdio e laboratório fotográfico, gravação de vídeo, de sons e filmagens",nR1-12 (Até 350) ; nR2-12 (Acima de 350),nR1-12,350,nR2-12,350.01,-,-,1.09,"Estabelecimentos fotográficos, de Produção Cinematográfica e Afins",VALIDAÇÃO
7420-0/03,Laboratórios fotográficos,BAIXO RISCO,Regra 4,07.12.13,"Escritório (inclusive virtual), sede de empresa, grupo de salas, centro empresarial",nR1-12 (até 1250) ;  nR2-12 (acima de 1250),nR1-12,"1250,00",nR2-12,"1250,01",-,-,1.01,"Administração, Organização e Planejamento",VALIDAÇÃO
7420-0/04,Filmagem de festas e eventos,BAIXO RISCO,Regra 4,07.12.08,"Estúdio e laboratório fotográfico, gravação de vídeo, de sons e filmagens",nR1-12 (Até 350) ; nR2-12 (Acima de 350),nR1-12,350,nR2-12,350.01,-,-,1.09,"Estabelecimentos fotográficos, de Produção Cinematográfica e Afins",VALIDAÇÃO
7420-0/04,Filmagem de festas e eventos,BAIXO RISCO,Regra 4,07.12.13,"Escritório (inclusive virtual), sede de empresa, grupo de salas, centro empresarial",nR1-12 (até 1250) ;  nR2-12 (acima de 1250),nR1-12,"1250,00",nR2-12,"1250,01",-,-,1.01,"Administração, Organização e Planejamento",VALIDAÇÃO
7420-0/05,Serviços de microfilmagem,BAIXO RISCO,Regra 4,07.12.08,"Estúdio e laboratório fotográfico, gravação de vídeo, de sons e filmagens",nR1-12 (Até 350) ; nR2-12 (Acima de 350),nR1-12,350,nR2-12,350.01,-,-,1.09,"Estabelecimentos fotográficos, de Produção Cinematográfica e Afins",VALIDAÇÃO
7420-0/05,Serviços de microfilmagem,BAIXO RISCO,Regra 4,07.12.13,"Escritório (inclusive virtual), sede de empresa, grupo de salas, centro empresarial",nR1-12 (até 1250) ;  nR2-12 (acima de 1250),nR1-12,"1250,00",nR2-12,"1250,01",-,-,1.01,"Administração, Organização e Planejamento",VALIDAÇÃO
7490-1/01,"Serviços de tradução, interpretação e similares",BAIXO RISCO,Regra 4,07.12.07,"Escritório de assessoria de importação e exportação, assessoria fiscal e tributária (auditores, peritos e avaliadores), consultorias técnicas e serviços técnicos profissionais",nR1-12 (Até 350) ; nR2-12 (Acima de 350),nR1-12,"350,00",nR2-12,"350,01",-,-,1.01,"Administração, Organização e Planejamento",VALIDAÇÃO
7490-1/01,"Serviços de tradução, interpretação e similares",BAIXO RISCO,Regra 4,07.12.13,"Escritório (inclusive virtual), sede de empresa, grupo de salas, centro empresarial",nR1-12 (até 1250) ;  nR2-12 (acima de 1250),nR1-12,"1250,00",nR2-12,"1250,01",-,-,1.01,"Administração, Organização e Planejamento",VALIDAÇÃO
7490-1/02,Escafandria e mergulho,BAIXO RISCO,Regra 10,07.12.13,"Escritório (inclusive virtual), sede de empresa, grupo de salas, centro empresarial",nR1-12 (até 1250) ;  nR2-12 (acima de 1250),nR1-12,"1250,00",nR2-12,"1250,01",-,-,1.01,"Administração, Organização e Planejamento",VALIDAÇÃO
7490-1/03,Serviços de agronomia e de consultoria às atividades agrícolas e pecuárias,BAIXO RISCO,Regra 4,07.12.07,"Escritório de assessoria de importação e exportação, assessoria fiscal e tributária (auditores, peritos e avaliadores), consultorias técnicas e serviços técnicos profissionais",nR1-12 (Até 350) ; nR2-12 (Acima de 350),nR1-12,"350,00",nR2-12,"350,01",-,-,1.01,"Administração, Organização e Planejamento",VALIDAÇÃO
7490-1/03,Serviços de agronomia e de consultoria às atividades agrícolas e pecuárias,BAIXO RISCO,Regra 4,07.12.13,"Escritório (inclusive virtual), sede de empresa, grupo de salas, centro empresarial",nR1-12 (até 1250) ;  nR2-12 (acima de 1250),nR1-12,"1250,00",nR2-12,"1250,01",-,-,1.01,"Administração, Organização e Planejamento",VALIDAÇÃO
7490-1/04,"Atividades de intermediação e agenciamento de serviços e negócios em geral, exceto imobiliários",BAIXO RISCO,Regra 4,07.12.04,"Agência de representação de industria, comércio, agricultura e negócios em geral, agência de turismo, de publicidade, de informações, de empregos, de mensageiros e entrega de encomendas",nR1-12 (Até 350) ; nR2-12 (Acima de 350),nR1-12,"350,00",nR2-12,"350,01",-,-,1.14,Estabelecimento de Intermediação e Representação,VALIDAÇÃO
7490-1/04,"Atividades de intermediação e agenciamento de serviços e negócios em geral, exceto imobiliários",BAIXO RISCO,Regra 4,07.12.13,"Escritório (inclusive virtual), sede de empresa, grupo de salas, centro empresarial",nR1-12 (até 1250) ;  nR2-12 (acima de 1250),nR1-12,"1250,00",nR2-12,"1250,01",-,-,1.01,"Administração, Organização e Planejamento",VALIDAÇÃO
7490-1/05,"Agenciamento de profissionais para atividades esportivas, culturais e artísticas",BAIXO RISCO,Regra 4,07.12.04,"Agência de representação de industria, comércio, agricultura e negócios em geral, agência de turismo, de publicidade, de informações, de emprego, de mensageiros e entrega de encomendas",nR1-12 (Até 350) ; nR2-12 (Acima de 350),nR1-12,"350,00",nR2-12,"350,01",-,-,1.14,Estabelecimento de Intermediação e Representação,VALIDAÇÃO
7490-1/05,"Agenciamento de profissionais para atividades esportivas, culturais e artísticas",BAIXO RISCO,Regra 4,07.12.13,"Escritório (inclusive virtual), sede de empresa, grupo de salas, centro empresarial",nR1-12 (até 1250) ;  nR2-12 (acima de 1250),nR1-12,"1250,00",nR2-12,"1250,01",-,-,1.01,"Administração, Organização e Planejamento",VALIDAÇÃO
7490-1/99,"Outras atividades profissionais, científicas e técnicas não especificadas anteriormente",BAIXO RISCO,Regra 4,07.12.07,"Escritório de assessoria de importação e exportação, assessoria fiscal e tributária (auditores, peritos e avaliadores), consultorias técnicas e serviços técnicos profissionais",nR1-12 (Até 350) ; nR2-12 (Acima de 350),nR1-12,"350,00",nR2-12,"350,01",-,-,1.01,"Administração, Organização e Planejamento",VALIDAÇÃO
7490-1/99,"Outras atividades profissionais, científicas e técnicas não especificadas anteriormente",BAIXO RISCO,Regra 4,07.12.13,"Escritório (inclusive virtual), sede de empresa, grupo de salas, centro empresarial",nR1-12 (até 1250) ;  nR2-12 (acima de 1250),nR1-12,"1250,00",nR2-12,"1250,01",-,-,1.01,"Administração, Organização e Planejamento",VALIDAÇÃO
7500-1/00,Atividades veterinárias,MÉDIO RISCO,Regra 1,07.05.02,"Consultório, ambulatório",nR1-05 (Até 500) ; nR2-05 (Acima de 500),nR1-05,"500,00",nR2-05,"500,01",,,1.16,Estabelecimentos de Saúde,VALIDAÇÃO
7500-1/00,Atividades veterinárias,MÉDIO RISCO,Regra 1,07.05.03,"Clínica médica, clínica odontológica, clínica veterinária, centro de diagnósticos, laboratório de análises clínicas (a)",nR1-05 (Até 500) ; nR2-05 (Acima de 500),nR1-05,"500,00",nR2-05,"500,01",,,1.16,Estabelecimentos de Saúde,VALIDAÇÃO
7500-1/00,Atividades veterinárias,MÉDIO RISCO,Regra 1,07.05.08,"Hospital, maternidade (a)",nR1-05 (Até 500) ; nR2-05 (Acima de 500),nR1-05,"500,00",nR2-05,"500,01",,,1.16,Estabelecimentos de Saúde,VALIDAÇÃO
7500-1/00,Atividades veterinárias,BAIXO RISCO,Regra 1,07.12.13,"Escritório (inclusive virtual), sede de empresa, grupo de salas, centro empresarial",nR1-12 (até 1250) ;  nR2-12 (acima de 1250),nR1-12,"1250,00",nR2-12,"1250,01",-,-,1.01,"Administração, Organização e Planejamento",VALIDAÇÃO
7711-0/00,Locação de automóveis sem condutor,MÉDIO RISCO,Regra 23,07.08.01,"Estacionamento, Edifício garagem, locação de veículos",nR1-8 (Qualquer área),nR1-8,Q,-,Q,-,,1.15,Estabelecimento de locação e Guarda de bens,VALIDAÇÃO
7711-0/00,Locação de automóveis sem condutor,MÉDIO RISCO,Regra 23,07.12.13,"Escritório (inclusive virtual), sede de empresa, grupo de salas, centro empresarial",nR1-12 (até 1250) ;  nR2-12 (acima de 1250),nR1-12,"1250,00",nR2-12,"1250,01",-,-,1.01,"Administração, Organização e Planejamento",VALIDAÇÃO
7719-5/01,"Locação de embarcações sem tripulação, exceto para fins recreativos",MÉDIO RISCO,Regra 23,07.08.01,"Estacionamento, Edifício garagem, locação de veículos",nR1-8 (Qualquer área),nR1-8,Q,-,Q,-,,1.15,Estabelecimento de locação e Guarda de bens,VALIDAÇÃO
7719-5/01,"Locação de embarcações sem tripulação, exceto para fins recreativos",MÉDIO RISCO,Regra 23,07.12.13,"Escritório (inclusive virtual), sede de empresa, grupo de salas, centro empresarial",nR1-12 (até 1250) ;  nR2-12 (acima de 1250),nR1-12,"1250,00",nR2-12,"1250,01",-,-,1.01,"Administração, Organização e Planejamento",VALIDAÇÃO
7719-5/02,Locação de aeronaves sem tripulação,MÉDIO RISCO,Regra 23,07.08.01,"Estacionamento, Edifício garagem, locação de veículos",nR1-8 (Qualquer área),nR1-8,Q,-,Q,-,,1.15,Estabelecimento de locação e Guarda de bens,VALIDAÇÃO
7719-5/02,Locação de aeronaves sem tripulação,MÉDIO RISCO,Regra 23,07.12.13,"Escritório (inclusive virtual), sede de empresa, grupo de salas, centro empresarial",nR1-12 (até 1250) ;  nR2-12 (acima de 1250),nR1-12,"1250,00",nR2-12,"1250,01",-,-,1.01,"Administração, Organização e Planejamento",VALIDAÇÃO
7719-5/99,"Locação de outros meios de transporte não especificados anteriormente, sem condutor",MÉDIO RISCO,Regra 23,07.08.01,"Estacionamento, Edifício garagem, locação de veículos",nR1-8 (Qualquer área),nR1-8,Q,-,Q,-,,1.15,Estabelecimento de locação e Guarda de bens,VALIDAÇÃO
7719-5/99,"Locação de outros meios de transporte não especificados anteriormente, sem condutor",MÉDIO RISCO,Regra 23,07.12.13,"Escritório (inclusive virtual), sede de empresa, grupo de salas, centro empresarial",nR1-12 (até 1250) ;  nR2-12 (acima de 1250),nR1-12,"1250,00",nR2-12,"1250,01",-,-,1.01,"Administração, Organização e Planejamento",VALIDAÇÃO
7721-7/00,Aluguel de equipamentos recreativos e esportivos,MÉDIO RISCO,Regra 5,07.08.06,"Locação em geral (vestimentas, filmes, utensílios domésticos, instrumentos musicais, etc)",nR1-08 (até 500) ; nR2-08 (de 501 a 5000) ; nR3-08 (acima de 5000),nR1-08,"500,00",nR2-08,5000,nR3-08,"5000,01",1.15,Estabelecimento de locação e Guarda de bens,VALIDAÇÃO
7721-7/00,Aluguel de equipamentos recreativos e esportivos,BAIXO RISCO,Regra 5,07.12.13,"Escritório (inclusive virtual), sede de empresa, grupo de salas, centro empresarial",nR1-12 (até 1250) ;  nR2-12 (acima de 1250),nR1-12,"1250,00",nR2-12,"1250,01",-,-,1.01,"Administração, Organização e Planejamento",VALIDAÇÃO
7722-5/00,"Aluguel de fitas de vídeo, DVDs e similares",BAIXO RISCO,Regra 4,07.08.06,"Locação em geral (vestimentas, filmes, utensílios domésticos, instrumentos musicais, etc)",nR1-08 (até 500) ; nR2-08 (de 501 a 5000) ; nR3-08 (acima de 5000),nR1-08,"500,00",nR2-08,5000,nR3-08,"5000,01",1.15,Estabelecimento de locação e Guarda de bens,VALIDAÇÃO
7722-5/00,"Aluguel de fitas de vídeo, DVDs e similares",BAIXO RISCO,Regra 4,07.12.13,"Escritório (inclusive virtual), sede de empresa, grupo de salas, centro empresarial",nR1-12 (até 1250) ;  nR2-12 (acima de 1250),nR1-12,"1250,00",nR2-12,"1250,01",-,-,1.01,"Administração, Organização e Planejamento",VALIDAÇÃO
7723-3/00,"Aluguel de objetos do vestuário, joias e acessórios",BAIXO RISCO,Regra 4,07.08.06,"Locação em geral (vestimentas, filmes, utensílios domésticos, instrumentos musicais, etc)",nR1-08 (até 500) ; nR2-08 (de 501 a 5000) ; nR3-08 (acima de 5000),nR1-08,"500,00",nR2-08,5000,nR3-08,"5000,01",1.15,Estabelecimento de locação e Guarda de bens,VALIDAÇÃO
7723-3/00,"Aluguel de objetos do vestuário, joias e acessórios",BAIXO RISCO,Regra 4,07.12.13,"Escritório (inclusive virtual), sede de empresa, grupo de salas, centro empresarial",nR1-12 (até 1250) ;  nR2-12 (acima de 1250),nR1-12,"1250,00",nR2-12,"1250,01",-,-,1.01,"Administração, Organização e Planejamento",VALIDAÇÃO
7729-2/01,Aluguel de aparelhos de jogos eletrônicos,BAIXO RISCO,Regra 4,07.08.06,"Locação em geral (vestimentas, filmes, utensílios domésticos, instrumentos musicais, etc)",nR1-08 (até 500) ; nR2-08 (de 501 a 5000) ; nR3-08 (acima de 5000),nR1-08,"500,00",nR2-08,5000,nR3-08,"5000,01",1.15,Estabelecimento de locação e Guarda de bens,VALIDAÇÃO
7729-2/01,Aluguel de aparelhos de jogos eletrônicos,BAIXO RISCO,Regra 4,07.12.13,"Escritório (inclusive virtual), sede de empresa, grupo de salas, centro empresarial",nR1-12 (até 1250) ;  nR2-12 (acima de 1250),nR1-12,"1250,00",nR2-12,"1250,01",-,-,1.01,"Administração, Organização e Planejamento",VALIDAÇÃO
7729-2/02,"Aluguel de móveis, utensílios e aparelhos de uso doméstico e pessoal; instrumentos musicais",BAIXO RISCO,Regra 4,07.08.07,"Locação de máquinas e aparelhos de uso agrícola, industrial, comercial, serviço, doméstico, pessoal e médico hospitalar",nR1-08 (até 500) ; nR2-08 (de 501 a 5000) ; nR3-08 (acima de 5000),nR1-08,"500,00",nR2-08,5000,nR3-08,"5000,01",1.15,Estabelecimento de locação e Guarda de bens,VALIDAÇÃO
7729-2/02,"Aluguel de móveis, utensílios e aparelhos de uso doméstico e pessoal; instrumentos musicais",BAIXO RISCO,Regra 4,07.12.13,"Escritório (inclusive virtual), sede de empresa, grupo de salas, centro empresarial",nR1-12 (até 1250) ;  nR2-12 (acima de 1250),nR1-12,"1250,00",nR2-12,"1250,01",-,-,1.01,"Administração, Organização e Planejamento",VALIDAÇÃO
7729-2/03,Aluguel de material médico,MÉDIO RISCO,Regra 5,07.08.07,"Locação de máquinas e aparelhos de uso agrícola, industrial, comercial, serviço, doméstico, pessoal e médico hospitalar",nR1-08 (até 500) ; nR2-08 (de 501 a 5000) ; nR3-08 (acima de 5000),nR1-08,"500,00",nR2-08,5000,nR3-08,"5000,01",1.15,Estabelecimento de locação e Guarda de bens,VALIDAÇÃO
7729-2/03,Aluguel de material médico,BAIXO RISCO,Regra 5,07.12.13,"Escritório (inclusive virtual), sede de empresa, grupo de salas, centro empresarial",nR1-12 (até 1250) ;  nR2-12 (acima de 1250,nR1-12,1250,nR2-12,1250.01,-,-,1.01,"Administração, Organização e Planejamento",VALIDAÇÃO
7729-2/99,Aluguel de outros objetos pessoais e domésticos não especificados anteriormente,BAIXO RISCO,Regra 4,07.08.06,"Locação em geral (vestimentas, filmes, utensílios domésticos, instrumentos musicais, etc)",nR1-08 (até 500) ; nR2-08 (de 501 a 5000) ; nR3-08 (acima de 5000),nR1-08,"500,00",nR2-08,5000,nR3-08,"5000,01",1.15,Estabelecimento de locação e Guarda de bens,VALIDAÇÃO
7729-2/99,Aluguel de outros objetos pessoais e domésticos não especificados anteriormente,BAIXO RISCO,Regra 4,07.12.13,"Escritório (inclusive virtual), sede de empresa, grupo de salas, centro empresarial",nR1-12 (até 1250) ;  nR2-12 (acima de 1250,nR1-12,1250,nR2-12,1250.01,-,-,1.01,"Administração, Organização e Planejamento",VALIDAÇÃO
7731-4/00,Aluguel de máquinas e equipamentos agrícolas sem operador,MÉDIO RISCO,Regra 5,07.08.07,"Locação de máquinas e aparelhos de uso agrícola, industrial, comercial, serviço, doméstico, pessoal e médico hospitalar",nR1-08 (até 500) ; nR2-08 (de 501 a 5000) ; nR3-08 (acima de 5000),nR1-08,"500,00",nR2-08,5000,nR3-08,"5000,01",1.15,Estabelecimento de locação e Guarda de bens,VALIDAÇÃO
7731-4/00,Aluguel de máquinas e equipamentos agrícolas sem operador,BAIXO RISCO,Regra 5,07.12.13,"Escritório (inclusive virtual), sede de empresa, grupo de salas, centro empresarial",nR1-12 (até 1250) ;  nR2-12 (acima de 1250,nR1-12,1250,nR2-12,1250.01,-,-,1.01,"Administração, Organização e Planejamento",VALIDAÇÃO
7732-2/01,"Aluguel de máquinas e equipamentos para construção sem operador, exceto andaimes",MÉDIO RISCO,Regra 5,07.08.07,"Locação de máquinas e aparelhos de uso agrícola, industrial, comercial, serviço, doméstico, pessoal e médico hospitalar",nR1-08 (até 500) ; nR2-08 (de 501 a 5000) ; nR3-08 (acima de 5000),nR1-08,"500,00",nR2-08,5000,nR3-08,"5000,01",1.15,Estabelecimento de locação e Guarda de bens,VALIDAÇÃO
7732-2/01,"Aluguel de máquinas e equipamentos para construção sem operador, exceto andaimes",BAIXO RISCO,Regra 5,07.12.13,"Escritório (inclusive virtual), sede de empresa, grupo de salas, centro empresarial",nR1-12 (até 1250) ;  nR2-12 (acima de 1250,nR1-12,1250,nR2-12,1250.01,-,-,1.01,"Administração, Organização e Planejamento",VALIDAÇÃO
7732-2/02,Aluguel de andaimes,MÉDIO RISCO,Regra 5,07.08.07,"Locação de máquinas e aparelhos de uso agrícola, industrial, comercial, serviço, doméstico, pessoal e médico hospitalar",nR1-08 (até 500) ; nR2-08 (de 501 a 5000) ; nR3-08 (acima de 5000),nR1-08,"500,00",nR2-08,5000,nR3-08,"5000,01",1.15,Estabelecimento de locação e Guarda de bens,VALIDAÇÃO
7732-2/02,Aluguel de andaimes,BAIXO RISCO,Regra 5,07.12.13,"Escritório (inclusive virtual), sede de empresa, grupo de salas, centro empresarial",nR1-12 (até 1250) ;  nR2-12 (acima de 1250,nR1-12,1250,nR2-12,1250.01,-,-,1.01,"Administração, Organização e Planejamento",VALIDAÇÃO
7733-1/00,Aluguel de máquinas e equipamentos para escritório,BAIXO RISCO,Regra 4,07.08.07,"Locação de máquinas e aparelhos de uso agrícola, industrial, comercial, serviço, doméstico, pessoal e médico hospitalar",nR1-08 (até 500) ; nR2-08 (de 501 a 5000) ; nR3-08 (acima de 5000),nR1-08,"500,00",nR2-08,5000,nR3-08,"5000,01",1.15,Estabelecimento de locação e Guarda de bens,VALIDAÇÃO
7733-1/00,Aluguel de máquinas e equipamentos para escritório,BAIXO RISCO,Regra 4,07.12.13,"Escritório (inclusive virtual), sede de empresa, grupo de salas, centro empresarial",nR1-12 (até 1250) ;  nR2-12 (acima de 1250,nR1-12,1250,nR2-12,1250.01,-,-,1.01,"Administração, Organização e Planejamento",VALIDAÇÃO
7739-0/01,"Aluguel de máquinas e equipamentos para extração de minérios e petróleo, sem operador",MÉDIO RISCO,Regra 5,07.08.07,"Locação de máquinas e aparelhos de uso agrícola, industrial, comercial, serviço, doméstico, pessoal e médico hospitalar",nR1-08 (até 500) ; nR2-08 (de 501 a 5000) ; nR3-08 (acima de 5000),nR1-08,"500,00",nR2-08,5000,nR3-08,"5000,01",1.15,Estabelecimento de locação e Guarda de bens,VALIDAÇÃO
7739-0/01,"Aluguel de máquinas e equipamentos para extração de minérios e petróleo, sem operador",BAIXO RISCO,Regra 5,07.12.13,"Escritório (inclusive virtual), sede de empresa, grupo de salas, centro empresarial",nR1-12 (até 1250) ;  nR2-12 (acima de 1250,nR1-12,1250,nR2-12,1250.01,-,-,1.01,"Administração, Organização e Planejamento",VALIDAÇÃO
7739-0/02,"Aluguel de equipamentos científicos, médicos e hospitalares, sem operador",MÉDIO RISCO,Regra 5,07.08.07,"Locação de máquinas e aparelhos de uso agrícola, industrial, comercial, serviço, doméstico, pessoal e médico hospitalar",nR1-08 (até 500) ; nR2-08 (de 501 a 5000) ; nR3-08 (acima de 5000),nR1-08,"500,00",nR2-08,5000,nR3-08,"5000,01",1.15,Estabelecimento de locação e Guarda de bens,VALIDAÇÃO
7739-0/02,"Aluguel de equipamentos científicos, médicos e hospitalares, sem operador",BAIXO RISCO,Regra 5,07.12.13,"Escritório (inclusive virtual), sede de empresa, grupo de salas, centro empresarial",nR1-12 (até 1250) ;  nR2-12 (acima de 1250,nR1-12,1250,nR2-12,1250.01,-,-,1.01,"Administração, Organização e Planejamento",VALIDAÇÃO
7739-0/03,"Aluguel de palcos, coberturas e outras estruturas de uso temporário, exceto andaimes",MÉDIO RISCO,Regra 5,07.08.08,"Outros serviços de armazenamento e locação não classificados, inclusive infláveis",nR1-08 (até 500) ; nR2-08 (de 501 a 5000) ; nR3-08 (acima de 5000),nR1-08,"500,00",nR2-08,5000,nR3-08,"5000,01",1.15,Estabelecimento de locação e Guarda de bens,VALIDAÇÃO
7739-0/03,"Aluguel de palcos, coberturas e outras estruturas de uso temporário, exceto andaimes",BAIXO RISCO,Regra 5,07.12.13,"Escritório (inclusive virtual), sede de empresa, grupo de salas, centro empresarial",nR1-12 (até 1250) ;  nR2-12 (acima de 1250,nR1-12,1250,nR2-12,1250.01,-,-,1.01,"Administração, Organização e Planejamento",VALIDAÇÃO
7739-0/99,"Aluguel de outras máquinas e equipamentos comerciais e industriais não especificados anteriormente, sem operador",MÉDIO RISCO,Regra 5,07.08.07,"Locação de máquinas e aparelhos de uso agrícola, industrial, comercial, serviço, doméstico, pessoal e médico hospitalar",nR1-08 (até 500) ; nR2-08 (de 501 a 5000) ; nR3-08 (acima de 5000),nR1-08,"500,00",nR2-08,5000,nR3-08,"5000,01",1.15,Estabelecimento de locação e Guarda de bens,VALIDAÇÃO
7739-0/99,"Aluguel de outras máquinas e equipamentos comerciais e industriais não especificados anteriormente, sem operador",BAIXO RISCO,Regra 5,07.12.13,"Escritório (inclusive virtual), sede de empresa, grupo de salas, centro empresarial",nR1-12 (até 1250) ;  nR2-12 (acima de 1250,nR1-12,1250,nR2-12,1250.01,-,-,1.01,"Administração, Organização e Planejamento",VALIDAÇÃO
7740-3/00,Gestão de ativos intangíveis não-financeiros,BAIXO RISCO,Regra 10,07.12.13,"Escritório (inclusive virtual), sede de empresa, grupo de salas, centro empresarial",nR1-12 (até 1250) ;  nR2-12 (acima de 1250),nR1-12,"1250,00",nR2-12,"1250,01",-,-,1.01,"Administração, Organização e Planejamento",VALIDAÇÃO
7810-8/00,Seleção e agenciamento de mão-de-obra,BAIXO RISCO,Regra 4,07.12.04,"Agência de representação de industria, comércio, agricultura e negócios em geral, agência de turismo, de publicidade, de informações, de empregos, de mensageiros e entrega de encomendas",nR1-12 (Até 350) ; nR2-12 (Acima de 350),nR1-12,350,nR2-12,350.01,-,-,1.14,Estabelecimento de Intermediação e Representação,VALIDAÇÃO
7810-8/00,Seleção e agenciamento de mão-de-obra,BAIXO RISCO,Regra 4,07.12.13,"Escritório (inclusive virtual), sede de empresa, grupo de salas, centro empresarial",nR1-12 (até 1250) ;  nR2-12 (acima de 1250),nR1-12,"1250,00",nR2-12,"1250,01",-,-,1.01,"Administração, Organização e Planejamento",VALIDAÇÃO
7820-5/00,Locação de mão-de-obra temporária,BAIXO RISCO,Regra 4,07.12.04,"Agência de representação de industria, comércio, agricultura e negócios em geral, agência de turismo, de publicidade, de informações, de empregos, de mensageiros e entrega de encomendas",nR1-12 (Até 350) ; nR2-12 (Acima de 350),nR1-12,350,nR2-12,350.01,-,-,1.14,Estabelecimento de Intermediação e Representação,VALIDAÇÃO
7820-5/00,Locação de mão-de-obra temporária,BAIXO RISCO,Regra 4,07.12.13,"Escritório (inclusive virtual), sede de empresa, grupo de salas, centro empresarial",nR1-12 (até 1250) ;  nR2-12 (acima de 1250),nR1-12,"1250,00",nR2-12,"1250,01",-,-,1.01,"Administração, Organização e Planejamento",VALIDAÇÃO
7830-2/00,Fornecimento e gestão de recursos humanos para terceiros,BAIXO RISCO,Regra 4,07.12.04,"Agência de representação de industria, comércio, agricultura e negócios em geral, agência de turismo, de publicidade, de informações, de empregos, de mensageiros e entrega de encomendas",nR1-12 (Até 350) ; nR2-12 (Acima de 350),nR1-12,350,nR2-12,350.01,-,-,1.14,Estabelecimento de Intermediação e Representação,VALIDAÇÃO
7830-2/00,Fornecimento e gestão de recursos humanos para terceiros,BAIXO RISCO,Regra 4,07.12.13,"Escritório (inclusive virtual), sede de empresa, grupo de salas, centro empresarial",nR1-12 (até 1250) ;  nR2-12 (acima de 1250),nR1-12,"1250,00",nR2-12,"1250,01",-,-,1.01,"Administração, Organização e Planejamento",VALIDAÇÃO
7911-2/00,Agências de viagens,BAIXO RISCO,Regra 4,07.12.04,"Agência de representação de industria, comércio, agricultura e negócios em geral, agência de turismo, de publicidade, de informações, de empregos, de mensageiros e entrega de encomendas",nR1-12 (Até 350) ; nR2-12 (Acima de 350),nR1-12,350,nR2-12,350.01,-,-,1.14,Estabelecimento de Intermediação e Representação,VALIDAÇÃO
7911-2/00,Agências de viagens,BAIXO RISCO,Regra 4,07.12.13,"Escritório (inclusive virtual), sede de empresa, grupo de salas, centro empresarial",nR1-12 (até 1250) ;  nR2-12 (acima de 1250),nR1-12,"1250,00",nR2-12,"1250,01",-,-,1.01,"Administração, Organização e Planejamento",VALIDAÇÃO
7912-1/00,Operadores turísticos,BAIXO RISCO,Regra 4,07.12.04,"Agência de representação de industria, comércio, agricultura e negócios em geral, agência de turismo, de publicidade, de informações, de empregos, de mensageiros e entrega de encomendas",nR1-12 (Até 350) ; nR2-12 (Acima de 350),nR1-12,350,nR2-12,350.01,-,-,1.14,Estabelecimento de Intermediação e Representação,VALIDAÇÃO
7912-1/00,Operadores turísticos,BAIXO RISCO,Regra 4,07.12.13,"Escritório (inclusive virtual), sede de empresa, grupo de salas, centro empresarial",nR1-12 (até 1250) ;  nR2-12 (acima de 1250),nR1-12,"1250,00",nR2-12,"1250,01",-,-,1.01,"Administração, Organização e Planejamento",VALIDAÇÃO
7990-2/00,Serviços de reservas e outros serviços de turismo não especificados anteriormente,BAIXO RISCO,Regra 4,07.12.04,"Agência de representação de industria, comércio, agricultura e negócios em geral, agência de turismo, de publicidade, de informações, de empregos, de mensageiros e entrega de encomendas",nR1-12 (Até 350) ; nR2-12 (Acima de 350),nR1-12,350,nR2-12,350.01,-,-,1.14,Estabelecimento de Intermediação e Representação,VALIDAÇÃO
7990-2/00,Serviços de reservas e outros serviços de turismo não especificados anteriormente,BAIXO RISCO,Regra 4,07.12.13,"Escritório (inclusive virtual), sede de empresa, grupo de salas, centro empresarial",nR1-12 (até 1250) ;  nR2-12 (acima de 1250),nR1-12,"1250,00",nR2-12,"1250,01",-,-,1.01,"Administração, Organização e Planejamento",VALIDAÇÃO
8011-1/01,Atividades de vigilância e segurança privada,MÉDIO RISCO,Regra 23,07.12.14,Outros serviços profissionais não classificados,nR1-12 (Até 350) ; nR2-12 (Acima de 350),nR1-12,350,nR2-12,350.01,-,-,1.18,Estabelecimentos não classificados nos  Itens 1.01 a 1.17,VALIDAÇÃO
8011-1/01,Atividades de vigilância e segurança privada,MÉDIO RISCO,Regra 23,07.12.13,"Escritório (inclusive virtual), sede de empresa, grupo de salas, centro empresarial",nR1-12 (até 1250) ;  nR2-12 (acima de 1250),nR1-12,"1250,00",nR2-12,"1250,01",-,-,1.01,"Administração, Organização e Planejamento",VALIDAÇÃO
8011-1/02,Serviços de adestramento de cães de guarda,BAIXO RISCO,Regra 4,07.12.13,"Escritório (inclusive virtual), sede de empresa, grupo de salas, centro empresarial",nR1-12 (até 1250) ;  nR2-12 (acima de 1250),nR1-12,"1250,00",nR2-12,"1250,01",-,-,1.01,"Administração, Organização e Planejamento",VALIDAÇÃO
8011-1/02,Serviços de adestramento de cães de guarda,BAIXO RISCO,Regra 4,07.12.02,Adestramento e serviço de hospedagem de animais de estimação,nR1-12 (Até 350) ; nR2-12 (Acima de 350),nR1-12,350,nR2-12,350.01,-,-,1.18,Estabelecimentos não classificados nos  Itens 1.01 a 1.17,VALIDAÇÃO
8012-9/00,Atividades de transporte de valores,MÉDIO RISCO,Regra 21,07.08.02,Central de armazenamento e distribuição de mercadoria e cargas em geral,nR1-08 (até 500) ; nR2-08 (de 501 a 5000) ; nR3-08 (acima de 5000),nR1-08,"500,00",nR2-08,5000,nR3-08,"5000,01",1.17,Estabelecimentos de Transportes e afins,SEMI EXPRESSO
8012-9/00,Atividades de transporte de valores,MÉDIO RISCO,Regra 21,07.12.13,"Escritório (inclusive virtual), sede de empresa, grupo de salas, centro empresarial",nR1-12 (até 1250) ;  nR2-12 (acima de 1250),nR1-12,"1250,00",nR2-12,"1250,01",-,-,1.01,"Administração, Organização e Planejamento",SEMI EXPRESSO
8020-0/01,Atividades de monitoramento de sistemas de segurança eletrônico,BAIXO RISCO,Regra 4,07.12.14,Outros serviços profissionais não classificados,nR1-12 (Até 350) ; nR2-12 (Acima de 350),nR1-12,350,nR2-12,350.01,-,-,1.18,Estabelecimentos não classificados nos  Itens 1.01 a 1.17,VALIDAÇÃO
8020-0/01,Atividades de monitoramento de sistemas de segurança eletrônico,BAIXO RISCO,Regra 4,07.12.13,"Escritório (inclusive virtual), sede de empresa, grupo de salas, centro empresarial",nR1-12 (até 1250) ;  nR2-12 (acima de 1250),nR1-12,"1250,00",nR2-12,"1250,01",-,-,1.01,"Administração, Organização e Planejamento",VALIDAÇÃO
8020-0/02,Outras atividades de serviços de segurança,MÉDIO RISCO,Regra 8,07.12.14,Outros serviços profissionais não classificados,nR1-12 (Até 350) ; nR2-12 (Acima de 350),nR1-12,350,nR2-12,350.01,-,-,1.18,Estabelecimentos não classificados nos  Itens 1.01 a 1.17,VALIDAÇÃO
8020-0/02,Outras atividades de serviços de segurança,BAIXO RISCO,Regra 8,07.12.13,"Escritório (inclusive virtual), sede de empresa, grupo de salas, centro empresarial",nR1-12 (até 1250) ;  nR2-12 (acima de 1250),nR1-12,"1250,00",nR2-12,"1250,01",-,-,1.01,"Administração, Organização e Planejamento",VALIDAÇÃO
8030-7/00,Atividades de investigação particular,BAIXO RISCO,Regra 4,07.12.14,Outros serviços profissionais não classificados,nR1-12 (Até 350) ; nR2-12 (Acima de 350),nR1-12,350,nR2-12,350.01,-,-,1.18,Estabelecimentos não classificados nos  Itens 1.01 a 1.17,VALIDAÇÃO
8030-7/00,Atividades de investigação particular,BAIXO RISCO,Regra 4,07.12.13,"Escritório (inclusive virtual), sede de empresa, grupo de salas, centro empresarial",nR1-12 (até 1250) ;  nR2-12 (acima de 1250),nR1-12,"1250,00",nR2-12,"1250,01",-,-,1.01,"Administração, Organização e Planejamento",VALIDAÇÃO
8111-7/00,"Serviços combinados para apoio a edifícios, exceto condomínios prediais",BAIXO RISCO,Regra 10,07.12.13,"Escritório (inclusive virtual), sede de empresa, grupo de salas, centro empresarial",nR1-12 (até 1250) ;  nR2-12 (acima de 1250),nR1-12,"1250,00",nR2-12,"1250,01",-,-,1.01,"Administração, Organização e Planejamento",VALIDAÇÃO
8112-5/00,Condomínios prediais,BAIXO RISCO,Regra 10,07.12.13,"Escritório (inclusive virtual), sede de empresa, grupo de salas, centro empresarial",nR1-12 (até 1250) ;  nR2-12 (acima de 1250),nR1-12,"1250,00",nR2-12,"1250,01",-,-,1.01,"Administração, Organização e Planejamento",VALIDAÇÃO
8121-4/00,Limpeza em prédios e em domicílios,MÉDIO RISCO,Regra 30,07.12.13,"Escritório (inclusive virtual), sede de empresa, grupo de salas, centro empresarial",nR1-12 (até 1250) ;  nR2-12 (acima de 1250),nR1-12,"1250,00",nR2-12,"1250,01",-,-,1.01,"Administração, Organização e Planejamento",EXPRESSO
8122-2/00,Imunização e controle de pragas urbanas,ALTO,Regra 46,07.09.17,"Outros serviços técnicos de confecção, manutenção e reparação não classificados",nR1-09 (Até 350) ; nR2-09 (Acima de 350),nR1-09,"350,00",nR2-09,"350,01",-,-,1.18,Estabelecimentos não classificados nos  Itens 1.01 a 1.17,VALIDAÇÃO
8122-2/00,Imunização e controle de pragas urbanas,ALTO,Regra 46,07.12.13,"Escritório (inclusive virtual), sede de empresa, grupo de salas, centro empresarial",nR1-12 (até 1250) ;  nR2-12 (acima de 1250),nR1-12,"1250,00",nR2-12,"1250,01",-,-,1.01,"Administração, Organização e Planejamento",VALIDAÇÃO
8129-0/00,Atividades de limpeza não especificadas anteriormente,MÉDIO RISCO,Regra 20,07.12.13,"Escritório (inclusive virtual), sede de empresa, grupo de salas, centro empresarial",nR1-12 (até 1250) ;  nR2-12 (acima de 1250),nR1-12,"1250,00",nR2-12,"1250,01",-,-,1.01,"Administração, Organização e Planejamento",VALIDAÇÃO
8129-0/00,Atividades de limpeza não especificadas anteriormente,MÉDIO RISCO,Regra 20,07.09.04,"Manutenção predial: serviços de eletricista, encanador, pedreiro, pintor, vidraceiro, jardineiro, serviço de raspagem e aplicação de revestimento etc",nR1-09 (Qualquer área),nR1-09,Q,-,Q,-,-,1.04,Construção civil,VALIDAÇÃO
8130-3/00,Atividades paisagísticas,BAIXO RISCO,Regra 4,07.09.04,"Manutenção predial: serviços de eletricista, encanador, pedreiro, pintor, vidraceiro, jardineiro, serviço de raspagem e aplicação de revestimento etc",nR1-09 (Qualquer área),nR1-09,Q,-,Q,-,-,1.04,Construção civil,VALIDAÇÃO
8130-3/00,Atividades paisagísticas,BAIXO RISCO,Regra 4,07.12.13,"Escritório (inclusive virtual), sede de empresa, grupo de salas, centro empresarial",nR1-12 (até 1250) ;  nR2-12 (acima de 1250),nR1-12,"1250,00",nR2-12,"1250,01",-,-,1.01,"Administração, Organização e Planejamento",VALIDAÇÃO
8211-3/00,Serviços combinados de escritório e apoio administrativo,MÉDIO RISCO,Regras 41 e 42,07.12.13,"Escritório (inclusive virtual), sede de empresa, grupo de salas, centro empresarial",nR1-12 (até 1250) ;  nR2-12 (acima de 1250),nR1-12,"1250,00",nR2-12,"1250,01",-,-,1.01,"Administração, Organização e Planejamento",VALIDAÇÃO
8219-9/01,Fotocópias,BAIXO RISCO,Regra 4,07.12.09,"Copiadora, gráfica, “lan house”",nR1-12 (Até 350) ; nR2-12 (Acima de 350),nR1-12,350,nR2-12,350.01,-,-,1.18,Estabelecimentos não classificados nos  Itens 1.01 a 1.17,VALIDAÇÃO
8219-9/01,Fotocópias,BAIXO RISCO,Regra 4,07.12.13,"Escritório (inclusive virtual), sede de empresa, grupo de salas, centro empresarial",nR1-12 (até 1250) ;  nR2-12 (acima de 1250),nR1-12,"1250,00",nR2-12,"1250,01",-,-,1.01,"Administração, Organização e Planejamento",VALIDAÇÃO
8219-9/99,Preparação de documentos e serviços especializados de apoio administrativo não especificados anteriormente,BAIXO RISCO,Regra 4,07.12.14,Outros serviços profissionais não classificados,nR1-12 (Até 350) ; nR2-12 (Acima de 350),nR1-12,350,nR2-12,350.01,-,-,1.18,Estabelecimentos não classificados nos  Itens 1.01 a 1.17,VALIDAÇÃO
8219-9/99,Preparação de documentos e serviços especializados de apoio administrativo não especificados anteriormente,BAIXO RISCO,Regra 4,07.12.13,"Escritório (inclusive virtual), sede de empresa, grupo de salas, centro empresarial",nR1-12 (até 1250) ;  nR2-12 (acima de 1250),nR1-12,"1250,00",nR2-12,"1250,01",-,-,1.01,"Administração, Organização e Planejamento",VALIDAÇÃO
8220-2/00,Atividades de teleatendimento,MÉDIO RISCO,Regra 20,07.12.10,Serviço de telemarketing,nR1-12 (Até 350) ; nR2-12 (Acima de 350),nR1-12,350,nR2-12,350.01,-,-,1.18,Estabelecimentos não classificados nos  Itens 1.01 a 1.17,VALIDAÇÃO
8220-2/00,Atividades de teleatendimento,MÉDIO RISCO,Regra 20,07.12.13,"Escritório (inclusive virtual), sede de empresa, grupo de salas, centro empresarial",nR1-12 (até 1250) ;  nR2-12 (acima de 1250),nR1-12,"1250,00",nR2-12,"1250,01",-,-,1.01,"Administração, Organização e Planejamento",VALIDAÇÃO
8230-0/01,"Serviços de organização de feiras, congressos, exposições e festas",MÉDIO RISCO,Regra 5,07.04.03,Show Room,nR2-04 (Qualquer área),nR2-04,Q,-,Q,-,-,1.01,"Administração, Organização e Planejamento",VALIDAÇÃO
8230-0/01,"Serviços de organização de feiras, congressos, exposições e festas",BAIXO RISCO,Regra 5,07.12.13,"Escritório (inclusive virtual), sede de empresa, grupo de salas, centro empresarial",nR1-12 (até 1250) ;  nR2-12 (acima de 1250),nR1-12,"1250,00",nR2-12,"1250,01",-,-,1.01,"Administração, Organização e Planejamento",VALIDAÇÃO
8230-0/02,Casas de festas e eventos,MÉDIO RISCO,Regra 21,07.07.05,"Boate, discoteca, casa de eventos, casa noturna",nR2-07 (Qualquer área),nR2-07,Q,-,Q,-,,1.05,Estabelecimentos de diversões públicas e Lazer,SEMI EXPRESSO
8230-0/02,Casas de festas e eventos,MÉDIO RISCO,Regra 21,07.12.13,"Escritório (inclusive virtual), sede de empresa, grupo de salas, centro empresarial",nR1-12 (até 1250) ;  nR2-12 (acima de 1250),nR1-12,"1250,00",nR2-12,"1250,01",-,-,1.01,"Administração, Organização e Planejamento",SEMI EXPRESSO
8291-1/00,Atividades de cobrança e informações cadastrais,BAIXO RISCO,Regra 10,07.12.13,"Escritório (inclusive virtual), sede de empresa, grupo de salas, centro empresarial",nR1-12 (até 1250) ;  nR2-12 (acima de 1250),nR1-12,"1250,00",nR2-12,"1250,01",-,-,1.01,"Administração, Organização e Planejamento",VALIDAÇÃO
8292-0/00,Envasamento e empacotamento sob contrato,MÉDIO RISCO,Regra 5,07.09.07,"Serviço de carga e recuperação de cartuchos, serviços de reparação de obras e objetos de arte, serviços de chaveiro e confecção de carimbos, serviços de entalhador, de maquetes e molduras, serviço de encadernação e restauração de livros, serviços de embalagem, rotulagem e encaixotamento",nR1-09 (Qualquer área),nR1-09,Q,-,Q,-,-,1.18,Estabelecimentos não classificados nos  Itens 1.01 a 1.17,VALIDAÇÃO
8292-0/00,Envasamento e empacotamento sob contrato,BAIXO RISCO,Regra 5,07.12.13,"Escritório (inclusive virtual), sede de empresa, grupo de salas, centro empresarial",nR1-12 (até 1250) ;  nR2-12 (acima de 1250),nR1-12,"1250,00",nR2-12,"1250,01",-,-,1.01,"Administração, Organização e Planejamento",VALIDAÇÃO
8299-7/01,"Medição de consumo de energia elétrica, gás e água",BAIXO RISCO,Regra 4,07.12.14,Outros serviços profissionais não classificados,nR1-12 (Até 350) ; nR2-12 (Acima de 350),nR1-12,350,nR2-12,350.01,-,-,1.18,Estabelecimentos não classificados nos  Itens 1.01 a 1.17,VALIDAÇÃO
8299-7/01,"Medição de consumo de energia elétrica, gás e água",BAIXO RISCO,Regra 4,07.12.13,"Escritório (inclusive virtual), sede de empresa, grupo de salas, centro empresarial",nR1-12 (até 1250) ;  nR2-12 (acima de 1250),nR1-12,"1250,00",nR2-12,"1250,01",-,-,1.01,"Administração, Organização e Planejamento",VALIDAÇÃO
8299-7/02,"Emissão de vales-alimentação, vales-transporte e similares",BAIXO RISCO,Regra 10,07.12.13,"Escritório (inclusive virtual), sede de empresa, grupo de salas, centro empresarial",nR1-12 (até 1250) ;  nR2-12 (acima de 1250),nR1-12,"1250,00",nR2-12,"1250,01",-,-,1.01,"Administração, Organização e Planejamento",VALIDAÇÃO
8299-7/03,"Serviços de gravação de carimbos, exceto confecção",BAIXO RISCO,Regra 4,07.09.07,"Serviço de carga e recuperação de cartuchos, serviços de reparação de obras e objetos de arte, serviços de chaveiro e confecção de carimbos, serviços de entalhador, de maquetes e molduras, serviço de encadernação e restauração de livros, serviços de embalagem, rotulagem e encaixotamento",nR1-09 (Qualquer área),nR1-09,Q,-,Q,-,-,1.18,Estabelecimentos não classificados nos  Itens 1.01 a 1.17,VALIDAÇÃO
8299-7/03,"Serviços de gravação de carimbos, exceto confecção",BAIXO RISCO,Regra 4,07.12.13,"Escritório (inclusive virtual), sede de empresa, grupo de salas, centro empresarial",nR1-12 (até 1250) ;  nR2-12 (acima de 1250),nR1-12,"1250,00",nR2-12,"1250,01",-,-,1.01,"Administração, Organização e Planejamento",VALIDAÇÃO
8299-7/04,Leiloeiros independentes,BAIXO RISCO,Regra 4,07.12.14,Outros serviços profissionais não classificados,nR1-12 (Até 350) ; nR2-12 (Acima de 350),nR1-12,350,nR2-12,350.01,-,-,1.18,Estabelecimentos não classificados nos  Itens 1.01 a 1.17,VALIDAÇÃO
8299-7/04,Leiloeiros independentes,BAIXO RISCO,Regra 4,07.12.13,"Escritório (inclusive virtual), sede de empresa, grupo de salas, centro empresarial",nR1-12 (até 1250) ;  nR2-12 (acima de 1250),nR1-12,"1250,00",nR2-12,"1250,01",-,-,1.01,"Administração, Organização e Planejamento",VALIDAÇÃO
8299-7/05,Serviços de levantamento de fundos sob contrato,BAIXO RISCO,Regra 10,07.12.13,"Escritório (inclusive virtual), sede de empresa, grupo de salas, centro empresarial",nR1-12 (até 1250) ;  nR2-12 (acima de 1250),nR1-12,"1250,00",nR2-12,"1250,01",-,-,1.01,"Administração, Organização e Planejamento",VALIDAÇÃO
8299-7/06,Casas lotéricas,BAIXO RISCO,Regra 4,07.12.05,"Agência bancária, de capitalização e poupança, de cobrança, de crédito, de financiamento e investimento, casa lotérica",nR1-12 (Até 350) ; nR2-12 (Acima de 350),nR1-12,350,nR2-12,350.01,-,-,1.08,"Estabelecimento financeiro, de Seguros e capitalização, inclusive Autorizados pelo Banco Central",VALIDAÇÃO
8299-7/06,Casas lotéricas,BAIXO RISCO,Regra 4,07.12.13,"Escritório (inclusive virtual), sede de empresa, grupo de salas, centro empresarial",nR1-12 (até 1250) ;  nR2-12 (acima de 1250),nR1-12,"1250,00",nR2-12,"1250,01",-,-,1.01,"Administração, Organização e Planejamento",VALIDAÇÃO
8299-7/07,Salas de acesso à internet,BAIXO RISCO,Regra 4,07.12.09,"Copiadora, gráfica, “lan house”",nR1-12 (Até 350) ; nR2-12 (Acima de 350),nR1-12,350,nR2-12,350.01,-,-,1.09,"Estabelecimentos fotográficos, de Produção Cinematográfica e Afins",VALIDAÇÃO
8299-7/07,Salas de acesso à internet,BAIXO RISCO,Regra 4,07.12.13,"Escritório (inclusive virtual), sede de empresa, grupo de salas, centro empresarial",nR1-12 (até 1250) ;  nR2-12 (acima de 1250),nR1-12,"1250,00",nR2-12,"1250,01",-,-,1.01,"Administração, Organização e Planejamento",VALIDAÇÃO
8299-7/99,Outras atividades de serviços prestados principalmente às empresas não especificadas anteriormente,BAIXO RISCO,Regra 10,07.12.13,"Escritório (inclusive virtual), sede de empresa, grupo de salas, centro empresarial",nR1-12 (até 1250) ;  nR2-12 (acima de 1250),nR1-12,"1250,00",nR2-12,"1250,01",-,-,1.01,"Administração, Organização e Planejamento",VALIDAÇÃO
8411-6/00,Administração pública em geral,BAIXO RISCO,Regra 38,07.11.03,"Órgãos dos poderes executivo, legislativo e judiciário",nR2-11 (Qualquer área),nR2-11,Q,-,Q,-,,1.01,"Administração, Organização e Planejamento",VALIDAÇÃO
8411-6/00,Administração pública em geral,BAIXO RISCO,Regra 38,07.12.13,"Escritório (inclusive virtual), sede de empresa, grupo de salas, centro empresarial",nR1-12 (até 1250) ;  nR2-12 (acima de 1250),nR1-12,"1250,00",nR2-12,"1250,01",-,-,1.01,"Administração, Organização e Planejamento",VALIDAÇÃO
8412-4/00,"Regulação das atividades de saúde, educação, serviços culturais e outros serviços sociais",BAIXO RISCO,Regra 38,07.11.01,"Gestão e administração de serviços públicos, concessionárias de serviços públicos, cartórios",nR2-11 (Qualquer área),nR2-11,Q,-,Q,-,,1.01,"Administração, Organização e Planejamento",VALIDAÇÃO
8412-4/00,"Regulação das atividades de saúde, educação, serviços culturais e outros serviços sociais",BAIXO RISCO,Regra 38,07.11.03,"Órgãos dos poderes executivo, legislativo e judiciário",nR2-11 (Qualquer área),nR2-11,Q,-,Q,-,,1.01,"Administração, Organização e Planejamento",VALIDAÇÃO
8412-4/00,"Regulação das atividades de saúde, educação, serviços culturais e outros serviços sociais",BAIXO RISCO,Regra 38,07.12.13,"Escritório (inclusive virtual), sede de empresa, grupo de salas, centro empresarial",nR1-12 (até 1250) ;  nR2-12 (acima de 1250),nR1-12,"1250,00",nR2-12,"1250,01",-,-,1.01,"Administração, Organização e Planejamento",VALIDAÇÃO
8413-2/00,Regulação das atividades econômicas,BAIXO RISCO,Regra 38,07.11.01,"Gestão e administração de serviços públicos, concessionárias de serviços públicos, cartórios",nR2-11 (Qualquer área),nR2-11,Q,-,Q,-,,1.01,"Administração, Organização e Planejamento",VALIDAÇÃO
8413-2/00,Regulação das atividades econômicas,BAIXO RISCO,Regra 38,07.11.03,"Órgãos dos poderes executivo, legislativo e judiciário",nR2-11 (Qualquer área),nR2-11,Q,-,Q,-,,1.01,"Administração, Organização e Planejamento",VALIDAÇÃO
8413-2/00,Regulação das atividades econômicas,BAIXO RISCO,Regra 38,07.12.13,"Escritório (inclusive virtual), sede de empresa, grupo de salas, centro empresarial",nR1-12 (até 1250) ;  nR2-12 (acima de 1250),nR1-12,"1250,00",nR2-12,"1250,01",-,-,1.01,"Administração, Organização e Planejamento",VALIDAÇÃO
8421-3/00,Relações exteriores,BAIXO RISCO,Regra 38,07.11.03,"Órgãos dos poderes executivo, legislativo e judiciário",nR2-11 (Qualquer área),nR2-11,Q,-,Q,-,,1.01,"Administração, Organização e Planejamento",VALIDAÇÃO
8421-3/00,Relações exteriores,BAIXO RISCO,Regra 38,07.12.13,"Escritório (inclusive virtual), sede de empresa, grupo de salas, centro empresarial",nR1-12 (até 1250) ;  nR2-12 (acima de 1250),nR1-12,"1250,00",nR2-12,"1250,01",-,-,1.01,"Administração, Organização e Planejamento",VALIDAÇÃO
8422-1/00,Defesa,BAIXO RISCO,Regra 38,07.11.03,"Órgãos dos poderes executivo, legislativo e judiciário",nR2-11 (Qualquer área),nR2-11,Q,-,Q,-,,1.01,"Administração, Organização e Planejamento",VALIDAÇÃO
8422-1/00,Defesa,BAIXO RISCO,Regra 38,07.12.13,"Escritório (inclusive virtual), sede de empresa, grupo de salas, centro empresarial",nR1-12 (até 1250) ;  nR2-12 (acima de 1250),nR1-12,"1250,00",nR2-12,"1250,01",-,-,1.01,"Administração, Organização e Planejamento",VALIDAÇÃO
8423-0/00,Justiça,BAIXO RISCO,Regra 39,07.11.03,"Órgãos dos poderes executivo, legislativo e judiciário",nR2-11 (Qualquer área),nR2-11,Q,-,Q,-,,1.01,"Administração, Organização e Planejamento",VALIDAÇÃO
8423-0/00,Justiça,BAIXO RISCO,Regra 39,07.12.13,"Escritório (inclusive virtual), sede de empresa, grupo de salas, centro empresarial",nR1-12 (até 1250) ;  nR2-12 (acima de 1250),nR1-12,"1250,00",nR2-12,"1250,01",-,-,1.01,"Administração, Organização e Planejamento",VALIDAÇÃO
8424-8/00,Segurança e ordem pública,BAIXO RISCO,Regra 38,07.11.03,"Órgãos dos poderes executivo, legislativo e judiciário",nR2-11 (Qualquer área),nR2-11,Q,-,Q,-,,1.01,"Administração, Organização e Planejamento",VALIDAÇÃO
8424-8/00,Segurança e ordem pública,BAIXO RISCO,Regra 38,07.11.05,Posto Policial,nR2-11 (Qualquer área),nR2-11,Q,-,Q,-,,1.01,"Administração, Organização e Planejamento",VALIDAÇÃO
8424-8/00,Segurança e ordem pública,BAIXO RISCO,Regra 38,07.12.13,"Escritório (inclusive virtual), sede de empresa, grupo de salas, centro empresarial",nR1-12 (até 1250) ;  nR2-12 (acima de 1250),nR1-12,"1250,00",nR2-12,"1250,01",-,-,1.01,"Administração, Organização e Planejamento",VALIDAÇÃO
8425-6/00,Defesa Civil,BAIXO RISCO,Regra 38,07.11.03,"Órgãos dos poderes executivo, legislativo e judiciário",nR2-11 (Qualquer área),nR2-11,Q,-,Q,-,,1.01,"Administração, Organização e Planejamento",VALIDAÇÃO
8425-6/00,Defesa Civil,BAIXO RISCO,Regra 38,07.12.13,"Escritório (inclusive virtual), sede de empresa, grupo de salas, centro empresarial",nR1-12 (até 1250) ;  nR2-12 (acima de 1250),nR1-12,"1250,00",nR2-12,"1250,01",-,-,1.01,"Administração, Organização e Planejamento",VALIDAÇÃO
8430-2/00,Seguridade social obrigatória,BAIXO RISCO,Regra 38,07.11.03,"Órgãos dos poderes executivo, legislativo e judiciário",nR2-11 (Qualquer área),nR2-11,Q,-,Q,-,,1.01,"Administração, Organização e Planejamento",VALIDAÇÃO
8430-2/00,Seguridade social obrigatória,BAIXO RISCO,Regra 38,07.12.13,"Escritório (inclusive virtual), sede de empresa, grupo de salas, centro empresarial",nR1-12 (até 1250) ;  nR2-12 (acima de 1250),nR1-12,"1250,00",nR2-12,"1250,01",-,-,1.01,"Administração, Organização e Planejamento",VALIDAÇÃO
8511-2/00,Educação infantil - creche,ALTO,Regra 46,07.06.02,"Creche, berçário, brinquedoteca",nR1-06 (Qualquer área),nR1-06,Q,-,Q,-,,1.06,Estabelecimentos de Ensino,VALIDAÇÃO
8511-2/00,Educação infantil - creche,ALTO,Regra 46,07.12.13,"Escritório (inclusive virtual), sede de empresa, grupo de salas, centro empresarial",nR1-12 (até 1250) ;  nR2-12 (acima de 1250)),nR1-12,"1250,00",nR2-12,"1250,01",,,1.01,"Administração, Organização e Planejamento",VALIDAÇÃO
8512-1/00,Educação infantil - pré-escola,MÉDIO RISCO,Regra 21,07.06.05,"Educação pré-escolar, educação fundamental",nR1-06 (Qualquer área),nR1-06,Q,-,Q,-,-,1.06,Estabelecimentos de Ensino,SEMI EXPRESSO
8512-1/00,Educação infantil - pré-escola,MÉDIO RISCO,Regra 21,07.12.13,"Escritório (inclusive virtual), sede de empresa, grupo de salas, centro empresarial",nR1-12 (até 1250) ;  nR2-12 (acima de 1250)),nR1-12,"1250,00",nR2-12,"1250,01",-,-,1.01,"Administração, Organização e Planejamento",SEMI EXPRESSO
8513-9/00,Ensino fundamental,MÉDIO RISCO,Regra 21,07.06.05,"Educação pré-escolar, educação fundamental",nR1-06 (Qualquer área),nR1-06,Q,-,Q,-,-,1.06,Estabelecimentos de Ensino,SEMI EXPRESSO
8513-9/00,Ensino fundamental,MÉDIO RISCO,Regra 21,07.12.13,"Escritório (inclusive virtual), sede de empresa, grupo de salas, centro empresarial",nR1-12 (até 1250) ;  nR2-12 (acima de 1250)),nR1-12,"1250,00",nR2-12,"1250,01",-,-,1.01,"Administração, Organização e Planejamento",SEMI EXPRESSO
8520-1/00,Ensino médio,MÉDIO RISCO,Regra 21,07.06.07,"Educação média e formação geral, técnica e profissional",nR2-06 (Qualquer área),nR2-06,Q,-,Q,-,,1.06,Estabelecimentos de Ensino,SEMI EXPRESSO
8520-1/00,Ensino médio,MÉDIO RISCO,Regra 21,07.12.13,"Escritório (inclusive virtual), sede de empresa, grupo de salas, centro empresarial",nR1-12 (até 1250) ;  nR2-12 (acima de 1250)),nR1-12,"1250,00",nR2-12,"1250,01",,,1.01,"Administração, Organização e Planejamento",SEMI EXPRESSO
8531-7/00,Educação superior - graduação,MÉDIO RISCO,Regra 21,07.06.08,Educação superior,nR2-06 (Qualquer área),nR2-06,Q,-,Q,-,,1.06,Estabelecimentos de Ensino,SEMI EXPRESSO
8531-7/00,Educação superior - graduação,MÉDIO RISCO,Regra 21,07.12.13,"Escritório (inclusive virtual), sede de empresa, grupo de salas, centro empresarial",nR1-12 (até 1250) ;  nR2-12 (acima de 1250)),nR1-12,"1250,00",nR2-12,"1250,01",,,1.01,"Administração, Organização e Planejamento",SEMI EXPRESSO
8532-5/00,Educação superior - graduação e pós-graduação,MÉDIO RISCO,Regra 21,07.06.09,"Cursos de pós-graduação, atividades de pesquisa e desenvolvimento da ciência",nR2-06 (Qualquer área),nR2-06,Q,-,Q,-,,1.06,Estabelecimentos de Ensino,SEMI EXPRESSO
8532-5/00,Educação superior - graduação e pós-graduação,MÉDIO RISCO,Regra 21,07.12.13,"Escritório (inclusive virtual), sede de empresa, grupo de salas, centro empresarial",nR1-12 (até 1250) ;  nR2-12 (acima de 1250)),nR1-12,"1250,00",nR2-12,"1250,01",,,1.01,"Administração, Organização e Planejamento",SEMI EXPRESSO
8533-3/00,Educação superior - pós-graduação e extensão,MÉDIO RISCO,Regra 21,07.06.09,"Cursos de pós-graduação, atividades de pesquisa e desenvolvimento da ciência",nR2-06 (Qualquer área),nR2-06,Q,-,Q,-,,1.06,Estabelecimentos de Ensino,SEMI EXPRESSO
8533-3/00,Educação superior - pós-graduação e extensão,MÉDIO RISCO,Regra 21,07.12.13,"Escritório (inclusive virtual), sede de empresa, grupo de salas, centro empresarial",nR1-12 (até 1250) ;  nR2-12 (acima de 1250)),nR1-12,"1250,00",nR2-12,"1250,01",,,1.01,"Administração, Organização e Planejamento",SEMI EXPRESSO
8541-4/00,Educação profissional de nível técnico,MÉDIO RISCO,Regra 21,07.06.07,"Educação média e formação geral, técnica e profissional",nR2-06 (Qualquer área),nR2-06,Q,-,Q,-,,1.06,Estabelecimentos de Ensino,SEMI EXPRESSO
8541-4/00,Educação profissional de nível técnico,MÉDIO RISCO,Regra 21,07.12.13,"Escritório (inclusive virtual), sede de empresa, grupo de salas, centro empresarial",nR1-12 (até 1250) ;  nR2-12 (acima de 1250)),nR1-12,"1250,00",nR2-12,"1250,01",,,1.01,"Administração, Organização e Planejamento",SEMI EXPRESSO
8542-2/00,Educação profissional de nível tecnológico,MÉDIO RISCO,Regra 21,07.06.08,Educação superior,nR2-06 (Qualquer área),nR2-06,Q,-,Q,-,,1.06,Estabelecimentos de Ensino,SEMI EXPRESSO
8542-2/00,Educação profissional de nível tecnológico,MÉDIO RISCO,Regra 21,07.12.13,"Escritório (inclusive virtual), sede de empresa, grupo de salas, centro empresarial",nR1-12 (até 1250) ;  nR2-12 (acima de 1250)),nR1-12,"1250,00",nR2-12,"1250,01",,,1.01,"Administração, Organização e Planejamento",SEMI EXPRESSO
8550-3/01,Administração de caixas escolares,MÉDIO RISCO,Regra 44,07.12.13,"Escritório (inclusive virtual), sede de empresa, grupo de salas, centro empresarial",nR1-12 (até 1250) ;  nR2-12 (acima de 1250),nR1-12,"1250,00",nR2-12,"1250,01",-,-,1.01,"Administração, Organização e Planejamento",SEMI EXPRESSO
8550-3/02,"Atividades de apoio à educação, exceto caixas escolares",BAIXO RISCO,Regra 4,07.06.12,"Outros serviços educacionais, de habilitação e de assistência social não classificados",nR1-06 (Até 350) ; nR2-06 (Acima de 350),nR1-06,"350,00",nR2-06,"350,01",,,6.00,Estabelecimentos não classificados nos Códigos 3.00 a 5.00,VALIDAÇÃO
8550-3/02,"Atividades de apoio à educação, exceto caixas escolares",BAIXO RISCO,Regra 4,07.12.13,"Escritório (inclusive virtual), sede de empresa, grupo de salas, centro empresarial",nR1-12 (até 1250) ;  nR2-12 (acima de 1250)),nR1-12,"1250,00",nR2-12,"1250,01",,,1.01,"Administração, Organização e Planejamento",VALIDAÇÃO
8591-1/00,Ensino de esportes,MÉDIO RISCO,Regra 15,07.06.03,"Cursos de artes e ofícios, de instrumentos musicais, de língua estrangeira, de esporte e dança",nR1-06 (Qualquer área),nR1-06,Q,-,Q,-,,1.06,Estabelecimentos de Ensino,VALIDAÇÃO
8591-1/00,Ensino de esportes,BAIXO RISCO,Regra 15,07.12.13,"Escritório (inclusive virtual), sede de empresa, grupo de salas, centro empresarial",nR1-12 (até 1250) ;  nR2-12 (acima de 1250)),nR1-12,"1250,00",nR2-12,"1250,01",,,1.01,"Administração, Organização e Planejamento",VALIDAÇÃO
8592-9/01,Ensino de dança,MÉDIO RISCO,Regra 15,07.06.03,"Cursos de artes e ofícios, de instrumentos musicais, de língua estrangeira, de esporte e dança",nR1-06 (Qualquer área),nR1-06,Q,-,Q,-,,1.06,Estabelecimentos de Ensino,VALIDAÇÃO
8592-9/01,Ensino de dança,BAIXO RISCO,Regra 15,07.12.13,"Escritório (inclusive virtual), sede de empresa, grupo de salas, centro empresarial",nR1-12 (até 1250) ;  nR2-12 (acima de 1250)),nR1-12,"1250,00",nR2-12,"1250,01",,,1.01,"Administração, Organização e Planejamento",VALIDAÇÃO
8592-9/02,"Ensino de artes cênicas, exceto dança",MÉDIO RISCO,Regra 15,07.06.03,"Cursos de artes e ofícios, de instrumentos musicais, de língua estrangeira, de esporte e dança",nR1-06 (Qualquer área),nR1-06,Q,-,Q,-,,1.06,Estabelecimentos de Ensino,VALIDAÇÃO
8592-9/02,"Ensino de artes cênicas, exceto dança",BAIXO RISCO,Regra 15,07.12.13,"Escritório (inclusive virtual), sede de empresa, grupo de salas, centro empresarial",nR1-12 (até 1250) ;  nR2-12 (acima de 1250),nR1-12,"1250,00",nR2-12,"1250,01",-,-,1.01,"Administração, Organização e Planejamento",VALIDAÇÃO
8592-9/03,Ensino de música,MÉDIO RISCO,Regra 15,07.06.03,"Cursos de artes e ofícios, de instrumentos musicais, de língua estrangeira, de esporte e dança",nR1-06 (Qualquer área),nR1-06,Q,-,Q,-,,1.06,Estabelecimentos de Ensino,VALIDAÇÃO
8592-9/03,Ensino de música,BAIXO RISCO,Regra 15,07.12.13,"Escritório (inclusive virtual), sede de empresa, grupo de salas, centro empresarial",nR1-12 (até 1250) ;  nR2-12 (acima de 1250),nR1-12,"1250,00",nR2-12,"1250,01",-,-,1.01,"Administração, Organização e Planejamento",VALIDAÇÃO
8592-9/99,Ensino de arte e cultura não especificado anteriormente,MÉDIO RISCO,Regra 15,07.06.03,"Cursos de artes e ofícios, de instrumentos musicais, de língua estrangeira, de esporte e dança",nR1-06 (Qualquer área),nR1-06,Q,-,Q,-,,1.06,Estabelecimentos de Ensino,VALIDAÇÃO
8592-9/99,Ensino de arte e cultura não especificado anteriormente,BAIXO RISCO,Regra 15,07.12.13,"Escritório (inclusive virtual), sede de empresa, grupo de salas, centro empresarial",nR1-12 (até 1250) ;  nR2-12 (acima de 1250),nR1-12,"1250,00",nR2-12,"1250,01",-,-,1.01,"Administração, Organização e Planejamento",VALIDAÇÃO
8593-7/00,Ensino de idiomas,MÉDIO RISCO,Regra 15,07.06.03,"Cursos de artes e ofícios, de instrumentos musicais, de língua estrangeira, de esporte e dança",nR1-06 (Qualquer área),nR1-06,Q,-,Q,-,,1.06,Estabelecimentos de Ensino,VALIDAÇÃO
8593-7/00,Ensino de idiomas,BAIXO RISCO,Regra 15,07.12.13,"Escritório (inclusive virtual), sede de empresa, grupo de salas, centro empresarial",nR1-12 (até 1250) ;  nR2-12 (acima de 1250),nR1-12,"1250,00",nR2-12,"1250,01",-,-,1.01,"Administração, Organização e Planejamento",VALIDAÇÃO
8599-6/01,Formação de condutores,MÉDIO RISCO,Regra 23,07.06.06,Ensino em autoescolas e curso de pilotagem,nR1-06 (Qualquer área),nR1-06,Q,-,Q,-,-,1.06,Estabelecimentos de Ensino,VALIDAÇÃO
8599-6/01,Formação de condutores,MÉDIO RISCO,Regra 23,07.12.13,"Escritório (inclusive virtual), sede de empresa, grupo de salas, centro empresarial",nR1-12 (até 1250) ;  nR2-12 (acima de 1250),nR1-12,1250,nR2-12,1250.01,-,-,1.01,"Administração, Organização e Planejamento",VALIDAÇÃO
8599-6/02,Cursos de pilotagem,MÉDIO RISCO,Regra 23,07.06.06,Ensino em autoescolas e curso de pilotagem,nR1-06 (Qualquer área),nR1-06,Q,-,Q,-,-,1.06,Estabelecimentos de Ensino,VALIDAÇÃO
8599-6/02,Cursos de pilotagem,MÉDIO RISCO,Regra 23,07.12.13,"Escritório (inclusive virtual), sede de empresa, grupo de salas, centro empresarial",nR1-12 (até 1250) ;  nR2-12 (acima de 1250),nR1-12,1250,nR2-12,1250.01,-,-,1.01,"Administração, Organização e Planejamento",VALIDAÇÃO
8599-6/03,Treinamento em informática,MÉDIO RISCO,Regra 15,07.06.12,"Outros serviços educacionais, de habilitação e de assistência social não classificados",nR1-06 (Até 350) ; nR2-06 (Acima de 350),nR1-06,"350,00",nR2-06,"350,01",-,-,1.18,Estabelecimentos não classificados nos  Itens 1.01 a 1.17,VALIDAÇÃO
8599-6/03,Treinamento em informática,BAIXO RISCO,Regra 15,07.12.13,"Escritório (inclusive virtual), sede de empresa, grupo de salas, centro empresarial",nR1-12 (até 1250) ;  nR2-12 (acima de 1250),nR1-12,1250,nR2-12,1250.01,-,-,1.01,"Administração, Organização e Planejamento",VALIDAÇÃO
8599-6/04,Treinamento em desenvolvimento profissional e gerencial,MÉDIO RISCO,Regra 15,07.06.12,"Outros serviços educacionais, de habilitação e de assistência social não classificados",nR1-06 (Até 350) ; nR2-06 (Acima de 350),nR1-06,"350,00",nR2-06,"350,01",-,-,1.18,Estabelecimentos não classificados nos  Itens 1.01 a 1.17,VALIDAÇÃO
8599-6/04,Treinamento em desenvolvimento profissional e gerencial,BAIXO RISCO,Regra 15,07.12.13,"Escritório (inclusive virtual), sede de empresa, grupo de salas, centro empresarial",nR1-12 (até 1250) ; nR2-12 (acima de 1250),nR1-12,1250,nR2-12,1250.01,-,-,1.01,"Administração, Organização e Planejamento",VALIDAÇÃO
8599-6/05,Cursos preparatórios para concursos,MÉDIO RISCO,Regra 15,07.06.10,"Cursos preparatórios para exames, ensino supletivo e especial",nR2-06 (Qualquer área),nR2-06,Q,-,Q,-,-,1.06,Estabelecimentos de Ensino,VALIDAÇÃO
8599-6/05,Cursos preparatórios para concursos,BAIXO RISCO,Regra 15,07.12.13,"Escritório (inclusive virtual), sede de empresa, grupo de salas, centro empresarial",nR1-12 (até 1250) ;  nR2-12 (acima de 1250),nR1-12,1250,nR2-12,1250.01,-,-,1.01,"Administração, Organização e Planejamento",VALIDAÇÃO
8599-6/99,Outras atividades de ensino não especificadas anteriormente,MÉDIO RISCO,Regra 15,07.06.12,"Outros serviços educacionais, de habilitação e de assistência social não classificados",nR1-06 (Até 350) ; nR2-06 (Acima de 350),nR1-06,"350,00",nR2-06,"350,01",-,-,1.06,Estabelecimentos de Ensino,VALIDAÇÃO
8599-6/99,Outras atividades de ensino não especificadas anteriormente,BAIXO RISCO,Regra 15,07.12.13,"Escritório (inclusive virtual), sede de empresa, grupo de salas, centro empresarial",nR1-12 (até 1250) ;  nR2-12 (acima de 1250),nR1-12,1250,nR2-12,1250.01,-,-,1.01,"Administração, Organização e Planejamento",VALIDAÇÃO
8610-1/01,"Atividades de atendimento hospitalar, exceto pronto-socorro e unidades para atendimento a urgências",ALTO,Regra 47,07.05.03,"Clínica médica, clínica odontológica, clínica veterinária, centro de diagnósticos, laboratório de análises clínicas (a)",nR1-05 (Até 500) ; nR2-05 (Acima de 500),nR1-05,"500,00",nR2-05,"500,01",,,1.16,Estabelecimentos de Saúde,VALIDAÇÃO
8610-1/01,"Atividades de atendimento hospitalar, exceto pronto-socorro e unidades para atendimento a urgências",ALTO,Regra 47,07.05.06,Centro médico e/ou odontológico (a),nR1-05 (Até 500) ; nR2-05 (Acima de 500),nR1-05,"500,00",nR2-05,"500,01",,,1.16,Estabelecimentos de Saúde,VALIDAÇÃO
8610-1/01,"Atividades de atendimento hospitalar, exceto pronto-socorro e unidades para atendimento a urgências",ALTO,Regra 47,07.05.08,"Hospital, maternidade (a)",nR1-05 (Até 500) ; nR2-05 (Acima de 500),nR1-05,"500,00",nR2-05,"500,01",,,1.16,Estabelecimentos de Saúde,VALIDAÇÃO
8610-1/01,"Atividades de atendimento hospitalar, exceto pronto-socorro e unidades para atendimento a urgências",ALTO,Regra 47,07.05.07,"""Day Hospital"" (a)",nR1-05 (Até 500) ; nR2-05 (Acima de 500),nR1-05,"500,00",nR2-05,"500,01",,,1.16,Estabelecimentos de Saúde,VALIDAÇÃO
8610-1/01,"Atividades de atendimento hospitalar, exceto pronto-socorro e unidades para atendimento a urgências",ALTO,Regra 47,07.12.13,"Escritório (inclusive virtual), sede de empresa, grupo de salas, centro empresarial",nR1-12 (até 1250) ;  nR2-12 (acima de 1250),nR1-12,"1250,00",nR2-12,"1250,01",-,-,1.01,"Administração, Organização e Planejamento",VALIDAÇÃO
8610-1/02,Atividades de atendimento em pronto-socorro e unidades hospitalares para atendimento a urgências,ALTO,Regra 47,07.05.08,"Hospital, maternidade (a)",nR1-05 (Até 500) ; nR2-05 (Acima de 500),nR1-05,"500,00",nR2-05,"500,01",,,1.16,Estabelecimentos de Saúde,VALIDAÇÃO
8610-1/02,Atividades de atendimento em pronto-socorro e unidades hospitalares para atendimento a urgências,ALTO,Regra 47,07.05.09,Outros serviços de assistência à saúde não classificados,nR1-05 (Até 500) ; nR2-05 (Acima de 500),nR1-05,"500,00",nR2-05,"500,01",,,1.16,Estabelecimentos de Saúde,VALIDAÇÃO
8610-1/02,Atividades de atendimento em pronto-socorro e unidades hospitalares para atendimento a urgências,ALTO,Regra 47,07.12.13,"Escritório (inclusive virtual), sede de empresa, grupo de salas, centro empresarial",nR1-12 (até 1250) ;  nR2-12 (acima de 1250),nR1-12,"1250,00",nR2-12,"1250,01",-,-,1.01,"Administração, Organização e Planejamento",VALIDAÇÃO
8621-6/01,UTI móvel,ALTO,Regra 48,07.05.05,"Empresa de assistência domiciliar ou ""home care"", serviços de ambulância, serviços de UTI móvel",nR1-05 (Até 500) ; nR2-05 (Acima de 500),nR1-05,"500,00",nR2-05,"500,01",,,1.16,Estabelecimentos de Saúde,VALIDAÇÃO
8621-6/01,UTI móvel,ALTO,Regra 48,07.12.13,"Escritório (inclusive virtual), sede de empresa, grupo de salas, centro empresarial",nR1-12 (até 1250) ;  nR2-12 (acima de 1250),nR1-12,"1250,00",nR2-12,"1250,01",-,-,1.01,"Administração, Organização e Planejamento",VALIDAÇÃO
8621-6/02,"Serviços móveis de atendimento a urgências, exceto por UTI móvel",ALTO,Regra 48,07.05.05,"Empresa de assistência domiciliar ou ""home care"", serviços de ambulância, serviços de UTI móvel",nR1-05 (Até 500) ; nR2-05 (Acima de 500),nR1-05,"500,00",nR2-05,"500,01",,,1.16,Estabelecimentos de Saúde,VALIDAÇÃO
8621-6/02,"Serviços móveis de atendimento a urgências, exceto por UTI móvel",ALTO,Regra 48,07.12.13,"Escritório (inclusive virtual), sede de empresa, grupo de salas, centro empresarial",nR1-12 (até 1250) ;  nR2-12 (acima de 1250),nR1-12,"1250,00",nR2-12,"1250,01",-,-,1.01,"Administração, Organização e Planejamento",VALIDAÇÃO
8622-4/00,"Serviços de remoção de pacientes, exceto os serviços móveis de atendimento a urgências",MÉDIO RISCO,Regra 20,07.05.05,"Empresa de assistência domiciliar ou ""home care"", serviços de ambulância, serviços de UTI móvel",nR1-05 (Até 500) ; nR2-05 (Acima de 500),nR1-05,"500,00",nR2-05,"500,01",,,1.16,Estabelecimentos de Saúde,VALIDAÇÃO
8622-4/00,"Serviços de remoção de pacientes, exceto os serviços móveis de atendimento a urgências",MÉDIO RISCO,Regra 20,07.12.13,"Escritório (inclusive virtual), sede de empresa, grupo de salas, centro empresarial",nR1-12 (até 1250) ;  nR2-12 (acima de 1250),nR1-12,"1250,00",nR2-12,"1250,01",-,-,1.01,"Administração, Organização e Planejamento",VALIDAÇÃO
8630-5/01,Atividade médica ambulatorial com recursos para realização de procedimentos cirúrgicos,ALTO,Regra 48,07.05.03,"Clínica médica, clínica odontológica, clínica veterinária, centro de diagnósticos, laboratório de análises clínicas (a)",nR1-05 (Até 500) ; nR2-05 (Acima de 500),nR1-05,"500,00",nR2-05,"500,01",,,1.16,Estabelecimentos de Saúde,VALIDAÇÃO
8630-5/01,Atividade médica ambulatorial com recursos para realização de procedimentos cirúrgicos,ALTO,Regra 48,07.12.13,"Escritório (inclusive virtual), sede de empresa, grupo de salas, centro empresarial",nR1-12 (até 1250) ;  nR2-12 (acima de 1250),nR1-12,"1250,00",nR2-12,"1250,01",-,-,1.01,"Administração, Organização e Planejamento",VALIDAÇÃO
8630-5/02,Atividade médica ambulatorial com recursos para realização de exames complementares,ALTO,Regra 50,07.05.01,"Posto de saúde, banco de sangue, posto de coleta de material, vacinação e puericultura",nR1-05 (Até 500) ; nR2-05 (Acima de 500),nR1-05,"500,00",nR2-05,"500,01",,,1.16,Estabelecimentos de Saúde,VALIDAÇÃO
8630-5/02,Atividade médica ambulatorial com recursos para realização de exames complementares,ALTO,Regra 50,07.05.03,"Clínica médica, clínica odontológica, clínica veterinária, centro de diagnósticos, laboratório de análises clínicas (a)",nR1-05 (Até 500) ; nR2-05 (Acima de 500),nR1-05,"500,00",nR2-05,"500,01",,,1.16,Estabelecimentos de Saúde,VALIDAÇÃO
8630-5/02,Atividade médica ambulatorial com recursos para realização de exames complementares,ALTO,Regra 50,07.12.13,"Escritório (inclusive virtual), sede de empresa, grupo de salas, centro empresarial",nR1-12 (até 1250) ;  nR2-12 (acima de 1250),nR1-12,"1250,00",nR2-12,"1250,01",-,-,1.01,"Administração, Organização e Planejamento",VALIDAÇÃO
8630-5/03,Atividade médica ambulatorial restrita a consultas,MÉDIO RISCO,Regra 22,07.05.03,"Clínica médica, clínica odontológica, clínica veterinária, centro de diagnósticos, laboratório de análises clínicas (a)",nR1-05 (Até 500) ; nR2-05 (Acima de 500),nR1-05,"500,00",nR2-05,"500,01",,,1.16,Estabelecimentos de Saúde,VALIDAÇÃO
8630-5/03,Atividade médica ambulatorial restrita a consultas,MÉDIO RISCO,Regra 22,07.05.02,"Consultório, ambulatório",nR1-05 (Até 500) ; nR2-05 (Acima de 500),nR1-05,"500,00",nR2-05,"500,01",,,1.16,Estabelecimentos de Saúde,VALIDAÇÃO
8630-5/03,Atividade médica ambulatorial restrita a consultas,MÉDIO RISCO,Regra 22,07.12.13,"Escritório (inclusive virtual), sede de empresa, grupo de salas, centro empresarial",nR1-12 (até 1250) ;  nR2-12 (acima de 1250),nR1-12,"1250,00",nR2-12,"1250,01",-,-,1.01,"Administração, Organização e Planejamento",VALIDAÇÃO
8630-5/04,Atividade odontológica,ALTO,Regra 50,07.05.02,"Consultório, ambulatório",nR1-05 (Até 500) ; nR2-05 (Acima de 500),nR1-05,"500,00",nR2-05,"500,01",,,1.16,Estabelecimentos de Saúde,VALIDAÇÃO
8630-5/04,Atividade odontológica,ALTO,Regra 50,07.05.03,"Clínica médica, clínica odontológica, clínica veterinária, centro de diagnósticos, laboratório de análises clínicas (a)",nR1-05 (Até 500) ; nR2-05 (Acima de 500),nR1-05,"500,00",nR2-05,"500,01",,,1.16,Estabelecimentos de Saúde,VALIDAÇÃO
8630-5/04,Atividade odontológica,ALTO,Regra 50,07.05.06,Centro médico e/ou odontológico (a),nR1-05 (Até 500) ; nR2-05 (Acima de 500),nR1-05,"500,00",nR2-05,"500,01",,,1.16,Estabelecimentos de Saúde,VALIDAÇÃO
8630-5/04,Atividade odontológica,ALTO,Regra 50,07.12.13,"Escritório (inclusive virtual), sede de empresa, grupo de salas, centro empresarial",nR1-12 (até 1250) ;  nR2-12 (acima de 1250),nR1-12,"1250,00",nR2-12,"1250,01",-,-,1.01,"Administração, Organização e Planejamento",VALIDAÇÃO
8630-5/06,Serviços de vacinação e imunização humana,ALTO,Regra 48,07.05.01,"Posto de saúde, banco de sangue, posto de coleta de material, vacinação e puericultura",nR1-05 (Até 500) ; nR2-05 (Acima de 500),nR1-05,"500,00",nR2-05,"500,01",,,1.16,Estabelecimentos de Saúde,VALIDAÇÃO
8630-5/06,Serviços de vacinação e imunização humana,ALTO,Regra 48,07.12.13,"Escritório (inclusive virtual), sede de empresa, grupo de salas, centro empresarial",nR1-12 (até 1250) ;  nR2-12 (acima de 1250),nR1-12,"1250,00",nR2-12,"1250,01",-,-,1.01,"Administração, Organização e Planejamento",VALIDAÇÃO
8630-5/07,Atividades de reprodução humana assistida,ALTO,Regra 49,07.05.09,Outros serviços de assistência à saúde não classificados,nR1-05 (Até 500) ; nR2-05 (Acima de 500),nR1-05,"500,00",nR2-05,"500,01",,,1.16,Estabelecimentos de Saúde,VALIDAÇÃO
8630-5/07,Atividades de reprodução humana assistida,ALTO,Regra 49,07.12.13,"Escritório (inclusive virtual), sede de empresa, grupo de salas, centro empresarial",nR1-12 (até 1250) ;  nR2-12 (acima de 1250),nR1-12,"1250,00",nR2-12,"1250,01",-,-,1.01,"Administração, Organização e Planejamento",VALIDAÇÃO
8630-5/99,Atividades de atenção ambulatorial não especificadas anteriormente,MÉDIO RISCO,Regra 20,07.05.09,Outros serviços de assistência à saúde não classificados,nR1-05 (Até 500) ; nR2-05 (Acima de 500),nR1-05,"500,00",nR2-05,"500,01",,,1.16,Estabelecimentos de Saúde,VALIDAÇÃO
8630-5/99,Atividades de atenção ambulatorial não especificadas anteriormente,MÉDIO RISCO,Regra 20,07.12.13,"Escritório (inclusive virtual), sede de empresa, grupo de salas, centro empresarial",nR1-12 (até 1250) ;  nR2-12 (acima de 1250),nR1-12,"1250,00",nR2-12,"1250,01",-,-,1.01,"Administração, Organização e Planejamento",VALIDAÇÃO
8640-2/01,Laboratórios de anatomia patológica e citológica,ALTO,Regra 48,07.05.03,"Clínica médica, clínica odontológica, clínica veterinária, centro de diagnósticos, laboratório de análises clínicas (a)",nR1-05 (Até 500) ; nR2-05 (Acima de 500),nR1-05,"500,00",nR2-05,"500,01",,,1.16,Estabelecimentos de Saúde,VALIDAÇÃO
8640-2/01,Laboratórios de anatomia patológica e citológica,ALTO,Regra 48,07.12.13,"Escritório (inclusive virtual), sede de empresa, grupo de salas, centro empresarial",nR1-12 (até 1250) ;  nR2-12 (acima de 1250),nR1-12,"1250,00",nR2-12,"1250,01",-,-,1.01,"Administração, Organização e Planejamento",VALIDAÇÃO
8640-2/02,Laboratórios clínicos,ALTO,Regra 48,07.05.03,"Clínica médica, clínica odontológica, clínica veterinária, centro de diagnósticos, laboratório de análises clínicas (a)",nR1-05 (Até 500) ; nR2-05 (Acima de 500),nR1-05,"500,00",nR2-05,"500,01",,,1.16,Estabelecimentos de Saúde,VALIDAÇÃO
8640-2/02,Laboratórios clínicos,ALTO,Regra 48,07.12.13,"Escritório (inclusive virtual), sede de empresa, grupo de salas, centro empresarial",nR1-12 (até 1250) ;  nR2-12 (acima de 1250),nR1-12,"1250,00",nR2-12,"1250,01",-,-,1.01,"Administração, Organização e Planejamento",VALIDAÇÃO
8640-2/03,Serviços de diálise e nefrologia,ALTO,Regra 49,07.05.09,Outros serviços de assistência à saúde não classificados,nR1-05 (Até 500) ; nR2-05 (Acima de 500),nR1-05,"500,00",nR2-05,"500,01",,,1.16,Estabelecimentos de Saúde,VALIDAÇÃO
8640-2/03,Serviços de diálise e nefrologia,ALTO,Regra 49,07.12.13,"Escritório (inclusive virtual), sede de empresa, grupo de salas, centro empresarial",nR1-12 (até 1250) ;  nR2-12 (acima de 1250),nR1-12,"1250,00",nR2-12,"1250,01",-,-,1.01,"Administração, Organização e Planejamento",VALIDAÇÃO
8640-2/04,Serviços de tomografia,ALTO,Regra 49,07.12.13,"Escritório (inclusive virtual), sede de empresa, grupo de salas, centro empresarial",nR1-12 (até 1250) ;  nR2-12 (acima de 1250),nR1-12,"1250,00",nR2-12,"1250,01",-,-,1.01,"Administração, Organização e Planejamento",VALIDAÇÃO
8640-2/04,Serviços de tomografia,ALTO,Regra 49,07.05.04,"Assistência à saúde com emissão de radiação (raios X, radioterapia), assistência à saúde com eletroterapia (a)",nR1-05 (Até 500) ; nR2-05 (Acima de 500),nR1-05,"500,00",nR2-05,"500,01",,,1.16,Estabelecimentos de Saúde,VALIDAÇÃO
8640-2/05,"Serviços de diagnóstico por imagem com uso de radiação ionizante, exceto tomografia",ALTO,Regra 48,07.05.04,"Assistência à saúde com emissão de radiação (raios X, radioterapia), assistência à saúde com eletroterapia (a)",nR1-05 (Até 500) ; nR2-05 (Acima de 500),nR1-05,"500,00",nR2-05,"500,01",,,1.16,Estabelecimentos de Saúde,VALIDAÇÃO
8640-2/05,"Serviços de diagnóstico por imagem com uso de radiação ionizante, exceto tomografia",ALTO,Regra 48,07.12.13,"Escritório (inclusive virtual), sede de empresa, grupo de salas, centro empresarial",nR1-12 (até 1250) ;  nR2-12 (acima de 1250),nR1-12,"1250,00",nR2-12,"1250,01",-,-,1.01,"Administração, Organização e Planejamento",VALIDAÇÃO
8640-2/06,Serviços de ressonância magnética,ALTO,Regra 49,07.05.04,"Assistência à saúde com emissão de radiação (raios X, radioterapia), assistência à saúde com eletroterapia (a)",nR1-05 (Até 500) ; nR2-05 (Acima de 500),nR1-05,"500,00",nR2-05,"500,01",,,1.16,Estabelecimentos de Saúde,VALIDAÇÃO
8640-2/06,Serviços de ressonância magnética,ALTO,Regra 49,07.12.13,"Escritório (inclusive virtual), sede de empresa, grupo de salas, centro empresarial",nR1-12 (até 1250) ;  nR2-12 (acima de 1250),nR1-12,"1250,00",nR2-12,"1250,01",-,-,1.01,"Administração, Organização e Planejamento",VALIDAÇÃO
8640-2/07,"Serviços de diagnóstico por imagem sem uso de radiação ionizante, exceto ressonância magnética",ALTO,Regra 48,07.05.03,"Clínica médica, clínica odontológica, clínica veterinária, centro de diagnósticos, laboratório de análises clínicas (a)",nR1-05 (Até 500) ; nR2-05 (Acima de 500),nR1-05,"500,00",nR2-05,"500,01",,,1.16,Estabelecimentos de Saúde,VALIDAÇÃO
8640-2/07,"Serviços de diagnóstico por imagem sem uso de radiação ionizante, exceto ressonância magnética",ALTO,Regra 48,07.12.13,"Escritório (inclusive virtual), sede de empresa, grupo de salas, centro empresarial",nR1-12 (até 1250) ;  nR2-12 (acima de 1250),nR1-12,"1250,00",nR2-12,"1250,01",-,-,1.01,"Administração, Organização e Planejamento",VALIDAÇÃO
8640-2/08,"Serviços de diagnóstico por registro gráfico - ECG, EEG e outros exames análogos",ALTO,Regra 48,07.05.03,"Clínica médica, clínica odontológica, clínica veterinária, centro de diagnósticos, laboratório de análises clínicas (a)",nR1-05 (Até 500) ; nR2-05 (Acima de 500),nR1-05,"500,00",nR2-05,"500,01",,,1.16,Estabelecimentos de Saúde,VALIDAÇÃO
8640-2/08,"Serviços de diagnóstico por registro gráfico - ECG, EEG e outros exames análogos",ALTO,Regra 48,07.12.13,"Escritório (inclusive virtual), sede de empresa, grupo de salas, centro empresarial",nR1-12 (até 1250) ;  nR2-12 (acima de 1250),nR1-12,"1250,00",nR2-12,"1250,01",-,-,1.01,"Administração, Organização e Planejamento",VALIDAÇÃO
8640-2/09,Serviços de diagnóstico por métodos ópticos - endoscopia e outros exames análogos,ALTO,Regra 48,07.05.03,"Clínica médica, clínica odontológica, clínica veterinária, centro de diagnósticos, laboratório de análises clínicas (a)",nR1-05 (Até 500) ; nR2-05 (Acima de 500),nR1-05,"500,00",nR2-05,"500,01",,,1.16,Estabelecimentos de Saúde,VALIDAÇÃO
8640-2/09,Serviços de diagnóstico por métodos ópticos - endoscopia e outros exames análogos,ALTO,Regra 48,07.12.13,"Escritório (inclusive virtual), sede de empresa, grupo de salas, centro empresarial",nR1-12 (até 1250) ;  nR2-12 (acima de 1250),nR1-12,"1250,00",nR2-12,"1250,01",-,-,1.01,"Administração, Organização e Planejamento",VALIDAÇÃO
8640-2/10,Serviços de quimioterapia,ALTO,Regra 49,07.05.09,Outros serviços de assistência à saúde não classificados,nR1-05 (Até 500) ; nR2-05 (Acima de 500),nR1-05,"500,00",nR2-05,"500,01",,,1.16,Estabelecimentos de Saúde,VALIDAÇÃO
8640-2/10,Serviços de quimioterapia,ALTO,Regra 49,07.12.13,"Escritório (inclusive virtual), sede de empresa, grupo de salas, centro empresarial",nR1-12 (até 1250) ;  nR2-12 (acima de 1250),nR1-12,"1250,00",nR2-12,"1250,01",-,-,1.01,"Administração, Organização e Planejamento",VALIDAÇÃO
8640-2/11,Serviços de radioterapia,ALTO,Regra 49,07.12.13,"Escritório (inclusive virtual), sede de empresa, grupo de salas, centro empresarial",nR1-12 (até 1250) ;  nR2-12 (acima de 1250),nR1-12,"1250,00",nR2-12,"1250,01",-,-,1.01,"Administração, Organização e Planejamento",VALIDAÇÃO
8640-2/11,Serviços de radioterapia,ALTO,Regra 49,07.05.04,"Assistência à saúde com emissão de radiação (raios X, radioterapia), assistência à saúde com eletroterapia (a)",nR1-05 (Até 500) ; nR2-05 (Acima de 500),nR1-05,"500,00",nR2-05,"500,01",,,1.16,Estabelecimentos de Saúde,VALIDAÇÃO
8640-2/12,Serviços de hemoterapia,ALTO,Regra 49,07.05.01,"Posto de saúde, banco de sangue, posto de coleta de material, vacinação e puericultura",nR1-05 (Até 500) ; nR2-05 (Acima de 500),nR1-05,"500,00",nR2-05,"500,01",,,1.16,Estabelecimentos de Saúde,VALIDAÇÃO
8640-2/12,Serviços de hemoterapia,ALTO,Regra 49,07.12.13,"Escritório (inclusive virtual), sede de empresa, grupo de salas, centro empresarial",nR1-12 (até 1250) ;  nR2-12 (acima de 1250),nR1-12,"1250,00",nR2-12,"1250,01",-,-,1.01,"Administração, Organização e Planejamento",VALIDAÇÃO
8640-2/13,Serviços de litotripsia,ALTO,Regra 49,07.05.04,"Assistência à saúde com emissão de radiação (raios X, radioterapia), assistência à saúde com eletroterapia (a)",nR1-05 (Até 500) ; nR2-05 (Acima de 500),nR1-05,"500,00",nR2-05,"500,01",,,1.16,Estabelecimentos de Saúde,VALIDAÇÃO
8640-2/13,Serviços de litotripsia,ALTO,Regra 49,07.12.13,"Escritório (inclusive virtual), sede de empresa, grupo de salas, centro empresarial",nR1-12 (até 1250) ;  nR2-12 (acima de 1250),nR1-12,"1250,00",nR2-12,"1250,01",-,-,1.01,"Administração, Organização e Planejamento",VALIDAÇÃO
8640-2/14,Serviços de bancos de células e tecidos humanos,ALTO,Regra 49,07.05.09,Outros serviços de assistência à saúde não classificados,nR1-05 (Até 500) ; nR2-05 (Acima de 500),nR1-05,"500,00",nR2-05,"500,01",,,1.16,Estabelecimentos de Saúde,VALIDAÇÃO
8640-2/14,Serviços de bancos de células e tecidos humanos,ALTO,Regra 49,07.12.13,"Escritório (inclusive virtual), sede de empresa, grupo de salas, centro empresarial",nR1-12 (até 1250) ;  nR2-12 (acima de 1250),nR1-12,"1250,00",nR2-12,"1250,01",-,-,1.01,"Administração, Organização e Planejamento",VALIDAÇÃO
8640-2/99,Atividades de serviços de complementação diagnóstica e terapêutica não especificadas anteriormente,ALTO,Regra 48,07.05.03,"Clínica médica, clínica odontológica, clínica veterinária, centro de diagnósticos, laboratório de análises clínicas (a)",nR1-05 (Até 500) ; nR2-05 (Acima de 500),nR1-05,"500,00",nR2-05,"500,01",,,1.16,Estabelecimentos de Saúde,VALIDAÇÃO
8640-2/99,Atividades de serviços de complementação diagnóstica e terapêutica não especificadas anteriormente,ALTO,Regra 48,07.12.13,"Escritório (inclusive virtual), sede de empresa, grupo de salas, centro empresarial",nR1-12 (até 1250) ;  nR2-12 (acima de 1250),nR1-12,"1250,00",nR2-12,"1250,01",-,-,1.01,"Administração, Organização e Planejamento",VALIDAÇÃO
8650-0/01,Atividades de enfermagem,MÉDIO RISCO,Regra 20,07.05.09,Outros serviços de assistência à saúde não classificados,nR1-05 (Até 500) ; nR2-05 (Acima de 500),nR1-05,"500,00",nR2-05,"500,01",,,1.16,Estabelecimentos de Saúde,VALIDAÇÃO
8650-0/01,Atividades de enfermagem,MÉDIO RISCO,Regra 20,07.12.13,"Escritório (inclusive virtual), sede de empresa, grupo de salas, centro empresarial",nR1-12 (até 1250) ;  nR2-12 (acima de 1250),nR1-12,"1250,00",nR2-12,"1250,01",-,-,1.01,"Administração, Organização e Planejamento",VALIDAÇÃO
8650-0/02,Atividades de profissionais da nutrição,BAIXO RISCO,Regra 4,07.05.09,Outros serviços de assistência à saúde não classificados,nR1-05 (Até 500) ; nR2-05 (Acima de 500),nR1-05,"500,00",nR2-05,"500,01",,,1.16,Estabelecimentos de Saúde,VALIDAÇÃO
8650-0/02,Atividades de profissionais da nutrição,BAIXO RISCO,Regra 4,07.12.13,"Escritório (inclusive virtual), sede de empresa, grupo de salas, centro empresarial",nR1-12 (até 1250) ;  nR2-12 (acima de 1250),nR1-12,"1250,00",nR2-12,"1250,01",-,-,1.01,"Administração, Organização e Planejamento",VALIDAÇÃO
8650-0/03,Atividades de psicologia e psicanálise,BAIXO RISCO,Regra 4,07.05.02,"Consultório, ambulatório",nR1-05 (Até 500) ; nR2-05 (Acima de 500),nR1-05,"500,00",nR2-05,"500,01",-,-,1.16,Estabelecimentos de Saúde,VALIDAÇÃO
8650-0/03,Atividades de psicologia e psicanálise,BAIXO RISCO,Regra 4,07.12.13,"Escritório (inclusive virtual), sede de empresa, grupo de salas, centro empresarial",nR1-12 (até 1250) ;  nR2-12 (acima de 1250),nR1-12,"1250,00",nR2-12,"1250,01",-,-,1.01,"Administração, Organização e Planejamento",VALIDAÇÃO
8650-0/04,Atividades de fisioterapia,BAIXO RISCO,Regra 4,07.05.09,Outros serviços de assistência à saúde não classificados,nR1-05 (Até 500) ; nR2-05 (Acima de 500),nR1-05,"500,00",nR2-05,"500,01",,,1.16,Estabelecimentos de Saúde,VALIDAÇÃO
8650-0/04,Atividades de fisioterapia,BAIXO RISCO,Regra 4,07.12.13,"Escritório (inclusive virtual), sede de empresa, grupo de salas, centro empresarial",nR1-12 (até 1250) ;  nR2-12 (acima de 1250),nR1-12,"1250,00",nR2-12,"1250,01",-,-,1.01,"Administração, Organização e Planejamento",VALIDAÇÃO
8650-0/05,Atividades de terapia ocupacional,BAIXO RISCO,Regra 4,07.05.09,Outros serviços de assistência à saúde não classificados,nR1-05 (Até 500) ; nR2-05 (Acima de 500),nR1-05,"500,00",nR2-05,"500,01",,,1.16,Estabelecimentos de Saúde,VALIDAÇÃO
8650-0/05,Atividades de terapia ocupacional,BAIXO RISCO,Regra 4,07.12.13,"Escritório (inclusive virtual), sede de empresa, grupo de salas, centro empresarial",nR1-12 (até 1250) ;  nR2-12 (acima de 1250),nR1-12,"1250,00",nR2-12,"1250,01",-,-,1.01,"Administração, Organização e Planejamento",VALIDAÇÃO
8650-0/06,Atividades de fonoaudiologia,BAIXO RISCO,Regra 4,07.05.09,Outros serviços de assistência à saúde não classificados,nR1-05 (Até 500) ; nR2-05 (Acima de 500),nR1-05,"500,00",nR2-05,"500,01",,,1.16,Estabelecimentos de Saúde,VALIDAÇÃO
8650-0/06,Atividades de fonoaudiologia,BAIXO RISCO,Regra 4,07.12.13,"Escritório (inclusive virtual), sede de empresa, grupo de salas, centro empresarial",nR1-12 (até 1250) ;  nR2-12 (acima de 1250),nR1-12,"1250,00",nR2-12,"1250,01",-,-,1.01,"Administração, Organização e Planejamento",VALIDAÇÃO
8650-0/07,Atividades de terapia de nutrição enteral e parenteral,ALTO,Regra 49,07.05.09,Outros serviços de assistência à saúde não classificados,nR1-05 (Até 500) ; nR2-05 (Acima de 500),nR1-05,"500,00",nR2-05,"500,01",,,1.16,Estabelecimentos de Saúde,VALIDAÇÃO
8650-0/07,Atividades de terapia de nutrição enteral e parenteral,ALTO,Regra 49,07.12.13,"Escritório (inclusive virtual), sede de empresa, grupo de salas, centro empresarial",nR1-12 (até 1250) ;  nR2-12 (acima de 1250),nR1-12,"1250,00",nR2-12,"1250,01",-,-,1.01,"Administração, Organização e Planejamento",VALIDAÇÃO
8650-0/99,Atividades de profissionais da área de saúde não especificadas anteriormente,MÉDIO RISCO,Regra 20,07.05.09,Outros serviços de assistência à saúde não classificados,nR1-05 (Até 500) ; nR2-05 (Acima de 500),nR1-05,"500,00",nR2-05,"500,01",,,1.16,Estabelecimentos de Saúde,VALIDAÇÃO
8650-0/99,Atividades de profissionais da área de saúde não especificadas anteriormente,MÉDIO RISCO,Regra 20,07.12.13,"Escritório (inclusive virtual), sede de empresa, grupo de salas, centro empresarial",nR1-12 (até 1250) ;  nR2-12 (acima de 1250),nR1-12,"1250,00",nR2-12,"1250,01",-,-,1.01,"Administração, Organização e Planejamento",VALIDAÇÃO
8660-7/00,Atividades de apoio à gestão de saúde,BAIXO RISCO,Regra 4,07.05.09,Outros serviços de assistência à saúde não classificados,nR1-05 (Até 500) ; nR2-05 (Acima de 500),nR1-05,"500,00",nR2-05,"500,01",,,1.16,Estabelecimentos de Saúde,VALIDAÇÃO
8660-7/00,Atividades de apoio à gestão de saúde,BAIXO RISCO,Regra 4,07.12.13,"Escritório (inclusive virtual), sede de empresa, grupo de salas, centro empresarial",nR1-12 (até 1250) ;  nR2-12 (acima de 1250),nR1-12,"1250,00",nR2-12,"1250,01",-,-,1.01,"Administração, Organização e Planejamento",VALIDAÇÃO
8690-9/01,Atividades de práticas integrativas e complementares em saúde humana,BAIXO RISCO,Regra 4,07.05.09,Outros serviços de assistência à saúde não classificados,nR1-05 (Até 500) ; nR2-05 (Acima de 500),nR1-05,"500,00",nR2-05,"500,01",,,1.16,Estabelecimentos de Saúde,VALIDAÇÃO
8690-9/01,Atividades de práticas integrativas e complementares em saúde humana,BAIXO RISCO,Regra 4,07.12.13,"Escritório (inclusive virtual), sede de empresa, grupo de salas, centro empresarial",nR1-12 (até 1250) ;  nR2-12 (acima de 1250),nR1-12,"1250,00",nR2-12,"1250,01",-,-,1.01,"Administração, Organização e Planejamento",VALIDAÇÃO
8690-9/02,Atividades de bancos de leite humano,ALTO,Regra 49,07.05.09,Outros serviços de assistência à saúde não classificados,nR1-05 (Até 500) ; nR2-05 (Acima de 500),nR1-05,"500,00",nR2-05,"500,01",-,-,1.16,Estabelecimentos de Saúde,VALIDAÇÃO
8690-9/02,Atividades de bancos de leite humano,ALTO,Regra 49,07.12.13,"Escritório (inclusive virtual), sede de empresa, grupo de salas, centro empresarial",nR1-12 (até 1250) ;  nR2-12 (acima de 1250),nR1-12,"1250,00",nR2-12,"1250,01",-,-,1.01,"Administração, Organização e Planejamento",VALIDAÇÃO
8690-9/03,Atividades de acupuntura,MÉDIO RISCO,Regra 20,07.05.09,Outros serviços de assistência à saúde não classificados,nR1-05 (Até 500) ; nR2-05 (Acima de 500),nR1-05,"500,00",nR2-05,"500,01",,,1.16,Estabelecimentos de Saúde,VALIDAÇÃO
8690-9/03,Atividades de acupuntura,MÉDIO RISCO,Regra 20,07.12.13,"Escritório (inclusive virtual), sede de empresa, grupo de salas, centro empresarial",nR1-12 (até 1250) ;  nR2-12 (acima de 1250),nR1-12,"1250,00",nR2-12,"1250,01",-,-,1.01,"Administração, Organização e Planejamento",VALIDAÇÃO
8690-9/04,Atividades de podologia,MÉDIO RISCO,Regra 20,07.05.09,Outros serviços de assistência à saúde não classificados,nR1-05 (Até 500) ; nR2-05 (Acima de 500),nR1-05,"500,00",nR2-05,"500,01",,,1.16,Estabelecimentos de Saúde,VALIDAÇÃO
8690-9/04,Atividades de podologia,MÉDIO RISCO,Regra 20,07.12.13,"Escritório (inclusive virtual), sede de empresa, grupo de salas, centro empresarial",nR1-12 (até 1250) ;  nR2-12 (acima de 1250),nR1-12,"1250,00",nR2-12,"1250,01",-,-,1.01,"Administração, Organização e Planejamento",VALIDAÇÃO
8690-9/99,Outras atividades de atenção à saúde humana não especificadas anteriormente,MÉDIO RISCO,Regra 20,07.05.09,Outros serviços de assistência à saúde não classificados,nR1-05 (Até 500) ; nR2-05 (Acima de 500),nR1-05,"500,00",nR2-05,"500,01",,,1.16,Estabelecimentos de Saúde,VALIDAÇÃO
8690-9/99,Outras atividades de atenção à saúde humana não especificadas anteriormente,MÉDIO RISCO,Regra 20,07.12.13,"Escritório (inclusive virtual), sede de empresa, grupo de salas, centro empresarial",nR1-12 (até 1250) ;  nR2-12 (acima de 1250),nR1-12,"1250,00",nR2-12,"1250,01",-,-,1.01,"Administração, Organização e Planejamento",VALIDAÇÃO
8711-5/01,Clínicas e residências geriátricas,ALTO,Regra 49,07.13.02,"Casa de geriatria, asilo, casa de repouso, convento, mosteiro, seminário, casa de retiro",nR1-13 (Qualquer área),nR1-13,Q,-,Q,-,-,1.18,Estabelecimentos não classificados nos  Itens 1.01 a 1.17,VALIDAÇÃO
8711-5/01,Clínicas e residências geriátricas,ALTO,Regra 49,07.12.13,"Escritório (inclusive virtual), sede de empresa, grupo de salas, centro empresarial",nR1-12 (até 1250) ;  nR2-12 (acima de 1250),nR1-12,"1250,00",nR2-12,"1250,01",-,-,1.01,"Administração, Organização e Planejamento",VALIDAÇÃO
8711-5/02,Instituições de longa permanência para idosos,ALTO,Regra 49,07.13.02,"Casa de geriatria, asilo, casa de repouso, convento, mosteiro, seminário, casa de retiro",nR1-13 (Qualquer área),nR1-13,Q,-,Q,-,-,1.18,Estabelecimentos não classificados nos  Itens 1.01 a 1.17,VALIDAÇÃO
8711-5/02,Instituições de longa permanência para idosos,ALTO,Regra 49,07.12.13,"Escritório (inclusive virtual), sede de empresa, grupo de salas, centro empresarial",nR1-12 (até 1250) ;  nR2-12 (acima de 1250),nR1-12,"1250,00",nR2-12,"1250,01",-,-,1.01,"Administração, Organização e Planejamento",VALIDAÇÃO
8711-5/03,"Atividades de assistência a deficientes físicos, imunodeprimidos e convalescentes",ALTO,Regra 46,07.05.09,Outros serviços de assistência à saúde não classificados,nR1-05 (Até 500) ; nR2-05 (Acima de 500),nR1-05,"500,00",nR2-05,"500,01",,,1.16,Estabelecimentos de Saúde,VALIDAÇÃO
8711-5/03,"Atividades de assistência a deficientes físicos, imunodeprimidos e convalescentes",ALTO,Regra 46,07.12.13,"Escritório (inclusive virtual), sede de empresa, grupo de salas, centro empresarial",nR1-12 (até 1250) ;  nR2-12 (acima de 1250),nR1-12,"1250,00",nR2-12,"1250,01",-,-,1.01,"Administração, Organização e Planejamento",VALIDAÇÃO
8711-5/04,Centros de apoio a pacientes com câncer e com AIDS,MÉDIO RISCO,Regra 21,07.05.09,Outros serviços de assistência à saúde não classificados,nR1-05 (Até 500) ; nR2-05 (Acima de 500),nR1-05,"500,00",nR2-05,"500,01",-,-,1.16,Estabelecimentos de Saúde,SEMI EXPRESSO
8711-5/04,Centros de apoio a pacientes com câncer e com AIDS,MÉDIO RISCO,Regra 21,07.12.13,"Escritório (inclusive virtual), sede de empresa, grupo de salas, centro empresarial",nR1-12 (até 1250) ;  nR2-12 (acima de 1250),nR1-12,"1250,00",nR2-12,"1250,01",-,-,1.01,"Administração, Organização e Planejamento",SEMI EXPRESSO
8711-5/05,Condomínios residenciais para idosos,MÉDIO RISCO,Regra 21,07.05.09,Outros serviços de assistência à saúde não classificados,nR1-05 (Até 500) ; nR2-05 (Acima de 500),nR1-05,"500,00",nR2-05,"500,01",,,1.16,Estabelecimentos de Saúde,SEMI EXPRESSO
8711-5/05,Condomínios residenciais para idosos,MÉDIO RISCO,Regra 21,07.12.13,"Escritório (inclusive virtual), sede de empresa, grupo de salas, centro empresarial",nR1-12 (até 1250) ;  nR2-12 (acima de 1250),nR1-12,"1250,00",nR2-12,"1250,01",-,-,1.01,"Administração, Organização e Planejamento",SEMI EXPRESSO
8712-3/00,Atividades de fornecimento de infra-estrutura de apoio e assistência a paciente no domicílio,ALTO,Regra 48,07.05.05,"Empresa de assistência domiciliar ou ""home care"", serviços de ambulância, serviços de UTI móvel",nR1-05 (Até 500) ; nR2-05 (Acima de 500),nR1-05,"500,00",nR2-05,"500,01",-,-,1.16,Estabelecimentos de Saúde,VALIDAÇÃO
8712-3/00,Atividades de fornecimento de infra-estrutura de apoio e assistência a paciente no domicílio,ALTO,Regra 48,07.12.13,"Escritório (inclusive virtual), sede de empresa, grupo de salas, centro empresarial",nR1-12 (até 1250) ;  nR2-12 (acima de 1250),nR1-12,"1250,00",nR2-12,"1250,01",-,-,1.01,"Administração, Organização e Planejamento",VALIDAÇÃO
8720-4/01,Atividades de centros de assistência psicossocial,MÉDIO RISCO,Regra 21,07.05.09,Outros serviços de assistência à saúde não classificados,nR1-05 (Até 500) ; nR2-05 (Acima de 500),nR1-05,"500,00",nR2-05,"500,01",,,1.16,Estabelecimentos de Saúde,SEMI EXPRESSO
8720-4/01,Atividades de centros de assistência psicossocial,MÉDIO RISCO,Regra 21,07.12.13,"Escritório (inclusive virtual), sede de empresa, grupo de salas, centro empresarial",nR1-12 (até 1250) ;  nR2-12 (acima de 1250),nR1-12,"1250,00",nR2-12,"1250,01",-,-,1.01,"Administração, Organização e Planejamento",SEMI EXPRESSO
8720-4/99,"Atividades de assistência psicossocial e à saúde a portadores de distúrbios psíquicos, deficiência mental e dependência química e grupos similares não especificadas anteriormente",ALTO,Regra 46,07.05.09,Outros serviços de assistência à saúde não classificados,nR1-05 (Até 500) ; nR2-05 (Acima de 500),nR1-05,"500,00",nR2-05,"500,01",,,1.16,Estabelecimentos de Saúde,VALIDAÇÃO
8720-4/99,"Atividades de assistência psicossocial e à saúde a portadores de distúrbios psíquicos, deficiência mental e dependência química e grupos similares não especificadas anteriormente",ALTO,Regra 46,07.12.13,"Escritório (inclusive virtual), sede de empresa, grupo de salas, centro empresarial",nR1-12 (até 1250) ;  nR2-12 (acima de 1250),nR1-12,"1250,00",nR2-12,"1250,01",-,-,1.01,"Administração, Organização e Planejamento",VALIDAÇÃO
8730-1/01,Orfanatos,ALTO,Regra 46,07.06.11,"Orfanato, albergue noturno, abrigo de medidas protetivas para crianças e adolescentes",nR2-06 (Qualquer área),nR2-06,Q,-,Q,-,-,6.00,Estabelecimentos não Classificados nos Códigos 3.00 a 5.00,VALIDAÇÃO
8730-1/01,Orfanatos,ALTO,Regra 46,07.12.13,"Escritório (inclusive virtual), sede de empresa, grupo de salas, centro empresarial",nR1-12 (até 1250) ;  nR2-12 (acima de 1250),nR1-12,"1250,00",nR2-12,"1250,01",-,-,1.01,"Administração, Organização e Planejamento",VALIDAÇÃO
8730-1/02,Albergues assistenciais,MÉDIO RISCO,Regra 21,07.06.11,"Orfanato, albergue noturno, abrigo de medidas protetivas para crianças e adolescentes",nR2-06 (Qualquer área),nR2-06,Q,-,Q,-,-,6.00,Estabelecimentos não Classificados nos Códigos 3.00 a 5.00,SEMI EXPRESSO
8730-1/02,Albergues assistenciais,MÉDIO RISCO,Regra 21,07.12.13,"Escritório (inclusive virtual), sede de empresa, grupo de salas, centro empresarial",nR1-12 (até 1250) ;  nR2-12 (acima de 1250),nR1-12,"1250,00",nR2-12,"1250,01",-,-,1.01,"Administração, Organização e Planejamento",SEMI EXPRESSO
8730-1/99,Atividades de assistência social prestadas em residências coletivas e particulares não especificadas anteriormente,ALTO,Regra 46,07.06.12,"Outros serviços educacionais, de habilitação e de assistência social não classificados",nR1-06 (Até 350) ; nR2-06 (Acima de 350),nR1-06,"350,00",nR2-06,"350,01",-,-,6.00,Estabelecimentos não Classificados nos Códigos 3.00 a 5.00,VALIDAÇÃO
8730-1/99,Atividades de assistência social prestadas em residências coletivas e particulares não especificadas anteriormente,ALTO,Regra 46,07.12.13,"Escritório (inclusive virtual), sede de empresa, grupo de salas, centro empresarial",nR1-12 (até 1250) ;  nR2-12 (acima de 1250),nR1-12,"1250,00",nR2-12,"1250,01",-,-,1.01,"Administração, Organização e Planejamento",VALIDAÇÃO
8800-6/00,Serviços de assistência social sem alojamento,MÉDIO RISCO,Regra 23,07.10.06,"Serviços de orientação profissional, familiar e social",nR2-10 (Qualquer área),nR2-10,Q,-,Q,-,-,6.00,Estabelecimentos não Classificados nos Códigos 3.00 a 5.00,VALIDAÇÃO
8800-6/00,Serviços de assistência social sem alojamento,MÉDIO RISCO,Regra 23,07.12.13,"Escritório (inclusive virtual), sede de empresa, grupo de salas, centro empresarial",nR1-12 (até 1250) ;  nR2-12 (acima de 1250),nR1-12,"1250,00",nR2-12,"1250,01",-,-,1.01,"Administração, Organização e Planejamento",VALIDAÇÃO
9001-9/01,Produção teatral,MÉDIO RISCO,Regra 15,07.12.07,"Escritório de assessoria de importação e exportação, assessoria fiscal e tributária (auditores, peritos e avaliadores), consultorias técnicas e serviços técnicos profissionais",nR1-12 (Até 350) ; nR2-12 (Acima de 350),nR1-12,350,nR2-12,350.01,-,-,1.01,"Administração, Organização e Planejamento",VALIDAÇÃO
9001-9/01,Produção teatral,BAIXO RISCO,Regra 15,07.12.13,"Escritório (inclusive virtual), sede de empresa, grupo de salas, centro empresarial",nR1-12 (até 1250) ;  nR2-12 (acima de 1250),nR1-12,"1250,00",nR2-12,"1250,01",-,-,1.01,"Administração, Organização e Planejamento",VALIDAÇÃO
9001-9/02,Produção musical,MÉDIO RISCO,Regra 15,07.12.07,"Escritório de assessoria de importação e exportação, assessoria fiscal e tributária (auditores, peritos e avaliadores), consultorias técnicas e serviços técnicos profissionais",nR1-12 (Até 350) ; nR2-12 (Acima de 350),nR1-12,350,nR2-12,350.01,-,-,1.01,"Administração, Organização e Planejamento",VALIDAÇÃO
9001-9/02,Produção musical,BAIXO RISCO,Regra 15,07.12.13,"Escritório (inclusive virtual), sede de empresa, grupo de salas, centro empresarial",nR1-12 (até 1250) ;  nR2-12 (acima de 1250),nR1-12,"1250,00",nR2-12,"1250,01",-,-,1.01,"Administração, Organização e Planejamento",VALIDAÇÃO
9001-9/03,Produção de espetáculos de dança,MÉDIO RISCO,Regra 5,07.12.07,"Escritório de assessoria de importação e exportação, assessoria fiscal e tributária (auditores, peritos e avaliadores), consultorias técnicas e serviços técnicos profissionais",nR1-12 (Até 350) ; nR2-12 (Acima de 350),nR1-12,350,nR2-12,350.01,-,-,1.01,"Administração, Organização e Planejamento",VALIDAÇÃO
9001-9/03,Produção de espetáculos de dança,BAIXO RISCO,Regra 5,07.12.13,"Escritório (inclusive virtual), sede de empresa, grupo de salas, centro empresarial",nR1-12 (até 1250) ;  nR2-12 (acima de 1250),nR1-12,"1250,00",nR2-12,"1250,01",-,-,1.01,"Administração, Organização e Planejamento",VALIDAÇÃO
9001-9/04,"Produção de espetáculos circenses, de marionetes e similares",MÉDIO RISCO,Regra 5,07.12.07,"Escritório de assessoria de importação e exportação, assessoria fiscal e tributária (auditores, peritos e avaliadores), consultorias técnicas e serviços técnicos profissionais",nR1-12 (Até 350) ; nR2-12 (Acima de 350),nR1-12,350,nR2-12,350.01,-,-,1.01,"Administração, Organização e Planejamento",VALIDAÇÃO
9001-9/04,"Produção de espetáculos circenses, de marionetes e similares",BAIXO RISCO,Regra 5,07.12.13,"Escritório (inclusive virtual), sede de empresa, grupo de salas, centro empresarial",nR1-12 (até 1250) ;  nR2-12 (acima de 1250),nR1-12,"1250,00",nR2-12,"1250,01",-,-,1.01,"Administração, Organização e Planejamento",VALIDAÇÃO
9001-9/05,"Produção de espetáculos de rodeios, vaquejadas e similares",MÉDIO RISCO,Regra 5,07.12.07,"Escritório de assessoria de importação e exportação, assessoria fiscal e tributária (auditores, peritos e avaliadores), consultorias técnicas e serviços técnicos profissionais",nR1-12 (Até 350) ; nR2-12 (Acima de 350),nR1-12,350,nR2-12,350.01,-,-,1.01,"Administração, Organização e Planejamento",VALIDAÇÃO
9001-9/05,"Produção de espetáculos de rodeios, vaquejadas e similares",BAIXO RISCO,Regra 5,07.12.13,"Escritório (inclusive virtual), sede de empresa, grupo de salas, centro empresarial",nR1-12 (até 1250) ;  nR2-12 (acima de 1250),nR1-12,"1250,00",nR2-12,"1250,01",-,-,1.01,"Administração, Organização e Planejamento",VALIDAÇÃO
9001-9/06,Atividades de sonorização e de iluminação,BAIXO RISCO,Regra 4,07.12.07,"Escritório de assessoria de importação e exportação, assessoria fiscal e tributária (auditores, peritos e avaliadores), consultorias técnicas e serviços técnicos profissionais",nR1-12 (Até 350) ; nR2-12 (Acima de 350),nR1-12,350,nR2-12,350.01,-,-,1.01,"Administração, Organização e Planejamento",VALIDAÇÃO
9001-9/06,Atividades de sonorização e de iluminação,BAIXO RISCO,Regra 4,07.12.13,"Escritório (inclusive virtual), sede de empresa, grupo de salas, centro empresarial",nR1-12 (até 1250) ;  nR2-12 (acima de 1250),nR1-12,"1250,00",nR2-12,"1250,01",-,-,1.01,"Administração, Organização e Planejamento",VALIDAÇÃO
9001-9/99,"Artes cênicas, espetáculos e atividades complementares não especificados anteriormente",MÉDIO RISCO,Regra 5,07.07.03,"Teatro (representações teatrais, espetáculos, shows), cinema, auditório, centro para convenções, anfiteatro, arena",nR2-07 (Qualquer área),nR2-07,Q,-,Q,-,,1.05,Estabelecimentos de Diversões públicas e Lazer,VALIDAÇÃO
9001-9/99,"Artes cênicas, espetáculos e atividades complementares não especificados anteriormente",BAIXO RISCO,Regra 5,07.12.13,"Escritório (inclusive virtual), sede de empresa, grupo de salas, centro empresarial",nR1-12 (até 1250) ;  nR2-12 (acima de 1250),nR1-12,"1250,00",nR2-12,"1250,01",-,-,1.01,"Administração, Organização e Planejamento",VALIDAÇÃO
9002-7/01,"Atividades de artistas plásticos, jornalistas independentes e escritores",BAIXO RISCO,Regra 4,07.12.14,Outros serviços profissionais não classificados,nR1-12 (Até 350) ; nR2-12 (Acima de 350),nR1-12,350,nR2-12,350.01,-,-,7.01,Profissional Liberal,VALIDAÇÃO
9002-7/01,"Atividades de artistas plásticos, jornalistas independentes e escritores",BAIXO RISCO,Regra 4,07.12.13,"Escritório (inclusive virtual), sede de empresa, grupo de salas, centro empresarial",nR1-12 (até 1250) ;  nR2-12 (acima de 1250),nR1-12,"1250,00",nR2-12,"1250,01",-,-,1.01,"Administração, Organização e Planejamento",VALIDAÇÃO
9002-7/02,Restauração de obras de arte,MÉDIO RISCO,Regra 8,07.09.07,"Serviço de carga e recuperação de cartuchos, serviços de reparação de obras e objetos de arte, serviços de chaveiro e confecção de carimbos, serviços de entalhador, de maquetes e molduras, serviço de encadernação e restauração de livros, serviços de embalagem, rotulagem e encaixotamento",nR1-09 (Qualquer área),nR1-09,Q,-,Q,-,-,1.03,Conservação e Higienização,VALIDAÇÃO
9002-7/02,Restauração de obras de arte,BAIXO RISCO,Regra 8,07.12.13,"Escritório (inclusive virtual), sede de empresa, grupo de salas, centro empresarial",nR1-12 (até 1250) ;  nR2-12 (acima de 1250),nR1-12,"1250,00",nR2-12,"1250,01",-,-,1.01,"Administração, Organização e Planejamento",VALIDAÇÃO
9003-5/00,"Gestão de espaços para artes cênicas, espetáculos e outras atividades artísticas",MÉDIO RISCO,Regra 21,07.07.03,"Teatro (representações teatrais, espetáculos, shows), cinema, auditório, centro para convenções, anfiteatro, arena",nR2-07 (Qualquer área),nR2-07,Q,-,Q,-,-,1.05,Estabelecimentos de Diversões públicas e Lazer,SEMI EXPRESSO
9003-5/00,"Gestão de espaços para artes cênicas, espetáculos e outras atividades artísticas",MÉDIO RISCO,Regra 21,07.12.13,"Escritório (inclusive virtual), sede de empresa, grupo de salas, centro empresarial",nR1-12 (até 1250) ;  nR2-12 (acima de 1250),nR1-12,"1250,00",nR2-12,"1250,01",-,-,1.01,"Administração, Organização e Planejamento",SEMI EXPRESSO
9101-5/00,Atividades de bibliotecas e arquivos,MÉDIO RISCO,Regra 5,07.06.01,"Biblioteca, Arquivo",nR1-06 (Qualquer área),nR1-06,Q,-,Q,-,,1.01,"Administração, organização e Planejamento",VALIDAÇÃO
9101-5/00,Atividades de bibliotecas e arquivos,BAIXO RISCO,Regra 5,07.12.13,"Escritório (inclusive virtual), sede de empresa, grupo de salas, centro empresarial",nR1-12 (até 1250) ;  nR2-12 (acima de 1250),nR1-12,"1250,00",nR2-12,"1250,01",-,-,1.01,"Administração, Organização e Planejamento",VALIDAÇÃO
9102-3/01,Atividades de museus e de exploração de lugares e prédios históricos e atrações similares,MÉDIO RISCO,Regra 5,07.07.01,"Museus, pinacoteca, galeria",nR1-07 (Até 350) ; nR2-07 (Acima de 350),nR1-07,"350,00",nR2-07,"350,01",,,1.05,Estabelecimentos de Diversões públicas e Lazer,VALIDAÇÃO
9102-3/01,Atividades de museus e de exploração de lugares e prédios históricos e atrações similares,BAIXO RISCO,Regra 5,07.12.13,"Escritório (inclusive virtual), sede de empresa, grupo de salas, centro empresarial",nR1-12 (até 1250) ;  nR2-12 (acima de 1250),nR1-12,"1250,00",nR2-12,"1250,01",-,-,1.01,"Administração, Organização e Planejamento",VALIDAÇÃO
9102-3/02,Restauração e conservação de lugares e prédios históricos,MÉDIO RISCO,Regra 5,07.12.07,"Escritório de assessoria de importação e exportação, assessoria fiscal e tributária (auditores, peritos e avaliadores), consultorias técnicas e serviços técnicos profissionais",nR1-12 (Até 350) ; nR2-12 (Acima de 350),nR1-12,350,nR2-12,350.01,-,-,1.04,Construção Civil,VALIDAÇÃO
9102-3/02,Restauração e conservação de lugares e prédios históricos,BAIXO RISCO,Regra 5,07.12.13,"Escritório (inclusive virtual), sede de empresa, grupo de salas, centro empresarial",nR1-12 (até 1250) ;  nR2-12 (acima de 1250),nR1-12,"1250,00",nR2-12,"1250,01",-,-,1.01,"Administração, Organização e Planejamento",VALIDAÇÃO
9103-1/00,"Atividades de jardins botânicos, zoológicos, parques nacionais, reservas ecológicas e áreas de proteção ambiental",A SER DEFINIDO PELA CNLU,Regra 5,07.14.20,"Parque Metropolitano e Distrital, Jardim Botânico e Jardim Zoológico, Aquário e Planetário",nR3-14 (Qualquer área),nR3-14,Q,-,Q,-,-,1.05,Estabelecimentos de Diversões públicas e Lazer,VALIDAÇÃO
9103-1/00,"Atividades de jardins botânicos, zoológicos, parques nacionais, reservas ecológicas e áreas de proteção ambiental",BAIXO RISCO,Regra 5,07.12.13,"Escritório (inclusive virtual), sede de empresa, grupo de salas, centro empresarial",nR1-12 (até 1250) ;  nR2-12 (acima de 1250),nR1-12,"1250,00",nR2-12,"1250,01",-,-,1.01,"Administração, Organização e Planejamento",VALIDAÇÃO
9200-3/01,Casas de bingo,MÉDIO RISCO,Regra 21,07.07.08,Outras atividades de afluência de público não classificadas,nR2-07 (Qualquer área),nR2-07,Q,-,Q,-,-,1.05,Estabelecimentos de Diversões públicas e Lazer,SEMI EXPRESSO
9200-3/01,Casas de bingo,MÉDIO RISCO,Regra 21,07.12.13,"Escritório (inclusive virtual), sede de empresa, grupo de salas, centro empresarial",nR1-12 (até 1250) ;  nR2-12 (acima de 1250),nR1-12,"1250,00",nR2-12,"1250,01",-,-,1.01,"Administração, Organização e Planejamento",SEMI EXPRESSO
9200-3/02,Exploração de apostas em corridas de cavalos,MÉDIO RISCO,Regra 21,07.07.08,Outras atividades de afluência de público não classificadas,nR2-07 (Qualquer área),nR2-07,Q,-,Q,-,-,1.05,Estabelecimentos de Diversões públicas e Lazer,SEMI EXPRESSO
9200-3/02,Exploração de apostas em corridas de cavalos,MÉDIO RISCO,Regra 21,07.12.13,"Escritório (inclusive virtual), sede de empresa, grupo de salas, centro empresarial",nR1-12 (até 1250) ;  nR2-12 (acima de 1250),nR1-12,"1250,00",nR2-12,"1250,01",-,-,1.01,"Administração, Organização e Planejamento",SEMI EXPRESSO
9200-3/99,Exploração de jogos de azar e apostas não especificados anteriormente,MÉDIO RISCO,Regra 21,07.07.08,Outras atividades de afluência de público não classificadas,nR2-07 (Qualquer área),nR2-07,Q,-,Q,-,-,1.05,Estabelecimentos de Diversões públicas e Lazer,SEMI EXPRESSO
9200-3/99,Exploração de jogos de azar e apostas não especificados anteriormente,MÉDIO RISCO,Regra 21,07.12.13,"Escritório (inclusive virtual), sede de empresa, grupo de salas, centro empresarial",nR1-12 (até 1250) ;  nR2-12 (acima de 1250),nR1-12,"1250,00",nR2-12,"1250,01",-,-,1.01,"Administração, Organização e Planejamento",SEMI EXPRESSO
9311-5/00,Gestão de instalações de esportes,MÉDIO RISCO,Regra 22,07.14.16,Hípica e Hipódromo,nR3-14 (Qualquer área),nR3-14,Q,-,Q,-,-,1.05,Estabelecimentos de Diversões públicas e Lazer,VALIDAÇÃO
9311-5/00,Gestão de instalações de esportes,MÉDIO RISCO,Regra 22,07.14.15,"Estádio, Ginásio de Esportes, Vila Olímpica, Piscina Pública",nR3-14 (Qualquer área),nR3-14,Q,-,Q,-,-,1.05,Estabelecimentos de Diversões públicas e Lazer,VALIDAÇÃO
9311-5/00,Gestão de instalações de esportes,MÉDIO RISCO,Regra 22,07.14.03,"Campo de Golfe, Camping, Colônia de Ferias",nR3-14 (Qualquer área),nR3-14,Q,-,Q,-,-,1.05,Estabelecimentos de Diversões públicas e Lazer,VALIDAÇÃO
9311-5/00,Gestão de instalações de esportes,MÉDIO RISCO,Regra 22,07.07.06,"Clube recreativo, associativo e/ou desportivo, quadra de escola de samba ou salão de esporte para locação",nR2-07 (Qualquer área),nR2-07,Q,-,Q,-,-,1.05,Estabelecimentos de Diversões públicas e Lazer,VALIDAÇÃO
9311-5/00,Gestão de instalações de esportes,MÉDIO RISCO,Regra 22,07.12.13,"Escritório (inclusive virtual), sede de empresa, grupo de salas, centro empresarial",nR1-12 (até 1250) ;  nR2-12 (acima de 1250),nR1-12,"1250,00",nR2-12,"1250,01",-,-,1.01,"Administração, Organização e Planejamento",VALIDAÇÃO
9312-3/00,"Clubes sociais, esportivos e similares",MÉDIO RISCO,Regra 22,07.14.03,"Campo de Golfe, Camping, Colônia de Ferias",nR3-14 (Qualquer área),nR3-14,Q,-,Q,-,-,1.05,Estabelecimentos de Diversões públicas e Lazer,VALIDAÇÃO
9312-3/00,"Clubes sociais, esportivos e similares",MÉDIO RISCO,Regra 22,07.07.06,"Clube recreativo, associativo e/ou desportivo, quadra de escola de samba ou salão de esporte para locação",nR2-07 (Qualquer área),nR2-07,Q,-,Q,-,-,1.05,Estabelecimentos de Diversões públicas e Lazer,VALIDAÇÃO
9312-3/00,"Clubes sociais, esportivos e similares",MÉDIO RISCO,Regra 22,07.12.13,"Escritório (inclusive virtual), sede de empresa, grupo de salas, centro empresarial",nR1-12 (até 1250) ;  nR2-12 (acima de 1250),nR1-12,"1250,00",nR2-12,"1250,01",-,-,1.01,"Administração, Organização e Planejamento",VALIDAÇÃO
9313-1/00,Atividades de condicionamento físico,MÉDIO RISCO,Regra 23,07.12.01,"Academia (ginástica, esporte, dança, natação e similares)",nR1-12 (Até 350) ; nR2-12 (Acima de 350),nR1-12,350,nR2-12,350.01,-,-,1.10,Estabelecimento de Higiene e Condicionamento Físico,VALIDAÇÃO
9313-1/00,Atividades de condicionamento físico,MÉDIO RISCO,Regra 23,07.12.13,"Escritório (inclusive virtual), sede de empresa, grupo de salas, centro empresarial",nR1-12 (até 1250) ;  nR2-12 (acima de 1250),nR1-12,"1250,00",nR2-12,"1250,01",-,-,1.01,"Administração, Organização e Planejamento",VALIDAÇÃO
9319-1/01,Produção e promoção de eventos esportivos,MÉDIO RISCO,Regra 5,07.10.02,"Associações científicas, culturais, profissionais, esportivas e políticas",nR2-10 (Qualquer área),nR2-10,Q,-,Q,-,-,6.00,Estabelecimentos não Classificados nos Códigos 3.00 a 5.00,VALIDAÇÃO
9319-1/01,Produção e promoção de eventos esportivos,BAIXO RISCO,Regra 5,07.12.13,"Escritório (inclusive virtual), sede de empresa, grupo de salas, centro empresarial",nR1-12 (até 1250) ;  nR2-12 (acima de 1250),nR1-12,"1250,00",nR2-12,"1250,01",-,-,1.01,"Administração, Organização e Planejamento",VALIDAÇÃO
9319-1/99,Outras atividades esportivas não especificadas anteriormente,MÉDIO RISCO,Regras 34 e 35,07.07.06,"Clube recreativo, associativo e/ou desportivo, quadra de escola de samba ou salão de esporte para locação",nR2-07 (Qualquer área),nR2-07,Q,-,Q,-,-,1.05,Estabelecimentos de Diversões públicas e Lazer,VALIDAÇÃO
9319-1/99,Outras atividades esportivas não especificadas anteriormente,MÉDIO RISCO,Regras 34 e 35,07.12.14,Outros serviços profissionais não classificados,nR1-12 (Até 350) ; nR2-12 (Acima de 350),nR1-12,"350,00",nR2-12,350.01,-,-,1.18,Estabelecimentos não classificados nos itens 1.01 a 1.17,VALIDAÇÃO
9319-1/99,Outras atividades esportivas não especificadas anteriormente,MÉDIO RISCO,Regras 34 e 35,07.12.13,"Escritório (inclusive virtual), sede de empresa, grupo de salas, centro empresarial",nR1-12 (até 1250) ;  nR2-12 (acima de 1250),nR1-12,"1250,00",nR2-12,"1250,01",-,-,1.01,"Administração, Organização e Planejamento",VALIDAÇÃO
9321-2/00,Parques de diversão e parques temáticos,MÉDIO RISCO,Regra 21,07.07.07,"Circo, parque de diversões",nR2-07 (Qualquer área),nR2-07,Q,-,Q,-,-,1.05,Estabelecimentos de Diversões públicas e Lazer,SEMI EXPRESSO
9321-2/00,Parques de diversão e parques temáticos,MÉDIO RISCO,Regra 21,07.12.13,"Escritório (inclusive virtual), sede de empresa, grupo de salas, centro empresarial",nR1-12 (até 1250) ;  nR2-12 (acima de 1250),nR1-12,"1250,00",nR2-12,"1250,01",-,-,1.01,"Administração, Organização e Planejamento",SEMI EXPRESSO
9329-8/01,"Discotecas, danceterias, salões de dança e similares",MÉDIO RISCO,Regra 21,07.07.05,"Boate, discoteca, casa de eventos, casa noturna",nR2-07 (Qualquer área),nR2-07,Q,-,Q,-,-,1.05,Estabelecimentos de Diversões públicas e Lazer,SEMI EXPRESSO
9329-8/01,"Discotecas, danceterias, salões de dança e similares",MÉDIO RISCO,Regra 21,07.12.13,"Escritório (inclusive virtual), sede de empresa, grupo de salas, centro empresarial",nR1-12 (até 1250) ;  nR2-12 (acima de 1250),nR1-12,"1250,00",nR2-12,"1250,01",-,-,1.01,"Administração, Organização e Planejamento",SEMI EXPRESSO
9329-8/02,Exploração de boliches,MÉDIO RISCO,Regra 5,07.07.04,"Bilhar, boliche",nR2-07 (Qualquer área),nR2-07,Q,-,Q,-,-,1.05,Estabelecimentos de Diversões públicas e Lazer,VALIDAÇÃO
9329-8/02,Exploração de boliches,BAIXO RISCO,Regra 5,07.12.13,"Escritório (inclusive virtual), sede de empresa, grupo de salas, centro empresarial",nR1-12 (até 1250) ;  nR2-12 (acima de 1250),nR1-12,"1250,00",nR2-12,"1250,01",-,-,1.01,"Administração, Organização e Planejamento",VALIDAÇÃO
9329-8/03,"Exploração de jogos de sinuca, bilhar e similares",MÉDIO RISCO,Regra 5,07.07.04,"Bilhar, boliche",nR2-07 (Qualquer área),nR2-07,Q,-,Q,-,-,1.05,Estabelecimentos de Diversões públicas e Lazer,VALIDAÇÃO
9329-8/03,"Exploração de jogos de sinuca, bilhar e similares",BAIXO RISCO,Regra 5,07.12.13,"Escritório (inclusive virtual), sede de empresa, grupo de salas, centro empresarial",nR1-12 (até 1250) ;  nR2-12 (acima de 1250),nR1-12,"1250,00",nR2-12,"1250,01",-,-,1.01,"Administração, Organização e Planejamento",VALIDAÇÃO
9329-8/04,Exploração de jogos eletrônicos recreativos,MÉDIO RISCO,Regra 5,07.12.09,"Copiadora, gráfica, “lan house”",nR1-12 (Até 350) ; nR2-12 (Acima de 350),nR1-12,350,nR2-12,350.01,-,-,2.04,Estabelecimentos não classificados nos Itens 2.01 a 2.03,VALIDAÇÃO
9329-8/04,Exploração de jogos eletrônicos recreativos,BAIXO RISCO,Regra 5,07.12.13,"Escritório (inclusive virtual), sede de empresa, grupo de salas, centro empresarial",nR1-12 (até 1250) ;  nR2-12 (acima de 1250),nR1-12,"1250,00",nR2-12,"1250,01",-,-,1.01,"Administração, Organização e Planejamento",VALIDAÇÃO
9329-8/99,Outras atividades de recreação e lazer não especificadas anteriormente,MÉDIO RISCO,Regra 17,07.07.08,Outras atividades de afluência pública não classificadas,nR2-07 (Qualquer área),nR2-07,Q,-,Q,-,-,1.05,Estabelecimentos de Diversões públicas e Lazer,VALIDAÇÃO
9329-8/99,Outras atividades de recreação e lazer não especificadas anteriormente,MÉDIO RISCO,Regra 17,07.08.08,"Outros serviços de armazenamento e locação não classificados, inclusive infláveis",nR1-08 (até 500) ; nR2-08 (de 501 a 5000) ; nR3-08 (acima de 5000),nR1-08,"500,00",nR2-08,5000,nR3-08,"5000,01",1.15,Estabelecimento de locação e Guarda de bens,VALIDAÇÃO
9329-8/99,Outras atividades de recreação e lazer não especificadas anteriormente,BAIXO RISCO,Regra 17,07.12.13,"Escritório (inclusive virtual), sede de empresa, grupo de salas, centro empresarial",nR1-12 (até 1250) ;  nR2-12 (acima de 1250),nR1-12,"1250,00",nR2-12,"1250,01",-,-,1.01,"Administração, Organização e Planejamento",VALIDAÇÃO
9411-1/00,Atividades de organizações associativas patronais e empresariais,BAIXO RISCO,Regra 4,07.10.03,"Cooperativas, federações, sindicatos de empregados e empregadores",nR2-10 (Qualquer área),nR2-10,Q,-,Q,-,,6.00,Estabelecimentos não Classificados nos Códigos 3.00 a 5.00,VALIDAÇÃO
9411-1/00,Atividades de organizações associativas patronais e empresariais,BAIXO RISCO,Regra 4,07.12.13,"Escritório (inclusive virtual), sede de empresa, grupo de salas, centro empresarial",nR1-12 (até 1250) ;  nR2-12 (acima de 1250),nR1-12,"1250,00",nR2-12,"1250,01",-,-,1.01,"Administração, Organização e Planejamento",VALIDAÇÃO
9412-0/01,Atividades de fiscalização profissional,BAIXO RISCO,Regra 4,07.10.04,"Institutos, fundações, organizações não governamentais, conselhos profissionais",nR2-10 (Qualquer área),nR2-10,Q,-,Q,-,,6.00,Estabelecimentos não Classificados nos Códigos 3.00 a 5.00,VALIDAÇÃO
9412-0/01,Atividades de fiscalização profissional,BAIXO RISCO,Regra 4,07.12.13,"Escritório (inclusive virtual), sede de empresa, grupo de salas, centro empresarial",nR1-12 (até 1250) ;  nR2-12 (acima de 1250),nR1-12,"1250,00",nR2-12,"1250,01",-,-,1.01,"Administração, Organização e Planejamento",VALIDAÇÃO
9412-0/99,Outras atividades associativas profissionais,BAIXO RISCO,Regra 4,07.10.02,"Associações científicas, culturais, profissionais, esportivas e políticas",nR2-10 (Qualquer área),nR2-10,Q,-,Q,-,,6.00,Estabelecimentos não Classificados nos Códigos 3.00 a 5.00,VALIDAÇÃO
9412-0/99,Outras atividades associativas profissionais,BAIXO RISCO,Regra 4,07.12.13,"Escritório (inclusive virtual), sede de empresa, grupo de salas, centro empresarial",nR1-12 (até 1250) ;  nR2-12 (acima de 1250),nR1-12,"1250,00",nR2-12,"1250,01",-,-,1.01,"Administração, Organização e Planejamento",VALIDAÇÃO
9420-1/00,Atividades de organizações sindicais,BAIXO RISCO,Regra 4,07.10.03,"Cooperativas, federações, sindicatos de empregados e empregadores",nR2-10 (Qualquer área),nR2-10,Q,-,Q,-,,6.00,Estabelecimentos não Classificados nos Códigos 3.00 a 5.00,VALIDAÇÃO
9420-1/00,Atividades de organizações sindicais,BAIXO RISCO,Regra 4,07.12.13,"Escritório (inclusive virtual), sede de empresa, grupo de salas, centro empresarial",nR1-12 (até 1250) ;  nR2-12 (acima de 1250),nR1-12,"1250,00",nR2-12,"1250,01",-,-,1.01,"Administração, Organização e Planejamento",VALIDAÇÃO
9430-8/00,Atividades de associações de defesa de direitos sociais,BAIXO RISCO,Regra 4,07.10.01,"Associações beneficentes, comunitárias e de bairro",nR1-10 ((Qualquer área),nR1-10,Q,-,Q,-,,6.00,Estabelecimentos não Classificados nos Códigos 3.00 a 5.00,VALIDAÇÃO
9430-8/00,Atividades de associações de defesa de direitos sociais,BAIXO RISCO,Regra 4,07.12.13,"Escritório (inclusive virtual), sede de empresa, grupo de salas, centro empresarial",nR1-12 (até 1250) ;  nR2-12 (acima de 1250),nR1-12,"1250,00",nR2-12,"1250,01",-,-,1.01,"Administração, Organização e Planejamento",VALIDAÇÃO
9491-0/00,Atividades de organizações religiosas ou filosóficas,MÉDIO RISCO,Regra 43,07.07.02,"Templo (igrejas, terreiros, e demais locais de culto)",nR1-07 (Até 600) ; nR2-07 (Acima de 600),nR1-07,"600,00",nR2-07,"600,01",,,0.00,ISENTA,SEMI EXPRESSO
9491-0/00,Atividades de organizações religiosas ou filosóficas,MÉDIO RISCO,Regra 43,07.13.02,"Casa de geriatria, asilo, casa de repouso, convento, mosteiro, seminário, casa de retiro",nR1-13 (Qualquer área),nR1-13,Q,-,Q,-,,6.00,Estabelecimentos não Classificados nos Códigos 3.00 a 5.00,SEMI EXPRESSO
9491-0/00,Atividades de organizações religiosas ou filosóficas,MÉDIO RISCO,Regra 43,07.10.07,Outras associações e organizações não classificadas,nR2-10 (Qualquer área),nR2-10,Q,-,Q,-,-,6.00,Estabelecimentos não Classificados nos Códigos 3.00 a 5.00,SEMI EXPRESSO
9491-0/00,Atividades de organizações religiosas ou filosóficas,MÉDIO RISCO,Regra 43,07.12.13,"Escritório (inclusive virtual), sede de empresa, grupo de salas, centro empresarial",nR1-12 (até 1250) ;  nR2-12 (acima de 1250),nR1-12,"1250,00",nR2-12,"1250,01",-,-,1.01,"Administração, Organização e Planejamento",SEMI EXPRESSO
9492-8/00,Atividades de organizações políticas,BAIXO RISCO,Regra 4,07.10.05,"Instituições e organizações culturais, cívicas, políticas ou educacionais",nR2-10 (Qualquer área),nR2-10,Q,-,Q,-,,6.00,Estabelecimentos não Classificados nos Códigos 3.00 a 5.00,VALIDAÇÃO
9492-8/00,Atividades de organizações políticas,BAIXO RISCO,Regra 4,07.12.13,"Escritório (inclusive virtual), sede de empresa, grupo de salas, centro empresarial",nR1-12 (até 1250) ;  nR2-12 (acima de 1250),nR1-12,"1250,00",nR2-12,"1250,01",-,-,1.01,"Administração, Organização e Planejamento",VALIDAÇÃO
9493-6/00,Atividades de organizações associativas ligadas à cultura e à arte,BAIXO RISCO,Regra 4,07.10.02,"Associações científicas, culturais, profissionais, esportivas e políticas",nR2-10 (Qualquer área),nR2-10,Q,-,Q,-,,6.00,Estabelecimentos não Classificados nos Códigos 3.00 a 5.00,VALIDAÇÃO
9493-6/00,Atividades de organizações associativas ligadas à cultura e à arte,BAIXO RISCO,Regra 4,07.12.13,"Escritório (inclusive virtual), sede de empresa, grupo de salas, centro empresarial",nR1-12 (até 1250) ;  nR2-12 (acima de 1250),nR1-12,"1250,00",nR2-12,"1250,01",-,-,1.01,"Administração, Organização e Planejamento",VALIDAÇÃO
9499-5/00,Atividades associativas não especificadas anteriormente,MÉDIO RISCO,Regras  11 e 12,07.10.07,Outras associações e organizações não classificadas,nR2-10 (Qualquer área),nR2-10,Q,-,Q,-,,6.00,Estabelecimentos não Classificados nos Códigos 3.00 a 5.00,VALIDAÇÃO
9499-5/00,Atividades associativas não especificadas anteriormente,MÉDIO RISCO,Regras  11 e 12,07.10.01,"Associações beneficentes, comunitárias e de bairro",nR1-10 ((Qualquer área),nR1-10,Q,-,Q,-,,6.00,Estabelecimentos não Classificados nos Códigos 3.00 a 5.00,VALIDAÇÃO
9499-5/00,Atividades associativas não especificadas anteriormente,BAIXO RISCO,Regras  11 e 12,07.12.13,"Escritório (inclusive virtual), sede de empresa, grupo de salas, centro empresarial",nR1-12 (até 1250) ;  nR2-12 (acima de 1250),nR1-12,"1250,00",nR2-12,"1250,01",-,-,1.01,"Administração, Organização e Planejamento",VALIDAÇÃO
9511-8/00,Reparação e manutenção de computadores e de equipamentos periféricos,BAIXO RISCO,Regra 4,07.09.06,"Serviços de conservação, manutenção, reparação e limpeza de máquinas  e eletrodomésticos, equipamentos elétricos e eletrônicos de uso domiciliar, objetos pessoais e domésticos (bicicletas, brinquedos, canetas, cautelaria)",nR1-09 (Qualquer área),nR1-09,Q,-,Q,-,-,1.12,"Estabelecimentos de Instalação, Reparos e Manutenção de Máquinas, Motores e Aparelhos e Equipamentos",VALIDAÇÃO
9511-8/00,Reparação e manutenção de computadores e de equipamentos periféricos,BAIXO RISCO,Regra 4,07.12.13,"Escritório (inclusive virtual), sede de empresa, grupo de salas, centro empresarial",nR1-12 (até 1250) ;  nR2-12 (acima de 1250),nR1-12,"1250,00",nR2-12,"1250,01",-,-,1.01,"Administração, Organização e Planejamento",VALIDAÇÃO
9512-6/00,Reparação e manutenção de equipamentos de comunicação,BAIXO RISCO,Regra 4,07.09.06,"Serviços de conservação, manutenção, reparação e limpeza de máquinas  e eletrodomésticos, equipamentos elétricos e eletrônicos de uso domiciliar, objetos pessoais e domésticos (bicicletas, brinquedos, canetas, cautelaria)",nR1-09 (Qualquer área),nR1-09,Q,-,Q,-,-,1.12,"Estabelecimentos de Instalação, Reparos e Manutenção de Máquinas, Motores e Aparelhos e Equipamentos",VALIDAÇÃO
9512-6/00,Reparação e manutenção de equipamentos de comunicação,BAIXO RISCO,Regra 4,07.12.13,"Escritório (inclusive virtual), sede de empresa, grupo de salas, centro empresarial",nR1-12 (até 1250) ;  nR2-12 (acima de 1250),nR1-12,"1250,00",nR2-12,"1250,01",-,-,1.01,"Administração, Organização e Planejamento",VALIDAÇÃO
9521-5/00,Reparação e manutenção de equipamentos eletroeletrônicos de uso pessoal e doméstico,BAIXO RISCO,Regra 4,07.09.06,"Serviços de conservação, manutenção, reparação e limpeza de máquinas  e eletrodomésticos, equipamentos elétricos e eletrônicos de uso domiciliar, objetos pessoais e domésticos (bicicletas, brinquedos, canetas, cautelaria)",nR1-09 (Qualquer área),nR1-09,Q,-,Q,-,-,1.12,"Estabelecimentos de Instalação, Reparos e Manutenção de Máquinas, Motores e Aparelhos e Equipamentos",VALIDAÇÃO
9521-5/00,Reparação e manutenção de equipamentos eletroeletrônicos de uso pessoal e doméstico,BAIXO RISCO,Regra 4,07.12.13,"Escritório (inclusive virtual), sede de empresa, grupo de salas, centro empresarial",nR1-12 (até 1250) ;  nR2-12 (acima de 1250),nR1-12,"1250,00",nR2-12,"1250,01",-,-,1.01,"Administração, Organização e Planejamento",VALIDAÇÃO
9529-1/01,"Reparação de calçados, bolsas e artigos de viagem",BAIXO RISCO,Regra 4,07.09.06,"Serviços de conservação, manutenção, reparação e limpeza de máquinas  e eletrodomésticos, equipamentos elétricos e eletrônicos de uso domiciliar, objetos pessoais e domésticos (bicicletas, brinquedos, canetas, cautelaria)",nR1-09 (Qualquer área),nR1-09,Q,-,Q,-,-,1.18,Estabelecimentos não classificados nos  Itens 1.01 a 1.17,VALIDAÇÃO
9529-1/01,"Reparação de calçados, bolsas e artigos de viagem",BAIXO RISCO,Regra 4,07.12.13,"Escritório (inclusive virtual), sede de empresa, grupo de salas, centro empresarial",nR1-12 (até 1250) ;  nR2-12 (acima de 1250),nR1-12,"1250,00",nR2-12,"1250,01",-,-,1.01,"Administração, Organização e Planejamento",VALIDAÇÃO
9529-1/02,Chaveiros,BAIXO RISCO,Regra 4,07.09.07,"Serviço de carga e recuperação de cartuchos, serviços de reparação de obras e objetos de arte, serviços de chaveiro e confecção de carimbos, serviços de entalhador, de maquetes e molduras, serviço de encadernação e restauração de livros, serviços de embalagem, rotulagem e encaixotamento",nR1-09 (Qualquer área),nR1-09,Q,-,Q,-,-,1.18,Estabelecimentos não classificados nos  Itens 1.01 a 1.17,VALIDAÇÃO
9529-1/02,Chaveiros,BAIXO RISCO,Regra 4,07.12.13,"Escritório (inclusive virtual), sede de empresa, grupo de salas, centro empresarial",nR1-12 (até 1250) ;  nR2-12 (acima de 1250),nR1-12,"1250,00",nR2-12,"1250,01",-,-,1.01,"Administração, Organização e Planejamento",VALIDAÇÃO
9529-1/03,Reparação de relógios,BAIXO RISCO,Regra 4,07.09.06,"Serviços de conservação, manutenção, reparação e limpeza de máquinas  e eletrodomésticos, equipamentos elétricos e eletrônicos de uso domiciliar, objetos pessoais e domésticos (bicicletas, brinquedos, canetas, cautelaria)",nR1-09 (Qualquer área),nR1-09,Q,-,Q,-,-,1.18,Estabelecimentos não classificados nos  Itens 1.01 a 1.17,VALIDAÇÃO
9529-1/03,Reparação de relógios,BAIXO RISCO,Regra 4,07.12.13,"Escritório (inclusive virtual), sede de empresa, grupo de salas, centro empresarial",nR1-12 (até 1250) ;  nR2-12 (acima de 1250),nR1-12,"1250,00",nR2-12,"1250,01",-,-,1.01,"Administração, Organização e Planejamento",VALIDAÇÃO
9529-1/04,"Reparação de bicicletas, triciclos e outros veículos não-motorizados",BAIXO RISCO,Regra 4,07.09.06,"Serviços de conservação, manutenção, reparação e limpeza de máquinas  e eletrodomésticos, equipamentos elétricos e eletrônicos de uso domiciliar, objetos pessoais e domésticos (bicicletas, brinquedos, canetas, cautelaria)",nR1-09 (Qualquer área),nR1-09,Q,-,Q,-,-,1.12,"Estabelecimentos de Instalação, Reparos e Manutenção de Máquinas, Motores e Aparelhos e Equipamentos",VALIDAÇÃO
9529-1/04,"Reparação de bicicletas, triciclos e outros veículos não-motorizados",BAIXO RISCO,Regra 4,07.12.13,"Escritório (inclusive virtual), sede de empresa, grupo de salas, centro empresarial",nR1-12 (até 1250) ;  nR2-12 (acima de 1250),nR1-12,"1250,00",nR2-12,"1250,01",-,-,1.01,"Administração, Organização e Planejamento",VALIDAÇÃO
9529-1/05,Reparação de artigos do mobiliário,BAIXO RISCO,Regra 4,07.09.06,"Serviços de conservação, manutenção, reparação e limpeza de máquinas  e eletrodomésticos, equipamentos elétricos e eletrônicos de uso domiciliar, objetos pessoais e domésticos (bicicletas, brinquedos, canetas, cautelaria)",nR1-09 (Qualquer área),nR1-09,Q,-,Q,-,-,1.18,Estabelecimentos não classificados nos  Itens 1.01 a 1.17,VALIDAÇÃO
9529-1/05,Reparação de artigos do mobiliário,BAIXO RISCO,Regra 4,07.12.13,"Escritório (inclusive virtual), sede de empresa, grupo de salas, centro empresarial",nR1-12 (até 1250) ;  nR2-12 (acima de 1250),nR1-12,"1250,00",nR2-12,"1250,01",-,-,1.01,"Administração, Organização e Planejamento",VALIDAÇÃO
9529-1/06,Reparação de joias,BAIXO RISCO,Regra 4,07.09.17,"Outros serviços técnicos de confecção, manutenção e reparação não classificados",nR1-09 (Até 350) ; nR2-09 (Acima de 350),nR1-09,"350,00",nR2-09,"350,01",-,-,1.18,Estabelecimentos não classificados nos Códigos 1.01 a 1.17,VALIDAÇÃO
9529-1/06,Reparação de joias,BAIXO RISCO,Regra 4,07.12.13,"Escritório (inclusive virtual), sede de empresa, grupo de salas, centro empresarial",nR1-12 (até 1250) ;  nR2-12 (acima de 1250),nR1-12,"1250,00",nR2-12,"1250,01",-,-,1.01,"Administração, Organização e Planejamento",VALIDAÇÃO
9529-1/99,Reparação e manutenção de outros objetos e equipamentos pessoais e domésticos não especificados anteriormente,BAIXO RISCO,Regra 4,07.09.17,"Outros serviços técnicos de confecção, manutenção e reparação não classificados",nR1-09 (Até 350) ; nR2-09 (Acima de 350),nR1-09,"350,00",nR2-09,"350,01",,,1.12,"Estabelecimentos de Instalação, Reparos e Manutenção de Máquinas, Motores e Aparelhos e Equipamentos",VALIDAÇÃO
9529-1/99,Reparação e manutenção de outros objetos e equipamentos pessoais e domésticos não especificados anteriormente,BAIXO RISCO,Regra 4,07.12.13,"Escritório (inclusive virtual), sede de empresa, grupo de salas, centro empresarial",nR1-12 (até 1250) ;  nR2-12 (acima de 1250),nR1-12,"1250,00",nR2-12,"1250,01",-,-,1.01,"Administração, Organização e Planejamento",VALIDAÇÃO
9601-7/01,Lavanderias,MÉDIO RISCO,Regras 36 e 37,07.09.03,"Lavanderia, tinturaria, toalheria e similares (exceto industrial)",nR1-09 (Qualquer área),nR1-09,Q,-,Q,-,-,1.03,Conservação e Higienização,VALIDAÇÃO
9601-7/01,Lavanderias,MÉDIO RISCO,Regras 36 e 37,07.09.15,"Lavanderia, tinturaria, toalheria (industrial)",nR2-09 (Qualquer área),nR2-09,Q,-,Q,-,-,1.03,Conservação e Higienização,VALIDAÇÃO
9601-7/01,Lavanderias,MÉDIO RISCO,Regras 36 e 37,07.12.13,"Escritório (inclusive virtual), sede de empresa, grupo de salas, centro empresarial",nR1-12 (até 1250) ;  nR2-12 (acima de 1250),nR1-12,"1250,00",nR2-12,"1250,01",-,-,1.01,"Administração, Organização e Planejamento",VALIDAÇÃO
9601-7/02,Tinturarias,MÉDIO RISCO,Regra 5,07.09.03,"Lavanderia, tinturaria, toalheria e similares (exceto industrial)",nR1-09 (Qualquer área),nR1-09,Q,-,Q,-,-,1.03,Conservação e Higienização,VALIDAÇÃO
9601-7/02,Tinturarias,BAIXO RISCO,Regra 5,07.12.13,"Escritório (inclusive virtual), sede de empresa, grupo de salas, centro empresarial",nR1-12 (até 1250) ;  nR2-12 (acima de 1250),nR1-12,"1250,00",nR2-12,"1250,01",-,-,1.01,"Administração, Organização e Planejamento",VALIDAÇÃO
9601-7/03,Toalheiros,MÉDIO RISCO,Regras 36 e 37,07.09.03,"Lavanderia, tinturaria, toalheria e similares (exceto industrial)",nR1-09 (Qualquer área),nR1-09,Q,-,Q,-,-,1.03,Conservação e Higienização,VALIDAÇÃO
9601-7/03,Toalheiros,MÉDIO RISCO,Regras 36 e 37,07.09.15,"Lavanderia, tinturaria, toalheria (industrial)",nR2-09 (Qualquer área),nR2-09,Q,-,Q,-,-,1.03,Conservação e Higienização,VALIDAÇÃO
9601-7/03,Toalheiros,MÉDIO RISCO,Regras 36 e 37,07.12.13,"Escritório (inclusive virtual), sede de empresa, grupo de salas, centro empresarial",nR1-12 (até 1250) ;  nR2-12 (acima de 1250),nR1-12,"1250,00",nR2-12,"1250,01",-,-,1.01,"Administração, Organização e Planejamento",VALIDAÇÃO
9602-5/01,"Cabeleireiros, manicure e pedicure",MÉDIO RISCO,Regra 20,07.12.06,"Barbearia, salão de beleza (inclusive para animais domésticos), centro de estética e embelezamento",nR1-12 (Até 350) ; nR2-12 (Acima de 350),nR1-12,"350,00",nR2-12,"350,01",-,-,1.10,Estabelecimentos de Higiene Pessoal e Condicionamento Físico,VALIDAÇÃO
9602-5/01,"Cabeleireiros, manicure e pedicure",MÉDIO RISCO,Regra 20,07.12.13,"Escritório (inclusive virtual), sede de empresa, grupo de salas, centro empresarial",nR1-12 (até 1250) ;  nR2-12 (acima de 1250),nR1-12,"1250,00",nR2-12,"1250,01",-,-,1.01,"Administração, Organização e Planejamento",VALIDAÇÃO
9602-5/02,Atividades de estética e outros serviços de cuidados com a beleza,MÉDIO RISCO,Regra 20,07.12.06,"Barbearia, salão de beleza (inclusive para animais domésticos), centro de estética e embelezamento",nR1-12 (Até 350) ; nR2-12 (Acima de 350),nR1-12,"350,00",nR2-12,"350,01",-,-,1.10,Estabelecimentos de Higiene Pessoal e Condicionamento Físico,VALIDAÇÃO
9602-5/02,Atividades de estética e outros serviços de cuidados com a beleza,MÉDIO RISCO,Regra 20,07.12.13,"Escritório (inclusive virtual), sede de empresa, grupo de salas, centro empresarial",nR1-12 (até 1250) ;  nR2-12 (acima de 1250),nR1-12,"1250,00",nR2-12,"1250,01",-,-,1.01,"Administração, Organização e Planejamento",VALIDAÇÃO
9603-3/01,Gestão e manutenção de cemitérios,MÉDIO RISCO,Regra 21,07.14.08,Cemitério e Crematório,nR3-14 (Qualquer área),nR3-14,Q,-,Q,-,,6.00,Estabelecimentos não classificados nos Códigos 3.00 a 5.00,SEMI EXPRESSO
9603-3/01,Gestão e manutenção de cemitérios,MÉDIO RISCO,Regra 21,07.12.13,"Escritório (inclusive virtual), sede de empresa, grupo de salas, centro empresarial",nR1-12 (até 1250) ;  nR2-12 (acima de 1250),nR1-12,"1250,00",nR2-12,"1250,01",-,-,1.01,"Administração, Organização e Planejamento",SEMI EXPRESSO
9603-3/02,Serviços de cremação,MÉDIO RISCO,Regra 21,07.14.08,Cemitério e Crematório,nR3-14 (Qualquer área),nR3-14,Q,-,Q,-,,6.00,Estabelecimentos não classificados nos Códigos 3.00 a 5.00,SEMI EXPRESSO
9603-3/02,Serviços de cremação,MÉDIO RISCO,Regra 21,07.12.13,"Escritório (inclusive virtual), sede de empresa, grupo de salas, centro empresarial",nR1-12 (até 1250) ;  nR2-12 (acima de 1250),nR1-12,"1250,00",nR2-12,"1250,01",-,-,1.01,"Administração, Organização e Planejamento",SEMI EXPRESSO
9603-3/03,Serviços de sepultamento,MÉDIO RISCO,Regra 21,07.14.08,Cemitério e Crematório,nR3-14 (Qualquer área),nR3-14,Q,-,Q,-,,6.00,Estabelecimentos não classificados nos Códigos 3.00 a 5.00,SEMI EXPRESSO
9603-3/03,Serviços de sepultamento,MÉDIO RISCO,Regra 21,07.12.13,"Escritório (inclusive virtual), sede de empresa, grupo de salas, centro empresarial",nR1-12 (até 1250) ;  nR2-12 (acima de 1250),nR1-12,"1250,00",nR2-12,"1250,01",-,-,1.01,"Administração, Organização e Planejamento",SEMI EXPRESSO
9603-3/04,Serviços de funerárias,MÉDIO RISCO,Regra 20,07.12.14,Outros serviços profissionais não classificados,nR1-12 (Até 350) ; nR2-12 (Acima de 350),nR1-12,350,nR2-12,350.01,-,-,1.18,Estabelecimento não Classificados nos itens 1.01 a 1.17,VALIDAÇÃO
9603-3/04,Serviços de funerárias,MÉDIO RISCO,Regra 20,07.12.13,"Escritório (inclusive virtual), sede de empresa, grupo de salas, centro empresarial",nR1-12 (até 1250) ;  nR2-12 (acima de 1250),nR1-12,"1250,00",nR2-12,"1250,01",-,-,1.01,"Administração, Organização e Planejamento",VALIDAÇÃO
9603-3/05,Serviços de somatoconservação,ALTO,Regra 46,07.12.14,Outros serviços profissionais não classificados,nR1-12 (Até 350) ; nR2-12 (Acima de 350),nR1-12,350,nR2-12,350.01,-,-,1.18,Estabelecimento não Classificados nos itens 1.01 a 1.17,VALIDAÇÃO
9603-3/05,Serviços de somatoconservação,ALTO,Regra 46,07.12.13,"Escritório (inclusive virtual), sede de empresa, grupo de salas, centro empresarial",nR1-12 (até 1250) ;  nR2-12 (acima de 1250),nR1-12,"1250,00",nR2-12,"1250,01",-,-,1.01,"Administração, Organização e Planejamento",VALIDAÇÃO
9603-3/99,Atividades funerárias e serviços relacionados não especificados anteriormente,MÉDIO RISCO,Regra 20,07.12.14,Outros serviços profissionais não classificados,nR1-12 (Até 350) ; nR2-12 (Acima de 350),nR1-12,350,nR2-12,350.01,-,-,1.18,Estabelecimento não Classificados nos itens 1.01 a 1.17,VALIDAÇÃO
9603-3/99,Atividades funerárias e serviços relacionados não especificados anteriormente,MÉDIO RISCO,Regra 20,07.12.13,"Escritório (inclusive virtual), sede de empresa, grupo de salas, centro empresarial",nR1-12 (até 1250) ;  nR2-12 (acima de 1250),nR1-12,"1250,00",nR2-12,"1250,01",-,-,1.01,"Administração, Organização e Planejamento",VALIDAÇÃO
9609-2/02,Agências matrimoniais,BAIXO RISCO,Regra 4,07.12.14,Outros serviços profissionais não classificados,nR1-12 (Até 350) ; nR2-12 (Acima de 350),nR1-12,350,nR2-12,350.01,-,-,1.18,Estabelecimento não Classificados nos itens 1.01 a 1.17,VALIDAÇÃO
9609-2/02,Agências matrimoniais,BAIXO RISCO,Regra 4,07.12.13,"Escritório (inclusive virtual), sede de empresa, grupo de salas, centro empresarial",nR1-12 (até 1250) ;  nR2-12 (acima de 1250),nR1-12,"1250,00",nR2-12,"1250,01",-,-,1.01,"Administração, Organização e Planejamento",VALIDAÇÃO
9609-2/04,Exploração de máquinas de serviços pessoais acionadas por moeda,BAIXO RISCO,Regra 10,07.12.13,"Escritório (inclusive virtual), sede de empresa, grupo de salas, centro empresarial",nR1-12 (até 1250) ;  nR2-12 (acima de 1250),nR1-12,"1250,00",nR2-12,"1250,01",-,-,1.01,"Administração, Organização e Planejamento",VALIDAÇÃO
9609-2/05,Atividades de sauna e banhos,MÉDIO RISCO,Regra 22,07.12.14,Outros serviços profissionais não classificados,nR1-12 (Até 350) ; nR2-12 (Acima de 350),nR1-12,350,nR2-12,350.01,-,-,1.18,Estabelecimento não Classificados nos itens 1.01 a 1.17,VALIDAÇÃO
9609-2/05,Atividades de sauna e banhos,MÉDIO RISCO,Regra 22,07.12.06,"Barbearia, salão de beleza (inclusive para animais domésticos), centro de estética e embelezamento",nR1-12 (Até 350) ; nR2-12 (Acima de 350),nR1-12,350,nR2-12,350.01,-,-,1.10,Estabelecimentos de Higiene Pessoal e Condicionamento Físico,VALIDAÇÃO
9609-2/05,Atividades de sauna e banhos,MÉDIO RISCO,Regra 22,07.12.13,"Escritório (inclusive virtual), sede de empresa, grupo de salas, centro empresarial",nR1-12 (até 1250) ;  nR2-12 (acima de 1250),nR1-12,"1250,00",nR2-12,"1250,01",-,-,1.01,"Administração, Organização e Planejamento",VALIDAÇÃO
9609-2/06,Serviços de tatuagem e colocação de piercing,MÉDIO RISCO,Regra 20,07.12.14,Outros serviços profissionais não classificados,nR1-12 (Até 350) ; nR2-12 (Acima de 350),nR1-12,350,nR2-12,350.01,-,-,1.18,Estabelecimento não Classificados nos itens 1.01 a 1.17,VALIDAÇÃO
9609-2/06,Serviços de tatuagem e colocação de piercing,MÉDIO RISCO,Regra 20,07.12.13,"Escritório (inclusive virtual), sede de empresa, grupo de salas, centro empresarial",nR1-12 (até 1250) ;  nR2-12 (acima de 1250),nR1-12,"1250,00",nR2-12,"1250,01",-,-,1.01,"Administração, Organização e Planejamento",VALIDAÇÃO
9609-2/07,Alojamento de animais domésticos,MÉDIO RISCO,Regra 33,07.12.02,Adestramento e serviço de hospedagem de animais de estimação,nR1-12 (Até 350) ; nR2-12 (Acima de 350),nR1-12,350,nR2-12,350.01,-,-,1.18,Estabelecimento não Classificados nos itens 1.01 a 1.17,VALIDAÇÃO
9609-2/07,Alojamento de animais domésticos,MÉDIO RISCO,Regra 33,07.12.13,"Escritório (inclusive virtual), sede de empresa, grupo de salas, centro empresarial",nR1-12 (até 1250) ;  nR2-12 (acima de 1250),nR1-12,"1250,00",nR2-12,"1250,01",-,-,1.01,"Administração, Organização e Planejamento",VALIDAÇÃO
9609-2/08,Higiene e embelezamento de animais domésticos,MÉDIO RISCO,Regra 20,07.12.06,"Barbearia, salão de beleza (inclusive para animais domésticos), centro de estética e embelezamento",nR1-12 (Até 350) ; nR2-12 (Acima de 350),nR1-12,350,nR2-12,350.01,-,-,1.18,Estabelecimento não Classificados nos itens 1.01 a 1.17,VALIDAÇÃO
9609-2/08,Higiene e embelezamento de animais domésticos,MÉDIO RISCO,Regra 20,07.12.13,"Escritório (inclusive virtual), sede de empresa, grupo de salas, centro empresarial",nR1-12 (até 1250) ;  nR2-12 (acima de 1250),nR1-12,"1250,00",nR2-12,"1250,01",-,-,1.01,"Administração, Organização e Planejamento",VALIDAÇÃO
9609-2/99,Outras atividades de serviços pessoais não especificadas anteriormente,MÉDIO RISCO,Regra 40,07.12.14,Outros serviços profissionais não classificados,nR1-12 (Até 350) ; nR2-12 (Acima de 350),nR1-12,350,nR2-12,350.01,-,-,1.18,Estabelecimento não Classificados nos itens 1.01 a 1.17,VALIDAÇÃO
9609-2/99,Outras atividades de serviços pessoais não especificadas anteriormente,MÉDIO RISCO,Regra 40,07.12.13,"Escritório (inclusive virtual), sede de empresa, grupo de salas, centro empresarial",nR1-12 (até 1250) ;  nR2-12 (acima de 1250),nR1-12,"1250,00",nR2-12,"1250,01",-,-,1.01,"Administração, Organização e Planejamento",VALIDAÇÃO
9700-5/00,Serviços domésticos,BAIXO RISCO,Regra 4,07.12.14,Outros serviços profissionais não classificados,nR1-12 (Até 350) ; nR2-12 (Acima de 350),nR1-12,350,nR2-12,350.01,-,-,7.01,Profissional Liberal,VALIDAÇÃO
9700-5/00,Serviços domésticos,BAIXO RISCO,Regra 4,07.12.13,"Escritório (inclusive virtual), sede de empresa, grupo de salas, centro empresarial",nR1-12 (até 1250) ;  nR2-12 (acima de 1250),nR1-12,1250,nR2-12,1250.01,-,-,1.01,"Administração, organização e Planejamento",VALIDAÇÃO
9900-8/00,Organismos internacionais e outras instituições extraterritoriais,BAIXO RISCO,Regra 4,07.11.02,Instituições internacionais,nR2-11 (Qualquer área),nR2-11,Q,-,Q,-,,6.00,Estabelecimentos não classificados nos Códigos 3.00 a 5.00,VALIDAÇÃO
9900-8/00,Organismos internacionais e outras instituições extraterritoriais,BAIXO RISCO,Regra 4,07.12.13,"Escritório (inclusive virtual), sede de empresa, grupo de salas, centro empresarial",nR1-12 (até 1250) ;  nR2-12 (acima de 1250),nR1-12,1250,nR2-12,1250.01,-,-,1.01,"Administração, organização e Planejamento",VALIDAÇÃO
