cnae,risco,codigo_louos,enquadramento1,perguntas,regras,condicionantes
0111-3/01,BAIXO RISCO,07.12.13,nR1-12,11,5,1|30
0111-3/01,A SER DEFINIDO PELA CNLU,08A.02.03,nRa-02,11,5,1
0111-3/02,BAIXO RISCO,07.12.13,nR1-12,11,5,1|30
0111-3/02,A SER DEFINIDO PELA CNLU,08A.02.03,nRa-02,11,5,1
0111-3/03,BAIXO RISCO,07.12.13,nR1-12,11,5,1|30
0111-3/03,A SER DEFINIDO PELA CNLU,08A.02.03,nRa-02,11,5,1
0111-3/99,BAIXO RISCO,07.12.13,nR1-12,11,5,1|30
0111-3/99,A SER DEFINIDO PELA CNLU,08A.02.03,nRa-02,11,5,1
0112-1/01,BAIXO RISCO,07.12.13,nR1-12,11,5,1|30
0112-1/01,A SER DEFINIDO PELA CNLU,08A.02.03,nRa-02,11,5,1
0112-1/02,BAIXO RISCO,07.12.13,nR1-12,11,5,1|30
0112-1/02,A SER DEFINIDO PELA CNLU,08A.02.03,nRa-02,11,5,1
0112-1/99,BAIXO RISCO,07.12.13,nR1-12,11,5,1|30
0112-1/99,A SER DEFINIDO PELA CNLU,08A.02.03,nRa-02,11,5,1
0113-0/00,BAIXO RISCO,07.12.13,nR1-12,11,5,1|30
0113-0/00,A SER DEFINIDO PELA CNLU,08A.02.03,nRa-02,11,5,1
0114-8/00,BAIXO RISCO,07.12.13,nR1-12,11,5,1|30
0114-8/00,A SER DEFINIDO PELA CNLU,08A.02.03,nRa-02,11,5,1
0115-6/00,BAIXO RISCO,07.12.13,nR1-12,11,5,1|30
0115-6/00,A SER DEFINIDO PELA CNLU,08A.02.03,nRa-02,11,5,1
0116-4/01,BAIXO RISCO,07.12.13,nR1-12,11,5,1|30
0116-4/01,A SER DEFINIDO PELA CNLU,08A.02.03,nRa-02,11,5,1
0116-4/02,BAIXO RISCO,07.12.13,nR1-12,11,5,1|30
0116-4/02,A SER DEFINIDO PELA CNLU,08A.02.03,nRa-02,11,5,1
0116-4/03,BAIXO RISCO,07.12.13,nR1-12,11,5,1|30
0116-4/03,A SER DEFINIDO PELA CNLU,08A.02.03,nRa-02,11,5,1
0116-4/99,BAIXO RISCO,07.12.13,nR1-12,11,5,1|30
0116-4/99,A SER DEFINIDO PELA CNLU,08A.02.03,nRa-02,11,5,1
0119-9/01,BAIXO RISCO,07.12.13,nR1-12,11,5,1|30
0119-9/01,A SER DEFINIDO PELA CNLU,08A.02.03,nRa-02,11,5,1
0119-9/02,BAIXO RISCO,07.12.13,nR1-12,11,5,1|30
0119-9/02,A SER DEFINIDO PELA CNLU,08A.02.03,nRa-02,11,5,1
0119-9/03,BAIXO RISCO,07.12.13,nR1-12,11,5,1|30
0119-9/03,A SER DEFINIDO PELA CNLU,08A.02.03,nRa-02,11,5,1
0119-9/04,BAIXO RISCO,07.12.13,nR1-12,11,5,1|30
0119-9/04,A SER DEFINIDO PELA CNLU,08A.02.03,nRa-02,11,5,1
0119-9/05,BAIXO RISCO,07.12.13,nR1-12,11,5,1|30
0119-9/05,A SER DEFINIDO PELA CNLU,08A.02.03,nRa-02,11,5,1
0119-9/06,BAIXO RISCO,07.12.13,nR1-12,11,5,1|30
0119-9/06,A SER DEFINIDO PELA CNLU,08A.02.03,nRa-02,11,5,1
0119-9/07,BAIXO RISCO,07.12.13,nR1-12,11,5,1|30
0119-9/07,A SER DEFINIDO PELA CNLU,08A.02.03,nRa-02,11,5,1
0119-9/08,BAIXO RISCO,07.12.13,nR1-12,11,5,1|30
0119-9/08,A SER DEFINIDO PELA CNLU,08A.02.03,nRa-02,11,5,1
0119-9/09,BAIXO RISCO,07.12.13,nR1-12,11,5,1|30
0119-9/09,A SER DEFINIDO PELA CNLU,08A.02.03,nRa-02,11,5,1
0119-9/99,BAIXO RISCO,07.12.13,nR1-12,11,5,1|30
0119-9/99,A SER DEFINIDO PELA CNLU,08A.02.03,nRa-02,11,5,1
0121-1/01,BAIXO RISCO,07.12.13,nR1-12,11,5,1|30
0121-1/01,A SER DEFINIDO PELA CNLU,08A.02.03,nRa-02,11,5,1
0121-1/02,BAIXO RISCO,07.12.13,nR1-12,11,5,1|30
0121-1/02,A SER DEFINIDO PELA CNLU,08A.02.03,nRa-02,11,5,1
0122-9/00,BAIXO RISCO,07.12.13,nR1-12,11,5,1|30
0122-9/00,A SER DEFINIDO PELA CNLU,08A.02.03,nRa-02,11,5,1
0131-8/00,BAIXO RISCO,07.12.13,nR1-12,11,5,1|30
0131-8/00,A SER DEFINIDO PELA CNLU,08A.02.03,nRa-02,11,5,1
0132-6/00,BAIXO RISCO,07.12.13,nR1-12,11,5,1|30
0132-6/00,A SER DEFINIDO PELA CNLU,08A.02.03,nRa-02,11,5,1
0133-4/01,BAIXO RISCO,07.12.13,nR1-12,11,5,1|30
0133-4/01,A SER DEFINIDO PELA CNLU,08A.02.03,nRa-02,11,5,1
0133-4/02,BAIXO RISCO,07.12.13,nR1-12,11,5,1|30
0133-4/02,A SER DEFINIDO PELA CNLU,08A.02.03,nRa-02,11,5,1
0133-4/03,BAIXO RISCO,07.12.13,nR1-12,11,5,1|30
0133-4/03,A SER DEFINIDO PELA CNLU,08A.02.03,nRa-02,11,5,1
0133-4/04,BAIXO RISCO,07.12.13,nR1-12,11,5,1|30
0133-4/04,A SER DEFINIDO PELA CNLU,08A.02.03,nRa-02,11,5,1
0133-4/05,BAIXO RISCO,07.12.13,nR1-12,11,5,1|30
0133-4/05,A SER DEFINIDO PELA CNLU,08A.02.03,nRa-02,11,5,1
0133-4/06,BAIXO RISCO,07.12.13,nR1-12,11,5,1|30
0133-4/06,A SER DEFINIDO PELA CNLU,08A.02.03,nRa-02,11,5,1
0133-4/07,BAIXO RISCO,07.12.13,nR1-12,11,5,1|30
0133-4/07,A SER DEFINIDO PELA CNLU,08A.02.03,nRa-02,11,5,1
0133-4/08,BAIXO RISCO,07.12.13,nR1-12,11,5,1|30
0133-4/08,A SER DEFINIDO PELA CNLU,08A.02.03,nRa-02,11,5,1
0133-4/09,BAIXO RISCO,07.12.13,nR1-12,11,5,1|30
0133-4/09,A SER DEFINIDO PELA CNLU,08A.02.03,nRa-02,11,5,1
0133-4/10,BAIXO RISCO,07.12.13,nR1-12,11,5,1|30
0133-4/10,A SER DEFINIDO PELA CNLU,08A.02.03,nRa-02,11,5,1
0133-4/11,BAIXO RISCO,07.12.13,nR1-12,11,5,1|30
0133-4/11,A SER DEFINIDO PELA CNLU,08A.02.03,nRa-02,11,5,1
0133-4/99,BAIXO RISCO,07.12.13,nR1-12,11,5,1|30
0133-4/99,A SER DEFINIDO PELA CNLU,08A.02.03,nRa-02,11,5,1
0134-2/00,BAIXO RISCO,07.12.13,nR1-12,11,5,1|30
0134-2/00,A SER DEFINIDO PELA CNLU,08A.02.03,nRa-02,11,5,1
0135-1/00,BAIXO RISCO,07.12.13,nR1-12,11,5,1|30
0135-1/00,A SER DEFINIDO PELA CNLU,08A.02.03,nRa-02,11,5,1
0139-3/01,BAIXO RISCO,07.12.13,nR1-12,11,5,1|30
0139-3/01,A SER DEFINIDO PELA CNLU,08A.02.03,nRa-02,11,5,1
0139-3/02,BAIXO RISCO,07.12.13,nR1-12,11,5,1|30
0139-3/02,A SER DEFINIDO PELA CNLU,08A.02.03,nRa-02,11,5,1
0139-3/03,BAIXO RISCO,07.12.13,nR1-12,11,5,1|30
0139-3/03,A SER DEFINIDO PELA CNLU,08A.02.03,nRa-02,11,5,1
0139-3/04,BAIXO RISCO,07.12.13,nR1-12,11,5,1|30
0139-3/04,A SER DEFINIDO PELA CNLU,08A.02.03,nRa-02,11,5,1
0139-3/05,BAIXO RISCO,07.12.13,nR1-12,11,5,1|30
0139-3/05,A SER DEFINIDO PELA CNLU,08A.02.03,nRa-02,11,5,1
0139-3/06,BAIXO RISCO,07.12.13,nR1-12,11,5,1|30
0139-3/06,A SER DEFINIDO PELA CNLU,08A.02.03,nRa-02,11,5,1
0139-3/99,BAIXO RISCO,07.12.13,nR1-12,11,5,1|30
0139-3/99,A SER DEFINIDO PELA CNLU,08A.02.03,nRa-02,11,5,1
0141-5/01,BAIXO RISCO,07.12.13,nR1-12,11,5,1|30
0141-5/01,A SER DEFINIDO PELA CNLU,08A.02.03,nRa-02,11,5,1
0141-5/02,BAIXO RISCO,07.12.13,nR1-12,11,5,1|30
0141-5/02,A SER DEFINIDO PELA CNLU,08A.02.03,nRa-02,11,5,1
0142-3/00,BAIXO RISCO,07.12.13,nR1-12,11,5,1|30
0142-3/00,A SER DEFINIDO PELA CNLU,08A.02.03,nRa-02,11,5,1
0151-2/01,BAIXO RISCO,07.12.13,nR1-12,11,5,1|30
0151-2/01,A SER DEFINIDO PELA CNLU,08A.02.03,nRa-02,11,5,1|4
0151-2/02,BAIXO RISCO,07.12.13,nR1-12,11,5,1|30
0151-2/02,A SER DEFINIDO PELA CNLU,08A.02.03,nRa-02,11,5,1|4
0151-2/03,BAIXO RISCO,07.12.13,nR1-12,11,5,1|30
0151-2/03,A SER DEFINIDO PELA CNLU,08A.02.03,nRa-02,11,5,1|4
0152-1/01,BAIXO RISCO,07.12.13,nR1-12,11,5,1|30
0152-1/01,A SER DEFINIDO PELA CNLU,08A.02.03,nRa-02,11,5,1|4
0152-1/02,BAIXO RISCO,07.12.13,nR1-12,11,5,1|30
0152-1/02,A SER DEFINIDO PELA CNLU,08A.02.03,nRa-02,11,5,1|4
0152-1/03,BAIXO RISCO,07.12.13,nR1-12,11,5,1|30
0152-1/03,A SER DEFINIDO PELA CNLU,08A.02.03,nRa-02,11,5,1|4
0153-9/01,BAIXO RISCO,07.12.13,nR1-12,11,5,1|30
0153-9/01,A SER DEFINIDO PELA CNLU,08A.02.03,nRa-02,11,5,1|4
0153-9/02,BAIXO RISCO,07.12.13,nR1-12,11,5,1|30
0153-9/02,A SER DEFINIDO PELA CNLU,08A.02.03,nRa-02,11,5,1|4
0154-7/00,BAIXO RISCO,07.12.13,nR1-12,11,5,1|30
0154-7/00,A SER DEFINIDO PELA CNLU,08A.02.03,nRa-02,11,5,1|4
0155-5/01,BAIXO RISCO,07.12.13,nR1-12,11,5,1|30
0155-5/01,A SER DEFINIDO PELA CNLU,08A.02.03,nRa-02,11,5,1|4
0155-5/02,BAIXO RISCO,07.12.13,nR1-12,11,5,1|30
0155-5/02,A SER DEFINIDO PELA CNLU,08A.02.03,nRa-02,11,5,1|4
0155-5/03,BAIXO RISCO,07.12.13,nR1-12,11,5,1|30
0155-5/03,A SER DEFINIDO PELA CNLU,08A.02.03,nRa-02,11,5,1|4
0155-5/04,BAIXO RISCO,07.12.13,nR1-12,11,5,1|30
0155-5/04,A SER DEFINIDO PELA CNLU,08A.02.03,nRa-02,11,5,1|4
0155-5/05,BAIXO RISCO,07.12.13,nR1-12,11,5,1|30
0155-5/05,A SER DEFINIDO PELA CNLU,08A.02.03,nRa-02,11,5,1|4
0159-8/01,BAIXO RISCO,07.12.13,nR1-12,11,5,1|30
0159-8/01,A SER DEFINIDO PELA CNLU,08A.02.03,nRa-02,11,5,1|4
0159-8/02,BAIXO RISCO,07.12.13,nR1-12,11,5,1|30
0159-8/02,A SER DEFINIDO PELA CNLU,08A.02.03,nRa-02,11,5,1|4
0159-8/03,BAIXO RISCO,07.12.13,nR1-12,11,5,1|30
0159-8/03,A SER DEFINIDO PELA CNLU,08A.02.03,nRa-02,11,5,1|4
0159-8/04,BAIXO RISCO,07.12.13,nR1-12,11,5,1|30
0159-8/04,A SER DEFINIDO PELA CNLU,08A.02.03,nRa-02,11,5,1|4
0159-8/99,BAIXO RISCO,07.12.13,nR1-12,11,5,1|30
0159-8/99,A SER DEFINIDO PELA CNLU,08A.02.03,nRa-02,11,5,1|4
0161-0/01,BAIXO RISCO,07.12.13,nR1-12,11,10,1|2
0161-0/02,BAIXO RISCO,07.12.13,nR1-12,11,10,1|2
0161-0/03,BAIXO RISCO,07.12.13,nR1-12,11,10,1|2
0161-0/99,BAIXO RISCO,07.12.13,nR1-12,11,5,1|30
0161-0/99,MÉDIO RISCO,07.08.07,nR1-08,11,5,1|7|8
0162-8/01,BAIXO RISCO,07.12.13,nR1-12,11,10,1|2
0162-8/02,BAIXO RISCO,07.12.13,nR1-12,11,10,1|2
0162-8/03,BAIXO RISCO,07.12.13,nR1-12,11,10,1|2
0162-8/99,BAIXO RISCO,07.12.13,nR1-12,11,5,1|30
0162-8/99,A SER DEFINIDO PELA CNLU,08A.02.03,nRa-02,11,5,1|4
0163-6/00,BAIXO RISCO,07.12.13,nR1-12,11,5,1|30
0163-6/00,A SER DEFINIDO PELA CNLU,08A.02.03,nRa-02,11,5,1|4
0170-9/00,BAIXO RISCO,07.12.13,nR1-12,11,10,1|2
0210-1/01,BAIXO RISCO,07.12.13,nR1-12,11,5,1|30
0210-1/01,A SER DEFINIDO PELA CNLU,08A.02.08,nRa-02,11,5,1|4
0210-1/02,BAIXO RISCO,07.12.13,nR1-12,11,5,1|30
0210-1/02,A SER DEFINIDO PELA CNLU,08A.02.08,nRa-02,11,5,1|4
0210-1/03,BAIXO RISCO,07.12.13,nR1-12,11,5,1|30
0210-1/03,A SER DEFINIDO PELA CNLU,08A.02.08,nRa-02,11,5,1|4
0210-1/04,BAIXO RISCO,07.12.13,nR1-12,11,5,1|30
0210-1/04,A SER DEFINIDO PELA CNLU,08A.02.08,nRa-02,11,5,1|4
0210-1/05,BAIXO RISCO,07.12.13,nR1-12,11,5,1|30
0210-1/05,A SER DEFINIDO PELA CNLU,08A.02.08,nRa-02,11,5,1|4
0210-1/06,BAIXO RISCO,07.12.13,nR1-12,11,5,1|30
0210-1/06,A SER DEFINIDO PELA CNLU,08A.02.03,nRa-02,11,5,1|4
0210-1/07,BAIXO RISCO,07.12.13,nR1-12,11,5,1|30
0210-1/07,ALTO,09.07.03,ID2-07,11,5,1|4|7|8|32
0210-1/08,BAIXO RISCO,07.12.13,nR1-12,11,5,1|30
0210-1/08,ALTO,09.19.19,ID3-19 (subgrupo 1),11,5,1|4|7|8|32
0210-1/09,BAIXO RISCO,07.12.13,nR1-12,11,5,1|30
0210-1/09,ALTO,09.07.02,ID2-07,11,5,1|4|7|8|32
0210-1/99,BAIXO RISCO,07.12.13,nR1-12,11,5,1|30
0210-1/99,ALTO,09.07.03,ID2-07,11,5,1|4|7|8|32
0220-9/01,BAIXO RISCO,07.12.13,nR1-12,11,5,1|30
0220-9/01,ALTO,09.07.03,ID2-07,11,5,1|4|7|8|32
0220-9/02,BAIXO RISCO,07.12.13,nR1-12,11,5,1|30
0220-9/02,ALTO,09.19.19,ID3-19 (subgrupo 1),11,5,1|4|7|8|32
0220-9/03,BAIXO RISCO,07.12.13,nR1-12,11,10,1|2
0220-9/04,BAIXO RISCO,07.12.13,nR1-12,11,10,1|2
0220-9/05,BAIXO RISCO,07.12.13,nR1-12,11,10,1|2
0220-9/06,BAIXO RISCO,07.12.13,nR1-12,11,10,1|2
0220-9/99,BAIXO RISCO,07.12.13,nR1-12,11,10,1|2
0230-6/00,BAIXO RISCO,07.12.13,nR1-12,11,10,1|2
0311-6/01,BAIXO RISCO,07.12.13,nR1-12,11,10,1|2
0311-6/02,BAIXO RISCO,07.12.13,nR1-12,11,10,1|2
0311-6/03,BAIXO RISCO,07.12.13,nR1-12,11,10,1|2
0311-6/04,BAIXO RISCO,07.12.13,nR1-12,11,10,1|2
0312-4/01,BAIXO RISCO,07.12.13,nR1-12,11,10,1|2
0312-4/02,BAIXO RISCO,07.12.13,nR1-12,11,10,1|2
0312-4/03,BAIXO RISCO,07.12.13,nR1-12,11,10,1|2
0312-4/04,BAIXO RISCO,07.12.13,nR1-12,11,10,1|2
0321-3/01,BAIXO RISCO,07.12.13,nR1-12,11,5,1|30
0321-3/01,A SER DEFINIDO PELA CNLU,08A.02.06,nRa-02,11,5,1|4
0321-3/02,BAIXO RISCO,07.12.13,nR1-12,11,5,1|30
0321-3/02,A SER DEFINIDO PELA CNLU,08A.02.06,nRa-02,11,5,1|4
0321-3/03,BAIXO RISCO,07.12.13,nR1-12,11,5,1|30
0321-3/03,A SER DEFINIDO PELA CNLU,08A.02.06,nRa-02,11,5,1|4
0321-3/04,BAIXO RISCO,07.12.13,nR1-12,11,5,1|30
0321-3/04,A SER DEFINIDO PELA CNLU,08A.02.06,nRa-02,11,5,1|4
0321-3/05,BAIXO RISCO,07.12.13,nR1-12,11,10,1|2
0321-3/99,BAIXO RISCO,07.12.13,nR1-12,11,5,1|30
0321-3/99,A SER DEFINIDO PELA CNLU,08A.02.06,nRa-02,11,5,1|4
0322-1/01,BAIXO RISCO,07.12.13,nR1-12,11,5,1|30
0322-1/01,A SER DEFINIDO PELA CNLU,08A.02.06,nRa-02,11,5,1|4
0322-1/02,BAIXO RISCO,07.12.13,nR1-12,11,5,1|30
0322-1/02,A SER DEFINIDO PELA CNLU,08A.02.06,nRa-02,11,5,1|4
0322-1/03,BAIXO RISCO,07.12.13,nR1-12,11,5,1|30
0322-1/03,A SER DEFINIDO PELA CNLU,08A.02.06,nRa-02,11,5,1|4
0322-1/04,BAIXO RISCO,07.12.13,nR1-12,11,5,1|30
0322-1/04,A SER DEFINIDO PELA CNLU,08A.02.06,nRa-02,11,5,1|4
0322-1/05,BAIXO RISCO,07.12.13,nR1-12,11,5,1|30
0322-1/05,A SER DEFINIDO PELA CNLU,08A.02.06,nRa-02,11,5,1|4
0322-1/06,BAIXO RISCO,07.12.13,nR1-12,11,5,1|30
0322-1/06,A SER DEFINIDO PELA CNLU,08A.02.06,nRa-02,11,5,1|4
0322-1/07,BAIXO RISCO,07.12.13,nR1-12,11,10,1|2
0322-1/99,BAIXO RISCO,07.12.13,nR1-12,11,5,1|30
0322-1/99,A SER DEFINIDO PELA CNLU,08A.02.06,nRa-02,11,5,1|4
0500-3/01,ALTO,09.07.05,ID3- 07,11,5,1|4|7|8|32
0500-3/01,BAIXO RISCO,07.12.13,nR1-12,11,5,1|30
0500-3/02,ALTO,09.14.09,ID3- 14  (subgrupo 2),11,5,1|4|7|8|32
0500-3/02,BAIXO RISCO,07.12.13,nR1-12,11,5,1|30
0600-0/01,ALTO,09.07.05,ID3- 07,11,5,1|4|7|8|32
0600-0/01,BAIXO RISCO,07.12.13,nR1-12,11,5,1|30
0600-0/02,ALTO,09.07.10,ID3- 07,11,5,1|4|7|8|32
0600-0/02,BAIXO RISCO,07.12.13,nR1-12,11,5,1|30
0600-0/03,ALTO,09.07.10,ID3- 07,11,5,1|4|7|8|32
0600-0/03,BAIXO RISCO,07.12.13,nR1-12,11,5,1|30
0710-3/01,ALTO,09.07.10,ID3- 07,11,5,1|4|7|8|32
0710-3/01,BAIXO RISCO,07.12.13,nR1-12,11,5,1|30
0710-3/02,ALTO,09.17.09,ID3- 07,11,5,1|4|7|8|32
0710-3/02,BAIXO RISCO,07.12.13,nR1-12,11,5,1|30
0721-9/01,ALTO,09.07.06,ID3- 07,11,5,1|4|7|8|32
0721-9/01,BAIXO RISCO,07.12.13,nR1-12,11,5,1|30
0721-9/02,ALTO,09.13.04,ID3- 13  (subgrupo 1),11,5,1|4|7|8|32
0721-9/02,BAIXO RISCO,07.12.13,nR1-12,11,5,1|30
0722-7/01,ALTO,09.07.06,ID3- 07,11,5,1|4|7|8|32
0722-7/01,BAIXO RISCO,07.12.13,nR1-12,11,5,1|30
0722-7/02,ALTO,09.13.11,ID3- 13  (subgrupo 2),11,5,1|4|7|8|32
0722-7/02,BAIXO RISCO,07.12.13,nR1-12,11,5,1|30
0723-5/01,ALTO,09.07.06,ID3- 07,11,5,1|4|7|8|32
0723-5/01,BAIXO RISCO,07.12.13,nR1-12,11,5,1|30
0723-5/02,ALTO,09.13.11,ID3- 13  (subgrupo 2),11,5,1|4|7|8|32
0723-5/02,BAIXO RISCO,07.12.13,nR1-12,11,5,1|30
0724-3/01,ALTO,09.07.09,ID3- 07,11,5,1|4|7|8|32
0724-3/01,BAIXO RISCO,07.12.13,nR1-12,11,5,1|30
0724-3/02,ALTO,09.13.05,ID3- 13  (subgrupo 1),11,5,1|4|7|8|32
0724-3/02,BAIXO RISCO,07.12.13,nR1-12,11,5,1|30
0725-1/00,ALTO,09.07.07,ID3- 07,11,5,1|4|7|8|32
0725-1/00,BAIXO RISCO,07.12.13,nR1-12,11,5,1|30
0729-4/01,ALTO,09.07.06,ID3- 07,11,5,1|4|7|8|32
0729-4/01,BAIXO RISCO,07.12.13,nR1-12,11,5,1|30
0729-4/02,ALTO,09.07.06,ID3- 07,11,5,1|4|7|8|32
0729-4/02,BAIXO RISCO,07.12.13,nR1-12,11,5,1|30
0729-4/03,ALTO,09.07.06,ID3- 07,11,5,1|4|7|8|32
0729-4/03,BAIXO RISCO,07.12.13,nR1-12,11,5,1|30
0729-4/04,ALTO,09.07.06,ID3- 07,11,5,1|4|7|8|32
0729-4/04,BAIXO RISCO,07.12.13,nR1-12,11,5,1|30
0729-4/05,ALTO,09.13.11,ID3- 13  (subgrupo 2),11,5,1|4|7|8|32
0729-4/05,BAIXO RISCO,07.12.13,nR1-12,11,5,1|30
0810-0/01,ALTO,09.07.10,ID3-07,11,5,1|4|7|8|32
0810-0/01,BAIXO RISCO,07.12.13,nR1-12,11,5,1|30
0810-0/02,ALTO,09.07.10,ID3-07,11,5,1|4|7|8|32
0810-0/02,BAIXO RISCO,07.12.13,nR1-12,11,5,1|30
0810-0/03,ALTO,09.07.10,ID3-07,11,5,1|4|7|8|32
0810-0/03,BAIXO RISCO,07.12.13,nR1-12,11,5,1|30
0810-0/04,ALTO,09.07.10,ID3-07,11,5,1|4|7|8|32
0810-0/04,BAIXO RISCO,07.12.13,nR1-12,11,5,1|30
0810-0/05,ALTO,09.07.10,ID3-07,11,5,1|4|7|8|32
0810-0/05,BAIXO RISCO,07.12.13,nR1-12,11,5,1|30
0810-0/06,ALTO,09.07.10,ID3-07,11,5,1|4|7|8|32
0810-0/06,BAIXO RISCO,07.12.13,nR1-12,11,5,1|30
0810-0/07,ALTO,09.07.10,ID3-07,11,5,1|4|7|8|32
0810-0/07,BAIXO RISCO,07.12.13,nR1-12,11,5,1|30
0810-0/08,ALTO,09.07.10,ID3-07,11,5,1|4|7|8|32
0810-0/08,BAIXO RISCO,07.12.13,nR1-12,11,5,1|30
0810-0/09,ALTO,09.07.10,ID3-07,11,5,1|4|7|8|32
0810-0/09,BAIXO RISCO,07.12.13,nR1-12,11,5,1|30
0810-0/10,ALTO,09.14.02,ID1-14,11,5,1|4|7|8|32
0810-0/10,BAIXO RISCO,07.12.13,nR1-12,11,5,1|30
0810-0/99,ALTO,09.07.10,ID3- 07,11,5,1|4|7|8|32
0810-0/99,BAIXO RISCO,07.12.13,nR1-12,11,5,1|30
0891-6/00,ALTO,09.07.07,ID3- 07,11,5,1|4|7|8|32
0891-6/00,BAIXO RISCO,07.12.13,nR1-12,11,5,1|30
0892-4/01,ALTO,09.07.08,ID3- 07,11,5,1|4|7|8|32
0892-4/01,BAIXO RISCO,07.12.13,nR1-12,11,5,1|30
0892-4/02,ALTO,09.07.08,ID3- 07,11,5,1|4|7|8|32
0892-4/02,BAIXO RISCO,07.12.13,nR1-12,11,5,1|30
0892-4/03,ALTO,09.14.09,ID3-14 (subgrupo 2),11,49,1|4|7|8|32
0892-4/03,ALTO,07.12.13,nR1-12,11,49,1|30
0893-2/00,ALTO,09.07.09,ID3- 07,11,5,1|4|7|8|32
0893-2/00,BAIXO RISCO,07.12.13,nR1-12,11,5,1|30
0899-1/01,ALTO,09.07.07,ID3- 07,11,5,1|4|7|8|32
0899-1/01,BAIXO RISCO,07.12.13,nR1-12,11,5,1|30
0899-1/02,ALTO,09.07.07,ID3- 07,11,5,1|4|7|8|32
0899-1/02,BAIXO RISCO,07.12.13,nR1-12,11,5,1|30
0899-1/03,ALTO,09.07.07,ID3- 07,11,5,1|4|7|8|32
0899-1/03,BAIXO RISCO,07.12.13,nR1-12,11,5,1|30
0899-1/99,ALTO,09.07.07,ID3- 07,11,5,1|4|7|8|32
0899-1/99,BAIXO RISCO,07.12.13,nR1-12,11,5,1|30
0910-6/00,BAIXO RISCO,07.12.13,nR1-12,11,10,1|30
0990-4/01,BAIXO RISCO,07.12.13,nR1-12,11,10,1|30
0990-4/02,BAIXO RISCO,07.12.13,nR1-12,11,10,1|30
0990-4/03,BAIXO RISCO,07.12.13,nR1-12,11,10,1|30
1011-2/01,ALTO,09.01.01,ID3-01,11,1,1|3|4|5|6|7|8|10
1011-2/01,ALTO,09.01.02,ID3-01,11,1,1|3|4|5|6|7|8|10
1011-2/01,ALTO,09.05.03,ID3-05,11,1,1|3|4|5|6|7|8|10
1011-2/01,BAIXO RISCO,07.12.13,nR1-12,11,1,1|30
1011-2/02,ALTO,09.01.01,ID3-01,11,1,1|3|4|5|6|7|8|10
1011-2/02,ALTO,09.01.02,ID3-01,11,1,1|3|4|5|6|7|8|10
1011-2/02,ALTO,09.05.03,ID3-05,11,1,1|3|4|5|6|7|8|10
1011-2/02,BAIXO RISCO,07.12.13,nR1-12,11,1,1|30
1011-2/03,ALTO,09.01.01,ID3-01,11,1,1|3|4|5|6|7|8|10
1011-2/03,ALTO,09.01.02,ID3-01,11,1,1|3|4|5|6|7|8|10
1011-2/03,ALTO,09.05.03,ID3-05,11,1,1|3|4|5|6|7|8|10
1011-2/03,BAIXO RISCO,07.12.13,nR1-12,11,1,1|30
1011-2/04,ALTO,09.01.01,ID3-01,11,1,1|3|4|5|6|7|8|10
1011-2/04,ALTO,09.01.02,ID3-01,11,1,1|3|4|5|6|7|8|10
1011-2/04,ALTO,09.05.03,ID3-05,11,1,1|3|4|5|6|7|8|10
1011-2/04,BAIXO RISCO,07.12.13,nR1-12,11,1,1|30
1011-2/05,ALTO,09.01.01,ID3-01,11,5,1|3|4|5|6|7|8|10
1011-2/05,BAIXO RISCO,07.12.13,nR1-12,11,5,1|30
1012-1/01,ALTO,09.01.03,ID3-01,11,5,1|3|4|5|6|7|8|10
1012-1/01,BAIXO RISCO,07.12.13,nR1-12,11,5,1|30
1012-1/02,ALTO,09.01.03,ID3-01,11,5,1|3|4|5|6|7|8|10
1012-1/02,BAIXO RISCO,07.12.13,nR1-12,11,5,1|30
1012-1/03,ALTO,09.01.03,ID3-01,11,5,1|3|4|5|6|7|8|10
1012-1/03,BAIXO RISCO,07.12.13,nR1-12,11,5,1|30
1012-1/04,ALTO,09.01.03,ID3-01,11,5,1|3|4|5|6|7|8|10
1012-1/04,BAIXO RISCO,07.12.13,nR1-12,11,5,1|30
1013-9/01,ALTO,09.01.02,ID3-01,11,1,1|3|4|5|6|7|8|10
1013-9/01,ALTO,09.01.01,ID3-01,11,1,1|3|4|5|6|7|8|10
1013-9/01,ALTO,09.01.03,ID3-01,11,1,1|3|4|5|6|7|8|10
1013-9/01,ALTO,09.02.35,ID3-02 (subgrupo 2),11,1,1|3|4|5|6|7|8|10
1013-9/01,MÉDIO RISCO,07.09.02,nR1-09,11,1,1|3|4|5|6
1013-9/01,BAIXO RISCO,07.12.13,nR1-12,11,1,1|30
1013-9/02,ALTO,09.02.47,ID3-02 (subgrupo 2),2|3,58|59,1|3|4|5|6|7|8|10
1013-9/02,MÉDIO RISCO,07.09.02,nR1-09,2|3,58|59,1|3|4|5|6
1013-9/02,BAIXO RISCO,07.12.13,nR1-12,2|3,58|59,1|30
1020-1/01,ALTO,09.02.36,ID3-02 (subgrupo 2),2|3,6|7,1|3|4|6|7|8|10
1020-1/01,BAIXO RISCO,07.09.02,nR1-09,2|3,6|7,1|3|4|6
1020-1/01,BAIXO RISCO,07.12.13,nR1-12,2|3,6|7,1|30
1020-1/02,ALTO,09.02.36,ID3-02 (subgrupo 2),2|3,6|7,1|3|4|6|7|8|10
1020-1/02,BAIXO RISCO,07.09.02,nR1-09,2|3,6|7,1|3|4|6
1020-1/02,BAIXO RISCO,07.12.13,nR1-12,2|3,6|7,1|30
1031-7/00,ALTO,09.02.13,ID3-02 (subgrupo 1),2|3,6|7,1|3|4|6|7|8|10
1031-7/00,BAIXO RISCO,07.09.02,nR1-09,2|3,6|7,1|3|4|6
1031-7/00,BAIXO RISCO,07.12.13,nR1-12,2|3,6|7,1|30
1032-5/01,ALTO,09.02.13,ID3-02 (subgrupo 1),2|3,51|52,1|3|4|6|7|8|10
1032-5/01,ALTO,07.09.02,nR1-09,2|3,51|52,1|3|4|6
1032-5/01,ALTO,07.12.13,nR1-12,2|3,51|52,1|30
1032-5/99,ALTO,09.02.13,ID3-02 (subgrupo 1),2|3,6|7,1|3|4|6|7|8|10
1032-5/99,BAIXO RISCO,07.09.02,nR1-09,2|3,6|7,1|3|4|6
1032-5/99,BAIXO RISCO,07.12.13,nR1-12,2|3,6|7,1|30
1033-3/01,ALTO,09.02.34,ID3-02 (subgrupo 1),2|3,6|7,1|3|4|6|7|8|10
1033-3/01,BAIXO RISCO,07.09.02,nR1-09,2|3,6|7,1|3|4|6
1033-3/01,BAIXO RISCO,07.12.13,nR1-12,2|3,6|7,1|30
1033-3/02,ALTO,09.02.34,ID3-02 (subgrupo 1),2|3,6|7,1|3|4|6|7|8|10
1033-3/02,BAIXO RISCO,07.09.02,nR1-09,2|3,6|7,1|3|4|6
1033-3/02,BAIXO RISCO,07.12.13,nR1-12,2|3,6|7,1|30
1041-4/00,ALTO,09.07.03,ID2-07,11,47,1|3|4|6|7|8|10
1041-4/00,ALTO,09.02.37,ID3-02 (subgrupo 2),11,47,1|3|4|6|7|8|10
1041-4/00,ALTO,09.02.48,ID3-02 (subgrupo 2),11,47,1|3|4|6|7|8|10
1041-4/00,ALTO,07.12.13,nR1-12,11,47,1|30
1042-2/00,ALTO,09.02.14,ID3-02 (subgrupo 1),11,46,1|3|4|6|7|8|10
1042-2/00,ALTO,07.12.13,nR1-12,11,46,1|30
1043-1/00,ALTO,09.02.15,ID3-02 (subgrupo 1),11,46,1|3|4|6|7|8|10
1043-1/00,ALTO,07.12.13,nR1-12,11,46,1|30
1051-1/00,ALTO,09.02.38,ID3-02 (subgrupo 2),2|3,6|7,1|3|4|6|7|8|10
1051-1/00,BAIXO RISCO,07.09.02,nR1-09,2|3,6|7,1|3|4|6
1051-1/00,BAIXO RISCO,07.12.13,nR1-12,2|3,6|7,1|30
1052-0/00,ALTO,09.02.39,ID3-02 (subgrupo 2),2|3,6|7,1|3|4|6|7|8|10
1052-0/00,BAIXO RISCO,07.09.02,nR1-09,2|3,6|7,1|3|4|6
1052-0/00,BAIXO RISCO,07.12.13,nR1-12,2|3,6|7,1|30
1053-8/00,ALTO,09.02.50,ID3-02 (subgrupo 2),2|3,51|52,1|3|4|6|7|8|10
1053-8/00,ALTO,09.02.01,ID1-02,2|3,51|52,1|3|4|6|7|8|10
1053-8/00,ALTO,07.09.02,nR1-09,2|3,51|52,1|3|4|6
1053-8/00,ALTO,07.12.13,nR1-12,2|3,51|52,1|30
1061-9/01,ALTO,09.02.40,ID3-02 (subgrupo 2),11,46,1|3|4|6|7|8|10
1061-9/01,ALTO,07.12.13,nR1-12,11,46,1|30
1061-9/02,ALTO,09.02.16,ID3-02 (subgrupo 1),2|3,51|52,1|3|4|6|7|8|10
1061-9/02,ALTO,07.09.02,nR1-09,2|3,51|52,1|3|4|6
1061-9/02,ALTO,07.12.13,nR1-12,2|3,51|52,1|30
1062-7/00,ALTO,09.02.17,ID3-02 (subgrupo 1),11,46,1|3|4|6|7|8|10
1062-7/00,ALTO,07.12.13,nR1-12,11,46,1|30
1063-5/00,MÉDIO RISCO,09.02.18,ID3-02 (subgrupo 1),2|3,24|25,1|3|4|6|7|8|10
1063-5/00,MÉDIO RISCO,07.12.13,nR1-12,2|3,24|25,1|30
1063-5/00,MÉDIO RISCO,07.09.02,nR1-09,2|3,24|25,1|3|4|6
1064-3/00,MÉDIO RISCO,09.02.16,ID3-02 (subgrupo 1),2|3,24|25,1|3|4|6|7|8|10
1064-3/00,MÉDIO RISCO,09.02.19,ID3-02 (subgrupo 1),2|3,24|25,1|3|4|6|7|8|10
1064-3/00,MÉDIO RISCO,07.09.02,nR1-09,2|3,24|25,1|3|4|6
1064-3/00,MÉDIO RISCO,07.12.13,nR1-12,2|3,24|25,1|30
1065-1/01,ALTO,09.02.20,ID3-02 (subgrupo 1),11,47,1|3|4|6|7|8|10
1065-1/01,ALTO,09.02.01,ID1-02,11,47,1|3|4|6|7|8|10
1065-1/01,ALTO,07.09.02,nR1-09,11,47,1|3|4|6
1065-1/01,ALTO,07.12.13,nR1-12,11,47,1|30
1065-1/02,ALTO,07.12.13,nR1-12,11,46,1|30
1065-1/02,ALTO,09.02.41,ID3-02 (subgrupo 2),11,46,1|3|4|6|7|8|10
1065-1/03,ALTO,09.02.41,ID3-02 (subgrupo 2),11,46,1|3|4|6|7|8|10
1065-1/03,ALTO,07.12.13,nR1-12,11,46,1|30
1066-0/00,ALTO,09.02.44,ID3-02 (subgrupo 2),2|3,56|57,1|3|4|6|7|8|10
1066-0/00,ALTO,09.02.01,ID1-02,2|3,56|57,1|3|4|6|7|8|10
1066-0/00,BAIXO RISCO,07.09.02,nR1-09,2|3,56|57,1|3|4|6
1066-0/00,BAIXO RISCO,07.12.13,nR1-12,2|3,56|57,1|30
1069-4/00,ALTO,09.02.26,ID3-02 (subgrupo 1),11,47,1|3|4|6|7|8|10
1069-4/00,ALTO,09.02.01,ID1-02,11,47,1|3|4|6|7|8|10
1069-4/00,ALTO,07.12.13,nR1-12,11,47,1|30
1071-6/00,ALTO,09.02.43,ID3-02 (subgrupo 2),11,49,1|3|4|6|7|8|10
1071-6/00,ALTO,07.12.13,nR1-12,11,49,1|30
1072-4/01,ALTO,09.02.22,ID3-02 (subgrupo 1),11,47,1|3|4|6|7|8|10
1072-4/01,ALTO,09.02.43,ID3-02 (subgrupo 2),11,47,1|3|4|6|7|8|10
1072-4/01,ALTO,07.12.13,nR1-12,11,47,1|30
1072-4/02,ALTO,09.02.22,ID3-02 (subgrupo 1),11,47,1|3|4|6|7|8|10
1072-4/02,ALTO,09.02.43,ID3-02 (subgrupo 2),11,47,1|3|4|6|7|8|10
1072-4/02,ALTO,09.02.49,ID3-02 (subgrupo 2),11,47,1|3|4|6|7|8|10
1072-4/02,ALTO,07.12.13,nR1-12,11,47,1|30
1081-3/01,ALTO,09.02.42,ID3-02 (subgrupo 2),11,49,1|3|4|6|7|8|10
1081-3/01,ALTO,07.12.13,nR1-12,11,49,1|30
1081-3/02,ALTO,09.02.46,ID3-02 (subgrupo 2),11,49,1|3|4|6|7|8|10
1081-3/02,ALTO,07.12.13,nR1-12,11,49,1|30
1082-1/00,ALTO,09.02.23,ID3-02 (subgrupo 1),11,49,1|3|4|6|7|8|10
1082-1/00,ALTO,07.12.13,nR1-12,11,49,1|30
1091-1/01,ALTO,09.02.02,ID1-02,11,46,1|3|4|6|7|8|10
1091-1/01,ALTO,07.12.13,nR1-12,11,46,1|30
1091-1/02,ALTO,09.02.02,ID1-02,2|3,6|7,1|3|4|6|7|8|10
1091-1/02,BAIXO RISCO,07.09.02,nR1-09,2|3,6|7,1|3|4|6
1091-1/02,BAIXO RISCO,07.12.13,nR1-12,2|3,6|7,1|30
1092-9/00,ALTO,09.02.03,ID1-02,2|3,6|7,1|3|4|6|7|8|10
1092-9/00,BAIXO RISCO,07.09.02,nR1-09,2|3,6|7,1|3|4|6
1092-9/00,BAIXO RISCO,07.12.13,nR1-12,2|3,6|7,1|30
1093-7/01,ALTO,09.02.04,ID1-02,2|3,6|7,1|3|4|6|7|8|10
1093-7/01,BAIXO RISCO,07.09.02,nR1-09,2|3,6|7,1|3|4|6
1093-7/01,BAIXO RISCO,07.12.13,nR1-12,2|3,6|7,1|30
1093-7/02,ALTO,09.02.04,ID1-02,2|3,6|7,1|3|4|6|7|8|10
1093-7/02,BAIXO RISCO,07.09.02,nR1-09,2|3,6|7,1|3|4|6
1093-7/02,BAIXO RISCO,07.12.13,nR1-12,2|3,6|7,1|30
1094-5/00,ALTO,09.02.09,ID1-02,2|3,56|57,1|3|4|6|7|8|10
1094-5/00,ALTO,09.02.11,ID3-02 (subgrupo 1),2|3,56|57,1|3|4|6|7|8|10
1094-5/00,BAIXO RISCO,07.09.02,nR1-09,2|3,56|57,1|3|4|6
1094-5/00,BAIXO RISCO,07.12.13,nR1-12,2|3,56|57,1|30
1095-3/00,ALTO,09.02.24,ID3-02 (subgrupo 1),2|3,6|7,1|3|4|6|7|8|10
1095-3/00,BAIXO RISCO,07.09.02,nR1-09,2|3,6|7,1|3|4|6
1095-3/00,BAIXO RISCO,07.12.13,nR1-12,2|3,6|7,1|30
1096-1/00,ALTO,09.02.01,ID1-02,2|3,56|57,1|3|4|6|7|8|10
1096-1/00,ALTO,09.02.25,ID3-02 (subgrupo 1),2|3,56|57,1|3|4|6|7|8|10
1096-1/00,BAIXO RISCO,07.09.02,nR1-09,2|3,56|57,1|3|4|6
1096-1/00,BAIXO RISCO,07.12.13,nR1-12,2|3,56|57,1|30
1099-6/01,ALTO,09.02.05,ID1-02,11,5,1|3|4|6|7|8|10
1099-6/01,BAIXO RISCO,07.12.13,nR1-12,11,5,1|30
1099-6/02,ALTO,09.02.33,ID3-02 (subgrupo 1),11,46,1|3|4|6|7|8|10
1099-6/02,ALTO,07.12.13,nR1-12,11,46,1|30
1099-6/03,ALTO,09.02.06,ID1-02,11,49,1|3|4|6|7|8|10
1099-6/03,ALTO,07.12.13,nR1-12,11,49,1|30
1099-6/04,ALTO,09.02.07,ID1-02,2|3,58|59,1|3|4|6|7|8|10
1099-6/04,MÉDIO RISCO,07.09.02,nR1-09,2|3,58|59,1|3|4|6
1099-6/04,BAIXO RISCO,07.12.13,nR1-12,2|3,58|59,1|30
1099-6/05,MÉDIO RISCO,09.02.27,ID3-02 (subgrupo 1),2|3,24|25,1|3|4|6|7|8|10
1099-6/05,MÉDIO RISCO,07.09.02,nR1-09,2|3,24|25,1|3|4|6
1099-6/05,MÉDIO RISCO,07.12.13,nR1-12,2|3,24|25,1|30
1099-6/06,ALTO,09.02.49,ID3-02 (subgrupo 2),11,46,1|3|4|6|7|8|10
1099-6/06,ALTO,07.12.13,nR1-12,11,46,1|30
1099-6/07,ALTO,09.02.10,ID1-02,11,47,1|3|4|6|7|8|10
1099-6/07,ALTO,07.09.02,nR1-09,11,47,1|3|4|6
1099-6/07,ALTO,07.12.13,nR1-12,11,47,1|30
1099-6/99,ALTO,09.02.10,ID1-02,11,47,1|3|4|6|7|8|10
1099-6/99,ALTO,09.02.12,ID3-02 (subgrupo 1),11,47,1|3|4|6|7|8|10
1099-6/99,ALTO,09.02.28,ID3-02 (subgrupo 1),11,47,1|3|4|6|7|8|10
1099-6/99,ALTO,09.02.29,ID3-02 (subgrupo 1),11,47,1|3|4|6|7|8|10
1099-6/99,ALTO,07.09.02,nR1-09,11,47,1|3|4|6
1099-6/99,ALTO,07.12.13,nR1-12,11,47,1|30
1111-9/01,ALTO,09.02.30,ID3-02 (subgrupo 1),2|3,6|7,1|3|4|6|7|8|10
1111-9/01,BAIXO RISCO,07.09.02,nR1-09,2|3,6|7,1|3|4|6
1111-9/01,BAIXO RISCO,07.12.13,nR1-12,2|3,6|7,1|30
1111-9/02,ALTO,09.02.30,ID3-02 (subgrupo 1),2|3,6|7,1|3|4|6|7|8|10
1111-9/02,BAIXO RISCO,07.09.02,nR1-09,2|3,6|7,1|3|4|6
1111-9/02,BAIXO RISCO,07.12.13,nR1-12,2|3,6|7,1|30
1112-7/00,ALTO,09.02.31,ID3-02 (subgrupo 1),2|3,6|7,1|3|4|6|7|8|10
1112-7/00,BAIXO RISCO,07.09.02,nR1-09,2|3,6|7,1|3|4|6
1112-7/00,BAIXO RISCO,07.12.13,nR1-12,2|3,6|7,1|30
1113-5/01,ALTO,09.02.32,ID3-02 (subgrupo 1),2|3,6|7,1|3|4|6|7|8|10
1113-5/01,BAIXO RISCO,07.09.02,nR1-09,2|3,6|7,1|3|4|6
1113-5/01,BAIXO RISCO,07.12.13,nR1-12,2|3,6|7,1|30
1113-5/02,ALTO,09.02.32,ID3-02 (subgrupo 1),2|3,6|7,1|3|4|6|7|8|10
1113-5/02,BAIXO RISCO,07.09.02,nR1-09,2|3,6|7,1|3|4|6
1113-5/02,BAIXO RISCO,07.12.13,nR1-12,2|3,6|7,1|30
1121-6/00,ALTO,09.02.08,ID1-02,11,47,1|3|4|6|7|8|10
1121-6/00,ALTO,07.09.02,nR1-09,11,47,1|3|4|6
1121-6/00,ALTO,07.12.13,nR1-12,11,47,1|30
1122-4/01,ALTO,09.02.33,ID3-02 (subgrupo 1),11,5,1|3|4|6|7|8|10
1122-4/01,BAIXO RISCO,07.12.13,nR1-12,11,5,1|30
1122-4/02,ALTO,09.02.34,ID3-02 (subgrupo 1),2|3,6|7,1|3|4|6|7|8|10
1122-4/02,BAIXO RISCO,07.09.02,nR1-09,2|3,6|7,1|3|4|6
1122-4/02,BAIXO RISCO,07.12.13,nR1-12,2|3,6|7,1|30
1122-4/03,ALTO,09.02.34,ID3-02 (subgrupo 1),11,49,1|3|4|6|7|8|10
1122-4/03,ALTO,07.12.13,nR1-12,11,49,1|30
1122-4/04,ALTO,09.02.34,ID3-02 (subgrupo 1),11,49,1|3|4|6|7|8|10
1122-4/04,ALTO,07.12.13,nR1-12,11,49,1|30
1122-4/99,ALTO,09.02.01,ID1-02,11,47,1|3|4|6|7|8|10
1122-4/99,ALTO,09.02.34,ID3-02 (subgrupo 1),11,47,1|3|4|6|7|8|10
1122-4/99,ALTO,07.09.02,nR1-09,11,47,1|3|4|6
1122-4/99,ALTO,07.12.13,nR1-12,11,47,1|30
1210-7/00,ALTO,09.08.01,ID3-08,11,5,1|3|4|6|7|8|10
1210-7/00,BAIXO RISCO,07.12.13,nR1-12,11,5,1|30
1220-4/01,ALTO,09.08.01,ID3-08,11,5,1|3|4|6|7|8|10
1220-4/01,BAIXO RISCO,07.12.13,nR1-12,11,5,1|30
1220-4/02,ALTO,09.08.01,ID3-08,11,5,1|3|4|6|7|8|10
1220-4/02,BAIXO RISCO,07.12.13,nR1-12,11,5,1|30
1220-4/03,ALTO,09.08.01,ID3-08,11,5,1|3|4|6|7|8|10
1220-4/03,BAIXO RISCO,07.12.13,nR1-12,11,5,1|30
1220-4/99,ALTO,09.08.02,ID3-08,11,5,1|3|4|6|7|8|10
1220-4/99,BAIXO RISCO,07.12.13,nR1-12,11,5,1|30
1311-1/00,ALTO,09.11.16,ID3-11,11,5,1|3|4|7|8|10
1311-1/00,BAIXO RISCO,07.12.13,nR1-12,11,5,1|30
1312-0/00,ALTO,09.11.16,ID3-11,11,5,1|3|4|7|8|10
1312-0/00,BAIXO RISCO,07.12.13,nR1-12,11,5,1|30
1313-8/00,ALTO,09.11.17,ID3-11,11,5,1|3|4|7|8|10
1313-8/00,BAIXO RISCO,07.12.13,nR1-12,11,5,1|30
1314-6/00,ALTO,09.11.15,ID3-11,11,5,1|3|4|7|8|10
1314-6/00,BAIXO RISCO,07.12.13,nR1-12,11,5,1|30
1321-9/00,ALTO,09.11.17,ID3-11,2|3,2|3,1|3|4|7|8|10
1321-9/00,BAIXO RISCO,07.09.05,nR1-09,2|3,2|3,1|3|4
1321-9/00,BAIXO RISCO,07.12.13,nR1-12,2|3,2|3,1|30
1322-7/00,ALTO,09.11.17,ID3-11,2|3,2|3,1|3|4|7|8|10
1322-7/00,BAIXO RISCO,07.09.05,nR1-09,2|3,2|3,1|3|4
1322-7/00,BAIXO RISCO,07.12.13,nR1-12,2|3,2|3,1|30
1323-5/00,ALTO,09.11.17,ID3-11,2|3,2|3,1|3|4|7|8|10
1323-5/00,BAIXO RISCO,07.09.05,nR1-09,2|3,2|3,1|3|4
1323-5/00,BAIXO RISCO,07.12.13,nR1-12,2|3,2|3,1|30
1330-8/00,ALTO,09.11.08,ID2-11,11,5,1|3|4|7|8|10
1330-8/00,BAIXO RISCO,07.12.13,nR1-12,11,5,1|30
1340-5/01,ALTO,09.11.20,ID3-11,2|3,2|3,1|3|4|7|8|10
1340-5/01,BAIXO RISCO,07.09.17,nR1-09,2|3,2|3,1|3|4
1340-5/01,BAIXO RISCO,07.12.13,nR1-12,2|3,2|3,1|30
1340-5/02,MÉDIO RISCO,07.09.15,nR2-09,11,5,1|3|4
1340-5/02,BAIXO RISCO,07.12.13,nR1-12,11,5,1|30
1340-5/99,ALTO,09.11.19,ID3-11,2|3,2|3,1|3|4|7|8|10
1340-5/99,BAIXO RISCO,07.09.17,nR1-09,2|3,2|3,1|3|4
1340-5/99,BAIXO RISCO,07.12.13,nR1-12,2|3,2|3,1|30
1351-1/00,ALTO,09.11.01,ID1-11,2|3,2|3,1|3|4|7|8|10
1351-1/00,BAIXO RISCO,07.09.05,nR1-09,2|3,2|3,1|3|4
1351-1/00,BAIXO RISCO,07.12.13,nR1-12,2|3,2|3,1|30
1352-9/00,ALTO,09.11.04,ID2-11,2|3,2|3,1|3|4|7|8|10
1352-9/00,BAIXO RISCO,07.09.05,nR1-09,2|3,2|3,1|3|4
1352-9/00,BAIXO RISCO,07.12.13,nR1-12,2|3,2|3,1|30
1353-7/00,BAIXO RISCO,07.09.17,nR1-09,2|3,2|3,
1353-7/00,ALTO,09.11.07,ID2-11,2|3,2|3,1|3|4|7|8|10
1353-7/00,BAIXO RISCO,07.12.13,nR1-12,2|3,2|3,1|30
1354-5/00,ALTO,09.11.05,ID2-11,2|3,2|3,1|3|4|7|8|10
1354-5/00,BAIXO RISCO,07.09.05,nR1-09,2|3,2|3,1|3|4
1354-5/00,BAIXO RISCO,07.12.13,nR1-12,2|3,2|3,1|30
1359-6/00,ALTO,09.11.06,ID2-11,2|3,2|3,1|3|4|7|8|10
1359-6/00,BAIXO RISCO,07.09.05,nR1-09,2|3,2|3,1|3|4
1359-6/00,BAIXO RISCO,07.12.13,nR1-12,2|3,2|3,1|30
1411-8/01,BAIXO RISCO,07.09.05,nR1-09,2|3,2|3,1|3|4
1411-8/01,BAIXO RISCO,07.12.13,nR1-12,2|3,2|3,1|30
1411-8/01,ALTO,09.11.02,ID1-11,2|3,2|3,1|3|4|7|8|10
1411-8/02,BAIXO RISCO,07.09.05,nR1-09,2|3,2|3,1|3|4
1411-8/02,BAIXO RISCO,07.12.13,nR1-12,2|3,2|3,1|30
1411-8/02,ALTO,09.11.02,ID1-11,2|3,2|3,1|3|4|7|8|10
1412-6/01,ALTO,09.11.02,ID1-11,2|3,2|3,1|3|4|7|8|10
1412-6/01,BAIXO RISCO,07.09.05,nR1-09,2|3,2|3,1|3|4
1412-6/01,BAIXO RISCO,07.12.13,nR1-12,2|3,2|3,1|30
1412-6/02,BAIXO RISCO,07.09.05,nR1-09,2|3,2|3,1|3|4
1412-6/02,ALTO,09.11.02,ID1-11,2|3,2|3,1|3|4|7|8|10
1412-6/02,BAIXO RISCO,07.12.13,nR1-12,2|3,2|3,1|30
1412-6/03,BAIXO RISCO,07.09.05,nR1-09,2|3,2|3,1|3|4
1412-6/03,ALTO,09.11.02,ID1-11,2|3,2|3,1|3|4|7|8|10
1412-6/03,BAIXO RISCO,07.12.13,nR1-12,2|3,2|3,1|30
1413-4/01,BAIXO RISCO,07.09.05,nR1-09,2|3,2|3,1|3|4
1413-4/01,BAIXO RISCO,07.12.13,nR1-12,2|3,2|3,1|30
1413-4/01,ALTO,09.11.02,ID1-11,2|3,2|3,1|3|4|7|8|10
1413-4/02,BAIXO RISCO,07.09.05,nR1-09,2|3,2|3,1|3|4
1413-4/02,BAIXO RISCO,07.12.13,nR1-12,2|3,2|3,1|30
1413-4/02,ALTO,09.11.02,ID1-11,2|3,2|3,1|3|4|7|8|10
1413-4/03,BAIXO RISCO,07.09.05,nR1-09,2|3,2|3,1|3|4
1413-4/03,BAIXO RISCO,07.12.13,nR1-12,2|3,2|3,1|30
1413-4/03,ALTO,09.11.02,ID1-11,2|3,2|3,1|3|4|7|8|10
1414-2/00,ALTO,09.11.02,ID1-11,2|3,2|3,1|3|4|7|8|10
1414-2/00,BAIXO RISCO,07.09.05,nR1-09,2|3,2|3,1|3|4
1414-2/00,BAIXO RISCO,07.12.13,nR1-12,2|3,2|3,1|30
1421-5/00,ALTO,09.11.10,ID2-11,2|3,2|3,1|3|4|7|8|10
1421-5/00,BAIXO RISCO,07.09.05,nR1-09,2|3,2|3,1|3|4
1421-5/00,BAIXO RISCO,07.12.13,nR1-12,2|3,2|3,1|30
1422-3/00,ALTO,09.11.11,ID2-11,2|3,2|3,1|3|4|7|8|10
1422-3/00,BAIXO RISCO,07.09.05,nR1-09,2|3,2|3,1|3|4
1422-3/00,BAIXO RISCO,07.12.13,nR1-12,2|3,2|3,1|30
1510-6/00,ALTO,09.05.02,ID3-05,11,5,1|3|4|7|8|10
1510-6/00,BAIXO RISCO,07.12.13,nR1-12,11,5,1|30
1521-1/00,ALTO,09.05.01,ID2-05,2|3,2|3,1|3|4|7|8|10
1521-1/00,BAIXO RISCO,07.09.17,nR1-09,2|3,2|3,1|3|4
1521-1/00,BAIXO RISCO,07.12.13,nR1-12,2|3,2|3,1|30
1529-7/00,ALTO,09.05.01,ID2-05,2|3,2|3,1|3|4|7|8|10
1529-7/00,BAIXO RISCO,07.09.09,nR2-09,2|3,2|3,1|3|4
1529-7/00,BAIXO RISCO,07.12.13,nR1-12,2|3,2|3,1|30
1531-9/01,ALTO,09.05.01,ID2-05,2|3,2|3,1|3|4|7|8|10
1531-9/01,BAIXO RISCO,07.09.17,nR1-09,2|3,2|3,1|3|4
1531-9/01,BAIXO RISCO,07.12.13,nR1-12,2|3,2|3,1|30
1531-9/02,ALTO,09.05.01,ID2-05,2|3,2|3,1|3|4|7|8|10
1531-9/02,BAIXO RISCO,07.09.05,nR1-09,2|3,2|3,1|3|4
1531-9/02,BAIXO RISCO,07.12.13,nR1-12,2|3,2|3,1|30
1532-7/00,ALTO,09.05.01,ID2-05,11,5,1|3|4|7|8|10
1532-7/00,BAIXO RISCO,07.12.13,nR1-12,11,5,1|30
1533-5/00,ALTO,09.05.01,ID2-05,2|3,2|3,1|3|4|7|8|10
1533-5/00,BAIXO RISCO,07.09.17,nR1-09,2|3,2|3,1|3|4
1533-5/00,BAIXO RISCO,07.12.13,nR1-12,2|3,2|3,1|30
1539-4/00,ALTO,09.05.01,ID2-05,2|3,2|3,1|3|4|7|8|10
1539-4/00,BAIXO RISCO,07.09.05,nR1-09,2|3,2|3,1|3|4
1539-4/00,BAIXO RISCO,07.12.13,nR1-12,2|3,2|3,1|30
1540-8/00,ALTO,09.05.01,ID2-05,2|3,2|3,1|3|4|7|8|10
1540-8/00,BAIXO RISCO,07.09.05,nR1-09,2|3,2|3,1|3|4
1540-8/00,BAIXO RISCO,07.12.13,nR1-12,2|3,2|3,1|30
1610-2/03,ALTO,09.09.01,ID2-09,11,5,1|3|4|7|8|10
1610-2/03,BAIXO RISCO,07.12.13,nR1-12,11,5,1|30
1610-2/04,MÉDIO RISCO,07.09.08,nR2-09,11,5,1|3|4|7|10
1610-2/04,BAIXO RISCO,07.12.13,nR1-12,11,5,1|30
1610-2/05,MÉDIO RISCO,07.09.17,nR1-09,11,5,1|3|4
1610-2/05,BAIXO RISCO,07.12.13,nR1-12,11,5,1|30
1621-8/00,ALTO,09.09.02,ID2-09,11,5,1|3|4|7|8|10
1621-8/00,BAIXO RISCO,07.12.13,nR1-12,11,5,1|30
1622-6/01,ALTO,09.09.02,ID2-09,11,5,1|3|4|7|8|10
1622-6/01,BAIXO RISCO,07.12.13,nR1-12,11,5,1|30
1622-6/02,ALTO,09.09.02,ID2-09,2|3,18|19,1|3|4|7|8|10
1622-6/02,BAIXO RISCO,07.09.08,nR2-09,2|3,18|19,1|3|4|7|10
1622-6/02,BAIXO RISCO,07.12.13,nR1-12,2|3,18|19,1|30
1622-6/99,ALTO,09.09.02,ID2-09,2|3,18|19,1|3|4|7|8|10
1622-6/99,BAIXO RISCO,07.09.08,nR2-09,2|3,18|19,1|3|4|7|10
1622-6/99,BAIXO RISCO,07.12.13,nR1-12,2|3,18|19,1|30
1623-4/00,ALTO,09.09.04,ID2-09,2|3,18|19,1|3|4|7|8|10
1623-4/00,BAIXO RISCO,07.09.08,nR2-09,2|3,18|19,1|3|4|7|10
1623-4/00,BAIXO RISCO,07.12.13,nR1-12,2|3,18|19,1|30
1629-3/01,ALTO,09.09.03,ID2-09,11,1,1|3|4|7|8|10
1629-3/01,MÉDIO RISCO,07.09.08,nR2-09,11,1,1|3|4|7|10
1629-3/01,MÉDIO RISCO,07.09.07,nR1-09,11,1,1|3|4
1629-3/01,BAIXO RISCO,07.12.13,nR1-12,11,1,1|30
1629-3/02,ALTO,09.09.05,ID2-09,11,1,1|3|4|7|8|10
1629-3/02,ALTO,09.09.06,ID2-09,11,1,1|3|4|7|8|10
1629-3/02,MÉDIO RISCO,07.09.01,nR1-09,11,1,1|3|4
1629-3/02,BAIXO RISCO,07.12.13,nR1-12,11,1,1|30
1710-9/00,ALTO,09.04.02,ID3-04,11,5,1|3|4|7|8|10
1710-9/00,BAIXO RISCO,07.12.13,nR1-12,11,5,1|30
1721-4/00,ALTO,09.16.02,ID3-16,11,5,1|3|4|7|8|10
1721-4/00,BAIXO RISCO,07.12.13,nR1-12,11,5,1|30
1722-2/00,ALTO,09.16.02,ID3-16,11,5,1|3|4|7|8|10
1722-2/00,BAIXO RISCO,07.12.13,nR1-12,11,5,1|30
1731-1/00,MÉDIO RISCO,09.16.01,ID1-16,11,22,1|3|4|7|8|10
1731-1/00,MÉDIO RISCO,09.16.03,ID3-16,11,22,1|3|4|7|8|10
1731-1/00,MÉDIO RISCO,07.09.01,nR1-09,11,22,1|3|4
1731-1/00,MÉDIO RISCO,07.12.13,nR1-12,11,22,1|30
1732-0/00,MÉDIO RISCO,09.16.03,ID3-16,11,22,1|3|4|7|8|10
1732-0/00,MÉDIO RISCO,07.09.01,nR1-09,11,22,1|3|4
1732-0/00,MÉDIO RISCO,07.12.13,nR1-12,11,22,1|30
1733-8/00,MÉDIO RISCO,09.16.03,ID3-16,11,22,1|3|4|7|8|10
1733-8/00,MÉDIO RISCO,07.09.01,nR1-09,11,22,1|3|4
1733-8/00,MÉDIO RISCO,07.12.13,nR1-12,11,22,1|30
1741-9/01,ALTO,09.16.01,ID1-16,11,5,1|3|4|7|8|10
1741-9/01,BAIXO RISCO,07.12.13,nR1-12,11,5,1|30
1741-9/02,ALTO,09.16.01,ID1-16,2|3,58|59,1|3|4|7|8|10
1741-9/02,MÉDIO RISCO,07.09.01,nR1-09,2|3,58|59,1|3|4
1741-9/02,BAIXO RISCO,07.12.13,nR1-12,2|3,58|59,1|30
1742-7/01,ALTO,09.16.01,ID1-16,11,47,1|3|4|7|8|10
1742-7/01,ALTO,07.09.17,nR1-09,11,47,1|3|4
1742-7/01,ALTO,07.12.13,nR1-12,11,47,1|30
1742-7/02,ALTO,09.16.01,ID1-16,11,49,1|3|4|7|8|10
1742-7/02,ALTO,07.12.13,nR1-12,11,49,1|30
1742-7/99,ALTO,09.16.01,ID1-16,2|3,58|59,1|3|4|7|8|10
1742-7/99,MÉDIO RISCO,07.09.01,nR1-09,2|3,58|59,1|3|4
1742-7/99,BAIXO RISCO,07.12.13,nR1-12,2|3,58|59,1|30
1749-4/00,ALTO,09.16.01,ID1-16,2|3,58|59,1|3|4|7|8|10
1749-4/00,MÉDIO RISCO,07.09.17,nR1-09,2|3,58|59,1|3|4
1749-4/00,BAIXO RISCO,07.12.13,nR1-12,2|3,58|59,1|30
1811-3/01,MÉDIO RISCO,07.12.09,nR1-12,11,60,1|3
1811-3/01,ALTO,09.06.02,ID3-06,11,60,1|3|7|8|10
1811-3/01,BAIXO RISCO,07.12.13,nR1-12,11,60,1|2
1811-3/02,MÉDIO RISCO,2009-12-07,nR1-12,11,60,1|3
1811-3/02,BAIXO RISCO,07.12.13,nR1-12,11,60,1|2
1811-3/02,ALTO,09.06.02,ID3-06,11,60,1|3|7|8|10
1812-1/00,MÉDIO RISCO,07.12.09,nR1-12,11,60,1|3
1812-1/00,BAIXO RISCO,07.12.13,nR1-12,11,60,1|2
1812-1/00,ALTO,09.06.02,ID3-06,11,60,1|3|7|8|10
1813-0/01,MÉDIO RISCO,07.12.09,nR1-12,11,60,1|3
1813-0/01,ALTO,09.06.02,ID3-06,11,60,1|3|7|8|10
1813-0/01,BAIXO RISCO,07.12.13,nR1-12,11,60,1|2
1813-0/99,MÉDIO RISCO,07.12.09,nR1-12,11,60,1|3
1813-0/99,BAIXO RISCO,07.12.13,nR1-12,11,60,1|2
1813-0/99,ALTO,09.06.02,ID3-06,11,60,1|3|7|8|10
1821-1/00,MÉDIO RISCO,07.12.09,nR1-12,11,5,1|3
1821-1/00,BAIXO RISCO,07.12.13,nR1-12,11,5,1|2
1822-9/01,BAIXO RISCO,07.12.09,nR1-12,11,4,1|3
1822-9/01,BAIXO RISCO,07.12.13,nR1-12,11,4,1|2
1822-9/99,BAIXO RISCO,07.12.09,nR1-12,11,4,1|3
1822-9/99,BAIXO RISCO,07.12.13,nR1-12,11,4,1|2
1830-0/01,MÉDIO RISCO,07.12.08,nR1-12,11,5,1|3
1830-0/01,BAIXO RISCO,07.12.13,nR1-12,11,5,1|2
1830-0/02,MÉDIO RISCO,07.12.08,nR1-12,11,5,1|3
1830-0/02,BAIXO RISCO,07.12.13,nR1-12,11,5,1|2
1830-0/03,MÉDIO RISCO,07.12.08,nR1-12,11,5,1|3
1830-0/03,BAIXO RISCO,07.12.13,nR1-12,11,5,1|2
1910-1/00,ALTO,09.17.01,ID3-17,11,5,1|3|4|7|8|10
1910-1/00,BAIXO RISCO,07.12.13,nR1-12,11,5,1|30
1921-7/00,ALTO,09.17.02,ID3-17,11,5,1|3|4|7|8|10
1921-7/00,BAIXO RISCO,07.12.13,nR1-12,11,5,1|30
1922-5/01,ALTO,09.17.03,ID3-17,11,5,1|3|4|7|8|10
1922-5/01,BAIXO RISCO,07.12.13,nR1-12,11,5,1|30
1922-5/02,ALTO,09.17.03,ID3-17,11,5,1|3|4|7|8|10
1922-5/02,BAIXO RISCO,07.12.13,nR1-12,11,5,1|30
1922-5/99,ALTO,09.17.24,ID3-19 (subgrupo 2),11,1,1|3|4|7|8|10
1922-5/99,ALTO,09.17.04,ID3-17,11,1,1|3|4|7|8|10
1922-5/99,ALTO,09.17.10,ID3-17,11,1,1|3|4|7|8|10
1922-5/99,BAIXO RISCO,07.12.13,nR1-12,11,1,1|30
1931-4/00,ALTO,09.19.01,ID3-19 (subgrupo 1),11,5,1|3|4|7|8|10
1931-4/00,BAIXO RISCO,07.12.13,nR1-12,11,5,1|30
1932-2/00,ALTO,09.19.05,ID3-19 (subgrupo 1),11,5,1|3|4|7|8|10
1932-2/00,BAIXO RISCO,07.12.13,nR1-12,11,5,1|30
2011-8/00,ALTO,09.19.02,ID3-19 (subgrupo 1),11,5,1|3|4|7|8|10
2011-8/00,BAIXO RISCO,07.12.13,nR1-12,11,5,1|30
2012-6/00,ALTO,09.19.25,ID3-19 (subgrupo 2),11,5,1|3|4|7|8|10
2012-6/00,BAIXO RISCO,07.12.13,nR1-12,11,5,1|30
2013-4/01,ALTO,09.19.13,ID3-19 (subgrupo 1),11,5,1|3|4|7|8|10
2013-4/01,BAIXO RISCO,07.12.13,nR1-12,11,5,1|30
2013-4/02,ALTO,09.19.13,ID3-19 (subgrupo 1),11,5,1|3|4|7|8|10
2013-4/02,BAIXO RISCO,07.12.13,nR1-12,11,5,1|30
2014-2/00,MÉDIO RISCO,09.19.03,ID3-19 (subgrupo 1),11,22,1|3|4|7|8|10
2014-2/00,MÉDIO RISCO,09.02.07,ID1-02,11,22,1|3|4|7|8|10
2014-2/00,MÉDIO RISCO,07.12.13,nR1-12,11,22,1|30
2019-3/01,ALTO,09.19.04,ID3-19 (subgrupo 1),11,5,1|3|4|7|8|10
2019-3/01,BAIXO RISCO,07.12.13,nR1-12,11,5,1|30
2019-3/99,MÉDIO RISCO,09.19.04,ID3-19 (subgrupo 1),11,22,1|3|4|7|8|10
2019-3/99,MÉDIO RISCO,09.07.02,ID2-07,11,22,1|3|4|7|8|10
2019-3/99,MÉDIO RISCO,09.13.05,ID3-13 (subgrupo 1,11,22,1|3|4|7|8|10
2019-3/99,MÉDIO RISCO,09.13.04,ID3-13 (subgrupo 1,11,22,1|3|4|7|8|10
2019-3/99,MÉDIO RISCO,07.12.13,nR1-12,11,22,1|30
2021-5/00,ALTO,09.19.26,ID3-19 (subgrupo 2),11,5,1|3|4|7|8|10
2021-5/00,BAIXO RISCO,07.12.13,nR1-12,11,5,1|30
2022-3/00,ALTO,09.19.27,ID3-19 (subgrupo 2),11,5,1|3|4|7|8|10
2022-3/00,BAIXO RISCO,07.12.13,nR1-12,11,5,1|30
2029-1/00,MÉDIO RISCO,09.19.32,ID3-19 (subgrupo 2),11,22,1|3|4|7|8|10
2029-1/00,MÉDIO RISCO,09.19.05,ID3-19 (subgrupo 1),11,22,1|3|4|7|8|10
2029-1/00,MÉDIO RISCO,07.12.13,nR1-12,11,22,1|30
2031-2/00,ALTO,09.19.14,ID3-19 (subgrupo 1),11,5,1|3|4|7|8|10
2031-2/00,BAIXO RISCO,07.12.13,nR1-12,11,5,1|30
2032-1/00,ALTO,09.19.14,ID3-19 (subgrupo 1),11,5,1|3|4|7|8|10
2032-1/00,BAIXO RISCO,07.12.13,nR1-12,11,5,1|30
2033-9/00,ALTO,09.19.14,ID3-19 (subgrupo 1),11,5,1|3|4|7|8|10
2033-9/00,BAIXO RISCO,07.12.13,nR1-12,11,5,1|30
2040-1/00,ALTO,09.19.15,ID3-19 (subgrupo 1),11,5,1|3|4|7|8|10
2040-1/00,BAIXO RISCO,07.12.13,nR1-12,11,5,1|30
2051-7/00,ALTO,09.19.16,ID3-19 (subgrupo 1),11,1,1|3|4|7|8|10
2051-7/00,ALTO,09.19.21,ID3-19 (subgrupo 1),11,1,1|3|4|7|8|10
2051-7/00,ALTO,09.19.22,ID3-19 (subgrupo 1),11,1,1|3|4|7|8|10
2051-7/00,BAIXO RISCO,07.12.13,nR1-12,11,1,1|30
2052-5/00,ALTO,09.19.21,ID3-19 (subgrupo 1),11,47,1|3|4|7|8|10
2052-5/00,ALTO,09.19.22,ID3-19 (subgrupo 1),11,47,1|3|4|7|8|10
2052-5/00,ALTO,07.12.13,nR1-12,11,47,1|30
2061-4/00,ALTO,09.19.07,ID3-19 (subgrupo 1),11,49,1|3|4|7|8|10
2061-4/00,ALTO,07.12.13,nR1-12,11,49,1|30
2062-2/00,ALTO,09.19.17,ID3-19 (subgrupo 1),11,49,1|3|4|7|8|10
2062-2/00,ALTO,07.12.13,nR1-12,11,49,1|30
2063-1/00,ALTO,09.19.08,ID3-19 (subgrupo 1),11,47,1|3|4|7|8|10
2063-1/00,ALTO,07.09.17,nR1-09,11,47,1|3|4
2063-1/00,ALTO,07.12.13,nR1-12,11,47,1|30
2071-1/00,MÉDIO RISCO,09.19.18,ID3-19 (subgrupo 1),11,23,1|3|4|7|8|10
2071-1/00,MÉDIO RISCO,07.12.13,nR1-12,11,23,1|30
2072-0/00,ALTO,09.19.18,ID3-19 (subgrupo 1),11,5,1|3|4|7|8|10
2072-0/00,BAIXO RISCO,07.12.13,nR1-12,11,5,1|30
2073-8/00,ALTO,09.19.31,ID3-19 (subgrupo 2),11,5,1|3|4|7|8|10
2073-8/00,BAIXO RISCO,07.12.13,nR1-12,11,5,1|30
2091-6/00,MÉDIO RISCO,09.19.10,ID3-19 (subgrupo 1),11,23,1|3|4|7|8|10
2091-6/00,MÉDIO RISCO,07.12.13,nR1-12,11,23,1|30
2092-4/01,ALTO,09.19.29,ID3-19 (subgrupo 2),11,46,1|3|4|7|8|10
2092-4/01,ALTO,07.12.13,nR1-12,11,46,1|30
2092-4/02,ALTO,09.19.29,ID3-19 (subgrupo 2),11,46,1|3|4|7|8|10
2092-4/02,ALTO,07.12.13,nR1-12,11,46,1|30
2092-4/03,ALTO,09.19.30,ID3-19 (subgrupo 2),11,46,1|3|4|7|8|10
2092-4/03,ALTO,07.12.13,nR1-12,11,46,1|30
2093-2/00,MÉDIO RISCO,09.19.10,ID3-19 (subgrupo 1),11,22,1|3|4|7|8|10
2093-2/00,MÉDIO RISCO,09.19.23,ID3-19 (subgrupo 1),11,22,1|3|4|7|8|10
2093-2/00,MÉDIO RISCO,07.12.13,nR1-12,11,22,1|30
2094-1/00,ALTO,09.19.09,ID3-19 (subgrupo 1),11,5,1|3|4|7|8|10
2094-1/00,BAIXO RISCO,07.12.13,nR1-12,11,5,1|30
2099-1/01,ALTO,09.19.11,ID3-19 (subgrupo 1),11,5,1|3|4|7|8|10
2099-1/01,BAIXO RISCO,07.12.13,nR1-12,11,5,1|30
2099-1/99,ALTO,09.19.04,ID3-19 (subgrupo 1),11,1,1|3|4|7|8|10
2099-1/99,ALTO,09.19.05,ID3-19 (subgrupo 1),11,1,1|3|4|7|8|10
2099-1/99,BAIXO RISCO,07.12.13,nR1-12,11,1,1|30
2110-6/00,ALTO,09.19.06,ID3-19 (subgrupo 1),11,49,1|3|4|7|8|10
2110-6/00,ALTO,07.12.13,nR1-12,11,49,1|30
2121-1/01,ALTO,09.19.06,ID3-19 (subgrupo 1),11,49,1|3|4|7|8|10
2121-1/01,ALTO,07.12.13,nR1-12,11,49,1|30
2121-1/02,ALTO,09.19.06,ID3-19 (subgrupo 1),11,47,1|3|4|7|8|10
2121-1/02,ALTO,07.09.17,nR1-09,11,47,1|3|4
2121-1/02,ALTO,07.12.13,nR1-12,11,47,1|30
2121-1/03,ALTO,09.19.06,ID3-19 (subgrupo 1),11,47,1|3|4|7|8|10
2121-1/03,ALTO,07.09.17,nR1-09,11,47,1|3|4
2121-1/03,ALTO,07.12.13,nR1-12,11,47,1|30
2122-0/00,ALTO,09.19.06,ID3-19 (subgrupo 1),11,5,1|3|4|7|8|10
2122-0/00,BAIXO RISCO,07.12.13,nR1-12,11,5,1|30
2123-8/00,ALTO,09.19.06,ID3-19 (subgrupo 1),11,49,1|3|4|7|8|10
2123-8/00,ALTO,07.12.13,nR1-12,11,49,1|30
2211-1/00,ALTO,09.03.01,ID3-03 (subgrupo 1),11,5,1|3|4|7|8|10
2211-1/00,BAIXO RISCO,07.12.13,nR1-12,11,5,1|30
2212-9/00,ALTO,09.03.03,ID3-03 (subgrupo 2),11,46,1|3|4|7|8|10
2212-9/00,ALTO,07.12.13,nR1-12,11,46,1|30
2219-6/00,MÉDIO RISCO,09.13.03,ID3-13 (subgrupo 1),11,22,1|3|4|7|8|10
2219-6/00,MÉDIO RISCO,09.03.01,ID3-03 (subgrupo 1),11,22,1|3|4|7|8|10
2219-6/00,MÉDIO RISCO,09.03.02,ID3-03 (subgrupo 2),11,22,1|3|4|7|8|10
2219-6/00,MÉDIO RISCO,07.12.13,nR1-12,11,22,1|30
2221-8/00,ALTO,09.13.03,ID3-13 (subgrupo 1),11,1,1|3|4|7|8|10
2221-8/00,ALTO,09.18.01,ID2-18,11,1,1|3|4|7|8|10
2221-8/00,BAIXO RISCO,07.12.13,nR1-12,11,1,1|30
2222-6/00,ALTO,09.18.01,ID2-18,11,47,1|3|4|7|8|10
2222-6/00,ALTO,07.09.17,nR1-09,11,47,1|3|4
2222-6/00,ALTO,07.12.13,nR1-12,11,47,1|30
2223-4/00,ALTO,09.13.03,ID3-13 (subgrupo 1),11,1,1|3|4|7|8|10
2223-4/00,ALTO,09.18.01,ID2-18,11,1,1|3|4|7|8|10
2223-4/00,BAIXO RISCO,07.12.13,nR1-12,11,1,1|30
2229-3/01,ALTO,09.18.01,ID2-18,11,1,1|3|4|7|8|10
2229-3/01,ALTO,09.15.05,ID2-15,11,1,1|3|4|7|8|10
2229-3/01,BAIXO RISCO,07.12.13,nR1-12,11,1,1|30
2229-3/02,ALTO,09.18.01,ID2-18,11,5,1|3|4|7|8|10
2229-3/02,BAIXO RISCO,07.12.13,nR1-12,11,5,1|30
2229-3/03,ALTO,09.18.01,ID2-18,11,5,1|3|4|7|8|10
2229-3/03,BAIXO RISCO,07.12.13,nR1-12,11,5,1|30
2229-3/99,ALTO,09.18.01,ID2-18,11,5,1|3|4|7|8|10
2229-3/99,BAIXO RISCO,07.12.13,nR1-12,11,5,1|30
2311-7/00,ALTO,09.14.01,ID1-14,11,1,1|3|4|7|8|10
2311-7/00,ALTO,09.14.03,ID3-14 (subgrupo 1),11,1,1|3|4|7|8|10
2311-7/00,BAIXO RISCO,07.12.13,nR1-12,11,1,1|30
2312-5/00,ALTO,09.14.01,ID1-14,11,47,1|3|4|7|8|10
2312-5/00,ALTO,09.14.03,ID3-14 (subgrupo 1),11,47,1|3|4|7|8|10
2312-5/00,ALTO,07.12.13,nR1-12,11,47,1|30
2319-2/00,MÉDIO RISCO,07.09.17,nR1-09,11,1,1|3|4
2319-2/00,ALTO,09.14.03,ID3-14 (subgrupo 1),11,1,1|3|4|7|8|10
2319-2/00,BAIXO RISCO,07.12.13,nR1-12,11,1,1|30
2320-6/00,ALTO,09.14.10,ID3-14 (subgrupo 2),11,46,1|3|4|7|8|10
2320-6/00,ALTO,07.12.13,nR1-12,11,46,1|30
2330-3/01,ALTO,09.14.04,ID3-14 (subgrupo 1),11,5,1|3|4|7|8|10
2330-3/01,BAIXO RISCO,07.12.13,nR1-12,11,5,1|30
2330-3/02,ALTO,09.13.03,ID3-13 (subgrupo 1),11,1,1|3|4|7|8|10
2330-3/02,ALTO,09.14.04,ID3-14 (subgrupo 1),11,1,1|3|4|7|8|10
2330-3/02,BAIXO RISCO,07.12.13,nR1-12,11,1,1|30
2330-3/03,ALTO,09.14.04,ID3-14 (subgrupo 1),11,5,1|3|4|7|8|10
2330-3/03,BAIXO RISCO,07.12.13,nR1-12,11,5,1|30
2330-3/04,ALTO,09.14.02,ID1-14,11,5,1|3|4|7|8|10
2330-3/04,BAIXO RISCO,07.12.13,nR1-12,11,5,1|30
2330-3/05,ALTO,09.14.02,ID1-14,11,46,1|3|4|7|8|10
2330-3/05,ALTO,07.12.13,nR1-12,11,46,1|30
2330-3/99,ALTO,09.14.04,ID3-14 (subgrupo 1),11,1,1|3|4|7|8|10
2330-3/99,BAIXO RISCO,07.12.13,nR1-12,11,1,1|30
2330-3/99,MÉDIO RISCO,07.09.17,nR1-09,11,1,1|3|4
2341-9/00,ALTO,09.14.02,ID1-14,11,47,1|3|4|7|8|10
2341-9/00,ALTO,09.14.05,ID3-14 (subgrupo 1),11,47,1|3|4|7|8|10
2341-9/00,ALTO,07.12.13,nR1-12,11,47,1|30
2342-7/01,ALTO,09.14.05,ID3-14 (subgrupo 1),11,5,1|3|4|7|8|10
2342-7/01,BAIXO RISCO,07.12.13,nR1-12,11,5,1|30
2342-7/02,ALTO,09.14.05,ID3-14 (subgrupo 1),11,1,1|3|4|7|8|10
2342-7/02,ALTO,09.14.08,ID3-14 (subgrupo 2),11,1,1|3|4|7|8|10
2342-7/02,ALTO,09.13.03,ID3-13 (subgrupo 1),11,1,1|3|4|7|8|10
2342-7/02,BAIXO RISCO,07.12.13,nR1-12,11,1,1|30
2349-4/01,ALTO,09.14.05,ID3-14 (subgrupo 1),11,5,1|3|4|7|8|10
2349-4/01,BAIXO RISCO,07.12.13,nR1-12,11,5,1|30
2349-4/99,ALTO,09.14.05,ID3-14 (subgrupo 1),11,47,1|3|4|7|8|10
2349-4/99,ALTO,09.14.08,ID3-14 (subgrupo 2),11,47,1|3|4|7|8|10
2349-4/99,ALTO,07.09.17,nR1-09,11,47,1|3|4
2349-4/99,ALTO,07.12.13,nR1-12,11,47,1|30
2391-5/01,ALTO,09.21.01,ID3-21,11,5,1|3|4|7|8|10
2391-5/01,BAIXO RISCO,07.12.13,nR1-12,11,5,1|30
2391-5/02,ALTO,07.09.08,nR2-09,11,47,1|3|4|7|10
2391-5/02,ALTO,09.14.06,ID3-14 (subgrupo 1),11,47,1|3|4|7|8|10
2391-5/02,ALTO,07.12.13,nR1-12,11,47,1|30
2391-5/03,ALTO,07.09.08,nR2-09,11,47,1|3|4|7|10
2391-5/03,ALTO,09.14.06,ID3-14 (subgrupo 1),11,47,1|3|4|7|8|10
2391-5/03,ALTO,07.12.13,nR1-12,11,47,1|30
2392-3/00,ALTO,09.14.11,ID3-14 (subgrupo 2),11,49,1|3|4|7|8|10
2392-3/00,ALTO,07.12.13,nR1-12,11,49,1|30
2399-1/01,ALTO,09.14.01,ID1-14,11,1,1|3|4|7|8|10
2399-1/01,ALTO,09.14.05,ID3-14 (subgrupo 1),11,1,1|3|4|7|8|10
2399-1/01,MÉDIO RISCO,07.09.08,nR2-09,11,1,1|3|4|7|10
2399-1/01,BAIXO RISCO,07.12.13,nR1-12,11,1,1|30
2399-1/02,ALTO,09.13.02,ID3-13 (subgrupo 1,11,5,1|3|4|7|8|10
2399-1/02,BAIXO RISCO,07.12.13,nR1-12,11,5,1|30
2399-1/99,ALTO,09.14.03,ID3-14 (subgrupo 1),11,5,1|3|4|7|8|10
2399-1/99,BAIXO RISCO,07.12.13,nR1-12,11,5,1|30
2411-3/00,ALTO,09.13.09,ID3-13 (subgrupo 2),11,5,1|3|4|7|8|10
2411-3/00,BAIXO RISCO,07.12.13,nR1-12,11,5,1|30
2412-1/00,ALTO,09.13.10,ID3-13 (subgrupo 2),11,5,1|3|4|7|8|10
2412-1/00,BAIXO RISCO,07.12.13,nR1-12,11,5,1|30
2421-1/00,ALTO,09.13.01,ID3-13 (subgrupo 1),11,1,1|3|4|7|8|10
2421-1/00,ALTO,09.13.10,ID3-13 (subgrupo 2),11,1,1|3|4|7|8|10
2421-1/00,BAIXO RISCO,07.12.13,nR1-12,11,1,1|30
2422-9/01,ALTO,09.13.10,ID3-13 (subgrupo 2),11,5,1|3|4|7|8|10
2422-9/01,BAIXO RISCO,07.12.13,nR1-12,11,5,1|30
2422-9/02,ALTO,09.13.10,ID3-13 (subgrupo 2),11,5,1|3|4|7|8|10
2422-9/02,BAIXO RISCO,07.12.13,nR1-12,11,5,1|30
2423-7/01,ALTO,09.13.03,ID3-13 (subgrupo 1),11,5,1|3|4|7|8|10
2423-7/01,BAIXO RISCO,07.12.13,nR1-12,11,5,1|30
2423-7/02,ALTO,09.13.10,ID3-13 (subgrupo 2),11,5,1|3|4|7|8|10
2423-7/02,BAIXO RISCO,07.12.13,nR1-12,11,5,1|30
2424-5/01,ALTO,09.13.10,ID3-13 (subgrupo 2),11,5,1|3|4|7|8|10
2424-5/01,BAIXO RISCO,07.12.13,nR1-12,11,5,1|30
2424-5/02,ALTO,09.13.10,ID3-13 (subgrupo 2),11,5,1|3|4|7|8|10
2424-5/02,BAIXO RISCO,07.12.13,nR1-12,11,5,1|30
2431-8/00,ALTO,09.13.03,ID3-13 (subgrupo 1),11,5,1|3|4|7|8|10
2431-8/00,BAIXO RISCO,07.12.13,nR1-12,11,5,1|30
2439-3/00,ALTO,09.13.03,ID3-13 (subgrupo 1),11,5,1|3|4|7|8|10
2439-3/00,BAIXO RISCO,07.12.13,nR1-12,11,5,1|30
2441-5/01,ALTO,09.13.04,ID3-13 (subgrupo 1),11,5,1|3|4|7|8|10
2441-5/01,BAIXO RISCO,07.12.13,nR1-12,11,5,1|30
2441-5/02,ALTO,09.13.04,ID3-13 (subgrupo 1),11,1,1|3|4|7|8|10
2441-5/02,ALTO,09.13.03,ID3-13 (subgrupo 1),11,1,1|3|4|7|8|10
2441-5/02,BAIXO RISCO,07.12.13,nR1-12,11,1,1|30
2442-3/00,ALTO,09.13.05,ID3-13 (subgrupo 1),11,5,1|3|4|7|8|10
2442-3/00,BAIXO RISCO,07.12.13,nR1-12,11,5,1|30
2443-1/00,ALTO,09.13.03,ID3-13 (subgrupo 1),11,5,1|3|4|7|8|10
2443-1/00,BAIXO RISCO,07.12.13,nR1-12,11,5,1|30
2449-1/01,ALTO,09.13.11,ID3-13 (subgrupo 2),11,5,1|3|4|7|8|10
2449-1/01,BAIXO RISCO,07.12.13,nR1-12,11,5,1|30
2449-1/02,ALTO,09.13.03,ID3-13 (subgrupo 1),11,5,1|3|4|7|8|10
2449-1/02,BAIXO RISCO,07.12.13,nR1-12,11,5,1|30
2449-1/03,ALTO,09.13.11,ID3-13 (subgrupo 2),11,1,1|3|4|7|8|10
2449-1/03,ALTO,09.13.06,ID3-13 (subgrupo 1),11,1,1|3|4|7|8|10
2449-1/03,BAIXO RISCO,07.12.13,nR1-12,11,1,1|30
2449-1/99,ALTO,09.13.06,ID3-13 (subgrupo 1),11,1,1|3|4|7|8|10
2449-1/99,ALTO,09.13.07,ID3-13 (subgrupo 1),11,1,1|3|4|7|8|10
2449-1/99,ALTO,09.13.04,ID3-13 (subgrupo 1),11,1,1|3|4|7|8|10
2449-1/99,ALTO,09.13.11,ID3-13 (subgrupo 2),11,1,1|3|4|7|8|10
2449-1/99,ALTO,09.13.03,ID3-13 (subgrupo 1),11,1,1|3|4|7|8|10
2449-1/99,BAIXO RISCO,07.12.13,nR1-12,11,1,1|30
2451-2/00,ALTO,09.13.01,ID3-13 (subgrupo 1),11,1,1|3|4|7|8|10
2451-2/00,ALTO,09.13.07,ID3-13 (subgrupo 1),11,1,1|3|4|7|8|10
2451-2/00,BAIXO RISCO,07.12.13,nR1-12,11,1,1|30
2452-1/00,ALTO,09.13.07,ID3-13 (subgrupo 1),11,1,1|3|4|7|8|10
2452-1/00,ALTO,09.13.11,ID3-13 (subgrupo 2),11,1,1|3|4|7|8|10
2452-1/00,ALTO,09.13.12,ID3-13 (subgrupo 2),11,1,1|3|4|7|8|10
2452-1/00,ALTO,09.13.06,ID3-13 (subgrupo 1),11,1,1|3|4|7|8|10
2452-1/00,ALTO,09.13.04,ID3-13 (subgrupo 1),11,1,1|3|4|7|8|10
2452-1/00,BAIXO RISCO,07.12.13,nR1-12,11,1,1|30
2511-0/00,ALTO,09.13.10,ID3-13 (subgrupo 2),11,1,1|3|4|7|8|10
2511-0/00,ALTO,09.13.02,ID3-13 (subgrupo 1),11,1,1|3|4|7|8|10
2511-0/00,MÉDIO RISCO,07.09.14,nR2-09,11,1,1|3|4|7
2511-0/00,BAIXO RISCO,07.12.13,nR1-12,11,1,1|30
2512-8/00,ALTO,09.13.02,ID3-13 (subgrupo 1),2|3,58|59,1|3|4|7|8|10
2512-8/00,MÉDIO RISCO,07.09.14,nR2-09,2|3,58|59,1|3|4|7
2512-8/00,BAIXO RISCO,07.12.13,nR1-12,2|3,58|59,1|30
2513-6/00,ALTO,09.13.02,ID3-13 (subgrupo 1),11,49,1|3|4|7|8|10
2513-6/00,ALTO,07.12.13,nR1-12,11,49,1|30
2521-7/00,ALTO,09.13.02,ID3-13 (subgrupo 1),11,5,1|3|4|7|8|10
2521-7/00,BAIXO RISCO,07.12.13,nR1-12,11,5,1|30
2522-5/00,ALTO,09.13.02,ID3-13 (subgrupo 1),11,49,1|3|4|7|8|10
2522-5/00,ALTO,07.12.13,nR1-12,11,49,1|30
2531-4/01,ALTO,09.13.11,ID3-13 (subgrupo 2),11,1,1|3|4|7|8|10
2531-4/01,ALTO,09.13.01,ID3-13 (subgrupo 1),11,1,1|3|4|7|8|10
2531-4/01,ALTO,09.13.06,ID3-13 (subgrupo 1),11,1,1|3|4|7|8|10
2531-4/01,BAIXO RISCO,07.12.13,nR1-12,11,1,1|30
2531-4/02,ALTO,09.13.06,ID3-13 (subgrupo 1),11,1,1|3|4|7|8|10
2531-4/02,ALTO,09.13.01,ID3-13 (subgrupo 1),11,1,1|3|4|7|8|10
2531-4/02,BAIXO RISCO,07.12.13,nR1-12,11,1,1|30
2532-2/01,ALTO,09.13.04,ID3-13 (subgrupo 1),11,1,1|3|4|7|8|10
2532-2/01,MÉDIO RISCO,07.09.14,nR2-09,11,1,1|3|4|7
2532-2/01,BAIXO RISCO,07.12.13,nR1-12,11,1,1|30
2532-2/02,ALTO,09.13.11,ID3-13 (subgrupo 2),11,5,1|3|4|7|8|10
2532-2/02,BAIXO RISCO,07.12.13,nR1-12,11,5,1|30
2539-0/01,MÉDIO RISCO,07.09.14,nR2-09,11,5,1|3|4|7|10
2539-0/01,BAIXO RISCO,07.12.13,nR1-12,11,5,1|30
2539-0/02,MÉDIO RISCO,07.09.14,nR2-09,11,5,1|3|4|7|10
2539-0/02,BAIXO RISCO,07.12.13,nR1-12,11,5,1|30
2541-1/00,ALTO,09.12.19,ID3-12,11,1,1|3|4|7|8|10
2541-1/00,ALTO,09.13.02,ID3-13 (subgrupo 1),11,1,1|3|4|7|8|10
2541-1/00,BAIXO RISCO,07.12.13,nR1-12,11,1,1|30
2542-0/00,ALTO,09.13.04,ID3-13 (subgrupo 1),11,1,1|3|4|7|8|10
2542-0/00,MÉDIO RISCO,07.09.14,nR2-09,11,1,1|3|4|7
2542-0/00,BAIXO RISCO,07.12.13,nR1-12,11,1,1|30
2543-8/00,ALTO,09.13.07,ID3-13 (subgrupo 1),11,1,1|3|4|7|8|10
2543-8/00,ALTO,09.13.02,ID3-13 (subgrupo 1),11,1,1|3|4|7|8|10
2543-8/00,BAIXO RISCO,07.12.13,nR1-12,11,1,1|30
2550-1/01,ALTO,09.12.19,ID3-12,11,46,1|3|4|7|8|10
2550-1/01,ALTO,07.12.13,nR1-12,11,46,1|30
2550-1/02,ALTO,09.12.19,ID3-12,11,46,1|3|4|7|8|10
2550-1/02,ALTO,07.12.13,nR1-12,11,46,1|30
2591-8/00,MÉDIO RISCO,09.13.04,ID3-13 (subgrupo 1),11,22,1|3|4|7|8|10
2591-8/00,MÉDIO RISCO,09.13.02,ID3-13 (subgrupo 1),11,22,1|3|4|7|8|10
2591-8/00,MÉDIO RISCO,07.12.13,nR1-12,11,22,1|30
2592-6/01,ALTO,09.13.02,ID3-13 (subgrupo 1),11,5,1|3|4|7|8|10
2592-6/01,BAIXO RISCO,07.12.13,nR1-12,11,5,1|30
2592-6/02,ALTO,09.13.10,ID3-13 (subgrupo 2),11,1,1|3|4|7|8|10
2592-6/02,ALTO,09.13.06,ID3-13 (subgrupo 1),11,1,1|3|4|7|8|10
2592-6/02,ALTO,09.13.04,ID3-13 (subgrupo 1),11,1,1|3|4|7|8|10
2592-6/02,ALTO,09.13.11,ID3-13 (subgrupo 2),11,1,1|3|4|7|8|10
2592-6/02,ALTO,09.13.02,ID3-13 (subgrupo 1),11,1,1|3|4|7|8|10
2592-6/02,BAIXO RISCO,07.12.13,nR1-12,11,1,1|30
2593-4/00,ALTO,09.13.02,ID3-13 (subgrupo 1),11,1,1|3|4|7|8|10
2593-4/00,ALTO,09.13.04,ID3-13 (subgrupo 1),11,1,1|3|4|7|8|10
2593-4/00,BAIXO RISCO,07.12.13,nR1-12,11,1,1|30
2599-3/01,MÉDIO RISCO,07.09.14,nR2-09,11,5,1|3|4|7
2599-3/01,BAIXO RISCO,07.12.13,nR1-12,11,5,1|30
2599-3/02,MÉDIO RISCO,07.09.14,nR2-09,11,5,1|3|4|7
2599-3/02,BAIXO RISCO,07.12.13,nR1-12,11,5,1|30
2599-3/99,MÉDIO RISCO,07.09.14,nR2-09,11,1,1|3|4|7
2599-3/99,ALTO,09.13.02,ID3-13 (subgrupo 1),11,1,1|3|4|7|8|10
2599-3/99,BAIXO RISCO,07.12.13,nR1-12,11,1,1|30
2610-8/00,ALTO,09.12.02,ID1-12,1|11,1,1|3|4|7|8|10
2610-8/00,ALTO,09.14.03,ID3-14 (subgrupo 1),1|11,1,1|3|4|7|8|10
2610-8/00,MÉDIO RISCO,07.09.17,nR1-09,1|11,1,1|3|4
2610-8/00,BAIXO RISCO,07.12.13,nR1-12,1|11,1,1|30
2621-3/00,ALTO,09.12.03,ID1-12,1|11,1,1|3|4|7|8|10
2621-3/00,MÉDIO RISCO,07.09.17,nR1-09,1|11,1,1|3|4
2621-3/00,BAIXO RISCO,07.12.13,nR1-12,1|11,1,1|30
2622-1/00,ALTO,09.12.04,ID1-12,11,5,1|3|4|7|8|10
2622-1/00,BAIXO RISCO,07.12.13,nR1-12,11,5,1|30
2631-1/00,ALTO,09.10.03,ID3-10,11,1,1|3|4|7|8|10
2631-1/00,ALTO,09.12.14,ID3-12,11,1,1|3|4|7|8|10
2631-1/00,BAIXO RISCO,07.12.13,nR1-12,11,1,1|30
2632-9/00,ALTO,09.10.07,ID3-10,11,5,1|3|4|7|8|10
2632-9/00,BAIXO RISCO,07.12.13,nR1-12,11,5,1|30
2640-0/00,ALTO,09.10.07,ID3-10,11,5,1|3|4|7|8|10
2640-0/00,BAIXO RISCO,07.12.13,nR1-12,11,5,1|30
2651-5/00,ALTO,09.12.02,ID1-12,11,1,1|3|4|7|8|10
2651-5/00,ALTO,09.12.07,ID1-12,11,1,1|3|4|7|8|10
2651-5/00,ALTO,09.12.06,ID1-12,11,1,1|3|4|7|8|10
2651-5/00,BAIXO RISCO,07.12.13,nR1-12,11,1,1|30
2652-3/00,ALTO,09.12.09,ID1-12,11,5,1|3|4|7|8|10
2652-3/00,BAIXO RISCO,07.12.13,nR1-12,11,5,1|30
2660-4/00,ALTO,09.12.05,ID1-12,11,49,1|3|4|7|8|10
2660-4/00,ALTO,07.12.13,nR1-12,11,49,1|30
2670-1/01,ALTO,09.12.08,ID1-12,11,5,1|3|4|7|8|10
2670-1/01,BAIXO RISCO,07.12.13,nR1-12,11,5,1|30
2670-1/02,ALTO,09.12.08,ID1-12,11,5,1|3|4|7|8|10
2670-1/02,BAIXO RISCO,07.12.13,nR1-12,11,5,1|30
2680-9/00,ALTO,09.19.12,ID3-19 (subgrupo 1),11,5,1|3|4|7|8|10
2680-9/00,BAIXO RISCO,07.12.13,nR1-12,11,5,1|30
2710-4/01,ALTO,09.12.14,ID3-12,11,47,1|3|4|7|8|10
2710-4/01,ALTO,09.10.03,ID3-10,11,47,1|3|4|7|8|10
2710-4/01,ALTO,07.09.17,nR1-09,11,47,1|3|4
2710-4/01,ALTO,07.12.13,nR1-12,11,47,1|30
2710-4/02,ALTO,09.12.14,ID3-12,11,47,1|3|4|7|8|10
2710-4/02,ALTO,09.10.03,ID3-10,11,47,1|3|4|7|8|10
2710-4/02,ALTO,07.12.13,nR1-12,11,47,1|30
2710-4/03,ALTO,09.12.14,ID3-12,11,1,1|3|4|7|8|10
2710-4/03,ALTO,09.10.03,ID3-10,11,1,1|3|4|7|8|10
2710-4/03,BAIXO RISCO,07.12.13,nR1-12,11,1,1|30
2721-0/00,ALTO,09.12.14,ID3-12,11,47,1|3|4|7|8|10
2721-0/00,ALTO,09.10.01,ID3-10,11,47,1|3|4|7|8|10
2721-0/00,ALTO,07.12.13,nR1-12,11,47,1|30
2722-8/01,ALTO,09.10.01,ID3-10,11,46,1|3|4|7|8|10
2722-8/01,ALTO,07.12.13,nR1-12,11,46,1|30
2722-8/02,ALTO,09.10.01,ID3-10,11,46,1|3|4|7|8|10
2722-8/02,ALTO,07.12.13,nR1-12,11,46,1|30
2731-7/00,ALTO,09.10.04,ID3-10,11,49,1|3|4|7|8|10
2731-7/00,ALTO,07.12.13,nR1-12,11,49,1|30
2732-5/00,ALTO,09.12.14,ID3-12,11,49,1|3|4|7|8|10
2732-5/00,ALTO,07.12.13,nR1-12,11,49,1|30
2733-3/00,ALTO,09.12.14,ID3-12,11,47,1|3|4|7|8|10
2733-3/00,ALTO,09.10.05,ID3-10,11,47,1|3|4|7|8|10
2733-3/00,ALTO,07.12.13,nR1-12,11,47,1|30
2740-6/01,ALTO,09.10.02,ID3-10,11,49,1|3|4|7|8|10
2740-6/01,ALTO,07.12.13,nR1-12,11,49,1|30
2740-6/02,ALTO,07.09.17,nR1-09,1|11,47,1|3|4|7|10
2740-6/02,ALTO,09.10.02,ID3-10,1|11,47,1|3|4|7|8|10
2740-6/02,ALTO,07.12.13,nR1-12,1|11,47,1|30
2751-1/00,ALTO,09.12.20,ID3-12,11,49,1|3|4|7|8|10
2751-1/00,ALTO,07.12.13,nR1-12,11,49,1|30
2759-7/01,ALTO,09.10.07,ID3-10,11,49,1|3|4|7|8|10
2759-7/01,ALTO,07.12.13,nR1-12,11,49,1|30
2759-7/99,ALTO,09.12.20,ID3-12,11,47,1|3|4|7|8|10
2759-7/99,ALTO,09.12.18,ID3-12,11,47,1|3|4|7|8|10
2759-7/99,ALTO,09.10.07,ID3-10,11,47,1|3|4|7|8|10
2759-7/99,ALTO,09.13.02,ID3-13 (subgrupo 1),11,47,1|3|4|7|8|10
2759-7/99,ALTO,07.12.13,nR1-12,11,47,1|30
2790-2/01,ALTO,09.10.07,ID3-10,11,5,1|3|4|7|8|10
2790-2/01,BAIXO RISCO,07.12.13,nR1-12,11,5,1|30
2790-2/02,ALTO,09.10.07,ID3-10,11,49,1|3|4|7|8|10
2790-2/02,ALTO,07.12.13,nR1-12,11,49,1|30
2790-2/99,ALTO,09.10.07,ID3-10,11,47,1|3|4|7|8|10
2790-2/99,ALTO,07.09.17,nR1-09,11,47,1|3|4
2790-2/99,ALTO,07.12.13,nR1-12,11,47,1|30
2811-9/00,ALTO,09.12.12,ID3-12,11,5,1|3|4|7|8|10
2811-9/00,BAIXO RISCO,07.12.13,nR1-12,11,5,1|30
2812-7/00,ALTO,09.12.12,ID3-12,11,5,1|3|4|7|8|10
2812-7/00,BAIXO RISCO,07.12.13,nR1-12,11,5,1|30
2813-5/00,ALTO,09.12.12,ID3-12,11,5,1|3|4|7|8|10
2813-5/00,BAIXO RISCO,07.12.13,nR1-12,11,5,1|30
2814-3/01,ALTO,09.12.12,ID3-12,11,5,1|3|4|7|8|10
2814-3/01,BAIXO RISCO,07.12.13,nR1-12,11,5,1|30
2814-3/02,ALTO,09.12.12,ID3-12,11,5,1|3|4|7|8|10
2814-3/02,BAIXO RISCO,07.12.13,nR1-12,11,5,1|30
2815-1/01,ALTO,09.12.12,ID3-12,11,5,1|3|4|7|8|10
2815-1/01,BAIXO RISCO,07.12.13,nR1-12,11,5,1|30
2815-1/02,ALTO,09.12.12,ID3-12,11,5,1|3|4|7|8|10
2815-1/02,BAIXO RISCO,07.12.13,nR1-12,11,5,1|30
2821-6/01,ALTO,09.12.18,ID3-12,11,1,1|3|4|7|8|10
2821-6/01,MÉDIO RISCO,07.09.17,nR1-09,11,1,1|3|4
2821-6/01,BAIXO RISCO,07.12.13,nR1-12,11,1,1|30
2821-6/02,ALTO,09.12.18,ID3-12,11,49,1|3|4|7|8|10
2821-6/02,ALTO,07.12.13,nR1-12,11,49,1|30
2822-4/01,ALTO,07.09.12,nR2-09,11,47,1|3|4|7
2822-4/01,ALTO,09.12.18,ID3-12,11,47,1|3|4|7|8|10
2822-4/01,ALTO,07.12.13,nR1-12,11,47,1|30
2822-4/02,ALTO,09.12.18,ID3-12,11,49,1|3|4|7|8|10
2822-4/02,ALTO,07.12.13,nR1-12,11,49,1|30
2823-2/00,ALTO,09.12.12,ID3-12,11,5,1|3|4|7|8|10
2823-2/00,BAIXO RISCO,07.12.13,nR1-12,11,5,1|30
2824-1/01,ALTO,09.12.18,ID3-12,11,49,1|3|4|7|8|10
2824-1/01,ALTO,07.12.13,nR1-12,11,49,1|30
2824-1/02,ALTO,09.12.20,ID3-12,11,49,1|3|4|7|8|10
2824-1/02,ALTO,07.12.13,nR1-12,11,49,1|30
2825-9/00,ALTO,09.12.18,ID3-12,11,5,1|3|4|7|8|10
2825-9/00,BAIXO RISCO,07.12.13,nR1-12,11,5,1|30
2829-1/01,ALTO,09.12.01,ID1-12,11,5,1|3|4|7|8|10
2829-1/01,BAIXO RISCO,07.12.13,nR1-12,11,5,1|30
2829-1/99,ALTO,09.12.13,ID3-12,11,47,1|3|4|7|8|10
2829-1/99,ALTO,07.09.17,nR1-09,11,47,1|3|4
2829-1/99,ALTO,07.12.13,nR1-12,11,47,1|30
2831-3/00,ALTO,09.12.15,ID3-12,11,5,1|3|4|7|8|10
2831-3/00,BAIXO RISCO,07.12.13,nR1-12,11,5,1|30
2832-1/00,ALTO,09.12.15,ID3-12,11,5,1|3|4|7|8|10
2832-1/00,BAIXO RISCO,07.12.13,nR1-12,11,5,1|30
2833-0/00,ALTO,09.12.15,ID3-12,11,5,1|3|4|7|8|10
2833-0/00,BAIXO RISCO,07.12.13,nR1-12,11,5,1|30
2840-2/00,ALTO,09.12.16,ID3-12,11,5,1|3|4|7|8|10
2840-2/00,BAIXO RISCO,07.12.13,nR1-12,11,5,1|30
2851-8/00,ALTO,09.12.18,ID3-12,11,5,1|3|4|7|8|10
2851-8/00,BAIXO RISCO,07.12.13,nR1-12,11,5,1|30
2852-6/00,ALTO,09.12.18,ID3-12,11,5,1|3|4|7|8|10
2852-6/00,BAIXO RISCO,07.12.13,nR1-12,11,5,1|30
2853-4/00,ALTO,09.12.18,ID3-12,11,5,1|3|4|7|8|10
2853-4/00,BAIXO RISCO,07.12.13,nR1-12,11,5,1|30
2854-2/00,ALTO,09.12.17,ID3-12,11,5,1|3|4|7|8|10
2854-2/00,BAIXO RISCO,07.12.13,nR1-12,11,5,1|30
2861-5/00,ALTO,09.12.18,ID3-12,11,5,1|3|4|7|8|10
2861-5/00,BAIXO RISCO,07.12.13,nR1-12,11,5,1|30
2862-3/00,ALTO,09.12.18,ID3-12,11,5,1|3|4|7|8|10
2862-3/00,BAIXO RISCO,07.12.13,nR1-12,11,5,1|30
2863-1/00,ALTO,09.12.18,ID3-12,11,5,1|3|4|7|8|10
2863-1/00,BAIXO RISCO,07.12.13,nR1-12,11,5,1|30
2864-0/00,ALTO,09.12.18,ID3-12,11,5,1|3|4|7|8|10
2864-0/00,BAIXO RISCO,07.12.13,nR1-12,11,5,1|30
2865-8/00,ALTO,09.12.18,ID3-12,11,5,1|3|4|7|8|10
2865-8/00,BAIXO RISCO,07.12.13,nR1-12,11,5,1|30
2866-6/00,ALTO,09.12.18,ID3-12,11,5,1|3|4|7|8|10
2866-6/00,BAIXO RISCO,07.12.13,nR1-12,11,5,1|30
2869-1/00,ALTO,09.12.18,ID3-12,11,5,1|3|4|7|8|10
2869-1/00,BAIXO RISCO,07.12.13,nR1-12,11,5,1|30
2910-7/01,ALTO,09.20.01,ID3-20,11,5,1|3|4|7|8|10
2910-7/01,BAIXO RISCO,07.12.13,nR1-12,11,5,1|30
2910-7/02,ALTO,09.20.01,ID3-20,11,5,1|3|4|7|8|10
2910-7/02,BAIXO RISCO,07.12.13,nR1-12,11,5,1|30
2910-7/03,ALTO,09.12.12,ID2-12,11,5,1|3|4|7|8|10
2910-7/03,BAIXO RISCO,07.12.13,nR1-12,11,5,1|30
2920-4/01,ALTO,09.20.02,ID3-20,11,5,1|3|4|7|8|10
2920-4/01,BAIXO RISCO,07.12.13,nR1-12,11,5,1|30
2920-4/02,ALTO,09.20.02,ID3-20,11,5,1|3|4|7|8|10
2920-4/02,BAIXO RISCO,07.12.13,nR1-12,11,5,1|30
2930-1/01,ALTO,09.20.03,ID3-20,11,5,1|3|4|7|8|10
2930-1/01,BAIXO RISCO,07.12.13,nR1-12,11,5,1|30
2930-1/02,ALTO,09.20.03,ID3-20,11,5,1|3|4|7|8|10
2930-1/02,BAIXO RISCO,07.12.13,nR1-12,11,5,1|30
2930-1/03,ALTO,09.20.03,ID3-20,11,5,1|3|4|7|8|10
2930-1/03,BAIXO RISCO,07.12.13,nR1-12,11,5,1|30
2941-7/00,ALTO,09.12.12,ID3-12,11,1,1|3|4|7|8|10
2941-7/00,ALTO,09.12.10,ID2-12,11,1,1|3|4|7|8|10
2941-7/00,BAIXO RISCO,07.12.13,nR1-12,11,1,1|30
2942-5/00,ALTO,09.12.10,ID2-12,11,5,1|3|4|7|8|10
2942-5/00,BAIXO RISCO,07.12.13,nR1-12,11,5,1|30
2943-3/00,ALTO,09.12.10,ID2-12,11,5,1|3|4|7|8|10
2943-3/00,BAIXO RISCO,07.12.13,nR1-12,11,5,1|30
2944-1/00,ALTO,09.12.10,ID2-12,11,5,1|3|4|7|8|10
2944-1/00,BAIXO RISCO,07.12.13,nR1-12,11,5,1|30
2945-0/00,ALTO,09.12.12,ID3-12,11,47,1|3|4|7|8|10
2945-0/00,ALTO,09.12.14,ID3-12,11,47,1|3|4|7|8|10
2945-0/00,ALTO,09.10.06,ID3-10,11,47,1|3|4|7|8|10
2945-0/00,ALTO,07.12.13,nR1-12,11,47,1|30
2949-2/01,ALTO,09.15.06,ID2-15,11,49,1|3|4|7|8|10
2949-2/01,ALTO,07.12.13,nR1-12,11,49,1|30
2949-2/99,ALTO,09.13.03,ID3-13 (subgrupo 1),11,1,1|3|4|7|8|10
2949-2/99,ALTO,09.12.10,ID2-12,11,1,1|3|4|7|8|10
2949-2/99,BAIXO RISCO,07.12.13,nR1-12,11,1,1|30
2950-6/00,ALTO,09.12.11,ID2-12,11,49,1|3|4|7|8|10
2950-6/00,ALTO,07.12.13,nR1-12,11,49,1|30
3011-3/01,ALTO,09.20.04,ID3-20,11,5,1|3|4|7|8|10
3011-3/01,BAIXO RISCO,07.12.13,nR1-12,11,5,1|30
3011-3/02,ALTO,09.20.04,ID3-20,11,5,1|3|4|7|8|10
3011-3/02,BAIXO RISCO,07.12.13,nR1-12,11,5,1|30
3012-1/00,ALTO,09.20.04,ID3-20,11,5,1|3|4|7|8|10
3012-1/00,BAIXO RISCO,07.12.13,nR1-12,11,5,1|30
3031-8/00,ALTO,09.20.05,ID3-20,11,5,1|3|4|7|8|10
3031-8/00,BAIXO RISCO,07.12.13,nR1-12,11,5,1|30
3032-6/00,ALTO,09.20.05,ID3-20,11,5,1|3|4|7|8|10
3032-6/00,BAIXO RISCO,07.12.13,nR1-12,11,5,1|30
3041-5/00,ALTO,09.20.06,ID3-20,11,5,1|3|4|7|8|10
3041-5/00,BAIXO RISCO,07.12.13,nR1-12,11,5,1|30
3042-3/00,ALTO,09.20.06,ID3-20,11,5,1|3|4|7|8|10
3042-3/00,BAIXO RISCO,07.12.13,nR1-12,11,5,1|30
3050-4/00,ALTO,09.20.01,ID3-20,11,5,1|3|4|7|8|10
3050-4/00,BAIXO RISCO,07.12.13,nR1-12,11,5,1|30
3091-1/01,ALTO,09.20.01,ID3-20,11,5,1|3|4|7|8|10
3091-1/01,BAIXO RISCO,07.12.13,nR1-12,11,5,1|30
3091-1/02,ALTO,09.12.12,ID3-12,11,5,1|3|4|7|8|10
3091-1/02,BAIXO RISCO,07.12.13,nR1-12,11,5,1|30
3092-0/00,MÉDIO RISCO,09.20.07,ID3-20,11,23,1|3|4|7|8|10
3092-0/00,MÉDIO RISCO,07.12.13,nR1-12,11,23,1|30
3099-7/00,ALTO,09.20.07,ID3-20,11,5,1|3|4|7|8|10
3099-7/00,BAIXO RISCO,07.12.13,nR1-12,11,5,1|30
3101-2/00,MÉDIO RISCO,07.09.08,nR2-09,2|3,58|59,1|3|4|7|10
3101-2/00,ALTO,09.15.01,ID2-15,2|3,58|59,1|3|4|7|8|10
3101-2/00,BAIXO RISCO,07.12.13,nR1-12,2|3,58|59,1|30
3102-1/00,MÉDIO RISCO,07.09.14,nR2-09,2|3,58|59,1|3|4|7
3102-1/00,ALTO,09.15.02,ID2-15,2|3,58|59,1|3|4|7|8|10
3102-1/00,BAIXO RISCO,07.12.13,nR1-12,2|3,58|59,1|30
3103-9/00,ALTO,09.15.05,ID2-15,11,1,1|3|4|7|10
3103-9/00,ALTO,09.15.03,ID2-15,11,1,1|3|4|7|8|10
3103-9/00,MÉDIO RISCO,07.09.01,nR1-09,11,1,1|3|4|10
3103-9/00,BAIXO RISCO,07.12.13,nR1-12,11,1,1|30
3104-7/00,ALTO,09.15.04,ID2-15,11,47,1|3|4|7|8|10
3104-7/00,ALTO,07.09.17,nR1-09,11,47,1|3|4|10
3104-7/00,ALTO,07.12.13,nR1-12,11,47,1|30
3211-6/01,ALTO,09.14.09,ID3-14 (subgrupo 2),2|3,18|19,1|3|4|7|8|10
3211-6/01,BAIXO RISCO,07.09.17,nR1-09,2|3,18|19,1|3|4
3211-6/01,BAIXO RISCO,07.12.13,nR1-12,2|3,18|19,1|30
3211-6/02,ALTO,09.13.02,ID3-13 (subgrupo 1),2|3,18|19,1|3|4|7|8|10
3211-6/02,BAIXO RISCO,07.09.17,nR1-09,2|3,18|19,1|3|4
3211-6/02,BAIXO RISCO,07.12.13,nR1-12,2|3,18|19,1|30
3211-6/03,ALTO,09.13.02,ID3-13 (subgrupo 1),2|3,18|19,1|3|4|7|8|10
3211-6/03,BAIXO RISCO,07.09.17,nR1-09,2|3,18|19,1|3|4
3211-6/03,BAIXO RISCO,07.12.13,nR1-12,2|3,18|19,1|30
3212-4/00,ALTO,09.13.02,ID3-13 (subgrupo 1),2|3,18|19,1|3|4|7|8|10
3212-4/00,BAIXO RISCO,07.09.17,nR1-09,2|3,18|19,1|3|4
3212-4/00,BAIXO RISCO,07.12.13,nR1-12,2|3,18|19,1|30
3220-5/00,ALTO,09.12.18,ID3-12,2|3,18|19,1|3|4|7|8|10
3220-5/00,BAIXO RISCO,07.09.17,nR1-09,2|3,18|19,1|3|4
3220-5/00,BAIXO RISCO,07.12.13,nR1-12,2|3,18|19,1|30
3230-2/00,ALTO,09.12.18,ID3-12,11,5,1|3|4|7|8|10
3230-2/00,BAIXO RISCO,07.12.13,nR1-12,11,5,1|30
3240-0/01,ALTO,09.12.18,ID3-12,11,49,1|3|4|7|8|10
3240-0/01,ALTO,07.12.13,nR1-12,11,49,1|30
3240-0/02,ALTO,09.15.05,ID2-15,2|3,18|19,1|3|4|7|8|10
3240-0/02,BAIXO RISCO,07.09.08,nR2-09,2|3,18|19,1|3|4|7|10
3240-0/02,BAIXO RISCO,07.12.13,nR1-12,2|3,18|19,1|30
3240-0/03,ALTO,09.15.05,ID2-15,2|3,18|19,1|3|4|7|8|10
3240-0/03,BAIXO RISCO,07.09.08,nR2-09,2|3,18|19,1|3|4|7|10
3240-0/03,BAIXO RISCO,07.12.13,nR1-12,2|3,18|19,1|30
3240-0/99,ALTO,09.12.18,ID3-12,2|3,18|19,1|3|4|7|8|10
3240-0/99,BAIXO RISCO,07.09.17,nR1-09,2|3,18|19,1|3|4
3240-0/99,BAIXO RISCO,07.12.13,nR1-12,2|3,18|19,1|30
3250-7/01,ALTO,09.12.05,ID1-12,11,49,1|3|4|7|8|10
3250-7/01,ALTO,07.12.13,nR1-12,11,49,1|30
3250-7/02,ALTO,09.15.02,ID2-15,11,49,1|3|4|7|8|10
3250-7/02,ALTO,07.12.13,nR1-12,11,49,1|30
3250-7/03,ALTO,09.12.05,ID1-12,11,49,1|3|4|7|8|10
3250-7/03,ALTO,07.12.13,nR1-12,11,49,1|30
3250-7/04,ALTO,09.12.05,ID1-12,11,49,1|3|4|7|8|10
3250-7/04,ALTO,07.12.13,nR1-12,11,49,1|30
3250-7/05,ALTO,09.14.04,ID3-14 (subgrupo 1),1|11,47,1|3|4|7|8|10
3250-7/05,ALTO,07.09.17,nR1-09,1|11,47,1|3|4
3250-7/05,ALTO,07.12.13,nR1-12,1|11,47,1|30
3250-7/06,MÉDIO RISCO,07.05.09,nR1-05,11,5,1
3250-7/06,BAIXO RISCO,07.12.13,nR1-12,11,5,1|30
3250-7/07,ALTO,09.14.03,ID3-14 (subgrupo 1),11,1,1|3|4|7|8|10
3250-7/07,MÉDIO RISCO,07.09.17,nR1-09,11,1,1|3|4
3250-7/07,BAIXO RISCO,07.12.13,nR1-12,11,1,1|30
3250-7/09,ALTO,09.12.18,ID3-12,11,47,1|3|4|7|8|10
3250-7/09,ALTO,07.09.17,nR1-09,11,47,1|3|4
3250-7/09,ALTO,07.12.13,nR1-12,11,47,1|30
3291-4/00,ALTO,09.09.03,ID2-09,2|3,58|59,1|3|4|7|8|10
3291-4/00,MÉDIO RISCO,07.09.17,nR1-09,2|3,58|59,1|3|4
3291-4/00,BAIXO RISCO,07.12.13,nR1-12,2|3,58|59,1|30
3292-2/01,ALTO,09.11.02,ID1-11,2|3,58|59,1|3|4|7|8|10
3292-2/01,MÉDIO RISCO,07.09.05,nR1-09,2|3,58|59,1|3|4
3292-2/01,BAIXO RISCO,07.12.13,nR1-12,2|3,58|59,1|30
3292-2/02,ALTO,09.18.01,ID2-18,11,47,1|3|4|7|8|10
3292-2/02,ALTO,09.11.01,ID1-11,11,47,1|3|4|7|8|10
3292-2/02,ALTO,07.12.13,nR1-12,11,47,1|30
3299-0/01,ALTO,09.12.18,ID3-12,11,5,1|3|4|7|8|10
3299-0/01,BAIXO RISCO,07.12.13,nR1-12,11,5,1|30
3299-0/02,ALTO,09.18.01,ID2-18,2|3,58|59,1|3|4|7|8|10
3299-0/02,MÉDIO RISCO,07.09.17,nR1-09,2|3,58|59,1|3|4
3299-0/02,BAIXO RISCO,07.12.13,nR1-12,2|3,58|59,1|30
3299-0/03,MÉDIO RISCO,07.09.09,nR2-09,11,5,1|3|4|7
3299-0/03,BAIXO RISCO,07.12.13,nR1-12,11,5,1|30
3299-0/04,MÉDIO RISCO,07.09.09,nR2-09,11,5,1|3|4|7
3299-0/04,BAIXO RISCO,07.12.13,nR1-12,11,5,1|30
3299-0/05,ALTO,09.11.09,ID2-11,11,5,1|3|4|7|8|10
3299-0/05,BAIXO RISCO,07.12.13,nR1-12,11,5,1|30
3299-0/06,MÉDIO RISCO,09.19.20,ID3-19 (subgrupo 1),11,23,1|3|4|7|8|10
3299-0/06,MÉDIO RISCO,07.12.13,nR1-12,11,23,1|30
3299-0/99,MÉDIO RISCO,09.12.18,ID3-12,1|11,22,1|3|4|7|8|10
3299-0/99,MÉDIO RISCO,07.09.17,nR1-09,1|11,22,1|3|4
3299-0/99,MÉDIO RISCO,07.12.13,nR1-12,1|11,22,1|30
3311-2/00,MÉDIO RISCO,07.09.17,nR1-09,1|11,5,1
3311-2/00,BAIXO RISCO,07.12.13,nR1-12,1|11,5,1|2
3312-1/02,MÉDIO RISCO,07.09.12,nR2-09,11,5,1|3|7
3312-1/02,BAIXO RISCO,07.12.13,nR1-12,11,5,1|2
3312-1/03,MÉDIO RISCO,07.09.12,nR2-09,11,5,1|3|7
3312-1/03,BAIXO RISCO,07.12.13,nR1-12,11,5,1|2
3312-1/04,MÉDIO RISCO,07.09.12,nR2-09,11,5,1|3|7
3312-1/04,BAIXO RISCO,07.12.13,nR1-12,11,5,1|2
3313-9/01,MÉDIO RISCO,07.09.12,nR2-09,11,5,1|3|7
3313-9/01,BAIXO RISCO,07.12.13,nR1-12,11,5,1|2
3313-9/02,MÉDIO RISCO,07.09.12,nR2-09,11,5,1|3|7
3313-9/02,BAIXO RISCO,07.12.13,nR1-12,11,5,1|2
3313-9/99,MÉDIO RISCO,07.09.12,nR2-09,11,5,1|3|7
3313-9/99,BAIXO RISCO,07.12.13,nR1-12,11,5,1|2
3314-7/01,MÉDIO RISCO,07.09.12,nR2-09,11,5,1|3|7
3314-7/01,BAIXO RISCO,07.12.13,nR1-12,11,5,1|2
3314-7/02,MÉDIO RISCO,07.09.12,nR2-09,11,5,1|3|7
3314-7/02,BAIXO RISCO,07.12.13,nR1-12,11,5,1|2
3314-7/03,MÉDIO RISCO,07.09.12,nR2-09,11,5,1|3|7
3314-7/03,BAIXO RISCO,07.12.13,nR1-12,11,5,1|2
3314-7/04,MÉDIO RISCO,07.09.12,nR2-09,11,5,1|3|7
3314-7/04,BAIXO RISCO,07.12.13,nR1-12,11,5,1|2
3314-7/05,MÉDIO RISCO,07.09.12,nR2-09,11,5,1|3|7
3314-7/05,BAIXO RISCO,07.12.13,nR1-12,11,5,1|2
3314-7/06,MÉDIO RISCO,07.09.12,nR2-09,11,5,1|3|7
3314-7/06,BAIXO RISCO,07.12.13,nR1-12,11,5,1|2
3314-7/07,MÉDIO RISCO,07.09.12,nR2-09,11,5,1|3|7
3314-7/07,BAIXO RISCO,07.12.13,nR1-12,11,5,1|2
3314-7/08,MÉDIO RISCO,07.09.12,nR2-09,11,5,1|3|7
3314-7/08,BAIXO RISCO,07.12.13,nR1-12,11,5,1|2
3314-7/09,MÉDIO RISCO,07.09.17,nR1-09,11,5,1
3314-7/09,BAIXO RISCO,07.12.13,nR1-12,11,5,1|2
3314-7/10,MÉDIO RISCO,07.09.12,nR2-09,1|11,5,1|3|7
3314-7/10,BAIXO RISCO,07.12.13,nR1-12,1|11,5,1|2
3314-7/11,MÉDIO RISCO,07.09.12,nR2-09,11,5,1|3|7
3314-7/11,BAIXO RISCO,07.12.13,nR1-12,11,5,1|2
3314-7/12,MÉDIO RISCO,07.09.12,nR2-09,11,5,1|3|7
3314-7/12,BAIXO RISCO,07.12.13,nR1-12,11,5,1|2
3314-7/13,MÉDIO RISCO,07.09.12,nR2-09,11,5,1|3|7
3314-7/13,BAIXO RISCO,07.12.13,nR1-12,11,5,1|2
3314-7/14,MÉDIO RISCO,07.09.12,nR2-09,11,5,1|3|7
3314-7/14,BAIXO RISCO,07.12.13,nR1-12,11,5,1|2
3314-7/15,MÉDIO RISCO,07.09.12,nR2-09,11,5,1|3|7
3314-7/15,BAIXO RISCO,07.12.13,nR1-12,11,5,1|2
3314-7/16,MÉDIO RISCO,07.09.12,nR2-09,11,5,1|3|7
3314-7/16,BAIXO RISCO,07.12.13,nR1-12,11,5,1|2
3314-7/17,MÉDIO RISCO,07.09.12,nR2-09,11,5,1|3|7
3314-7/17,BAIXO RISCO,07.12.13,nR1-12,11,5,1|2
3314-7/18,MÉDIO RISCO,07.09.12,nR2-09,11,5,1|3|7
3314-7/18,BAIXO RISCO,07.12.13,nR1-12,11,5,1|2
3314-7/19,MÉDIO RISCO,07.09.12,nR2-09,11,5,1|3|7
3314-7/19,BAIXO RISCO,07.12.13,nR1-12,11,5,1|2
3314-7/20,MÉDIO RISCO,07.09.12,nR2-09,11,5,1|3|7
3314-7/20,BAIXO RISCO,07.12.13,nR1-12,11,5,1|2
3314-7/21,MÉDIO RISCO,07.09.12,nR2-09,11,5,1|3|7
3314-7/21,BAIXO RISCO,07.12.13,nR1-12,11,5,1|2
3314-7/22,MÉDIO RISCO,07.09.12,nR2-09,11,5,1|3|7
3314-7/22,BAIXO RISCO,07.12.13,nR1-12,11,5,1|2
3314-7/99,MÉDIO RISCO,07.09.12,nR2-09,11,5,1|3|7
3314-7/99,BAIXO RISCO,07.12.13,nR1-12,11,5,1|2
3315-5/00,MÉDIO RISCO,07.09.17,nR1-09,11,5,1
3315-5/00,BAIXO RISCO,07.12.13,nR1-12,11,5,1|2
3316-3/01,MÉDIO RISCO,07.09.17,nR1-09,11,5,1
3316-3/01,BAIXO RISCO,07.12.13,nR1-12,11,5,1|2
3316-3/02,MÉDIO RISCO,07.09.17,nR1-09,11,5,1
3316-3/02,BAIXO RISCO,07.12.13,nR1-12,11,5,1|2
3317-1/01,MÉDIO RISCO,07.09.17,nR1-09,11,5,1
3317-1/01,BAIXO RISCO,07.12.13,nR1-12,11,5,1|2
3317-1/02,MÉDIO RISCO,07.09.17,nR1-09,11,5,1
3317-1/02,BAIXO RISCO,07.12.13,nR1-12,11,5,1|2
3319-8/00,MÉDIO RISCO,07.09.17,nR1-09,11,5,1
3319-8/00,BAIXO RISCO,07.12.13,nR1-12,11,5,1|2
3321-0/00,MÉDIO RISCO,07.09.12,nR2-09,11,5,1|3|7
3321-0/00,BAIXO RISCO,07.12.13,nR1-12,11,5,1|2
3329-5/01,BAIXO RISCO,07.09.08,nR2-09,11,4,1|3|4|7
3329-5/01,BAIXO RISCO,07.12.13,nR1-12,11,4,1|2
3329-5/99,MÉDIO RISCO,07.09.17,nR1-09,11,5,1
3329-5/99,BAIXO RISCO,07.12.13,nR1-12,11,5,1|2
3511-5/01,A SER DEFINIDO PELA CNLU,08.01.01,nR4-01,1|11,1,1|4
3511-5/01,A SER DEFINIDO PELA CNLU,08.01.02,nR4-01,1|11,1,1|4
3511-5/01,A SER DEFINIDO PELA CNLU,08.01.03,nR4-01,1|11,1,1|4
3511-5/01,A SER DEFINIDO PELA CNLU,08.01.04,nR4-01,1|11,1,1|4
3511-5/01,A SER DEFINIDO PELA CNLU,08.01.05,nR4-01,1|11,1,1|4
3511-5/01,A SER DEFINIDO PELA CNLU,08.01.06,nR4-01,1|11,1,1|4
3511-5/01,A SER DEFINIDO PELA CNLU,08.01.07,nR4-01,1|11,1,1|4
3511-5/01,BAIXO RISCO,07.12.13,nR1-12,1|11,1,1
3511-5/02,BAIXO RISCO,07.12.13,nR1-12,11,10,1
3512-3/00,BAIXO RISCO,07.12.13,nR1-12,11,10,1
3513-1/00,BAIXO RISCO,07.12.13,nR1-12,11,10,1
3514-0/00,MÉDIO RISCO,07.11.01,nR2-11,31|32,54|55,1|4|10|32
3514-0/00,MÉDIO RISCO,08.01.11,nR4-01,31|32,54|55,1|4|10|32
3514-0/00,BAIXO RISCO,07.12.13,nR1-12,31|32,54|55,1
3520-4/01,ALTO,09.17.06,ID3-17,11,5,1|3|4|7|8|10|32
3520-4/01,BAIXO RISCO,07.12.13,nR1-12,11,5,1|30
3520-4/02,ALTO,09.17.10,ID3-17,11,49,1|3|4|7|8|10|32
3520-4/02,ALTO,07.12.13,nR1-12,11,49,1|30
3530-1/00,ALTO,09.10.07,ID3-10,11,49,1|3|4|7|8|10|32
3530-1/00,ALTO,07.12.13,nR1-12,11,49,1|30
3600-6/01,A SER DEFINIDO PELA CNLU,08.02.01,nR4-02,11,5,1|4|32
3600-6/01,BAIXO RISCO,07.12.13,nR1-12,11,5,1|30
3600-6/02,ALTO,07.08.02,nR1-08,11,49,1|32
3600-6/02,ALTO,07.12.13,nR1-12,11,49,1|30
3701-1/00,MÉDIO RISCO,07.11.01,nR2-11,1|11,1,1|4|32
3701-1/00,A SER DEFINIDO PELA CNLU,08.02.05,nR4-02,1|11,1,1|4|32
3701-1/00,BAIXO RISCO,07.12.13,nR1-12,1|11,1,1|30
3702-9/00,MÉDIO RISCO,08.02.05,nR4-02,11,23,1|4|32
3702-9/00,MÉDIO RISCO,07.12.13,nR1-12,11,23,1|30
3811-4/00,MÉDIO RISCO,07.08.02,nR1-08,11,23,1|4|7|32
3811-4/00,MÉDIO RISCO,07.12.13,nR1-12,11,23,1|30
3812-2/00,ALTO,07.08.02,nR1-08,11,49,1|4|7|32
3812-2/00,ALTO,07.12.13,nR1-12,11,49,1|30
3821-1/00,MÉDIO RISCO,08.03.05,nR4-03,11,23,1|4|32
3821-1/00,MÉDIO RISCO,07.12.13,nR1-12,11,23,1|30
3822-0/00,ALTO,08.03.05,nR4-03,11,49,1|4|32
3822-0/00,ALTO,07.12.13,nR1-12,11,49,1|30
3831-9/01,ALTO,09.13.08,ID3-13 (subgrupo 1),1|11,1,1|3|4|7|8|10
3831-9/01,MÉDIO RISCO,07.09.14,nR2-09,1|11,1,1|3|4|7|10
3831-9/01,BAIXO RISCO,07.12.13,nR1-12,1|11,1,1|30
3831-9/99,ALTO,09.13.08,ID3-13 (subgrupo 1),1|11,47,1|3|4|7|8|10
3831-9/99,ALTO,07.09.14,nR2-09,1|11,47,1|3|4|7|10
3831-9/99,ALTO,07.09.16,nR2-09,1|11,47,1|3|4|7|10
3831-9/99,ALTO,07.12.13,nR1-12,1|11,47,1|30
3832-7/00,ALTO,09.14.07,ID3-14 (subgrupo 1),1|11,47,1|3|4|7|8|10
3832-7/00,ALTO,07.09.17,nR1-09,1|11,47,1|3|4|10
3832-7/00,ALTO,07.12.13,nR1-12,1|11,47,1|30
3839-4/01,ALTO,09.19.05,ID3-19 (subgrupo 1),11,5,1|3|4|7|8|10
3839-4/01,BAIXO RISCO,07.12.13,nR1-12,11,5,1|30
3839-4/99,ALTO,09.14.07,ID3-14 (subgrupo 1),1|11,47,1|3|4|7|8|10
3839-4/99,ALTO,09.14.01,ID1-14,1|11,47,1|3|4|7|8|10
3839-4/99,ALTO,09.03.03,ID3-03 (subgrupo 2),1|11,47,1|3|4|7|8|10
3839-4/99,ALTO,07.09.08,nR2-09,1|11,47,1|3|4|7|10
3839-4/99,ALTO,07.12.13,nR1-12,1|11,47,1|30
3900-5/00,A SER DEFINIDO PELA CNLU,08.03.05,nR4-03,11,5,1|4|32
3900-5/00,BAIXO RISCO,07.12.13,nR1-12,11,5,1|30
4110-7/00,BAIXO RISCO,07.12.13,nR1-12,11,10,1
4120-4/00,BAIXO RISCO,07.12.13,nR1-12,11,10,1
4211-1/01,BAIXO RISCO,07.12.13,nR1-12,11,10,1
4211-1/02,BAIXO RISCO,07.12.13,nR1-12,11,10,1
4212-0/00,BAIXO RISCO,07.12.13,nR1-12,11,10,1
4213-8/00,BAIXO RISCO,07.12.13,nR1-12,11,10,1
4221-9/01,BAIXO RISCO,07.12.13,nR1-12,11,10,1
4221-9/02,BAIXO RISCO,07.12.13,nR1-12,11,10,1
4221-9/03,BAIXO RISCO,07.12.13,nR1-12,11,10,1
4221-9/04,BAIXO RISCO,07.12.13,nR1-12,11,10,1
4221-9/05,BAIXO RISCO,07.12.13,nR1-12,11,10,1
4222-7/01,BAIXO RISCO,07.12.13,nR1-12,11,10,1
4222-7/02,BAIXO RISCO,07.12.13,nR1-12,11,10,1
4223-5/00,BAIXO RISCO,07.12.13,nR1-12,11,10,1
4291-0/00,BAIXO RISCO,07.12.13,nR1-12,11,10,1
4292-8/01,MÉDIO RISCO,07.09.14,nR2-09,11,5,1|3|7
4292-8/01,BAIXO RISCO,07.12.13,nR1-12,11,5,1|2
4292-8/02,BAIXO RISCO,07.12.13,nR1-12,11,10,1
4299-5/01,BAIXO RISCO,07.12.13,nR1-12,11,10,1
4299-5/99,BAIXO RISCO,07.12.13,nR1-12,11,10,1
4311-8/01,BAIXO RISCO,07.12.13,nR1-12,11,10,1
4311-8/02,BAIXO RISCO,07.12.13,nR1-12,11,10,1
4312-6/00,BAIXO RISCO,07.12.13,nR1-12,11,10,1
4313-4/00,BAIXO RISCO,07.12.13,nR1-12,11,10,1
4319-3/00,BAIXO RISCO,07.12.13,nR1-12,11,10,1
4321-5/00,BAIXO RISCO,07.09.04,nR1-09,11,4,1
4321-5/00,BAIXO RISCO,07.12.13,nR1-12,11,4,1|2
4322-3/01,BAIXO RISCO,07.09.04,nR1-09,11,4,1
4322-3/01,BAIXO RISCO,07.12.13,nR1-12,11,4,1|2
4322-3/02,BAIXO RISCO,07.09.04,nR1-09,11,4,1
4322-3/02,BAIXO RISCO,07.12.13,nR1-12,11,4,1|2
4322-3/03,BAIXO RISCO,07.09.04,nR1-09,11,4,1
4322-3/03,BAIXO RISCO,07.12.13,nR1-12,11,4,1|2
4329-1/01,MÉDIO RISCO,07.09.17,nR1-09,11,5,1
4329-1/01,BAIXO RISCO,07.12.13,nR1-12,11,5,1|2
4329-1/02,BAIXO RISCO,07.12.13,nR1-12,11,10,1|2
4329-1/03,BAIXO RISCO,07.09.04,nR1-09,11,4,1
4329-1/03,BAIXO RISCO,07.12.13,nR1-12,11,4,1|2
4329-1/04,BAIXO RISCO,07.09.04,nR1-09,11,4,1
4329-1/04,BAIXO RISCO,07.12.13,nR1-12,11,4,1|2
4329-1/05,BAIXO RISCO,07.09.04,nR1-09,11,4,1
4329-1/05,BAIXO RISCO,07.12.13,nR1-12,11,4,1|2
4329-1/99,BAIXO RISCO,07.09.04,nR1-09,11,4,1
4329-1/99,BAIXO RISCO,07.12.13,nR1-12,11,4,1|2
4330-4/01,BAIXO RISCO,07.09.04,nR1-09,11,4,1
4330-4/01,BAIXO RISCO,07.12.13,nR1-12,11,4,1|2
4330-4/02,BAIXO RISCO,07.09.04,nR1-09,11,4,1
4330-4/02,BAIXO RISCO,07.12.13,nR1-12,11,4,1|2
4330-4/03,BAIXO RISCO,07.09.04,nR1-09,11,4,1
4330-4/03,BAIXO RISCO,07.12.13,nR1-12,11,4,1|2
4330-4/04,BAIXO RISCO,07.09.04,nR1-09,11,4,1
4330-4/04,BAIXO RISCO,07.12.13,nR1-12,11,4,1|2
4330-4/05,BAIXO RISCO,07.09.04,nR1-09,11,4,1
4330-4/05,BAIXO RISCO,07.12.13,nR1-12,11,4,1|2
4330-4/99,BAIXO RISCO,07.09.04,nR1-09,11,4,1
4330-4/99,BAIXO RISCO,07.12.13,nR1-12,11,4,1|2
4391-6/00,BAIXO RISCO,07.12.13,nR1-12,11,10,1|2
4399-1/01,BAIXO RISCO,07.12.13,nR1-12,11,10,1|2
4399-1/02,BAIXO RISCO,07.12.13,nR1-12,11,10,1|2
4399-1/03,BAIXO RISCO,07.12.13,nR1-12,11,10,1|2
4399-1/04,MÉDIO RISCO,07.08.08,nR1-08,11,5,1|7|8|10
4399-1/04,BAIXO RISCO,07.12.13,nR1-12,11,5,1|2
4399-1/05,BAIXO RISCO,07.12.13,nR1-12,11,10,1|2
4399-1/99,BAIXO RISCO,07.12.13,nR1-12,11,10,1|2
4511-1/01,MÉDIO RISCO,07.04.13,nR2-04,11,1,1|7|10
4511-1/01,MÉDIO RISCO,07.04.09,nR2-04,11,1,1|7|10
4511-1/01,BAIXO RISCO,07.12.13,nR1-12,11,1,1|2
4511-1/02,MÉDIO RISCO,07.04.13,nR2-04,11,1,1|7|10
4511-1/02,MÉDIO RISCO,07.04.09,nR2-04,11,1,1|7|10
4511-1/02,BAIXO RISCO,07.12.13,nR1-12,11,1,1|2
4511-1/03,MÉDIO RISCO,07.04.13,nR2-04,11,5,1|7|10
4511-1/03,BAIXO RISCO,07.12.13,nR1-12,11,5,1|2
4511-1/04,MÉDIO RISCO,07.04.13,nR2-04,11,5,1|7|10
4511-1/04,BAIXO RISCO,07.12.13,nR1-12,11,5,1|2
4511-1/05,MÉDIO RISCO,07.04.13,nR2-04,11,5,1|7|10
4511-1/05,BAIXO RISCO,07.12.13,nR1-12,11,5,1|2
4511-1/06,MÉDIO RISCO,07.04.13,nR2-04,11,5,1|7|10
4511-1/06,BAIXO RISCO,07.12.13,nR1-12,11,5,1|2
4512-9/01,BAIXO RISCO,07.12.04,nR1-12,11,4,1
4512-9/01,BAIXO RISCO,07.12.13,nR1-12,11,4,1|2
4512-9/02,MÉDIO RISCO,07.04.13,nR2-04,11,5,1|7|10
4512-9/02,BAIXO RISCO,07.12.13,nR1-12,11,5,1|2
4520-0/01,MÉDIO RISCO,07.09.10,nR2-09,11,21,1|4
4520-0/01,MÉDIO RISCO,07.12.13,nR1-12,11,21,1|2
4520-0/02,MÉDIO RISCO,07.09.10,nR2-09,11,21,1|3|4
4520-0/02,MÉDIO RISCO,07.12.13,nR1-12,11,21,1|2
4520-0/03,MÉDIO RISCO,07.09.10,nR2-09,11,21,1|3|4
4520-0/03,MÉDIO RISCO,07.12.13,nR1-12,11,21,1|2
4520-0/04,MÉDIO RISCO,07.09.10,nR2-09,11,21,1|3|4
4520-0/04,MÉDIO RISCO,07.12.13,nR1-12,11,21,1|2
4520-0/05,ALTO,07.09.10,nR2-09,11,46,1|3|4
4520-0/05,ALTO,07.12.13,nR1-12,11,46,1|2
4520-0/06,MÉDIO RISCO,07.09.10,nR2-09,11,21,1|3|4
4520-0/06,MÉDIO RISCO,07.12.13,nR1-12,11,21,1|2
4520-0/07,MÉDIO RISCO,07.09.10,nR2-09,11,21,1|3|4
4520-0/07,MÉDIO RISCO,07.12.13,nR1-12,11,21,1|2
4520-0/08,MÉDIO RISCO,07.09.10,nR2-09,11,21,1|3|4
4520-0/08,MÉDIO RISCO,07.12.13,nR1-12,11,21,1|2
4530-7/01,MÉDIO RISCO,07.04.13,nR2-04,11,1,1|7|10
4530-7/01,MÉDIO RISCO,07.04.09,nR2-04,11,1,1|7|10
4530-7/01,BAIXO RISCO,07.12.13,nR1-12,11,1,1|2
4530-7/02,MÉDIO RISCO,07.04.11,nR2-04,11,5,1|7|10
4530-7/02,BAIXO RISCO,07.12.13,nR1-12,11,5,1|2
4530-7/03,MÉDIO RISCO,07.04.09,nR2-04,11,1,1|7|10
4530-7/03,MÉDIO RISCO,07.04.13,nR2-04,11,1,1|7|10
4530-7/03,BAIXO RISCO,07.12.13,nR1-12,11,1,1|2
4530-7/04,MÉDIO RISCO,07.04.09,nR2-04,11,1,1|7|10
4530-7/04,MÉDIO RISCO,07.04.13,nR2-04,11,1,1|7|10
4530-7/04,BAIXO RISCO,07.12.13,nR1-12,11,1,1|2
4530-7/05,MÉDIO RISCO,07.04.11,nR2-04,11,5,1|7|10
4530-7/05,BAIXO RISCO,07.12.13,nR1-12,11,5,1|2
4530-7/06,BAIXO RISCO,07.12.04,nR1-12,11,4,1
4530-7/06,BAIXO RISCO,07.12.13,nR1-12,11,4,1|2
4541-2/01,MÉDIO RISCO,07.04.10,nR2-04,11,5,1|7|10
4541-2/01,BAIXO RISCO,07.12.13,nR1-12,11,5,1|2
4541-2/02,MÉDIO RISCO,07.04.10,nR2-04,11,5,1|7|10
4541-2/02,BAIXO RISCO,07.12.13,nR1-12,11,5,1|2
4541-2/03,MÉDIO RISCO,07.04.10,nR2-04,11,5,1|7|10
4541-2/03,BAIXO RISCO,07.12.13,nR1-12,11,5,1|2
4541-2/04,MÉDIO RISCO,07.04.10,nR2-04,11,5,1|7|10
4541-2/04,BAIXO RISCO,07.12.13,nR1-12,11,5,1|2
4541-2/06,MÉDIO RISCO,07.04.10,nR2-04,11,5,1|7|10
4541-2/06,BAIXO RISCO,07.12.13,nR1-12,11,5,1|2
4541-2/07,MÉDIO RISCO,07.04.10,nR2-04,11,5,1|7|10
4541-2/07,BAIXO RISCO,07.12.13,nR1-12,11,5,1|2
4542-1/01,BAIXO RISCO,07.12.04,nR1-12,11,4,1
4542-1/01,BAIXO RISCO,07.12.13,nR1-12,11,4,1|2
4542-1/02,MÉDIO RISCO,07.04.10,nR2-04,11,5,1|7|10
4542-1/02,BAIXO RISCO,07.12.13,nR1-12,11,5,1|2
4543-9/00,ALTO,07.09.10,nR2-09,11,46,1|4
4543-9/00,ALTO,07.12.13,nR1-12,11,46,1|2
4611-7/00,BAIXO RISCO,07.12.04,nR1-12,11,4,1
4611-7/00,BAIXO RISCO,07.12.13,nR1-12,11,4,1|2
4612-5/00,BAIXO RISCO,07.12.04,nR1-12,11,4,1
4612-5/00,BAIXO RISCO,07.12.13,nR1-12,11,4,1|2
4613-3/00,BAIXO RISCO,07.12.04,nR1-12,11,4,1
4613-3/00,BAIXO RISCO,07.12.13,nR1-12,11,4,1|2
4614-1/00,BAIXO RISCO,07.12.04,nR1-12,11,4,1
4614-1/00,BAIXO RISCO,07.12.13,nR1-12,11,4,1|2
4615-0/00,BAIXO RISCO,07.12.04,nR1-12,11,4,1
4615-0/00,BAIXO RISCO,07.12.13,nR1-12,11,4,1|2
4616-8/00,BAIXO RISCO,07.12.04,nR1-12,11,4,1
4616-8/00,BAIXO RISCO,07.12.13,nR1-12,11,4,1|2
4617-6/00,BAIXO RISCO,07.12.04,nR1-12,11,4,1
4617-6/00,BAIXO RISCO,07.12.13,nR1-12,11,4,1|2
4618-4/01,BAIXO RISCO,07.12.04,nR1-12,11,4,1
4618-4/01,BAIXO RISCO,07.12.13,nR1-12,11,4,1|2
4618-4/02,BAIXO RISCO,07.12.04,nR1-12,11,4,1
4618-4/02,BAIXO RISCO,07.12.13,nR1-12,11,4,1|2
4618-4/03,BAIXO RISCO,07.12.04,nR1-12,11,4,1
4618-4/03,BAIXO RISCO,07.12.13,nR1-12,11,4,1|2
4618-4/99,BAIXO RISCO,07.12.04,nR1-12,11,4,1
4618-4/99,BAIXO RISCO,07.12.13,nR1-12,11,4,1|2
4619-2/00,BAIXO RISCO,07.12.04,nR1-12,11,4,1
4619-2/00,BAIXO RISCO,07.12.13,nR1-12,11,4,1|2
4621-4/00,MÉDIO RISCO,07.01.07,nR1-01,11,23,1|6|7|10
4621-4/00,MÉDIO RISCO,07.12.13,nR1-12,11,23,1|2
4622-2/00,MÉDIO RISCO,07.01.07,nR1-01,11,23,1|6|7|10
4622-2/00,MÉDIO RISCO,07.12.13,nR1-12,11,23,1|2
4623-1/01,MÉDIO RISCO,07.04.17,nR2-04,11,23,1|6|7|10
4623-1/01,MÉDIO RISCO,07.12.13,nR1-12,11,23,1|2
4623-1/02,MÉDIO RISCO,07.04.17,nR2-04,11,5,1|7|10
4623-1/02,BAIXO RISCO,07.12.13,nR1-12,11,5,1|2
4623-1/03,MÉDIO RISCO,07.04.17,nR2-04,11,5,1|7|10
4623-1/03,BAIXO RISCO,07.12.13,nR1-12,11,5,1|2
4623-1/04,MÉDIO RISCO,07.04.17,nR2-04,11,5,1|7|10
4623-1/04,BAIXO RISCO,07.12.13,nR1-12,11,5,1|2
4623-1/05,MÉDIO RISCO,07.01.07,nR1-01,11,23,1|6|7|10
4623-1/05,MÉDIO RISCO,07.12.13,nR1-12,11,23,1|2
4623-1/06,MÉDIO RISCO,07.03.01,nR1-03,11,5,1|10
4623-1/06,BAIXO RISCO,07.12.13,nR1-12,11,5,1|2
4623-1/07,MÉDIO RISCO,07.01.07,nR1-01,11,5,1|6|7|10
4623-1/07,BAIXO RISCO,07.12.13,nR1-12,11,5,1|2
4623-1/08,MÉDIO RISCO,07.01.07,nR1-01,11,5,1|6|7|10
4623-1/08,BAIXO RISCO,07.12.13,nR1-12,11,5,1|2
4623-1/09,MÉDIO RISCO,07.01.07,nR1-01,11,5,1|6|7|10
4623-1/09,BAIXO RISCO,07.12.13,nR1-12,11,5,1|2
4623-1/99,MÉDIO RISCO,07.01.07,nR1-01,11,5,1|6|7|10
4623-1/99,BAIXO RISCO,07.12.13,nR1-12,11,5,1|2
4631-1/00,MÉDIO RISCO,07.01.07,nR1-01,11,23,1|6|7|10
4631-1/00,MÉDIO RISCO,07.12.13,nR1-12,11,23,1|2|6
4632-0/01,MÉDIO RISCO,07.01.07,nR1-01,11,23,1|6|7|10
4632-0/01,MÉDIO RISCO,07.12.13,nR1-12,11,23,1|2|6
4632-0/02,MÉDIO RISCO,07.01.07,nR1-01,11,23,1|6|7|10
4632-0/02,MÉDIO RISCO,07.12.13,nR1-12,11,23,1|2|6
4632-0/03,MÉDIO RISCO,07.01.07,nR1-01,11,23,1|6|7|10
4632-0/03,MÉDIO RISCO,07.12.13,nR1-12,11,23,1|2|6
4633-8/01,MÉDIO RISCO,07.01.07,nR1-01,11,23,1|6|7|10
4633-8/01,MÉDIO RISCO,07.12.13,nR1-12,11,23,1|2|6
4633-8/02,MÉDIO RISCO,07.01.07,nR1-01,11,23,1|5|6|7|10
4633-8/02,MÉDIO RISCO,07.12.13,nR1-12,11,23,1|2|6
4633-8/03,MÉDIO RISCO,07.01.01,nR1-01,11,23,1|3|5|6|7|10
4633-8/03,MÉDIO RISCO,07.12.13,nR1-12,11,23,1|2|6
4634-6/01,MÉDIO RISCO,07.01.01,nR1-01,11,23,1|5|6|7|10
4634-6/01,MÉDIO RISCO,07.12.13,nR1-12,11,23,1|2
4634-6/02,MÉDIO RISCO,07.01.01,nR1-01,11,23,1|5|6|7|10
4634-6/02,MÉDIO RISCO,07.12.13,nR1-12,11,23,1|2
4634-6/03,MÉDIO RISCO,07.01.01,nR1-01,11,23,1|5|6|7|10
4634-6/03,MÉDIO RISCO,07.12.13,nR1-12,11,23,1|2
4634-6/99,MÉDIO RISCO,07.01.01,nR1-01,11,23,1|6|7|10
4634-6/99,MÉDIO RISCO,07.12.13,nR1-12,11,23,1|2
4635-4/01,MÉDIO RISCO,07.01.04,nR1-01,11,5,1|6|7|10
4635-4/01,BAIXO RISCO,07.12.13,nR1-12,11,5,1|2
4635-4/02,MÉDIO RISCO,07.01.04,nR1-01,11,5,1|6|7|10
4635-4/02,BAIXO RISCO,07.12.13,nR1-12,11,5,1|2
4635-4/03,MÉDIO RISCO,07.01.04,nR1-01,11,23,1|6|7|10
4635-4/03,MÉDIO RISCO,07.12.13,nR1-12,11,23,1|2
4635-4/99,MÉDIO RISCO,07.01.04,nR1-01,11,23,1|6|7|10
4635-4/99,MÉDIO RISCO,07.12.13,nR1-12,11,23,1|2
4636-2/01,MÉDIO RISCO,07.03.07,nR1-03,11,5,1|6|10
4636-2/01,BAIXO RISCO,07.12.13,nR1-12,11,5,1|2
4636-2/02,MÉDIO RISCO,07.03.07,nR1-03,11,5,1|6|10
4636-2/02,BAIXO RISCO,07.12.13,nR1-12,11,5,1|2
4637-1/01,MÉDIO RISCO,07.01.07,nR1-01,11,23,1|6|7|10
4637-1/01,MÉDIO RISCO,07.12.13,nR1-12,11,23,1|2
4637-1/02,MÉDIO RISCO,07.01.07,nR1-01,11,23,1|6|7|10
4637-1/02,MÉDIO RISCO,07.12.13,nR1-12,11,23,1|2
4637-1/03,MÉDIO RISCO,07.01.07,nR1-01,11,23,1|6|7|10
4637-1/03,MÉDIO RISCO,07.12.13,nR1-12,11,23,1|2
4637-1/04,MÉDIO RISCO,07.01.07,nR1-01,11,23,1|6|7|10
4637-1/04,MÉDIO RISCO,07.12.13,nR1-12,11,23,1|2
4637-1/05,MÉDIO RISCO,07.01.07,nR1-01,11,23,1|6|7|10
4637-1/05,MÉDIO RISCO,07.12.13,nR1-12,11,23,1|2
4637-1/06,MÉDIO RISCO,07.01.07,nR1-01,11,23,1|6|7|10
4637-1/06,MÉDIO RISCO,07.12.13,nR1-12,11,23,1|2
4637-1/07,MÉDIO RISCO,07.01.07,nR1-01,11,5,1|6|7|10
4637-1/07,BAIXO RISCO,07.12.13,nR1-12,11,5,1|2
4637-1/99,MÉDIO RISCO,07.01.07,nR1-01,11,23,1|6|7|10
4637-1/99,MÉDIO RISCO,07.12.13,nR1-12,11,23,1|2|6
4639-7/01,MÉDIO RISCO,07.01.07,nR1-01,11,23,1|6|7|10
4639-7/01,MÉDIO RISCO,07.12.13,nR1-12,11,23,1|2|6
4639-7/02,ALTO,07.01.07,nR1-01,11,49,1|6|7|10
4639-7/02,ALTO,07.12.13,nR1-12,11,49,1|2|6
4641-9/01,MÉDIO RISCO,07.03.03,nR1-03,11,5,1|10
4641-9/01,BAIXO RISCO,07.12.13,nR1-12,11,5,1|2
4641-9/02,MÉDIO RISCO,07.03.03,nR1-03,11,5,1|10
4641-9/02,BAIXO RISCO,07.12.13,nR1-12,11,5,1|2
4641-9/03,MÉDIO RISCO,07.03.01,nR1-03,11,5,1|10
4641-9/03,BAIXO RISCO,07.12.13,nR1-12,11,5,1|2
4642-7/01,MÉDIO RISCO,07.03.03,nR1-03,11,5,1|10
4642-7/01,BAIXO RISCO,07.12.13,nR1-12,11,5,1|2
4642-7/02,MÉDIO RISCO,07.03.03,nR1-03,11,5,1|10
4642-7/02,BAIXO RISCO,07.12.13,nR1-12,11,5,1|2
4643-5/01,MÉDIO RISCO,07.03.03,nR1-03,11,5,1|10
4643-5/01,BAIXO RISCO,07.12.13,nR1-12,11,5,1|2
4643-5/02,MÉDIO RISCO,07.03.03,nR1-03,11,5,1|10
4643-5/02,BAIXO RISCO,07.12.13,nR1-12,11,5,1|2
4644-3/01,ALTO,07.03.09,nR1-03,11,49,1|6|7|10
4644-3/01,ALTO,07.12.13,nR1-12,11,49,1|2
4644-3/02,MÉDIO RISCO,07.04.06,nR2-04,11,5,1|6|7|10
4644-3/02,BAIXO RISCO,07.12.13,nR1-12,11,5,1|2|6
4645-1/01,ALTO,07.04.02,nR2-04,11,49,1|6|7|10
4645-1/01,ALTO,07.12.13,nR1-12,11,49,1|2
4645-1/02,ALTO,07.04.17,nR2-04,11,49,1|6|7|10
4645-1/02,ALTO,07.12.13,nR1-12,11,49,1|2
4645-1/03,ALTO,07.04.02,nR2-04,11,49,1|6|7|10
4645-1/03,ALTO,07.12.13,nR1-12,11,49,1|2
4646-0/01,ALTO,07.03.09,nR1-03,11,49,1|6|10
4646-0/01,ALTO,07.12.13,nR1-12,11,49,1|2
4646-0/02,ALTO,07.03.09,nR1-03,11,49,1|6|10
4646-0/02,ALTO,07.12.13,nR1-12,11,49,1|2
4647-8/01,MÉDIO RISCO,07.03.02,nR1-03,11,5,1|10
4647-8/01,BAIXO RISCO,07.12.13,nR1-12,11,5,1|2
4647-8/02,MÉDIO RISCO,07.03.02,nR1-03,11,5,1|10
4647-8/02,BAIXO RISCO,07.12.13,nR1-12,11,5,1|2
4649-4/01,MÉDIO RISCO,07.03.08,nR1-03,11,5,1|7|10
4649-4/01,BAIXO RISCO,07.12.13,nR1-12,11,5,1|2
4649-4/02,MÉDIO RISCO,07.03.08,nR1-03,11,5,1|7|10
4649-4/02,BAIXO RISCO,07.12.13,nR1-12,11,5,1|2
4649-4/03,MÉDIO RISCO,07.04.10,nR2-04,11,5,1|7|10
4649-4/03,BAIXO RISCO,07.12.13,nR1-12,11,5,1|2
4649-4/04,MÉDIO RISCO,07.03.05,nR1-03,11,5,1|7|10
4649-4/04,BAIXO RISCO,07.12.13,nR1-12,11,5,1|2
4649-4/05,MÉDIO RISCO,07.03.05,nR1-03,11,5,1|10
4649-4/05,BAIXO RISCO,07.12.13,nR1-12,11,5,1|2
4649-4/06,MÉDIO RISCO,07.03.05,nR1-03,11,5,1|10
4649-4/06,BAIXO RISCO,07.12.13,nR1-12,11,5,1|2
4649-4/07,MÉDIO RISCO,07.03.07,nR1-03,11,5,1|3|10
4649-4/07,BAIXO RISCO,07.12.13,nR1-12,11,5,1|2
4649-4/08,ALTO,07.03.04,nR1-03,11,49,1|6|10|21
4649-4/08,ALTO,07.12.13,nR1-12,11,49,1|2
4649-4/09,ALTO,07.03.04,nR1-03,11,49,1|6|10|21
4649-4/09,ALTO,07.12.13,nR1-12,11,49,1|2
4649-4/10,MÉDIO RISCO,07.03.06,nR1-03,11,5,1|10
4649-4/10,BAIXO RISCO,07.12.13,nR1-12,11,5,1|2
4649-4/99,MÉDIO RISCO,07.03.11,nR1-03,11,23,1|10
4649-4/99,MÉDIO RISCO,07.12.13,nR1-12,11,23,1|2
4651-6/01,MÉDIO RISCO,07.03.02,nR1-03,11,5,1|10
4651-6/01,BAIXO RISCO,07.12.13,nR1-12,11,5,1|2
4651-6/02,MÉDIO RISCO,07.03.02,nR1-03,11,5,1|10
4651-6/02,BAIXO RISCO,07.12.13,nR1-12,11,5,1|2
4652-4/00,MÉDIO RISCO,07.03.11,nR1-03,11,5,1|10
4652-4/00,BAIXO RISCO,07.12.13,nR1-12,11,5,1|2
4661-3/00,MÉDIO RISCO,07.04.08,nR2-04,11,23,1|7|10
4661-3/00,MÉDIO RISCO,07.12.13,nR1-12,11,23,1|2
4662-1/00,MÉDIO RISCO,07.04.08,nR2-04,11,23,1|7|10
4662-1/00,MÉDIO RISCO,07.12.13,nR1-12,11,23,1|2
4663-0/00,MÉDIO RISCO,07.04.08,nR2-04,11,23,1|7|10
4663-0/00,MÉDIO RISCO,07.12.13,nR1-12,11,23,1|2
4664-8/00,MÉDIO RISCO,07.04.02,nR2-04,11,23,1|7|10
4664-8/00,MÉDIO RISCO,07.12.13,nR1-12,11,23,1|2
4665-6/00,MÉDIO RISCO,07.04.08,nR2-04,11,23,1|7|10
4665-6/00,MÉDIO RISCO,07.12.13,nR1-12,11,23,1|2
4669-9/01,MÉDIO RISCO,07.04.08,nR2-04,11,23,1|7|10
4669-9/01,MÉDIO RISCO,07.12.13,nR1-12,11,23,1|2
4669-9/99,MÉDIO RISCO,07.04.08,nR2-04,11,23,1|7|10
4669-9/99,MÉDIO RISCO,07.12.13,nR1-12,11,23,1|2
4671-1/00,MÉDIO RISCO,07.04.05,nR2-04,11,23,1|7|8|10
4671-1/00,MÉDIO RISCO,07.12.13,nR1-12,11,23,1|2
4672-9/00,MÉDIO RISCO,07.04.05,nR2-04,11,23,1|7|8|10
4672-9/00,MÉDIO RISCO,07.12.13,nR1-12,11,23,1|2
4673-7/00,MÉDIO RISCO,07.04.05,nR2-04,11,23,1|7|8|10
4673-7/00,MÉDIO RISCO,07.12.13,nR1-12,11,23,1|2
4674-5/00,MÉDIO RISCO,07.04.05,nR2-04,11,23,1|7|8|10
4674-5/00,MÉDIO RISCO,07.12.13,nR1-12,11,23,1|2
4679-6/01,MÉDIO RISCO,07.04.05,nR2-04,11,23,1|7|8|10
4679-6/01,MÉDIO RISCO,07.12.13,nR1-12,11,23,1|2
4679-6/02,MÉDIO RISCO,07.04.17,nR2-04,11,23,1|7|8|10
4679-6/02,MÉDIO RISCO,07.12.13,nR1-12,11,23,1|2
4679-6/03,MÉDIO RISCO,07.03.05,nR1-03,11,22,1|10
4679-6/03,MÉDIO RISCO,07.09.08,nR2-09,11,22,1|3|7|10
4679-6/03,MÉDIO RISCO,07.12.13,nR1-12,11,22,1|2
4679-6/04,MÉDIO RISCO,07.04.05,nR2-04,11,23,1|7|8|10
4679-6/04,MÉDIO RISCO,07.12.13,nR1-12,11,23,1|2
4679-6/99,MÉDIO RISCO,07.04.05,nR2-04,11,5,1|7|8|10
4679-6/99,BAIXO RISCO,07.12.13,nR1-12,11,5,1|2
4681-8/01,ALTO,07.04.12,nR2-04,11,46,1|4|7|10
4681-8/01,ALTO,07.12.13,nR1-12,11,46,1|2
4681-8/02,ALTO,07.04.12,nR2-04,11,46,1|4|7|10
4681-8/02,ALTO,07.12.13,nR1-12,11,46,1|2
4681-8/03,ALTO,07.04.12,nR2-04,11,46,1|4|7|10
4681-8/03,ALTO,07.12.13,nR1-12,11,46,1|2
4681-8/04,ALTO,07.04.12,nR2-04,11,46,1|4|7|10
4681-8/04,ALTO,07.12.13,nR1-12,11,46,1|2
4681-8/05,ALTO,07.04.12,nR2-04,11,46,1|4|7|10
4681-8/05,ALTO,07.12.13,nR1-12,11,46,1|2
4682-6/00,ALTO,07.04.16,nR1-04,25|26|27|28|29,53,1|10
4682-6/00,ALTO,07.12.13,nR1-12,25|26|27|28|29,53,1|2
4683-4/00,MÉDIO RISCO,07.04.14,nR2-04,11,23,1|4|7|10
4683-4/00,MÉDIO RISCO,07.12.13,nR1-12,11,23,1|2
4684-2/01,ALTO,07.04.14,nR2-04,11,46,1|6|7|10
4684-2/01,ALTO,07.12.13,nR1-12,11,46,1|2
4684-2/02,ALTO,07.04.14,nR2-04,11,46,1|6|7|10
4684-2/02,ALTO,07.12.13,nR1-12,11,46,1|2
4684-2/99,ALTO,07.04.14,nR2-04,11,46,1|6|7|10
4684-2/99,ALTO,07.12.13,nR1-12,11,46,1|2
4685-1/00,MÉDIO RISCO,07.04.05,nR2-04,11,23,1|7|10
4685-1/00,MÉDIO RISCO,07.12.13,nR1-12,11,23,1|2
4686-9/01,MÉDIO RISCO,07.04.17,nR2-04,11,5,1|7|10
4686-9/01,BAIXO RISCO,07.12.13,nR1-12,11,5,1|2
4686-9/02,MÉDIO RISCO,07.04.17,nR2-04,11,5,1|7|10
4686-9/02,BAIXO RISCO,07.12.13,nR1-12,11,5,1|2
4687-7/01,MÉDIO RISCO,07.04.15,nR2-04,11,5,1|7|10
4687-7/01,BAIXO RISCO,07.12.13,nR1-12,11,5,1|2
4687-7/02,MÉDIO RISCO,07.04.15,nR2-04,11,5,1|7|10
4687-7/02,BAIXO RISCO,07.12.13,nR1-12,11,5,1|2
4687-7/03,MÉDIO RISCO,07.04.15,nR2-04,11,5,1|7|10
4687-7/03,BAIXO RISCO,07.12.13,nR1-12,11,5,1|2
4689-3/01,MÉDIO RISCO,07.03.06,nR1-03,11,5,1|10
4689-3/01,BAIXO RISCO,07.12.13,nR1-12,11,5,1|2
4689-3/02,MÉDIO RISCO,07.03.03,nR1-03,11,5,1|10
4689-3/02,BAIXO RISCO,07.12.13,nR1-12,11,5,1|2
4689-3/99,MÉDIO RISCO,07.03.11,nR1-03,11,23,1|10
4689-3/99,MÉDIO RISCO,07.12.13,nR1-12,11,23,1|2
4691-5/00,MÉDIO RISCO,07.01.07,nR1-01,11,5,1|6|7|10
4691-5/00,BAIXO RISCO,07.12.13,nR1-12,11,5,1|2
4692-3/00,MÉDIO RISCO,07.04.06,nR2-04,11,5,1|7|10
4692-3/00,BAIXO RISCO,07.12.13,nR1-12,11,5,1|2
4693-1/00,MÉDIO RISCO,07.03.11,nR1-03,11,5,1|6|10
4693-1/00,BAIXO RISCO,07.12.13,nR1-12,11,5,1|2
4711-3/01,MÉDIO RISCO,07.01.06,nR2-01,11,23,1|3|6|7|10
4711-3/01,MÉDIO RISCO,07.12.13,nR1-12,11,23,1|2
4711-3/02,MÉDIO RISCO,07.01.06,nR2-01,11,23,1|3|6|7|10
4711-3/02,MÉDIO RISCO,07.12.13,nR1-12,11,23,1|2
4712-1/00,BAIXO RISCO,07.01.05,nR1-01,11,4,1|3|6|7|10
4712-1/00,BAIXO RISCO,07.12.13,nR1-12,11,4,1|2
4713-0/02,BAIXO RISCO,07.03.01,nR1-03,11,4,1|10|18
4713-0/02,BAIXO RISCO,07.12.13,nR1-12,11,4,1|2
4713-0/04,MÉDIO RISCO,07.03.10,nR1-03,11,8,1|7|10
4713-0/04,BAIXO RISCO,07.12.13,nR1-12,11,8,1|2
4713-0/05,MÉDIO RISCO,07.03.10,nR1-03,11,8,1|7|10
4713-0/05,BAIXO RISCO,07.12.13,nR1-12,11,8,1|2
4721-1/02,BAIXO RISCO,07.01.05,nR1-01,11,4,1|3|6|7|10
4721-1/02,BAIXO RISCO,07.12.13,nR1-12,11,4,1|2
4721-1/03,MÉDIO RISCO,07.01.05,nR1-01,11,20,1|3|6|7|10
4721-1/03,MÉDIO RISCO,07.12.13,nR1-12,11,20,1|2
4721-1/04,BAIXO RISCO,07.01.05,nR1-01,11,4,1|3|6|7|10
4721-1/04,BAIXO RISCO,07.12.13,nR1-12,11,4,1|2
4722-9/01,BAIXO RISCO,07.01.01,nR1-01,11,4,1|3|5|6|7|10
4722-9/01,BAIXO RISCO,07.12.13,nR1-12,11,4,1|2
4722-9/02,MÉDIO RISCO,07.01.01,nR1-01,11,20,1|3|5|6|7|10
4722-9/02,MÉDIO RISCO,07.12.13,nR1-12,11,20,1|2
4723-7/00,BAIXO RISCO,07.01.04,nR1-01,11,4,1|3|6|7|10|19
4723-7/00,BAIXO RISCO,07.12.13,nR1-12,11,4,1|2
4724-5/00,MÉDIO RISCO,07.01.05,nR1-01,11,20,1|3|6|7|10
4724-5/00,MÉDIO RISCO,07.12.13,nR1-12,11,20,1|2
4729-6/01,MÉDIO RISCO,07.03.07,nR1-03,11,20,1|6|10
4729-6/01,MÉDIO RISCO,07.12.13,nR1-12,11,20,1|2
4729-6/02,BAIXO RISCO,07.01.05,nR1-01,11,4,1|3|6|7|10
4729-6/02,BAIXO RISCO,07.12.13,nR1-12,11,4,1|2
4729-6/99,BAIXO RISCO,07.01.05,nR1-01,11,4,1|3|6|7|10
4729-6/99,BAIXO RISCO,07.12.13,nR1-12,11,4,1|2
4731-8/00,ALTO,07.04.12,nR2-04,11,46,1|4|7|10
4731-8/00,ALTO,07.12.13,nR1-12,11,46,1|2
4732-6/00,ALTO,07.04.12,nR2-04,11,46,1|7|10
4732-6/00,ALTO,07.12.13,nR1-12,11,46,1|2
4741-5/00,MÉDIO RISCO,07.04.05,nR2-04,11,5,1|7|8
4741-5/00,BAIXO RISCO,07.12.13,nR1-12,11,5,1|2
4742-3/00,MÉDIO RISCO,07.04.05,nR2-04,11,5,1|7|8
4742-3/00,BAIXO RISCO,07.12.13,nR1-12,11,5,1|2
4743-1/00,MÉDIO RISCO,07.09.08,nR2-09,11,1,1|3|7|10
4743-1/00,MÉDIO RISCO,07.03.05,nR1-03,11,1,1|10
4743-1/00,BAIXO RISCO,07.12.13,nR1-12,11,1,1|2
4744-0/01,MÉDIO RISCO,07.04.05,nR2-04,11,5,1|7|8
4744-0/01,BAIXO RISCO,07.12.13,nR1-12,11,5,1|2
4744-0/02,MÉDIO RISCO,07.04.05,nR2-04,11,5,1|7|8
4744-0/02,BAIXO RISCO,07.12.13,nR1-12,11,5,1|2
4744-0/03,MÉDIO RISCO,07.04.05,nR2-04,11,5,1|7|8
4744-0/03,BAIXO RISCO,07.12.13,nR1-12,11,5,1|2
4744-0/04,MÉDIO RISCO,07.04.05,nR2-04,11,5,1|7|8|14
4744-0/04,BAIXO RISCO,07.12.13,nR1-12,11,5,1|2
4744-0/05,MÉDIO RISCO,07.04.05,nR2-04,11,5,1|7|8|14
4744-0/05,BAIXO RISCO,07.12.13,nR1-12,11,5,1|2
4744-0/06,MÉDIO RISCO,07.04.05,nR2-04,11,5,1|7|8
4744-0/06,BAIXO RISCO,07.12.13,nR1-12,11,5,1|2
4744-0/99,MÉDIO RISCO,07.04.05,nR2-04,11,5,1|7|8|14
4744-0/99,BAIXO RISCO,07.12.13,nR1-12,11,5,1|2
4751-2/01,BAIXO RISCO,07.03.02,nR1-03,11,4,1|18
4751-2/01,BAIXO RISCO,07.12.13,nR1-12,11,4,1|2
4751-2/02,BAIXO RISCO,07.09.07,nR1-09,11,4,1
4751-2/02,BAIXO RISCO,07.12.13,nR1-12,11,4,1|2
4752-1/00,BAIXO RISCO,07.03.11,nR1-03,11,4,1
4752-1/00,BAIXO RISCO,07.12.13,nR1-12,11,4,1|2
4753-9/00,BAIXO RISCO,07.03.08,nR1-03,11,4,1|7|10
4753-9/00,BAIXO RISCO,07.12.13,nR1-12,11,4,1|2
4754-7/01,MÉDIO RISCO,07.03.05,nR1-03,11,8,1|7|10
4754-7/01,BAIXO RISCO,07.12.13,nR1-12,11,8,1|2
4754-7/02,MÉDIO RISCO,07.03.11,nR1-03,17|18,13|14,1|10|18
4754-7/02,MÉDIO RISCO,07.08.02,nR1-08,17|18,13|14,1|7|10
4754-7/02,BAIXO RISCO,07.12.13,nR1-12,17|18,13|14,1|2
4754-7/03,BAIXO RISCO,07.03.05,nR1-03,11,4,1
4754-7/03,BAIXO RISCO,07.12.13,nR1-12,11,4,1|2
4755-5/01,BAIXO RISCO,07.03.03,nR1-03,11,4,1
4755-5/01,BAIXO RISCO,07.12.13,nR1-12,11,4,1|2
4755-5/02,BAIXO RISCO,07.03.01,nR1-03,11,4,1|18
4755-5/02,BAIXO RISCO,07.12.13,nR1-12,11,4,1|2
4755-5/03,BAIXO RISCO,07.03.03,nR1-03,11,4,1
4755-5/03,BAIXO RISCO,07.12.13,nR1-12,11,4,1|2
4756-3/00,BAIXO RISCO,07.03.11,nR1-03,11,4,1|18
4756-3/00,BAIXO RISCO,07.12.13,nR1-12,11,4,1|2
4757-1/00,BAIXO RISCO,07.03.08,nR1-03,11,4,1
4757-1/00,BAIXO RISCO,07.12.13,nR1-12,11,4,1|2
4759-8/01,BAIXO RISCO,07.03.05,nR1-03,11,4,1
4759-8/01,BAIXO RISCO,07.12.13,nR1-12,11,4,1|2
4759-8/99,BAIXO RISCO,07.03.11,nR1-03,11,4,1|18
4759-8/99,BAIXO RISCO,07.12.13,nR1-12,11,4,1|2
4761-0/01,BAIXO RISCO,07.03.02,nR1-03,11,4,1|18
4761-0/01,BAIXO RISCO,07.12.13,nR1-12,11,4,1|2
4761-0/02,BAIXO RISCO,07.03.02,nR1-03,11,4,1|18
4761-0/02,BAIXO RISCO,07.12.13,nR1-12,11,4,1|2
4761-0/03,BAIXO RISCO,07.03.02,nR1-03,11,4,1|18
4761-0/03,BAIXO RISCO,07.12.13,nR1-12,11,4,1|2
4762-8/00,BAIXO RISCO,07.03.07,nR1-03,11,4,1
4762-8/00,BAIXO RISCO,07.12.13,nR1-12,11,4,1|2
4763-6/01,BAIXO RISCO,07.03.07,nR1-03,11,4,1
4763-6/01,BAIXO RISCO,07.12.13,nR1-12,11,4,1|2
4763-6/02,BAIXO RISCO,07.03.07,nR1-03,11,4,1
4763-6/02,BAIXO RISCO,07.12.13,nR1-12,11,4,1|2
4763-6/03,BAIXO RISCO,07.04.10,nR2-04,11,4,1
4763-6/03,BAIXO RISCO,07.12.13,nR1-12,11,4,1|2
4763-6/04,BAIXO RISCO,07.03.11,nR1-03,11,4,1|18
4763-6/04,BAIXO RISCO,07.12.13,nR1-12,11,4,1|2
4763-6/05,MÉDIO RISCO,07.04.17,nR2-04,11,5,1|7|10
4763-6/05,BAIXO RISCO,07.12.13,nR1-12,11,5,1|2
4771-7/01,MÉDIO RISCO,07.03.09,nR1-03,11,20,1|6|7
4771-7/01,MÉDIO RISCO,07.12.13,nR1-12,11,20,1|2
4771-7/02,MÉDIO RISCO,07.03.09,nR1-03,11,20,1|6|7
4771-7/02,MÉDIO RISCO,07.12.13,nR1-12,11,20,1|2
4771-7/03,MÉDIO RISCO,07.03.09,nR1-03,11,20,1|6|7
4771-7/03,MÉDIO RISCO,07.12.13,nR1-12,11,20,1|2
4771-7/04,BAIXO RISCO,07.04.06,nR2-04,11,4,1|6|7
4771-7/04,BAIXO RISCO,07.12.13,nR1-12,11,4,1|2
4772-5/00,BAIXO RISCO,07.03.09,nR1-03,11,4,1|6
4772-5/00,BAIXO RISCO,07.12.13,nR1-12,11,4,1|2
4773-3/00,BAIXO RISCO,07.03.11,nR1-03,11,4,1|18
4773-3/00,BAIXO RISCO,07.12.13,nR1-12,11,4,1|2
4774-1/00,BAIXO RISCO,07.03.07,nR1-03,11,4,1
4774-1/00,BAIXO RISCO,07.12.13,nR1-12,11,4,1|2
4781-4/00,BAIXO RISCO,07.03.03,nR1-03,11,4,1|18
4781-4/00,BAIXO RISCO,07.12.13,nR1-12,11,4,1|2
4782-2/01,BAIXO RISCO,07.03.03,nR1-03,11,4,1|18
4782-2/01,BAIXO RISCO,07.12.13,nR1-12,11,4,1|2
4782-2/02,BAIXO RISCO,07.03.03,nR1-03,11,4,1|18
4782-2/02,BAIXO RISCO,07.12.13,nR1-12,11,4,1|2
4783-1/01,BAIXO RISCO,07.03.06,nR1-03,11,4,1|18
4783-1/01,BAIXO RISCO,07.12.13,nR1-12,11,4,1|2
4783-1/02,BAIXO RISCO,07.03.06,nR1-03,11,4,1|18
4783-1/02,BAIXO RISCO,07.12.13,nR1-12,11,4,1|2
4784-9/00,ALTO,07.04.16,nR1-04,25|26|27|28|29,53,1|10
4784-9/00,ALTO,07.12.13,nR1-12,25|26|27|28|29,53,1|2
4785-7/01,BAIXO RISCO,07.03.06,nR1-03,11,4,1|18
4785-7/01,BAIXO RISCO,07.12.13,nR1-12,11,4,1|2
4785-7/99,MÉDIO RISCO,07.03.11,nR1-03,11,8,1|18
4785-7/99,BAIXO RISCO,07.12.13,nR1-12,11,8,1|2
4789-0/01,BAIXO RISCO,07.03.01,nR1-03,11,4,1|18
4789-0/01,BAIXO RISCO,07.12.13,nR1-12,11,4,1|2
4789-0/02,BAIXO RISCO,07.03.01,nR1-03,11,4,1|18
4789-0/02,BAIXO RISCO,07.12.13,nR1-12,11,4,1|2
4789-0/03,BAIXO RISCO,07.03.06,nR1-03,11,4,1|18
4789-0/03,BAIXO RISCO,07.12.13,nR1-12,11,4,1|2
4789-0/04,MÉDIO RISCO,07.04.06,nR2-04,19|20,26|27,1|6|7|18|20
4789-0/04,MÉDIO RISCO,07.04.07,nR2-04,19|20,26|27,1|6|7|18|20
4789-0/04,MÉDIO RISCO,07.12.13,nR1-12,19|20,26|27,1|2
4789-0/05,MÉDIO RISCO,07.03.04,nR1-03,11,20,1|18|21
4789-0/05,MÉDIO RISCO,07.12.13,nR1-12,11,20,1|2
4789-0/06,ALTO,07.04.17,nR2-04,11,46,1
4789-0/06,ALTO,07.12.13,nR1-12,11,46,1|2
4789-0/07,BAIXO RISCO,07.03.02,nR1-03,11,4,1|18
4789-0/07,BAIXO RISCO,07.12.13,nR1-12,11,4,1|2
4789-0/08,BAIXO RISCO,07.03.07,nR1-03,11,4,1|18
4789-0/08,BAIXO RISCO,07.12.13,nR1-12,11,4,1|2
4789-0/09,MÉDIO RISCO,07.04.01,nR2-04,11,21,1
4789-0/09,MÉDIO RISCO,07.12.13,nR1-12,11,21,1|2
4789-0/99,MÉDIO RISCO,07.04.17,nR2-04,10|11,31,1|18
4789-0/99,MÉDIO RISCO,07.03.11,nR1-03,10|11,31,1|18
4789-0/99,MÉDIO RISCO,07.12.13,nR1-12,10|11,31,1|2
4911-6/00,MÉDIO RISCO,07.11.01,nR2-11,11,5,1|10
4911-6/00,BAIXO RISCO,07.12.13,nR1-12,11,5,1|2
4912-4/01,MÉDIO RISCO,07.11.01,nR2-11,11,5,1|10
4912-4/01,BAIXO RISCO,07.12.13,nR1-12,11,5,1|2
4912-4/02,MÉDIO RISCO,07.11.01,nR2-11,11,5,1|10
4912-4/02,BAIXO RISCO,07.12.13,nR1-12,11,5,1|2
4912-4/03,MÉDIO RISCO,07.11.01,nR2-11,11,5,1|10
4912-4/03,BAIXO RISCO,07.12.13,nR1-12,11,5,1|2
4921-3/01,MÉDIO RISCO,07.08.05,nR1-08,11,5,1|4|7|10
4921-3/01,BAIXO RISCO,07.12.13,nR1-12,11,5,1|2
4921-3/02,MÉDIO RISCO,07.08.05,nR1-08,11,5,1|4|7|10
4921-3/02,BAIXO RISCO,07.12.13,nR1-12,11,5,1|2
4922-1/01,MÉDIO RISCO,07.08.05,nR1-08,11,5,1|4|7|10
4922-1/01,BAIXO RISCO,07.12.13,nR1-12,11,5,1|2
4922-1/02,MÉDIO RISCO,07.08.05,nR1-08,11,5,1|4|7|10
4922-1/02,BAIXO RISCO,07.12.13,nR1-12,11,5,1
4922-1/03,MÉDIO RISCO,07.08.05,nR1-08,11,5,1|4|7|10
4922-1/03,BAIXO RISCO,07.12.13,nR1-12,11,5,1|2
4923-0/01,MÉDIO RISCO,07.08.05,nR1-08,11,5,1|4|7|10
4923-0/01,BAIXO RISCO,07.12.13,nR1-12,11,5,1
4923-0/02,MÉDIO RISCO,07.08.01,nR1-08,11,5,1|7
4923-0/02,BAIXO RISCO,07.12.13,nR1-12,11,5,1|2
4924-8/00,MÉDIO RISCO,07.08.05,nR1-08,11,5,1|4|7|10
4924-8/00,BAIXO RISCO,07.12.13,nR1-12,11,5,1|2|13
4929-9/01,MÉDIO RISCO,07.08.05,nR1-08,11,5,1|4|7|10
4929-9/01,BAIXO RISCO,07.12.13,nR1-12,11,5,1|2
4929-9/02,MÉDIO RISCO,07.08.05,nR1-08,11,5,1|4|7|10
4929-9/02,BAIXO RISCO,07.12.13,nR1-12,11,5,1|2
4929-9/03,MÉDIO RISCO,07.12.04,nR1-12,11,5,1
4929-9/03,BAIXO RISCO,07.12.13,nR1-12,11,5,1|2
4929-9/04,MÉDIO RISCO,07.12.04,nR1-12,11,5,1
4929-9/04,BAIXO RISCO,07.12.13,nR1-12,11,5,1|2
4929-9/99,MÉDIO RISCO,07.08.05,nR1-08,11,5,1|4|7|10
4929-9/99,BAIXO RISCO,07.12.13,nR1-12,11,5,1|2
4930-2/01,MÉDIO RISCO,07.08.02,nR1-08,11,23,1|4|7|10
4930-2/01,MÉDIO RISCO,07.12.13,nR1-12,11,23,1|2
4930-2/02,MÉDIO RISCO,07.08.02,nR1-08,11,23,1|4|7|10
4930-2/02,MÉDIO RISCO,07.12.13,nR1-12,11,23,1|2
4930-2/03,MÉDIO RISCO,07.08.02,nR1-08,11,5,1|4|7|10
4930-2/03,BAIXO RISCO,07.12.13,nR1-12,11,5,1|2|4
4930-2/04,MÉDIO RISCO,07.08.02,nR1-08,11,5,1|4|7|10
4930-2/04,BAIXO RISCO,07.12.13,nR1-12,11,5,1|2
4940-0/00,BAIXO RISCO,07.12.13,nR1-12,11,10,1
4950-7/00,BAIXO RISCO,07.12.13,nR1-12,11,10,1
5011-4/01,BAIXO RISCO,07.12.13,nR1-12,11,10,1
5011-4/02,BAIXO RISCO,07.12.13,nR1-12,11,10,1
5012-2/01,BAIXO RISCO,07.12.13,nR1-12,11,10,1
5012-2/02,BAIXO RISCO,07.12.13,nR1-12,11,10,1
5021-1/01,BAIXO RISCO,07.12.13,nR1-12,11,10,1
5021-1/02,BAIXO RISCO,07.12.13,nR1-12,11,10,1
5022-0/01,BAIXO RISCO,07.12.13,nR1-12,11,10,1
5022-0/02,BAIXO RISCO,07.12.13,nR1-12,11,10,1
5030-1/01,BAIXO RISCO,07.12.13,nR1-12,11,10,1
5030-1/02,BAIXO RISCO,07.12.13,nR1-12,11,10,1
5030-1/03,BAIXO RISCO,07.12.13,nR1-12,11,10,1
5091-2/01,BAIXO RISCO,07.12.13,nR1-12,11,10,1
5091-2/02,BAIXO RISCO,07.12.13,nR1-12,11,10,1
5099-8/01,MÉDIO RISCO,07.12.04,nR1-12,11,5,1
5099-8/01,BAIXO RISCO,07.12.13,nR1-12,11,5,1
5099-8/99,BAIXO RISCO,07.12.13,nR1-12,11,10,1
5111-1/00,BAIXO RISCO,07.12.13,nR1-12,11,10,1
5112-9/01,MÉDIO RISCO,07.08.08,nR1-08,11,5,1|7|8|10
5112-9/01,BAIXO RISCO,07.12.13,nR1-12,11,5,1
5112-9/99,BAIXO RISCO,07.12.13,nR1-12,11,10,1
5120-0/00,BAIXO RISCO,07.12.13,nR1-12,11,10,1
5130-7/00,BAIXO RISCO,07.12.13,nR1-12,11,10,1
5211-7/01,MÉDIO RISCO,07.08.03,nR1-08,11|12,32,1|7|10
5211-7/01,MÉDIO RISCO,07.08.04,nR1-08,11|12,32,1|7|10
5211-7/01,MÉDIO RISCO,07.12.13,nR1-12,11|12,32,1|2
5211-7/02,MÉDIO RISCO,07.08.03,nR1-08,11,5,1|7|10
5211-7/02,BAIXO RISCO,07.12.13,nR1-12,11,5,1|2
5211-7/99,MÉDIO RISCO,07.08.02,nR1-08,11|12,32,1|7|10
5211-7/99,MÉDIO RISCO,07.08.03,nR1-08,11|12,32,1|7|10
5211-7/99,MÉDIO RISCO,07.12.13,nR1-12,11|12,32,1|2
5212-5/00,MÉDIO RISCO,07.08.03,nR1-08,11,1,1|7|10
5212-5/00,MÉDIO RISCO,07.08.02,nR1-08,11,1,1|7|10
5212-5/00,BAIXO RISCO,07.12.13,nR1-12,11,1,1|2
5221-4/00,MÉDIO RISCO,07.11.01,nR2-11,11,5,1|10
5221-4/00,BAIXO RISCO,07.12.13,nR1-12,11,5,1|2
5222-2/00,MÉDIO RISCO,07.11.01,nR2-11,11,23,1|10
5222-2/00,MÉDIO RISCO,07.12.13,nR1-12,11,23,1|2
5223-1/00,MÉDIO RISCO,07.08.05,nR1-08,13|14,28|29,1
5223-1/00,MÉDIO RISCO,07.08.01,nR1-08,13|14,28|29,1|7
5223-1/00,MÉDIO RISCO,07.12.13,nR1-12,13|14,28|29,1
5229-0/01,BAIXO RISCO,07.12.13,nR1-12,11,10,1
5229-0/02,BAIXO RISCO,07.12.13,nR1-12,11,10,1
5229-0/99,BAIXO RISCO,07.12.13,nR1-12,11,10,1
5231-1/01,MÉDIO RISCO,07.11.01,nR2-11,11,5,1|10
5231-1/01,BAIXO RISCO,07.12.13,nR1-12,11,5,1|2
5231-1/02,MÉDIO RISCO,07.11.01,nR2-11,11,5,1|10
5231-1/02,BAIXO RISCO,07.12.13,nR1-12,11,5,1|2
5231-1/03,MÉDIO RISCO,07.11.01,nR2-11,11,5,1|10
5231-1/03,BAIXO RISCO,07.12.13,nR1-12,11,5,1|2
5232-0/00,MÉDIO RISCO,07.12.04,nR1-12,11,5,1
5232-0/00,BAIXO RISCO,07.12.13,nR1-12,11,5,1
5239-7/01,BAIXO RISCO,07.12.13,nR1-12,11,10,1
5239-7/99,BAIXO RISCO,07.12.13,nR1-12,11,10,1
5240-1/01,MÉDIO RISCO,07.11.01,nR2-11,11,5,1|10
5240-1/01,BAIXO RISCO,07.12.13,nR1-12,11,5,1|2
5240-1/99,BAIXO RISCO,07.12.13,nR1-12,11,10,1|2
5250-8/01,MÉDIO RISCO,07.12.07,nR1-12,11,5,1
5250-8/01,BAIXO RISCO,07.12.13,nR1-12,11,5,1
5250-8/02,MÉDIO RISCO,07.12.07,nR1-12,11,5,1
5250-8/02,BAIXO RISCO,07.12.13,nR1-12,11,5,1
5250-8/03,BAIXO RISCO,07.12.13,nR1-12,11,5,1
5250-8/03,MÉDIO RISCO,07.12.04,nR1-12,11,5,1
5250-8/04,BAIXO RISCO,07.12.13,nR1-12,11,10,1
5250-8/05,MÉDIO RISCO,07.11.01,nR2-11,11,5,1|10
5250-8/05,BAIXO RISCO,07.12.13,nR1-12,11,5,1|2
5310-5/01,MÉDIO RISCO,07.11.04,nR2-11,11,5,1|10
5310-5/01,BAIXO RISCO,07.12.13,nR1-12,11,5,1
5310-5/02,MÉDIO RISCO,07.11.04,nR2-11,11,5,1|10
5310-5/02,BAIXO RISCO,07.12.13,nR1-12,11,5,1
5320-2/01,MÉDIO RISCO,07.12.04,nR1-12,11,8,1
5320-2/01,BAIXO RISCO,07.12.13,nR1-12,11,8,1
5320-2/02,MÉDIO RISCO,07.12.04,nR1-12,11,20,1
5320-2/02,MÉDIO RISCO,07.12.13,nR1-12,11,20,1
5510-8/01,MÉDIO RISCO,07.13.01,nR1-13,11,21,1|3|6|9|10
5510-8/01,MÉDIO RISCO,07.12.13,nR1-12,11,21,1|2
5510-8/02,MÉDIO RISCO,07.13.01,nR1-13,11,21,1|3|6|9|10
5510-8/02,MÉDIO RISCO,07.12.13,nR1-12,11,21,1|2
5510-8/03,MÉDIO RISCO,07.13.01,nR1-13,11,21,1|3|6|9|10
5510-8/03,MÉDIO RISCO,07.12.13,nR1-12,11,21,1|2
5590-6/01,MÉDIO RISCO,07.13.01,nR1-13,11,21,1|3|6|9|10
5590-6/01,MÉDIO RISCO,07.12.13,nR1-12,11,21,1|2
5590-6/02,A SER DEFINIDO PELA CNLU,07.14.03,nR3-14,11,5,1|6|10
5590-6/02,BAIXO RISCO,07.12.13,nR1-12,11,5,1|2
5590-6/03,MÉDIO RISCO,07.13.01,nR1-13,11,5,1|3|6|9|10
5590-6/03,BAIXO RISCO,07.12.13,nR1-12,11,5,1|2
5590-6/99,MÉDIO RISCO,07.13.01,nR1-13,11,21,1|3|6|9|10
5590-6/99,MÉDIO RISCO,07.12.13,nR1-12,11,21,1|2
5611-2/01,MÉDIO RISCO,07.02.02,nR1-02,11,20,1|3|6
5611-2/01,MÉDIO RISCO,07.12.13,nR1-12,11,20,1|2
5611-2/03,MÉDIO RISCO,07.02.01,nR1-02,11,8,1|3|6
5611-2/03,BAIXO RISCO,07.12.13,nR1-12,11,8,1|2
5611-2/04,MÉDIO RISCO,07.02.02,nR1-02,11,8,1|3|6
5611-2/04,BAIXO RISCO,07.12.13,nR1-12,11,8,1|2
5611-2/05,MÉDIO RISCO,07.02.02,nR1-02,11,21,1|3|6
5611-2/05,MÉDIO RISCO,07.12.13,nR1-12,11,21,1|2
5612-1/00,MÉDIO RISCO,07.02.03,nR1-02,1|11,9,1|3|6
5612-1/00,BAIXO RISCO,07.12.13,nR1-12,1|11,9,1|31
5620-1/01,ALTO,07.02.03,nR1-02,11,48,1|3|6
5620-1/01,ALTO,07.12.13,nR1-12,11,48,1|2
5620-1/02,MÉDIO RISCO,07.02.03,nR1-02,11,20,1|3|6
5620-1/02,MÉDIO RISCO,07.12.13,nR1-12,11,20,1|2
5620-1/03,MÉDIO RISCO,07.02.03,nR1-02,11,20,1|3|6
5620-1/03,MÉDIO RISCO,07.12.13,nR1-12,11,20,1|2
5620-1/04,MÉDIO RISCO,07.02.03,nR1-02,11,8,1|3|6
5620-1/04,BAIXO RISCO,07.12.13,nR1-12,11,8,1|2
5811-5/00,ALTO,09.06.02,ID3-06,11,60,1|3|7|8|10
5811-5/00,MÉDIO RISCO,07.12.09,nR1-12,11,60,1|3
5811-5/00,BAIXO RISCO,07.12.13,nR1-12,11,60,1|2
5812-3/01,ALTO,2002-06-09,ID3-06,11,60,1|3|7|8|10
5812-3/01,MÉDIO RISCO,07.12.09,nR1-12,11,60,1|3
5812-3/01,BAIXO RISCO,07.12.13,nR1-12,11,60,1|2
5812-3/02,ALTO,09.06.02,ID3-06,11,60,1|3|7|8|10
5812-3/02,MÉDIO RISCO,07.12.09,nR1-12,11,60,1|3
5812-3/02,BAIXO RISCO,07.12.13,nR1-12,11,60,1|2
5813-1/00,ALTO,09.06.02,ID3-06,11,60,1|3|7|8|10
5813-1/00,MÉDIO RISCO,07.12.09,nR1-12,11,60,1|3
5813-1/00,BAIXO RISCO,07.12.13,nR1-12,11,60,1|2
5819-1/00,MÉDIO RISCO,07.12.09,nR1-12,11,60,1|3
5819-1/00,ALTO,09.06.02,ID3-06,11,60,1|3|7|8|10
5819-1/00,BAIXO RISCO,07.12.13,nR1-12,11,60,1|2
5821-2/00,ALTO,09.06.02,ID3-06,11,60,1|3|7|8|10
5821-2/00,MÉDIO RISCO,07.12.09,nR1-12,11,60,1|3
5821-2/00,BAIXO RISCO,07.12.13,nR1-12,11,60,1|2
5822-1/01,ALTO,09.06.02,ID3-06,11,60,1|3|7|8|10
5822-1/01,MÉDIO RISCO,07.12.09,nR1-12,11,60,1|3
5822-1/01,BAIXO RISCO,07.12.13,nR1-12,11,60,1|2
5822-1/02,ALTO,09.06.02,ID3-06,11,60,1|3|7|8|10
5822-1/02,MÉDIO RISCO,07.12.09,nR1-12,11,60,1|3
5822-1/02,BAIXO RISCO,07.12.13,nR1-12,11,60,1|2
5823-9/00,ALTO,09.06.02,ID3-06,11,60,1|3|7|8|10
5823-9/00,MÉDIO RISCO,07.12.09,nR1-12,11,60,1|3
5823-9/00,BAIXO RISCO,07.12.13,nR1-12,11,60,1|2
5829-8/00,ALTO,09.06.02,ID3-06,11,60,1|3|7|8|10
5829-8/00,MÉDIO RISCO,07.12.09,nR1-12,11,60,1|3
5829-8/00,BAIXO RISCO,07.12.13,nR1-12,11,60,1
5911-1/01,MÉDIO RISCO,07.12.08,nR1-12,11,5,1|3|10
5911-1/01,BAIXO RISCO,07.12.13,nR1-12,11,5,1|2
5911-1/02,MÉDIO RISCO,07.12.08,nR1-12,11,5,1|3|10
5911-1/02,BAIXO RISCO,07.12.13,nR1-12,11,5,1|2
5911-1/99,MÉDIO RISCO,07.12.08,nR1-12,11,5,1|3|10
5911-1/99,BAIXO RISCO,07.12.13,nR1-12,11,5,1|2
5912-0/01,MÉDIO RISCO,07.12.08,nR1-12,11,5,1|3|10
5912-0/01,BAIXO RISCO,07.12.13,nR1-12,11,5,1|2
5912-0/02,MÉDIO RISCO,07.12.08,nR1-12,11,5,1|3|10
5912-0/02,BAIXO RISCO,07.12.13,nR1-12,11,5,1|2
5912-0/99,MÉDIO RISCO,07.12.08,nR1-12,11,5,1|3|10
5912-0/99,BAIXO RISCO,07.12.13,nR1-12,11,5,1|2
5913-8/00,MÉDIO RISCO,07.12.08,nR1-12,11,5,1|3|10
5913-8/00,BAIXO RISCO,07.12.13,nR1-12,11,5,1|2
5914-6/00,MÉDIO RISCO,07.12.08,nR1-12,11,21,1|3|10
5914-6/00,MÉDIO RISCO,07.12.13,nR1-12,11,21,1|2
5920-1/00,MÉDIO RISCO,07.12.08,nR1-12,11,5,1|3|10
5920-1/00,BAIXO RISCO,07.12.13,nR1-12,11,5,1|2
6010-1/00,MÉDIO RISCO,07.12.11,nR1-12,1|11,1,
6010-1/00,A SER DEFINIDO PELA CNLU,08.04.05,nR4-04,1|11,1,1|10|13
6010-1/00,BAIXO RISCO,07.12.13,nR1-12,1|11,1,1|13
6021-7/00,A SER DEFINIDO PELA CNLU,08.04.05,nR4-04,11,5,1|10|13
6021-7/00,BAIXO RISCO,07.12.13,nR1-12,11,5,1|13
6022-5/01,A SER DEFINIDO PELA CNLU,08.04.05,nR4-04,11,5,1|10|13
6022-5/01,BAIXO RISCO,07.12.13,nR1-12,11,5,1|13
6022-5/02,BAIXO RISCO,07.12.13,nR1-12,11,10,1
6110-8/01,A SER DEFINIDO PELA CNLU,08.04.05,nR4-04,11,1,1|15
6110-8/01,MÉDIO RISCO,07.12.11,nR1-12,11,1,1|15
6110-8/01,BAIXO RISCO,07.12.13,nR1-12,11,1,1|15
6110-8/02,A SER DEFINIDO PELA CNLU,08.04.05,nR4-04,11,1,1|15
6110-8/02,MÉDIO RISCO,07.12.11,nR1-12,11,1,1|15
6110-8/02,BAIXO RISCO,07.12.13,nR1-12,11,1,1|15
6110-8/03,BAIXO RISCO,07.12.11,nR1-12,11,4,1|15
6110-8/03,BAIXO RISCO,07.12.13,nR1-12,11,4,1|15
6110-8/99,A SER DEFINIDO PELA CNLU,08.04.05,nR4-04,11,1,1|15
6110-8/99,MÉDIO RISCO,07.12.11,nR1-12,11,1,1|15
6110-8/99,BAIXO RISCO,07.12.13,nR1-12,11,1,1|15
6120-5/01,A SER DEFINIDO PELA CNLU,08.04.05,nR4-04,11,1,1|15
6120-5/01,MÉDIO RISCO,07.12.11,nR1-12,11,1,1|15
6120-5/01,BAIXO RISCO,07.12.13,nR1-12,11,1,1|15
6120-5/02,A SER DEFINIDO PELA CNLU,08.04.05,nR4-04,11,1,1|15
6120-5/02,MÉDIO RISCO,07.12.11,nR1-12,11,1,1|15
6120-5/02,BAIXO RISCO,07.12.13,nR1-12,11,1,1|15
6120-5/99,A SER DEFINIDO PELA CNLU,08.04.05,nR4-04,11,1,1|15
6120-5/99,MÉDIO RISCO,07.12.11,nR1-12,11,1,1|15
6120-5/99,BAIXO RISCO,07.12.13,nR1-12,11,1,1|15
6130-2/00,A SER DEFINIDO PELA CNLU,08.04.05,nR4-04,11,1,1|15
6130-2/00,MÉDIO RISCO,07.12.11,nR1-12,11,1,1|15
6130-2/00,BAIXO RISCO,07.12.13,nR1-12,11,1,1|15
6141-8/00,A SER DEFINIDO PELA CNLU,08.04.05,nR4-04,11,1,1|15
6141-8/00,MÉDIO RISCO,07.12.11,nR1-12,11,1,1|15
6141-8/00,BAIXO RISCO,07.12.13,nR1-12,11,1,1|13
6142-6/00,A SER DEFINIDO PELA CNLU,08.04.05,nR4-04,11,1,1|15
6142-6/00,MÉDIO RISCO,07.12.11,nR1-12,11,1,1|15
6142-6/00,BAIXO RISCO,07.12.13,nR1-12,11,1,1|13
6143-4/00,A SER DEFINIDO PELA CNLU,08.04.05,nR4-04,11,1,1|15
6143-4/00,MÉDIO RISCO,07.12.11,nR1-12,11,1,1|15
6143-4/00,BAIXO RISCO,07.12.13,nR1-12,11,1,1|13
6190-6/01,A SER DEFINIDO PELA CNLU,08.04.05,nR4-04,11,1,1|15
6190-6/01,MÉDIO RISCO,07.12.11,nR1-12,11,1,1|15
6190-6/01,BAIXO RISCO,07.12.13,nR1-12,11,1,1|15
6190-6/02,A SER DEFINIDO PELA CNLU,08.04.05,nR4-04,11,1,1|15
6190-6/02,MÉDIO RISCO,07.12.11,nR1-12,11,1,1|15
6190-6/02,BAIXO RISCO,07.12.13,nR1-12,11,1,1|15
6190-6/99,A SER DEFINIDO PELA CNLU,08.04.05,nR4-04,11,1,1|15
6190-6/99,MÉDIO RISCO,07.12.11,nR1-12,11,1,1|15
6190-6/99,BAIXO RISCO,07.12.13,nR1-12,11,1,1|15
6201-5/01,BAIXO RISCO,07.12.11,nR1-12,11,4,1
6201-5/01,BAIXO RISCO,07.12.13,nR1-12,11,4,1
6201-5/02,BAIXO RISCO,07.12.11,nR1-12,11,4,1
6201-5/02,BAIXO RISCO,07.12.13,nR1-12,11,4,1
6202-3/00,BAIXO RISCO,07.12.11,nR1-12,11,4,1
6202-3/00,BAIXO RISCO,07.12.13,nR1-12,11,4,1
6203-1/00,BAIXO RISCO,07.12.11,nR1-12,11,4,1
6203-1/00,BAIXO RISCO,07.12.13,nR1-12,11,4,1
6204-0/00,BAIXO RISCO,07.12.11,nR1-12,11,4,1
6204-0/00,BAIXO RISCO,07.12.13,nR1-12,11,4,1
6209-1/00,BAIXO RISCO,07.12.11,nR1-12,11,4,1
6209-1/00,BAIXO RISCO,07.12.13,nR1-12,11,4,1
6311-9/00,BAIXO RISCO,07.12.11,nR1-12,11,4,1|15
6311-9/00,BAIXO RISCO,07.12.13,nR1-12,11,4,1|15
6319-4/00,BAIXO RISCO,07.12.11,nR1-12,11,4,1|15
6319-4/00,BAIXO RISCO,07.12.13,nR1-12,11,4,1|15
6391-7/00,BAIXO RISCO,07.12.04,nR1-12,11,4,1
6391-7/00,BAIXO RISCO,07.12.13,nR1-12,11,4,1
6399-2/00,BAIXO RISCO,07.12.07,nR1-12,11,4,1
6399-2/00,BAIXO RISCO,07.12.13,nR1-12,11,4,1
6410-7/00,MÉDIO RISCO,07.12.05,nR1-12,11,5,1|10
6410-7/00,BAIXO RISCO,07.12.13,nR1-12,11,5,1|10
6421-2/00,MÉDIO RISCO,07.12.05,nR1-12,11,5,1|10|29
6421-2/00,BAIXO RISCO,07.12.13,nR1-12,11,5,1|10
6422-1/00,MÉDIO RISCO,07.12.05,nR1-12,11,5,1|10|29
6422-1/00,BAIXO RISCO,07.12.13,nR1-12,11,5,1|10
6423-9/00,MÉDIO RISCO,07.12.05,nR1-12,11,5,1|10|29
6423-9/00,BAIXO RISCO,07.12.13,nR1-12,11,5,1|10
6424-7/01,MÉDIO RISCO,07.12.05,nR1-12,11,5,1|10|29
6424-7/01,BAIXO RISCO,07.12.13,nR1-12,11,5,1
6424-7/02,MÉDIO RISCO,07.12.05,nR1-12,11,5,1|10
6424-7/02,BAIXO RISCO,07.12.13,nR1-12,11,5,1
6424-7/03,MÉDIO RISCO,07.12.05,nR1-12,11,5,1|10
6424-7/03,BAIXO RISCO,07.12.13,nR1-12,11,5,1
6424-7/04,MÉDIO RISCO,07.12.05,nR1-12,11,5,1|10
6424-7/04,BAIXO RISCO,07.12.13,nR1-12,11,5,1
6431-0/00,MÉDIO RISCO,07.12.05,nR1-12,11,5,1|10|29
6431-0/00,BAIXO RISCO,07.12.13,nR1-12,11,5,1
6432-8/00,MÉDIO RISCO,07.12.05,nR1-12,11,5,1|10
6432-8/00,BAIXO RISCO,07.12.13,nR1-12,11,5,1
6433-6/00,MÉDIO RISCO,07.12.05,nR1-12,11,5,1|10
6433-6/00,BAIXO RISCO,07.12.13,nR1-12,11,5,1
6434-4/00,MÉDIO RISCO,07.12.05,nR1-12,11,5,1
6434-4/00,BAIXO RISCO,07.12.13,nR1-12,11,5,1
6435-2/01,MÉDIO RISCO,07.12.05,nR1-12,11,5,1
6435-2/01,BAIXO RISCO,07.12.13,nR1-12,11,5,1
6435-2/02,MÉDIO RISCO,07.12.05,nR1-12,11,5,1
6435-2/02,BAIXO RISCO,07.12.13,nR1-12,11,5,1
6435-2/03,MÉDIO RISCO,07.12.05,nR1-12,11,5,1
6435-2/03,BAIXO RISCO,07.12.13,nR1-12,11,5,1
6436-1/00,MÉDIO RISCO,07.12.05,nR1-12,11,5,1
6436-1/00,BAIXO RISCO,07.12.13,nR1-12,11,5,1
6437-9/00,MÉDIO RISCO,07.12.05,nR1-12,11,5,1
6437-9/00,BAIXO RISCO,07.12.13,nR1-12,11,5,1
6438-7/01,MÉDIO RISCO,07.12.05,nR1-12,11,5,1
6438-7/01,BAIXO RISCO,07.12.13,nR1-12,11,5,1
6438-7/99,MÉDIO RISCO,07.12.05,nR1-12,11,5,1
6438-7/99,BAIXO RISCO,07.12.13,nR1-12,11,5,1
6440-9/00,MÉDIO RISCO,07.12.05,nR1-12,11,5,1
6440-9/00,BAIXO RISCO,07.12.13,nR1-12,11,5,1
6450-6/00,MÉDIO RISCO,07.12.05,nR1-12,11,5,1
6450-6/00,BAIXO RISCO,07.12.13,nR1-12,11,5,1
6461-1/00,BAIXO RISCO,07.12.13,nR1-12,11,10,1
6462-0/00,BAIXO RISCO,07.12.13,nR1-12,11,10,1
6463-8/00,BAIXO RISCO,07.12.13,nR1-12,11,10,1
6470-1/01,MÉDIO RISCO,07.12.05,nR1-12,11,20,1
6470-1/01,MÉDIO RISCO,07.12.13,nR1-12,11,20,1
6470-1/02,MÉDIO RISCO,07.12.05,nR1-12,11,20,1
6470-1/02,MÉDIO RISCO,07.12.13,nR1-12,11,20,1
6470-1/03,MÉDIO RISCO,07.12.05,nR1-12,11,20,1
6470-1/03,MÉDIO RISCO,07.12.13,nR1-12,11,20,1
6491-3/00,MÉDIO RISCO,07.12.05,nR1-12,11,20,1
6491-3/00,MÉDIO RISCO,07.12.13,nR1-12,11,20,1
6492-1/00,MÉDIO RISCO,07.12.05,nR1-12,11,20,1
6492-1/00,MÉDIO RISCO,07.12.13,nR1-12,11,20,1
6493-0/00,BAIXO RISCO,07.12.05,nR1-12,11,4,1
6493-0/00,BAIXO RISCO,07.12.13,nR1-12,11,4,1
6499-9/01,MÉDIO RISCO,07.12.05,nR1-12,11,20,1
6499-9/01,MÉDIO RISCO,07.12.13,nR1-12,11,20,1
6499-9/02,MÉDIO RISCO,07.12.05,nR1-12,11,20,1
6499-9/02,MÉDIO RISCO,07.12.13,nR1-12,11,20,1
6499-9/03,MÉDIO RISCO,07.12.05,nR1-12,11,20,1
6499-9/03,MÉDIO RISCO,07.12.13,nR1-12,11,20,1
6499-9/04,MÉDIO RISCO,07.12.05,nR1-12,11,20,1
6499-9/04,MÉDIO RISCO,07.12.13,nR1-12,11,20,1
6499-9/05,MÉDIO RISCO,07.12.05,nR1-12,11,20,1
6499-9/05,MÉDIO RISCO,07.12.13,nR1-12,11,20,1
6499-9/99,MÉDIO RISCO,07.12.05,nR1-12,11,20,1
6499-9/99,MÉDIO RISCO,07.12.13,nR1-12,11,20,1
6511-1/01,BAIXO RISCO,07.12.13,nR1-12,11,10,1
6511-1/02,BAIXO RISCO,07.12.13,nR1-12,11,10,1
6512-0/00,BAIXO RISCO,07.12.13,nR1-12,11,10,1
6520-1/00,BAIXO RISCO,07.12.13,nR1-12,11,10,1
6530-8/00,BAIXO RISCO,07.12.13,nR1-12,11,10,1
6541-3/00,BAIXO RISCO,07.12.13,nR1-12,11,10,1
6542-1/00,BAIXO RISCO,07.12.13,nR1-12,11,10,1
6550-2/00,BAIXO RISCO,07.12.13,nR1-12,11,10,1
6611-8/01,MÉDIO RISCO,07.12.05,nR1-12,11,20,1
6611-8/01,MÉDIO RISCO,07.12.13,nR1-12,11,20,1
6611-8/02,MÉDIO RISCO,07.12.05,nR1-12,11,20,1
6611-8/02,MÉDIO RISCO,07.12.13,nR1-12,11,20,1
6611-8/03,MÉDIO RISCO,07.12.05,nR1-12,11,20,1
6611-8/03,MÉDIO RISCO,07.12.13,nR1-12,11,20,1
6611-8/04,BAIXO RISCO,07.12.05,nR1-12,11,4,1
6611-8/04,BAIXO RISCO,07.12.13,nR1-12,11,4,1
6612-6/01,MÉDIO RISCO,07.12.05,nR1-12,11,20,1
6612-6/01,MÉDIO RISCO,07.12.13,nR1-12,11,20,1
6612-6/02,MÉDIO RISCO,07.12.05,nR1-12,11,20,1
6612-6/02,MÉDIO RISCO,07.12.13,nR1-12,11,20,1
6612-6/03,BAIXO RISCO,07.12.05,nR1-12,11,4,1
6612-6/03,BAIXO RISCO,07.12.13,nR1-12,11,4,1
6612-6/04,BAIXO RISCO,07.12.05,nR1-12,11,4,1
6612-6/04,BAIXO RISCO,07.12.13,nR1-12,11,4,1
6612-6/05,BAIXO RISCO,07.12.05,nR1-12,11,4,1
6612-6/05,BAIXO RISCO,07.12.13,nR1-12,11,4,1
6613-4/00,MÉDIO RISCO,07.12.05,nR1-12,11,20,1
6613-4/00,MÉDIO RISCO,07.12.13,nR1-12,11,20,1
6619-3/01,MÉDIO RISCO,07.12.05,nR1-12,11,20,1
6619-3/01,MÉDIO RISCO,07.12.13,nR1-12,11,20,1
6619-3/02,MÉDIO RISCO,07.12.05,nR1-12,11,20,1
6619-3/02,MÉDIO RISCO,07.12.13,nR1-12,11,20,1
6619-3/03,MÉDIO RISCO,07.12.05,nR1-12,11,20,1
6619-3/03,MÉDIO RISCO,07.12.13,nR1-12,11,20,1
6619-3/04,MÉDIO RISCO,07.12.05,nR1-12,11,5,1
6619-3/04,BAIXO RISCO,07.12.13,nR1-12,11,5,1
6619-3/05,MÉDIO RISCO,07.12.05,nR1-12,11,8,1
6619-3/05,BAIXO RISCO,07.12.13,nR1-12,11,8,1
6619-3/99,BAIXO RISCO,07.12.05,nR1-12,11,4,1
6619-3/99,BAIXO RISCO,07.12.13,nR1-12,11,4,1
6621-5/01,BAIXO RISCO,07.12.07,nR1-12,11,4,1
6621-5/01,BAIXO RISCO,07.12.13,nR1-12,11,4,1
6621-5/02,BAIXO RISCO,07.12.07,nR1-12,11,4,1
6621-5/02,BAIXO RISCO,07.12.13,nR1-12,11,4,1
6622-3/00,BAIXO RISCO,07.12.14,nR1-12,11,4,1
6622-3/00,BAIXO RISCO,07.12.13,nR1-12,11,4,1
6629-1/00,BAIXO RISCO,07.12.14,nR1-12,11,4,1
6629-1/00,BAIXO RISCO,07.12.13,nR1-12,11,4,1
6630-4/00,BAIXO RISCO,07.12.05,nR1-12,11,4,1
6630-4/00,BAIXO RISCO,07.12.13,nR1-12,11,4,1
6810-2/01,BAIXO RISCO,07.12.03,nR1-12,11,4,1
6810-2/01,BAIXO RISCO,07.12.13,nR1-12,11,4,1
6810-2/02,BAIXO RISCO,07.12.03,nR1-12,11,4,1
6810-2/02,BAIXO RISCO,07.12.13,nR1-12,11,4,1
6810-2/03,BAIXO RISCO,07.12.03,nR1-12,11,4,1
6810-2/03,BAIXO RISCO,07.12.13,nR1-12,11,4,1
6821-8/01,BAIXO RISCO,07.12.03,nR1-12,11,4,1
6821-8/01,BAIXO RISCO,07.12.13,nR1-12,11,4,1
6821-8/02,BAIXO RISCO,07.12.03,nR1-12,11,4,1
6821-8/02,BAIXO RISCO,07.12.13,nR1-12,11,4,1
6822-6/00,BAIXO RISCO,07.12.03,nR1-12,11,4,1
6822-6/00,BAIXO RISCO,07.12.13,nR1-12,11,4,1
6911-7/01,BAIXO RISCO,07.12.07,nR1-12,11,4,1
6911-7/01,BAIXO RISCO,07.12.13,nR1-12,11,4,1
6911-7/02,BAIXO RISCO,07.12.14,nR1-12,11,4,1
6911-7/02,BAIXO RISCO,07.12.13,nR1-12,11,4,1
6911-7/03,BAIXO RISCO,07.12.04,nR1-12,11,4,1
6911-7/03,BAIXO RISCO,07.12.13,nR1-12,11,4,1
6912-5/00,BAIXO RISCO,07.11.01,nR2-11,11,4,1|10
6912-5/00,BAIXO RISCO,07.12.13,nR1-12,11,4,1
6920-6/01,BAIXO RISCO,07.12.07,nR1-12,11,4,1
6920-6/01,BAIXO RISCO,07.12.13,nR1-12,11,4,1
6920-6/02,BAIXO RISCO,07.12.07,nR1-12,11,4,1
6920-6/02,BAIXO RISCO,07.12.13,nR1-12,11,4,1
7020-4/00,BAIXO RISCO,07.12.07,nR1-12,11,4,1
7020-4/00,BAIXO RISCO,07.12.13,nR1-12,11,4,1
7111-1/00,BAIXO RISCO,07.12.07,nR1-12,11,4,1
7111-1/00,BAIXO RISCO,07.12.13,nR1-12,11,4,1
7112-0/00,BAIXO RISCO,07.12.07,nR1-12,11,4,1
7112-0/00,BAIXO RISCO,07.12.13,nR1-12,11,4,1
7119-7/01,BAIXO RISCO,07.12.07,nR1-12,11,4,1
7119-7/01,BAIXO RISCO,07.12.13,nR1-12,11,4,1
7119-7/02,BAIXO RISCO,07.12.07,nR1-12,11,4,1
7119-7/02,BAIXO RISCO,07.12.13,nR1-12,11,4,1
7119-7/03,BAIXO RISCO,07.12.07,nR1-12,11,4,1
7119-7/03,BAIXO RISCO,07.12.13,nR1-12,11,4,1
7119-7/04,BAIXO RISCO,07.12.07,nR1-12,11,4,1
7119-7/04,BAIXO RISCO,07.12.13,nR1-12,11,4,1
7119-7/99,BAIXO RISCO,07.12.07,nR1-12,11,4,1
7119-7/99,BAIXO RISCO,07.12.13,nR1-12,11,4,1
7120-1/00,MÉDIO RISCO,07.09.11,nR2-09,11,5,1|7
7120-1/00,BAIXO RISCO,07.12.13,nR1-12,11,5,1
7210-0/00,MÉDIO RISCO,07.06.09,nR2-06,11,5,1|9
7210-0/00,BAIXO RISCO,07.12.13,nR1-12,11,5,1
7220-7/00,MÉDIO RISCO,07.06.09,nR2-06,11,5,1|9
7220-7/00,BAIXO RISCO,07.12.13,nR1-12,11,5,1
7311-4/00,BAIXO RISCO,07.12.04,nR1-12,11,4,1
7311-4/00,BAIXO RISCO,07.12.13,nR1-12,11,4,1
7312-2/00,BAIXO RISCO,07.12.04,nR1-12,11,4,1
7312-2/00,BAIXO RISCO,07.12.13,nR1-12,11,4,1
7319-0/01,BAIXO RISCO,07.12.13,nR1-12,11,10,
7319-0/02,BAIXO RISCO,07.12.04,nR1-12,11,4,1
7319-0/02,BAIXO RISCO,07.12.13,nR1-12,11,4,1
7319-0/03,BAIXO RISCO,07.12.04,nR1-12,11,4,1
7319-0/03,BAIXO RISCO,07.12.13,nR1-12,11,4,1
7319-0/04,BAIXO RISCO,07.12.07,nR1-12,11,4,1
7319-0/04,BAIXO RISCO,07.12.13,nR1-12,11,4,1
7319-0/99,MÉDIO RISCO,07.12.04,nR1-12,1|11,16,1|11
7319-0/99,BAIXO RISCO,07.12.13,nR1-12,1|11,16,1|11
7320-3/00,BAIXO RISCO,07.12.14,nR1-12,11,4,1
7320-3/00,BAIXO RISCO,07.12.13,nR1-12,11,4,1
7410-2/02,BAIXO RISCO,07.12.14,nR1-12,11,4,1
7410-2/02,BAIXO RISCO,07.12.13,nR1-12,11,4,1
7410-2/03,BAIXO RISCO,07.12.14,nR1-12,11,4,1
7410-2/03,BAIXO RISCO,07.12.13,nR1-12,11,4,1
7410-2/99,BAIXO RISCO,07.12.14,nR1-12,11,4,1
7410-2/99,BAIXO RISCO,07.12.13,nR1-12,11,4,1
7420-0/01,BAIXO RISCO,07.12.08,nR1-12,11,4,1
7420-0/01,BAIXO RISCO,07.12.13,nR1-12,11,4,1
7420-0/02,BAIXO RISCO,07.12.08,nR1-12,11,4,1
7420-0/02,BAIXO RISCO,07.12.13,nR1-12,11,4,1
7420-0/03,BAIXO RISCO,07.12.08,nR1-12,11,4,1
7420-0/03,BAIXO RISCO,07.12.13,nR1-12,11,4,1
7420-0/04,BAIXO RISCO,07.12.08,nR1-12,11,4,1
7420-0/04,BAIXO RISCO,07.12.13,nR1-12,11,4,1
7420-0/05,BAIXO RISCO,07.12.08,nR1-12,11,4,1
7420-0/05,BAIXO RISCO,07.12.13,nR1-12,11,4,1
7490-1/01,BAIXO RISCO,07.12.07,nR1-12,11,4,1
7490-1/01,BAIXO RISCO,07.12.13,nR1-12,11,4,1
7490-1/02,BAIXO RISCO,07.12.13,nR1-12,11,10,1
7490-1/03,BAIXO RISCO,07.12.07,nR1-12,11,4,1
7490-1/03,BAIXO RISCO,07.12.13,nR1-12,11,4,1
7490-1/04,BAIXO RISCO,07.12.04,nR1-12,11,4,1
7490-1/04,BAIXO RISCO,07.12.13,nR1-12,11,4,1
7490-1/05,BAIXO RISCO,07.12.04,nR1-12,11,4,1
7490-1/05,BAIXO RISCO,07.12.13,nR1-12,11,4,1
7490-1/99,BAIXO RISCO,07.12.07,nR1-12,11,4,1
7490-1/99,BAIXO RISCO,07.12.13,nR1-12,11,4,1
7500-1/00,MÉDIO RISCO,07.05.02,nR1-05,11,1,1|6|9|10
7500-1/00,MÉDIO RISCO,07.05.03,nR1-05,11,1,1|6|9|10
7500-1/00,MÉDIO RISCO,07.05.08,nR1-05,11,1,1|6|9|10
7500-1/00,BAIXO RISCO,07.12.13,nR1-12,11,1,1
7711-0/00,MÉDIO RISCO,07.08.01,nR1-8,11,23,1|7
7711-0/00,MÉDIO RISCO,07.12.13,nR1-12,11,23,1
7719-5/01,MÉDIO RISCO,07.08.01,nR1-8,11,23,1|7
7719-5/01,MÉDIO RISCO,07.12.13,nR1-12,11,23,1
7719-5/02,MÉDIO RISCO,07.08.01,nR1-8,11,23,1|7
7719-5/02,MÉDIO RISCO,07.12.13,nR1-12,11,23,1
7719-5/99,MÉDIO RISCO,07.08.01,nR1-8,11,23,1|7
7719-5/99,MÉDIO RISCO,07.12.13,nR1-12,11,23,1
7721-7/00,MÉDIO RISCO,07.08.06,nR1-08,11,5,1|7
7721-7/00,BAIXO RISCO,07.12.13,nR1-12,11,5,1
7722-5/00,BAIXO RISCO,07.08.06,nR1-08,11,4,1|7|8
7722-5/00,BAIXO RISCO,07.12.13,nR1-12,11,4,1
7723-3/00,BAIXO RISCO,07.08.06,nR1-08,11,4,1|7|8
7723-3/00,BAIXO RISCO,07.12.13,nR1-12,11,4,1
7729-2/01,BAIXO RISCO,07.08.06,nR1-08,11,4,1|7|8
7729-2/01,BAIXO RISCO,07.12.13,nR1-12,11,4,1
7729-2/02,BAIXO RISCO,07.08.07,nR1-08,11,4,1|7|8
7729-2/02,BAIXO RISCO,07.12.13,nR1-12,11,4,1
7729-2/03,MÉDIO RISCO,07.08.07,nR1-08,11,5,1|7|8
7729-2/03,BAIXO RISCO,07.12.13,nR1-12,11,5,1
7729-2/99,BAIXO RISCO,07.08.06,nR1-08,11,4,1|7|8
7729-2/99,BAIXO RISCO,07.12.13,nR1-12,11,4,1
7731-4/00,MÉDIO RISCO,07.08.07,nR1-08,11,5,1|7|8
7731-4/00,BAIXO RISCO,07.12.13,nR1-12,11,5,1
7732-2/01,MÉDIO RISCO,07.08.07,nR1-08,11,5,1|7|8
7732-2/01,BAIXO RISCO,07.12.13,nR1-12,11,5,1
7732-2/02,MÉDIO RISCO,07.08.07,nR1-08,11,5,1|7|8
7732-2/02,BAIXO RISCO,07.12.13,nR1-12,11,5,1
7733-1/00,BAIXO RISCO,07.08.07,nR1-08,11,4,1|7|8
7733-1/00,BAIXO RISCO,07.12.13,nR1-12,11,4,1
7739-0/01,MÉDIO RISCO,07.08.07,nR1-08,11,5,1|7|8
7739-0/01,BAIXO RISCO,07.12.13,nR1-12,11,5,1
7739-0/02,MÉDIO RISCO,07.08.07,nR1-08,11,5,1|7|8
7739-0/02,BAIXO RISCO,07.12.13,nR1-12,11,5,1
7739-0/03,MÉDIO RISCO,07.08.08,nR1-08,11,5,1|7|8|10
7739-0/03,BAIXO RISCO,07.12.13,nR1-12,11,5,1
7739-0/99,MÉDIO RISCO,07.08.07,nR1-08,11,5,1|7|8
7739-0/99,BAIXO RISCO,07.12.13,nR1-12,11,5,1
7740-3/00,BAIXO RISCO,07.12.13,nR1-12,11,10,1
7810-8/00,BAIXO RISCO,07.12.04,nR1-12,11,4,1
7810-8/00,BAIXO RISCO,07.12.13,nR1-12,11,4,1
7820-5/00,BAIXO RISCO,07.12.04,nR1-12,11,4,1
7820-5/00,BAIXO RISCO,07.12.13,nR1-12,11,4,1
7830-2/00,BAIXO RISCO,07.12.04,nR1-12,11,4,1
7830-2/00,BAIXO RISCO,07.12.13,nR1-12,11,4,1
7911-2/00,BAIXO RISCO,07.12.04,nR1-12,11,4,1
7911-2/00,BAIXO RISCO,07.12.13,nR1-12,11,4,1
7912-1/00,BAIXO RISCO,07.12.04,nR1-12,11,4,1
7912-1/00,BAIXO RISCO,07.12.13,nR1-12,11,4,1
7990-2/00,BAIXO RISCO,07.12.04,nR1-12,11,4,1
7990-2/00,BAIXO RISCO,07.12.13,nR1-12,11,4,1
8011-1/01,MÉDIO RISCO,07.12.14,nR1-12,11,23,1|16
8011-1/01,MÉDIO RISCO,07.12.13,nR1-12,11,23,1|16
8011-1/02,BAIXO RISCO,07.12.13,nR1-12,11,4,1|3
8011-1/02,BAIXO RISCO,07.12.02,nR1-12,11,4,1|3
8012-9/00,MÉDIO RISCO,07.08.02,nR1-08,11,21,1|4|7|10
8012-9/00,MÉDIO RISCO,07.12.13,nR1-12,11,21,1
8020-0/01,BAIXO RISCO,07.12.14,nR1-12,11,4,1
8020-0/01,BAIXO RISCO,07.12.13,nR1-12,11,4,1
8020-0/02,MÉDIO RISCO,07.12.14,nR1-12,11,8,1
8020-0/02,BAIXO RISCO,07.12.13,nR1-12,11,8,1
8030-7/00,BAIXO RISCO,07.12.14,nR1-12,11,4,1
8030-7/00,BAIXO RISCO,07.12.13,nR1-12,11,4,1
8111-7/00,BAIXO RISCO,07.12.13,nR1-12,11,10,1
8112-5/00,BAIXO RISCO,07.12.13,nR1-12,11,10,1
8121-4/00,MÉDIO RISCO,07.12.13,nR1-12,11,30,1
8122-2/00,ALTO,07.09.17,nR1-09,11,46,1|4|6
8122-2/00,ALTO,07.12.13,nR1-12,11,46,1|4|6
8129-0/00,MÉDIO RISCO,07.12.13,nR1-12,11,20,1
8129-0/00,MÉDIO RISCO,07.09.04,nR1-09,11,20,1
8130-3/00,BAIXO RISCO,07.09.04,nR1-09,11,4,1
8130-3/00,BAIXO RISCO,07.12.13,nR1-12,11,4,1
8211-3/00,MÉDIO RISCO,07.12.13,nR1-12,4|5,41|42,1
8219-9/01,BAIXO RISCO,07.12.09,nR1-12,11,4,1
8219-9/01,BAIXO RISCO,07.12.13,nR1-12,11,4,1
8219-9/99,BAIXO RISCO,07.12.14,nR1-12,11,4,1
8219-9/99,BAIXO RISCO,07.12.13,nR1-12,11,4,1
8220-2/00,MÉDIO RISCO,07.12.10,nR1-12,11,20,1|10
8220-2/00,MÉDIO RISCO,07.12.13,nR1-12,11,20,1
8230-0/01,MÉDIO RISCO,07.04.03,nR2-04,1|11,5,1|7
8230-0/01,BAIXO RISCO,07.12.13,nR1-12,1|11,5,1
8230-0/02,MÉDIO RISCO,07.07.05,nR2-07,11,21,1|3|7|9|10
8230-0/02,MÉDIO RISCO,07.12.13,nR1-12,11,21,1
8291-1/00,BAIXO RISCO,07.12.13,nR1-12,11,10,1
8292-0/00,MÉDIO RISCO,07.09.07,nR1-09,11,5,1
8292-0/00,BAIXO RISCO,07.12.13,nR1-12,11,5,1
8299-7/01,BAIXO RISCO,07.12.14,nR1-12,11,4,1
8299-7/01,BAIXO RISCO,07.12.13,nR1-12,11,4,1
8299-7/02,BAIXO RISCO,07.12.13,nR1-12,11,10,1
8299-7/03,BAIXO RISCO,07.09.07,nR1-09,11,4,1
8299-7/03,BAIXO RISCO,07.12.13,nR1-12,11,4,1
8299-7/04,BAIXO RISCO,07.12.14,nR1-12,11,4,1
8299-7/04,BAIXO RISCO,07.12.13,nR1-12,11,4,1
8299-7/05,BAIXO RISCO,07.12.13,nR1-12,11,10,1
8299-7/06,BAIXO RISCO,07.12.05,nR1-12,11,4,1
8299-7/06,BAIXO RISCO,07.12.13,nR1-12,11,4,1
8299-7/07,BAIXO RISCO,07.12.09,nR1-12,11,4,1
8299-7/07,BAIXO RISCO,07.12.13,nR1-12,11,4,1
8299-7/99,BAIXO RISCO,07.12.13,nR1-12,11,10,1
8411-6/00,BAIXO RISCO,07.11.03,nR2-11,7,38,1|10
8411-6/00,BAIXO RISCO,07.12.13,nR1-12,7,38,1|10
8412-4/00,BAIXO RISCO,07.11.01,nR2-11,7,38,1|10
8412-4/00,BAIXO RISCO,07.11.03,nR2-11,7,38,1|10
8412-4/00,BAIXO RISCO,07.12.13,nR1-12,7,38,1|10
8413-2/00,BAIXO RISCO,07.11.01,nR2-11,7,38,1|10
8413-2/00,BAIXO RISCO,07.11.03,nR2-11,7,38,1|10
8413-2/00,BAIXO RISCO,07.12.13,nR1-12,7,38,1|10
8421-3/00,BAIXO RISCO,07.11.03,nR2-11,7,38,1|10
8421-3/00,BAIXO RISCO,07.12.13,nR1-12,7,38,1|10
8422-1/00,BAIXO RISCO,07.11.03,nR2-11,7,38,1|10
8422-1/00,BAIXO RISCO,07.12.13,nR1-12,7,38,1|10
8423-0/00,BAIXO RISCO,07.11.03,nR2-11,6,39,1|10
8423-0/00,BAIXO RISCO,07.12.13,nR1-12,6,39,1|10
8424-8/00,BAIXO RISCO,07.11.03,nR2-11,7,38,1|10
8424-8/00,BAIXO RISCO,07.11.05,nR2-11,7,38,1|10
8424-8/00,BAIXO RISCO,07.12.13,nR1-12,7,38,1|10
8425-6/00,BAIXO RISCO,07.11.03,nR2-11,7,38,1|10
8425-6/00,BAIXO RISCO,07.12.13,nR1-12,7,38,1|10
8430-2/00,BAIXO RISCO,07.11.03,nR2-11,7,38,1|10
8430-2/00,BAIXO RISCO,07.12.13,nR1-12,7,38,1|10
8511-2/00,ALTO,07.06.02,nR1-06,11,46,1|3|9|10|25|26|27
8511-2/00,ALTO,07.12.13,nR1-12,11,46,1
8512-1/00,MÉDIO RISCO,07.06.05,nR1-06,11,21,1|3|9|10|25|26|27
8512-1/00,MÉDIO RISCO,07.12.13,nR1-12,11,21,1
8513-9/00,MÉDIO RISCO,07.06.05,nR1-06,11,21,1|3|9|10|25|26|27
8513-9/00,MÉDIO RISCO,07.12.13,nR1-12,11,21,1
8520-1/00,MÉDIO RISCO,07.06.07,nR2-06,11,21,1|3|9|10|25|26|27
8520-1/00,MÉDIO RISCO,07.12.13,nR1-12,11,21,1
8531-7/00,MÉDIO RISCO,07.06.08,nR2-06,11,21,1|9|10
8531-7/00,MÉDIO RISCO,07.12.13,nR1-12,11,21,1
8532-5/00,MÉDIO RISCO,07.06.09,nR2-06,11,21,1|9|10
8532-5/00,MÉDIO RISCO,07.12.13,nR1-12,11,21,1
8533-3/00,MÉDIO RISCO,07.06.09,nR2-06,11,21,1|9|10
8533-3/00,MÉDIO RISCO,07.12.13,nR1-12,11,21,1
8541-4/00,MÉDIO RISCO,07.06.07,nR2-06,11,21,1|9|10
8541-4/00,MÉDIO RISCO,07.12.13,nR1-12,11,21,1
8542-2/00,MÉDIO RISCO,07.06.08,nR2-06,11,21,1|10
8542-2/00,MÉDIO RISCO,07.12.13,nR1-12,11,21,1
8550-3/01,MÉDIO RISCO,07.12.13,nR1-12,30,44,1
8550-3/02,BAIXO RISCO,07.06.12,nR1-06,11,4,1|10
8550-3/02,BAIXO RISCO,07.12.13,nR1-12,11,4,1
8591-1/00,MÉDIO RISCO,07.06.03,nR1-06,11,15,1|10
8591-1/00,BAIXO RISCO,07.12.13,nR1-12,11,15,1
8592-9/01,MÉDIO RISCO,07.06.03,nR1-06,11,15,1|10
8592-9/01,BAIXO RISCO,07.12.13,nR1-12,11,15,1
8592-9/02,MÉDIO RISCO,07.06.03,nR1-06,11,15,1|10
8592-9/02,BAIXO RISCO,07.12.13,nR1-12,11,15,1
8592-9/03,MÉDIO RISCO,07.06.03,nR1-06,11,15,1|10
8592-9/03,BAIXO RISCO,07.12.13,nR1-12,11,15,1
8592-9/99,MÉDIO RISCO,07.06.03,nR1-06,11,15,1|10
8592-9/99,BAIXO RISCO,07.12.13,nR1-12,11,15,1
8593-7/00,MÉDIO RISCO,07.06.03,nR1-06,11,15,1|10
8593-7/00,BAIXO RISCO,07.12.13,nR1-12,11,15,1
8599-6/01,MÉDIO RISCO,07.06.06,nR1-06,11,23,1|10
8599-6/01,MÉDIO RISCO,07.12.13,nR1-12,11,23,1
8599-6/02,MÉDIO RISCO,07.06.06,nR1-06,11,23,1|10
8599-6/02,MÉDIO RISCO,07.12.13,nR1-12,11,23,1
8599-6/03,MÉDIO RISCO,07.06.12,nR1-06,11,15,1|10
8599-6/03,BAIXO RISCO,07.12.13,nR1-12,11,15,1
8599-6/04,MÉDIO RISCO,07.06.12,nR1-06,11,15,1|10
8599-6/04,BAIXO RISCO,07.12.13,nR1-12,11,15,1
8599-6/05,MÉDIO RISCO,07.06.10,nR2-06,11,15,1|10
8599-6/05,BAIXO RISCO,07.12.13,nR1-12,11,15,1
8599-6/99,MÉDIO RISCO,07.06.12,nR1-06,11,15,1|10
8599-6/99,BAIXO RISCO,07.12.13,nR1-12,11,15,1
8610-1/01,ALTO,07.05.03,nR1-05,11,47,1|6|9|10
8610-1/01,ALTO,07.05.06,nR1-05,11,47,1|6|9|10
8610-1/01,ALTO,07.05.08,nR1-05,11,47,1|6|9|10
8610-1/01,ALTO,07.05.07,nR1-05,11,47,1|6|9|10
8610-1/01,ALTO,07.12.13,nR1-12,11,47,1
8610-1/02,ALTO,07.05.08,nR1-05,11,47,1|6|9|10
8610-1/02,ALTO,07.05.09,nR1-05,11,47,1|6|9|10
8610-1/02,ALTO,07.12.13,nR1-12,11,47,1
8621-6/01,ALTO,07.05.05,nR1-05,11,48,1|6|10
8621-6/01,ALTO,07.12.13,nR1-12,11,48,1
8621-6/02,ALTO,07.05.05,nR1-05,11,48,1|6|10
8621-6/02,ALTO,07.12.13,nR1-12,11,48,1
8622-4/00,MÉDIO RISCO,07.05.05,nR1-05,11,20,1|6|10
8622-4/00,MÉDIO RISCO,07.12.13,nR1-12,11,20,1
8630-5/01,ALTO,07.05.03,nR1-05,11,48,1|6|9|10
8630-5/01,ALTO,07.12.13,nR1-12,11,48,1
8630-5/02,ALTO,07.05.01,nR1-05,11,50,1|6|9|10
8630-5/02,ALTO,07.05.03,nR1-05,11,50,1|6|9|10
8630-5/02,ALTO,07.12.13,nR1-12,11,50,1
8630-5/03,MÉDIO RISCO,07.05.03,nR1-05,11,22,1|6|9|10
8630-5/03,MÉDIO RISCO,07.05.02,nR1-05,11,22,1|6|9|10
8630-5/03,MÉDIO RISCO,07.12.13,nR1-12,11,22,1
8630-5/04,ALTO,07.05.02,nR1-05,11,50,1|6|9|10
8630-5/04,ALTO,07.05.03,nR1-05,11,50,1|6|9|10
8630-5/04,ALTO,07.05.06,nR1-05,11,50,1|6|9|10
8630-5/04,ALTO,07.12.13,nR1-12,11,50,1
8630-5/06,ALTO,07.05.01,nR1-05,11,48,1|6|9|10
8630-5/06,ALTO,07.12.13,nR1-12,11,48,1
8630-5/07,ALTO,07.05.09,nR1-05,11,49,1|6|9|10
8630-5/07,ALTO,07.12.13,nR1-12,11,49,1
8630-5/99,MÉDIO RISCO,07.05.09,nR1-05,11,20,1|6|9|10
8630-5/99,MÉDIO RISCO,07.12.13,nR1-12,11,20,1
8640-2/01,ALTO,07.05.03,nR1-05,11,48,1|6|9|10
8640-2/01,ALTO,07.12.13,nR1-12,11,48,1
8640-2/02,ALTO,07.05.03,nR1-05,11,48,1|6|9|10
8640-2/02,ALTO,07.12.13,nR1-12,11,48,1
8640-2/03,ALTO,07.05.09,nR1-05,11,49,1|6|9|10
8640-2/03,ALTO,07.12.13,nR1-12,11,49,1
8640-2/04,ALTO,07.12.13,nR1-12,11,49,1
8640-2/04,ALTO,07.05.04,nR1-05,11,49,1|6|9|10
8640-2/05,ALTO,07.05.04,nR1-05,11,48,1|6|9|10
8640-2/05,ALTO,07.12.13,nR1-12,11,48,1
8640-2/06,ALTO,07.05.04,nR1-05,11,49,1|6|9|10
8640-2/06,ALTO,07.12.13,nR1-12,11,49,1
8640-2/07,ALTO,07.05.03,nR1-05,11,48,1|6|9|10
8640-2/07,ALTO,07.12.13,nR1-12,11,48,1
8640-2/08,ALTO,07.05.03,nR1-05,11,48,1|6|9|10
8640-2/08,ALTO,07.12.13,nR1-12,11,48,1
8640-2/09,ALTO,07.05.03,nR1-05,11,48,1|6|9|10
8640-2/09,ALTO,07.12.13,nR1-12,11,48,1
8640-2/10,ALTO,07.05.09,nR1-05,11,49,1|6|9|10
8640-2/10,ALTO,07.12.13,nR1-12,11,49,1
8640-2/11,ALTO,07.12.13,nR1-12,11,49,1
8640-2/11,ALTO,07.05.04,nR1-05,11,49,1|6|9|10
8640-2/12,ALTO,07.05.01,nR1-05,11,49,1|6|9|10
8640-2/12,ALTO,07.12.13,nR1-12,11,49,1
8640-2/13,ALTO,07.05.04,nR1-05,11,49,1|6|9|10
8640-2/13,ALTO,07.12.13,nR1-12,11,49,1
8640-2/14,ALTO,07.05.09,nR1-05,11,49,1|6|9|10
8640-2/14,ALTO,07.12.13,nR1-12,11,49,1
8640-2/99,ALTO,07.05.03,nR1-05,11,48,1|6|9|10
8640-2/99,ALTO,07.12.13,nR1-12,11,48,1
8650-0/01,MÉDIO RISCO,07.05.09,nR1-05,11,20,1|6|9|10
8650-0/01,MÉDIO RISCO,07.12.13,nR1-12,11,20,1
8650-0/02,BAIXO RISCO,07.05.09,nR1-05,11,4,1|6|9|10
8650-0/02,BAIXO RISCO,07.12.13,nR1-12,11,4,1
8650-0/03,BAIXO RISCO,07.05.02,nR1-05,11,4,1|6|9|10
8650-0/03,BAIXO RISCO,07.12.13,nR1-12,11,4,1
8650-0/04,BAIXO RISCO,07.05.09,nR1-05,11,4,1|6|9|10
8650-0/04,BAIXO RISCO,07.12.13,nR1-12,11,4,1
8650-0/05,BAIXO RISCO,07.05.09,nR1-05,11,4,1|6|9|10
8650-0/05,BAIXO RISCO,07.12.13,nR1-12,11,4,1
8650-0/06,BAIXO RISCO,07.05.09,nR1-05,11,4,1|6|9|10
8650-0/06,BAIXO RISCO,07.12.13,nR1-12,11,4,1
8650-0/07,ALTO,07.05.09,nR1-05,11,49,1|6|9|10
8650-0/07,ALTO,07.12.13,nR1-12,11,49,1
8650-0/99,MÉDIO RISCO,07.05.09,nR1-05,11,20,1|6|9|10
8650-0/99,MÉDIO RISCO,07.12.13,nR1-12,11,20,1
8660-7/00,BAIXO RISCO,07.05.09,nR1-05,11,4,1|6|9|10
8660-7/00,BAIXO RISCO,07.12.13,nR1-12,11,4,1
8690-9/01,BAIXO RISCO,07.05.09,nR1-05,11,4,1|6|9|10
8690-9/01,BAIXO RISCO,07.12.13,nR1-12,11,4,1
8690-9/02,ALTO,07.05.09,nR1-05,11,49,1|6|9|10
8690-9/02,ALTO,07.12.13,nR1-12,11,49,1
8690-9/03,MÉDIO RISCO,07.05.09,nR1-05,11,20,1|6|9|10
8690-9/03,MÉDIO RISCO,07.12.13,nR1-12,11,20,1
8690-9/04,MÉDIO RISCO,07.05.09,nR1-05,11,20,1|6|9|10
8690-9/04,MÉDIO RISCO,07.12.13,nR1-12,11,20,1
8690-9/99,MÉDIO RISCO,07.05.09,nR1-05,11,20,1|6|9|10
8690-9/99,MÉDIO RISCO,07.12.13,nR1-12,11,20,1
8711-5/01,ALTO,07.13.02,nR1-13,11,49,1|6|9|10
8711-5/01,ALTO,07.12.13,nR1-12,11,49,1
8711-5/02,ALTO,07.13.02,nR1-13,11,49,1|6|9|10
8711-5/02,ALTO,07.12.13,nR1-12,11,49,1
8711-5/03,ALTO,07.05.09,nR1-05,11,46,1|6|9|10
8711-5/03,ALTO,07.12.13,nR1-12,11,46,1
8711-5/04,MÉDIO RISCO,07.05.09,nR1-05,11,21,1|6|9|10
8711-5/04,MÉDIO RISCO,07.12.13,nR1-12,11,21,1
8711-5/05,MÉDIO RISCO,07.05.09,nR1-05,11,21,1|4|6|9|10
8711-5/05,MÉDIO RISCO,07.12.13,nR1-12,11,21,1
8712-3/00,ALTO,07.05.05,nR1-05,11,48,1|6|10
8712-3/00,ALTO,07.12.13,nR1-12,11,48,1
8720-4/01,MÉDIO RISCO,07.05.09,nR1-05,11,21,1|6|9|10
8720-4/01,MÉDIO RISCO,07.12.13,nR1-12,11,21,1
8720-4/99,ALTO,07.05.09,nR1-05,11,46,1|6|9|10
8720-4/99,ALTO,07.12.13,nR1-12,11,46,1
8730-1/01,ALTO,07.06.11,nR2-06,11,46,1|6|10
8730-1/01,ALTO,07.12.13,nR1-12,11,46,1
8730-1/02,MÉDIO RISCO,07.06.11,nR2-06,11,21,1|6|10
8730-1/02,MÉDIO RISCO,07.12.13,nR1-12,11,21,1
8730-1/99,ALTO,07.06.12,nR1-06,11,46,1|6|10
8730-1/99,ALTO,07.12.13,nR1-12,11,46,1
8800-6/00,MÉDIO RISCO,07.10.06,nR2-10,11,23,1|10
8800-6/00,MÉDIO RISCO,07.12.13,nR1-12,11,23,1
9001-9/01,MÉDIO RISCO,07.12.07,nR1-12,11,15,1
9001-9/01,BAIXO RISCO,07.12.13,nR1-12,11,15,1
9001-9/02,MÉDIO RISCO,07.12.07,nR1-12,11,15,1
9001-9/02,BAIXO RISCO,07.12.13,nR1-12,11,15,1
9001-9/03,MÉDIO RISCO,07.12.07,nR1-12,11,5,1
9001-9/03,BAIXO RISCO,07.12.13,nR1-12,11,5,1
9001-9/04,MÉDIO RISCO,07.12.07,nR1-12,11,5,1
9001-9/04,BAIXO RISCO,07.12.13,nR1-12,11,5,1
9001-9/05,MÉDIO RISCO,07.12.07,nR1-12,11,5,1
9001-9/05,BAIXO RISCO,07.12.13,nR1-12,11,5,1
9001-9/06,BAIXO RISCO,07.12.07,nR1-12,11,4,1
9001-9/06,BAIXO RISCO,07.12.13,nR1-12,11,4,1
9001-9/99,MÉDIO RISCO,07.07.03,nR2-07,11,5,1|3|7|9|10
9001-9/99,BAIXO RISCO,07.12.13,nR1-12,11,5,1
9002-7/01,BAIXO RISCO,07.12.14,nR1-12,11,4,1
9002-7/01,BAIXO RISCO,07.12.13,nR1-12,11,4,1
9002-7/02,MÉDIO RISCO,07.09.07,nR1-09,11,8,1
9002-7/02,BAIXO RISCO,07.12.13,nR1-12,11,8,1
9003-5/00,MÉDIO RISCO,07.07.03,nR2-07,11,21,1|3|4|7|9|10
9003-5/00,MÉDIO RISCO,07.12.13,nR1-12,11,21,1
9101-5/00,MÉDIO RISCO,07.06.01,nR1-06,11,5,1|10
9101-5/00,BAIXO RISCO,07.12.13,nR1-12,11,5,1
9102-3/01,MÉDIO RISCO,07.07.01,nR1-07,11,5,1|7|9|10
9102-3/01,BAIXO RISCO,07.12.13,nR1-12,11,5,1
9102-3/02,MÉDIO RISCO,07.12.07,nR1-12,11,5,1
9102-3/02,BAIXO RISCO,07.12.13,nR1-12,11,5,1
9103-1/00,A SER DEFINIDO PELA CNLU,07.14.20,nR3-14,11,5,1|6|10
9103-1/00,BAIXO RISCO,07.12.13,nR1-12,11,5,1
9200-3/01,MÉDIO RISCO,07.07.08,nR2-07,11,21,1|3|7|9|10
9200-3/01,MÉDIO RISCO,07.12.13,nR1-12,11,21,1
9200-3/02,MÉDIO RISCO,07.07.08,nR2-07,11,21,1|3|7|9|10
9200-3/02,MÉDIO RISCO,07.12.13,nR1-12,11,21,1
9200-3/99,MÉDIO RISCO,07.07.08,nR2-07,11,21,1|3|7|9|10
9200-3/99,MÉDIO RISCO,07.12.13,nR1-12,11,21,1
9311-5/00,MÉDIO RISCO,07.14.16,nR3-14,11,22,1|3|6|10
9311-5/00,MÉDIO RISCO,07.14.15,nR3-14,11,22,1|3|6|10
9311-5/00,MÉDIO RISCO,07.14.03,nR3-14,11,22,1|3|6|10
9311-5/00,MÉDIO RISCO,07.07.06,nR2-07,11,22,1|3|6|7|9|10
9311-5/00,MÉDIO RISCO,07.12.13,nR1-12,11,22,1
9312-3/00,MÉDIO RISCO,07.14.03,nR3-14,11,22,1|3|6|10
9312-3/00,MÉDIO RISCO,07.07.06,nR2-07,11,22,1|3|7|9|10
9312-3/00,MÉDIO RISCO,07.12.13,nR1-12,11,22,1
9313-1/00,MÉDIO RISCO,07.12.01,nR1-12,11,23,1|3|10
9313-1/00,MÉDIO RISCO,07.12.13,nR1-12,11,23,1
9319-1/01,MÉDIO RISCO,07.10.02,nR2-10,11,5,1|10
9319-1/01,BAIXO RISCO,07.12.13,nR1-12,11,5,1
9319-1/99,MÉDIO RISCO,07.07.06,nR2-07,8|9,34|35,1|3|7|9|10
9319-1/99,MÉDIO RISCO,07.12.14,nR1-12,8|9,34|35,1|3|7|9|10
9319-1/99,MÉDIO RISCO,07.12.13,nR1-12,8|9,34|35,1
9321-2/00,MÉDIO RISCO,07.07.07,nR2-07,11,21,1|3|7|9|10
9321-2/00,MÉDIO RISCO,07.12.13,nR1-12,11,21,1
9329-8/01,MÉDIO RISCO,07.07.05,nR2-07,11,21,1|3|4|7|9|10
9329-8/01,MÉDIO RISCO,07.12.13,nR1-12,11,21,1
9329-8/02,MÉDIO RISCO,07.07.04,nR2-07,11,5,1|3|7|10
9329-8/02,BAIXO RISCO,07.12.13,nR1-12,11,5,1
9329-8/03,MÉDIO RISCO,07.07.04,nR2-07,11,5,1|3|7|10
9329-8/03,BAIXO RISCO,07.12.13,nR1-12,11,5,1
9329-8/04,MÉDIO RISCO,07.12.09,nR1-12,11,5,1|3
9329-8/04,BAIXO RISCO,07.12.13,nR1-12,11,5,1
9329-8/99,MÉDIO RISCO,07.07.08,nR2-07,1|11,17,1|3|7|9|10
9329-8/99,MÉDIO RISCO,07.08.08,nR1-08,1|11,17,1|3|7|8|10
9329-8/99,BAIXO RISCO,07.12.13,nR1-12,1|11,17,1
9411-1/00,BAIXO RISCO,07.10.03,nR2-10,11,4,1|10
9411-1/00,BAIXO RISCO,07.12.13,nR1-12,11,4,1
9412-0/01,BAIXO RISCO,07.10.04,nR2-10,11,4,1|10
9412-0/01,BAIXO RISCO,07.12.13,nR1-12,11,4,1
9412-0/99,BAIXO RISCO,07.10.02,nR2-10,11,4,1|10
9412-0/99,BAIXO RISCO,07.12.13,nR1-12,11,4,1
9420-1/00,BAIXO RISCO,07.10.03,nR2-10,11,4,1|10
9420-1/00,BAIXO RISCO,07.12.13,nR1-12,11,4,1
9430-8/00,BAIXO RISCO,07.10.01,nR1-10,11,4,1|10
9430-8/00,BAIXO RISCO,07.12.13,nR1-12,11,4,1
9491-0/00,MÉDIO RISCO,07.07.02,nR1-07,1,43,1|3|10
9491-0/00,MÉDIO RISCO,07.13.02,nR1-13,1,43,1|3|6|10
9491-0/00,MÉDIO RISCO,07.10.07,nR2-10,1,43,1|3|6|10
9491-0/00,MÉDIO RISCO,07.12.13,nR1-12,1,43,1
9492-8/00,BAIXO RISCO,07.10.05,nR2-10,11,4,1|10
9492-8/00,BAIXO RISCO,07.12.13,nR1-12,11,4,1
9493-6/00,BAIXO RISCO,07.10.02,nR2-10,11,4,1|10
9493-6/00,BAIXO RISCO,07.12.13,nR1-12,11,4,1
9499-5/00,MÉDIO RISCO,07.10.07,nR2-10,15|16,11|12,1|10
9499-5/00,MÉDIO RISCO,07.10.01,nR1-10,15|16,11|12,1|10
9499-5/00,BAIXO RISCO,07.12.13,nR1-12,15|16,11|12,1
9511-8/00,BAIXO RISCO,07.09.06,nR1-09,11,4,1
9511-8/00,BAIXO RISCO,07.12.13,nR1-12,11,4,1
9512-6/00,BAIXO RISCO,07.09.06,nR1-09,11,4,1
9512-6/00,BAIXO RISCO,07.12.13,nR1-12,11,4,1
9521-5/00,BAIXO RISCO,07.09.06,nR1-09,11,4,1
9521-5/00,BAIXO RISCO,07.12.13,nR1-12,11,4,1
9529-1/01,BAIXO RISCO,07.09.06,nR1-09,11,4,1
9529-1/01,BAIXO RISCO,07.12.13,nR1-12,11,4,1
9529-1/02,BAIXO RISCO,07.09.07,nR1-09,11,4,1
9529-1/02,BAIXO RISCO,07.12.13,nR1-12,11,4,1
9529-1/03,BAIXO RISCO,07.09.06,nR1-09,11,4,1
9529-1/03,BAIXO RISCO,07.12.13,nR1-12,11,4,1
9529-1/04,BAIXO RISCO,07.09.06,nR1-09,11,4,1
9529-1/04,BAIXO RISCO,07.12.13,nR1-12,11,4,1
9529-1/05,BAIXO RISCO,07.09.06,nR1-09,11,4,1
9529-1/05,BAIXO RISCO,07.12.13,nR1-12,11,4,1
9529-1/06,BAIXO RISCO,07.09.17,nR1-09,11,4,1
9529-1/06,BAIXO RISCO,07.12.13,nR1-12,11,4,1
9529-1/99,BAIXO RISCO,07.09.17,nR1-09,11,4,1
9529-1/99,BAIXO RISCO,07.12.13,nR1-12,11,4,1
9601-7/01,MÉDIO RISCO,07.09.03,nR1-09,21|22,36|37,1
9601-7/01,MÉDIO RISCO,07.09.15,nR2-09,21|22,36|37,1
9601-7/01,MÉDIO RISCO,07.12.13,nR1-12,21|22,36|37,1
9601-7/02,MÉDIO RISCO,07.09.03,nR1-09,11,5,1
9601-7/02,BAIXO RISCO,07.12.13,nR1-12,11,5,1
9601-7/03,MÉDIO RISCO,07.09.03,nR1-09,23|24,36|37,1
9601-7/03,MÉDIO RISCO,07.09.15,nR2-09,23|24,36|37,1
9601-7/03,MÉDIO RISCO,07.12.13,nR1-12,23|24,36|37,1
9602-5/01,MÉDIO RISCO,07.12.06,nR1-12,11,20,1|6
9602-5/01,MÉDIO RISCO,07.12.13,nR1-12,11,20,1
9602-5/02,MÉDIO RISCO,07.12.06,nR1-12,11,20,1|6
9602-5/02,MÉDIO RISCO,07.12.13,nR1-12,11,20,1
9603-3/01,MÉDIO RISCO,07.14.08,nR3-14,11,21,1|4|6|10
9603-3/01,MÉDIO RISCO,07.12.13,nR1-12,11,21,1
9603-3/02,MÉDIO RISCO,07.14.08,nR3-14,11,21,1|4|6|10
9603-3/02,MÉDIO RISCO,07.12.13,nR1-12,11,21,1
9603-3/03,MÉDIO RISCO,07.14.08,nR3-14,11,21,1|4|6|10
9603-3/03,MÉDIO RISCO,07.12.13,nR1-12,11,21,1
9603-3/04,MÉDIO RISCO,07.12.14,nR1-12,11,20,1|28
9603-3/04,MÉDIO RISCO,07.12.13,nR1-12,11,20,1|28
9603-3/05,ALTO,07.12.14,nR1-12,11,46,1|4|6|10
9603-3/05,ALTO,07.12.13,nR1-12,11,46,1|4|6|10
9603-3/99,MÉDIO RISCO,07.12.14,nR1-12,11,20,1
9603-3/99,MÉDIO RISCO,07.12.13,nR1-12,11,20,1
9609-2/02,BAIXO RISCO,07.12.14,nR1-12,11,4,1
9609-2/02,BAIXO RISCO,07.12.13,nR1-12,11,4,1
9609-2/04,BAIXO RISCO,07.12.13,nR1-12,11,10,1
9609-2/05,MÉDIO RISCO,07.12.14,nR1-12,1|11,22,1|6|10
9609-2/05,MÉDIO RISCO,07.12.06,nR1-12,1|11,22,1|6|10
9609-2/05,MÉDIO RISCO,07.12.13,nR1-12,1|11,22,1
9609-2/06,MÉDIO RISCO,07.12.14,nR1-12,11,20,1|6
9609-2/06,MÉDIO RISCO,07.12.13,nR1-12,11,20,1
9609-2/07,MÉDIO RISCO,07.12.02,nR1-12,1|11,33,1|6
9609-2/07,MÉDIO RISCO,07.12.13,nR1-12,1|11,33,
9609-2/08,MÉDIO RISCO,07.12.06,nR1-12,11,20,1|6
9609-2/08,MÉDIO RISCO,07.12.13,nR1-12,11,20,1
9609-2/99,MÉDIO RISCO,07.12.14,nR1-12,1|11,40,1
9609-2/99,MÉDIO RISCO,07.12.13,nR1-12,1|11,40,1
9700-5/00,BAIXO RISCO,07.12.14,nR1-12,11,4,1
9700-5/00,BAIXO RISCO,07.12.13,nR1-12,11,4,1
9900-8/00,BAIXO RISCO,07.11.02,nR2-11,11,4,1|10
9900-8/00,BAIXO RISCO,07.12.13,nR1-12,11,4,1
